id,vehiculo_id,fecha,hora,galones_despachados,precio_unitario,monto_despachado
CO-0001,VE-16,2025-05-12 16:44:11,2025-05-12 16:44:11,70.062,12.76,893.99
CO-0002,VE-22,2025-05-12 17:05:57,2025-05-12 17:05:57,57,12.76,727.32
CO-0003,VE-14,2025-05-12 18:03:14,2025-05-12 18:03:14,74.38,12.76,949.09
CO-0004,,2025-05-12 19:29:29,2025-05-12 19:29:29,59.539,12.76,759.72
CO-0005,,2025-05-12 19:29:29,2025-05-12 19:29:29,59.539,12.76,759.72
CO-0006,VE-28,2025-05-13 15:13:52,2025-05-13 15:13:52,67.186,12.76,857.29
CO-0007,VE-12,2025-05-13 15:18:59,2025-05-13 15:18:59,68.97,12.76,880.06
CO-0008,VE-25,2025-05-13 15:35:41,2025-05-13 15:35:41,73.67,12.76,940.03
CO-0009,VE-18,2025-05-13 16:23:29,2025-05-13 16:23:29,83.856,12.76,1070
CO-0010,VE-24,2025-05-13 17:04:46,2025-05-13 17:04:46,54.089,12.76,690.18
CO-0011,VE-21,2025-05-13 17:15:27,2025-05-13 17:15:27,59.093,12.76,754.03
CO-0012,,2025-05-13 17:21:08,2025-05-13 17:21:08,57.764,12.76,737.07
CO-0013,,2025-05-13 17:21:08,2025-05-13 17:21:08,57.764,12.76,737.07
CO-0014,VE-27,2025-05-13 18:09:52,2025-05-13 18:09:52,55.246,12.76,704.94
CO-0015,VE-16,2025-05-14 15:30:20,2025-05-14 15:30:20,56.233,12.76,717.53
CO-0016,VE-03,2025-05-14 15:45:58,2025-05-14 15:45:58,97.59,12.76,1245.25
CO-0017,VE-23,2025-05-14 16:30:41,2025-05-14 16:30:41,72.901,12.76,930.22
CO-0018,VE-11,2025-05-14 16:33:17,2025-05-14 16:33:17,79.172,12.76,1010.23
CO-0019,VE-13,2025-05-14 17:00:36,2025-05-14 17:00:36,47.004,12.76,599.77
CO-0020,VE-19,2025-05-14 17:12:35,2025-05-14 17:12:35,88.467,12.76,1128.84
CO-0021,VE-14,2025-05-14 17:48:16,2025-05-14 17:48:16,55.67,12.76,710.35
CO-0022,,2025-05-14 18:40:41,2025-05-14 18:40:41,30.758,12.76,392.47
CO-0023,,2025-05-14 18:40:41,2025-05-14 18:40:41,30.758,12.76,392.47
CO-0024,VE-26,2025-05-14 18:51:09,2025-05-14 18:51:09,74.934,12.76,956.16
CO-0025,VE-22,2025-05-14 19:56:30,2025-05-14 19:56:30,47.45,12.76,605.46
CO-0026,VE-27,2025-05-15 04:28:18,2025-05-15 04:28:18,64.657,12.76,825.02
CO-0027,VE-28,2025-05-15 15:09:57,2025-05-15 15:09:57,60.752,12.76,775.2
CO-0028,VE-26,2025-05-15 15:28:41,2025-05-15 15:28:41,52.235,12.76,666.52
CO-0029,VE-12,2025-05-15 16:52:08,2025-05-15 16:52:08,74.002,12.76,944.27
CO-0030,VE-24,2025-05-15 16:59:38,2025-05-15 16:59:38,67.544,12.76,861.86
CO-0031,VE-21,2025-05-15 17:28:23,2025-05-15 17:28:23,45.458,12.76,580.04
CO-0032,VE-18,2025-05-15 18:17:28,2025-05-15 18:17:28,68.5,12.76,874.06
CO-0033,VE-25,2025-05-15 20:09:48,2025-05-15 20:09:48,64.727,12.76,825.92
CO-0034,,2025-05-16 00:13:28,2025-05-16 00:13:28,17.827,12.76,227.47
CO-0035,,2025-05-16 00:13:28,2025-05-16 00:13:28,17.827,12.76,227.47
CO-0036,VE-15,2025-05-16 15:55:14,2025-05-16 15:55:14,60.801,12.76,775.82
CO-0037,VE-22,2025-05-16 16:46:30,2025-05-16 16:46:30,66.841,12.76,852.89
CO-0038,VE-16,2025-05-16 16:55:05,2025-05-16 16:55:05,62.225,12.76,793.99
CO-0039,VE-13,2025-05-16 16:58:49,2025-05-16 16:58:49,47.015,12.76,599.91
CO-0040,VE-24,2025-05-16 17:01:45,2025-05-16 17:01:45,31.748,12.76,405.1
CO-0041,VE-14,2025-05-16 17:06:47,2025-05-16 17:06:47,65.224,12.76,832.26
CO-0042,,2025-05-16 17:41:44,2025-05-16 17:41:44,62.439,12.76,796.72
CO-0043,,2025-05-16 17:41:44,2025-05-16 17:41:44,62.439,12.76,796.72
CO-0044,VE-11,2025-05-16 18:25:29,2025-05-16 18:25:29,64.555,12.76,823.72
CO-0045,,2025-05-16 18:27:25,2025-05-16 18:27:25,55.309,12.76,705.74
CO-0046,,2025-05-16 18:27:25,2025-05-16 18:27:25,55.309,12.76,705.74
CO-0047,VE-27,2025-05-16 19:51:20,2025-05-16 19:51:20,69.002,12.76,880.47
CO-0048,VE-23,2025-05-16 20:03:35,2025-05-16 20:03:35,69.951,12.76,892.57
CO-0049,VE-19,2025-05-16 22:36:35,2025-05-16 22:36:35,93.81,12.76,1197.02
CO-0050,VE-26,2025-05-17 13:08:28,2025-05-17 13:08:28,52.003,12.76,663.56
CO-0051,VE-12,2025-05-17 13:27:06,2025-05-17 13:27:06,62.445,12.76,796.8
CO-0052,VE-25,2025-05-17 15:52:47,2025-05-17 15:52:47,64.973,12.76,829.06
CO-0053,VE-24,2025-05-19 16:52:59,2025-05-19 16:52:59,59.399,12.76,757.93
CO-0054,VE-19,2025-05-19 16:53:25,2025-05-19 16:53:25,54.322,12.76,693.15
CO-0055,VE-18,2025-05-19 17:34:12,2025-05-19 17:34:12,94.127,12.76,1201.06
CO-0056,VE-28,2025-05-19 17:39:09,2025-05-19 17:39:09,61.23,12.76,781.29
CO-0057,VE-03,2025-05-19 18:31:45,2025-05-19 18:31:45,105.868,12.76,1350.88
CO-0058,VE-16,2025-05-19 18:32:12,2025-05-19 18:32:12,60.335,12.76,769.87
CO-0059,VE-11,2025-05-19 19:01:30,2025-05-19 19:01:30,71.825,12.76,916.49
CO-0060,VE-22,2025-05-19 21:13:36,2025-05-19 21:13:36,66.026,12.76,842.49
CO-0061,VE-14,2025-05-20 16:42:31,2025-05-20 16:42:31,63.168,12.77,806.66
CO-0062,VE-12,2025-05-20 16:53:45,2025-05-20 16:53:45,68.857,12.77,879.3
CO-0063,,2025-05-20 16:59:36,2025-05-20 16:59:36,68.164,12.77,870.45
CO-0064,,2025-05-20 16:59:36,2025-05-20 16:59:36,68.164,12.77,870.45
CO-0065,VE-25,2025-05-20 17:00:26,2025-05-20 17:00:26,41.573,12.77,530.89
CO-0066,VE-15,2025-05-20 17:18:31,2025-05-20 17:18:31,57.008,12.77,727.99
CO-0067,VE-13,2025-05-20 18:26:27,2025-05-20 18:26:27,50.786,12.77,648.54
CO-0068,VE-27,2025-05-20 19:07:43,2025-05-20 19:07:43,69.008,12.77,881.23
CO-0069,VE-26,2025-05-21 08:36:18,2025-05-21 08:36:18,58.989,12.77,753.29
CO-0070,VE-19,2025-05-21 15:34:57,2025-05-21 15:34:57,74.002,12.77,945.01
CO-0071,VE-28,2025-05-21 16:44:09,2025-05-21 16:44:09,51.689,12.77,660.07
CO-0072,VE-16,2025-05-21 17:38:46,2025-05-21 17:38:46,50.009,12.77,638.61
CO-0073,VE-24,2025-05-21 17:53:51,2025-05-21 17:53:51,59.913,12.77,765.09
CO-0074,VE-11,2025-05-21 19:13:42,2025-05-21 19:13:42,55.678,12.77,711.01
CO-0075,VE-23,2025-05-22 07:56:44,2025-05-22 07:56:44,70.982,12.76,905.73
CO-0076,VE-15,2025-05-22 16:59:12,2025-05-22 16:59:12,40.612,12.76,518.21
CO-0077,VE-27,2025-05-22 17:13:07,2025-05-22 17:13:07,62.075,12.76,792.08
CO-0078,VE-12,2025-05-22 17:14:34,2025-05-22 17:14:34,56.951,12.76,726.69
CO-0079,VE-21,2025-05-22 17:25:43,2025-05-22 17:25:43,70.875,12.76,904.37
CO-0080,VE-13,2025-05-22 17:41:53,2025-05-22 17:41:53,54.007,12.76,689.13
CO-0081,VE-26,2025-05-22 19:47:30,2025-05-22 19:47:30,68.072,12.76,868.6
CO-0082,VE-22,2025-05-23 12:18:36,2025-05-23 12:18:36,71.844,12.76,916.73
CO-0083,VE-28,2025-05-23 16:23:54,2025-05-23 16:23:54,69.915,12.76,892.12
CO-0084,,2025-05-23 16:44:24,2025-05-23 16:44:24,47.286,12.76,603.37
CO-0085,,2025-05-23 16:44:24,2025-05-23 16:44:24,47.286,12.76,603.37
CO-0086,,2025-05-23 16:47:38,2025-05-23 16:47:38,18.22,12.76,232.49
CO-0087,,2025-05-23 16:47:38,2025-05-23 16:47:38,18.22,12.76,232.49
CO-0088,VE-25,2025-05-23 17:38:43,2025-05-23 17:38:43,85.774,12.76,1094.48
CO-0089,VE-19,2025-05-23 17:39:01,2025-05-23 17:39:01,59.561,12.76,760
CO-0090,VE-16,2025-05-23 17:48:40,2025-05-23 17:48:40,62.734,12.76,800.49
CO-0091,VE-23,2025-05-23 18:04:44,2025-05-23 18:04:44,72.542,12.76,925.64
CO-0092,,2025-05-23 18:10:05,2025-05-23 18:10:05,59.399,12.76,757.93
CO-0093,,2025-05-23 18:10:05,2025-05-23 18:10:05,59.399,12.76,757.93
CO-0094,VE-11,2025-05-23 18:21:47,2025-05-23 18:21:47,71.478,12.76,912.06
CO-0095,VE-14,2025-05-23 18:45:19,2025-05-23 18:45:19,68.998,12.76,880.41
CO-0096,VE-24,2025-05-24 06:59:44,2025-05-24 06:59:44,75.276,12.76,960.52
CO-0097,VE-03,2025-05-24 15:38:12,2025-05-24 15:38:12,100.119,12.76,1277.52
CO-0098,VE-12,2025-05-24 15:38:35,2025-05-24 15:38:35,57.98,12.76,739.82
CO-0099,VE-15,2025-05-24 15:56:03,2025-05-24 15:56:03,43.477,12.76,554.77
CO-0100,VE-27,2025-05-24 16:00:50,2025-05-24 16:00:50,55.641,12.76,709.98
CO-0101,VE-24,2025-05-26 16:12:55,2025-05-26 16:12:55,50.041,12.76,638.52
CO-0102,VE-11,2025-05-26 16:14:13,2025-05-26 16:14:13,56.516,12.76,721.14
CO-0103,VE-28,2025-05-26 16:47:41,2025-05-26 16:47:41,66.757,12.76,851.82
CO-0104,VE-23,2025-05-26 17:09:26,2025-05-26 17:09:26,59.283,12.76,756.45
CO-0105,VE-14,2025-05-26 17:23:36,2025-05-26 17:23:36,67.028,12.76,855.28
CO-0106,VE-16,2025-05-26 17:38:28,2025-05-26 17:38:28,46.763,12.76,596.7
CO-0107,,2025-05-26 18:32:41,2025-05-26 18:32:41,71.684,12.76,914.69
CO-0108,,2025-05-26 18:32:41,2025-05-26 18:32:41,71.684,12.76,914.69
CO-0109,VE-21,2025-05-26 19:28:50,2025-05-26 19:28:50,61.662,12.76,786.81
CO-0110,VE-13,2025-05-26 19:29:40,2025-05-26 19:29:40,48.266,12.76,615.87
CO-0111,VE-26,2025-05-27 06:19:17,2025-05-27 06:19:17,66.285,12.76,845.8
CO-0112,VE-25,2025-05-27 15:26:06,2025-05-27 15:26:06,62.582,12.76,798.55
CO-0113,VE-19,2025-05-27 15:40:15,2025-05-27 15:40:15,70.163,12.76,895.28
CO-0114,,2025-05-27 17:18:20,2025-05-27 17:18:20,52.238,12.76,666.56
CO-0115,,2025-05-27 17:18:20,2025-05-27 17:18:20,52.238,12.76,666.56
CO-0116,VE-27,2025-05-27 17:18:28,2025-05-27 17:18:28,64.006,12.76,816.72
CO-0117,VE-22,2025-05-27 17:41:14,2025-05-27 17:41:14,72.623,12.76,926.67
CO-0118,VE-12,2025-05-27 18:05:43,2025-05-27 18:05:43,75.238,12.76,960.04
CO-0119,,2025-05-27 19:33:22,2025-05-27 19:33:22,57.655,12.76,735.68
CO-0120,,2025-05-27 19:33:22,2025-05-27 19:33:22,57.655,12.76,735.68
CO-0121,VE-11,2025-05-28 16:26:06,2025-05-28 16:26:06,71.922,12.76,917.72
CO-0122,VE-24,2025-05-28 16:31:45,2025-05-28 16:31:45,78.6,12.76,1002.94
CO-0123,VE-23,2025-05-28 17:17:04,2025-05-28 17:17:04,74.729,12.76,953.54
CO-0124,VE-28,2025-05-28 17:18:53,2025-05-28 17:18:53,57.006,12.76,727.4
CO-0125,VE-15,2025-05-28 17:33:17,2025-05-28 17:33:17,35.763,12.76,456.33
CO-0126,VE-15,2025-05-28 17:41:44,2025-05-28 17:41:44,33.701,12.76,430.02
CO-0127,VE-19,2025-05-29 14:20:20,2025-05-29 14:20:20,79.148,12.76,1009.93
CO-0128,VE-26,2025-05-29 16:39:10,2025-05-29 16:39:10,60.891,12.76,776.97
CO-0129,VE-21,2025-05-29 16:50:34,2025-05-29 16:50:34,53.556,12.76,683.37
CO-0130,VE-27,2025-05-29 16:58:02,2025-05-29 16:58:02,64.021,12.76,816.91
CO-0131,VE-25,2025-05-29 17:18:25,2025-05-29 17:18:25,61.864,12.76,789.38
CO-0132,VE-03,2025-05-29 17:26:26,2025-05-29 17:26:26,47.168,12.76,601.86
CO-0133,VE-12,2025-05-29 17:33:15,2025-05-29 17:33:15,71.091,12.76,907.12
CO-0134,VE-03,2025-05-29 17:57:28,2025-05-29 17:57:28,58.896,12.76,751.51
CO-0135,VE-16,2025-05-29 18:13:57,2025-05-29 18:13:57,64.573,12.76,823.95
CO-0136,VE-14,2025-05-29 18:37:01,2025-05-29 18:37:01,77.391,12.76,987.51
CO-0137,VE-13,2025-05-29 19:43:38,2025-05-29 19:43:38,54.311,12.76,693.01
CO-0138,VE-01,2025-05-29 20:24:19,2025-05-29 20:24:19,56.011,12.76,714.7
CO-0139,VE-01,2025-05-29 20:32:38,2025-05-29 20:32:38,37.517,12.76,478.72
CO-0140,VE-24,2025-05-30 17:19:00,2025-05-30 17:19:00,79.283,12.76,1011.65
CO-0141,,2025-05-30 17:55:52,2025-05-30 17:55:52,47.933,12.76,611.63
CO-0142,,2025-05-30 17:55:52,2025-05-30 17:55:52,47.933,12.76,611.63
CO-0143,VE-18,2025-05-30 17:59:56,2025-05-30 17:59:56,92.389,12.76,1178.88
CO-0144,VE-11,2025-05-30 18:06:42,2025-05-30 18:06:42,66.023,12.76,842.45
CO-0145,,2025-05-30 18:11:45,2025-05-30 18:11:45,62.597,12.76,798.74
CO-0146,,2025-05-30 18:11:45,2025-05-30 18:11:45,62.597,12.76,798.74
CO-0147,VE-22,2025-05-30 18:23:33,2025-05-30 18:23:33,73.183,12.76,933.82
CO-0148,VE-28,2025-05-30 18:39:09,2025-05-30 18:39:09,63.817,12.76,814.3
CO-0149,VE-23,2025-05-31 07:34:25,2025-05-31 07:34:25,73.607,12.76,939.23
CO-0150,VE-27,2025-05-31 13:49:58,2025-05-31 13:49:58,71.145,12.76,907.81
CO-0151,VE-12,2025-05-31 14:14:30,2025-05-31 14:14:30,53.521,12.76,682.93
CO-0152,,2025-06-01 09:36:41,2025-06-01 09:36:41,18.024,12.76,229.99
CO-0153,,2025-06-01 09:36:41,2025-06-01 09:36:41,18.024,12.76,229.99
CO-0154,,2025-06-02 10:27:42,2025-06-02 10:27:42,91.017,12.76,1161.38
CO-0155,,2025-06-02 10:27:42,2025-06-02 10:27:42,91.017,12.76,1161.38
CO-0156,VE-11,2025-06-02 15:13:48,2025-06-02 15:13:48,62.815,12.76,801.52
CO-0157,VE-24,2025-06-02 15:38:02,2025-06-02 15:38:02,59.063,12.76,753.64
CO-0158,VE-13,2025-06-02 16:31:49,2025-06-02 16:31:49,66.721,12.76,851.36
CO-0159,VE-23,2025-06-02 16:41:57,2025-06-02 16:41:57,61.911,12.76,789.98
CO-0160,VE-16,2025-06-02 19:02:43,2025-06-02 19:02:43,83.817,12.76,1069.5
CO-0161,VE-26,2025-06-02 21:03:38,2025-06-02 21:03:38,48.816,12.76,622.89
CO-0162,VE-25,2025-06-03 10:42:05,2025-06-03 10:42:05,71.984,12.82,922.83
CO-0163,VE-18,2025-06-03 16:33:15,2025-06-03 16:33:15,77.736,12.82,996.58
CO-0164,VE-21,2025-06-03 16:42:39,2025-06-03 16:42:39,71.67,12.82,918.81
CO-0165,VE-12,2025-06-03 16:50:57,2025-06-03 16:50:57,69.709,12.82,893.67
CO-0166,,2025-06-03 17:01:16,2025-06-03 17:01:16,61.395,12.82,787.08
CO-0167,,2025-06-03 17:01:16,2025-06-03 17:01:16,61.395,12.82,787.08
CO-0168,VE-27,2025-06-03 17:11:32,2025-06-03 17:11:32,64.776,12.82,830.43
CO-0169,VE-22,2025-06-03 17:46:54,2025-06-03 17:46:54,71.372,12.82,914.99
CO-0170,VE-19,2025-06-03 18:38:59,2025-06-03 18:38:59,78.541,12.82,1006.9
CO-0171,VE-14,2025-06-03 20:19:59,2025-06-03 20:19:59,80.17,12.82,1027.78
CO-0172,,2025-06-04 12:09:14,2025-06-04 12:09:14,57.111,12.82,732.16
CO-0173,,2025-06-04 12:09:14,2025-06-04 12:09:14,57.111,12.82,732.16
CO-0174,VE-11,2025-06-04 14:21:54,2025-06-04 14:21:54,55.079,12.82,706.11
CO-0175,VE-24,2025-06-04 15:25:31,2025-06-04 15:25:31,37.389,12.82,479.33
CO-0176,VE-23,2025-06-04 16:52:23,2025-06-04 16:52:23,73.636,12.82,944.01
CO-0177,VE-17,2025-06-04 17:05:46,2025-06-04 17:05:46,46.095,12.82,590.94
CO-0178,VE-13,2025-06-04 17:06:15,2025-06-04 17:06:15,40.45,12.82,518.57
CO-0179,VE-16,2025-06-04 17:21:22,2025-06-04 17:21:22,63.995,12.82,820.42
CO-0180,VE-03,2025-06-04 17:24:30,2025-06-04 17:24:30,109.313,12.82,1401.39
CO-0181,VE-27,2025-06-05 10:48:44,2025-06-05 10:48:44,65.585,12.82,840.8
CO-0182,,2025-06-05 14:56:17,2025-06-05 14:56:17,51.43,12.82,659.33
CO-0183,,2025-06-05 14:56:17,2025-06-05 14:56:17,51.43,12.82,659.33
CO-0184,VE-12,2025-06-05 15:02:00,2025-06-05 15:02:00,64.085,12.82,821.57
CO-0185,VE-25,2025-06-05 18:30:50,2025-06-05 18:30:50,77.182,12.82,989.47
CO-0186,VE-28,2025-06-06 16:37:50,2025-06-06 16:37:50,53.076,12.82,680.43
CO-0187,VE-19,2025-06-06 17:02:03,2025-06-06 17:02:03,81.813,12.82,1048.84
CO-0188,,2025-06-06 17:10:17,2025-06-06 17:10:17,54.156,12.82,694.28
CO-0189,,2025-06-06 17:10:17,2025-06-06 17:10:17,54.156,12.82,694.28
CO-0190,VE-18,2025-06-06 17:20:11,2025-06-06 17:20:11,64.531,12.82,827.29
CO-0191,VE-21,2025-06-06 17:22:00,2025-06-06 17:22:00,54.798,12.82,702.51
CO-0192,VE-24,2025-06-06 17:40:26,2025-06-06 17:40:26,74.023,12.82,948.97
CO-0193,VE-23,2025-06-06 17:41:39,2025-06-06 17:41:39,63.245,12.82,810.8
CO-0194,VE-16,2025-06-06 17:58:29,2025-06-06 17:58:29,54.854,12.82,703.23
CO-0195,VE-14,2025-06-06 17:58:54,2025-06-06 17:58:54,67.302,12.82,862.81
CO-0196,VE-12,2025-06-07 12:32:38,2025-06-07 12:32:38,58.552,12.82,750.64
CO-0197,VE-22,2025-06-07 12:52:02,2025-06-07 12:52:02,64.321,12.82,824.6
CO-0198,,2025-06-07 15:49:07,2025-06-07 15:49:07,79.564,12.82,1020.01
CO-0199,,2025-06-07 15:49:07,2025-06-07 15:49:07,79.564,12.82,1020.01
CO-0200,,2025-06-08 09:35:42,2025-06-08 09:35:42,15.272,12.82,195.79
CO-0201,,2025-06-08 09:35:42,2025-06-08 09:35:42,15.272,12.82,195.79
CO-0202,VE-24,2025-06-09 15:48:51,2025-06-09 15:48:51,39.96,12.82,512.29
CO-0203,VE-23,2025-06-09 16:17:44,2025-06-09 16:17:44,36.407,12.82,466.74
CO-0204,VE-23,2025-06-09 16:27:55,2025-06-09 16:27:55,26.099,12.82,334.59
CO-0205,VE-28,2025-06-09 17:33:53,2025-06-09 17:33:53,47.647,12.82,610.83
CO-0206,VE-26,2025-06-09 17:40:28,2025-06-09 17:40:28,86.367,12.82,1107.22
CO-0207,VE-13,2025-06-09 17:47:05,2025-06-09 17:47:05,54.998,12.82,705.07
CO-0208,VE-27,2025-06-09 18:24:31,2025-06-09 18:24:31,61.911,12.82,793.7
CO-0209,VE-17,2025-06-10 11:34:29,2025-06-10 11:34:29,45.621,12.88,587.6
CO-0210,VE-18,2025-06-10 15:52:57,2025-06-10 15:52:57,81.015,12.88,1043.47
CO-0211,VE-14,2025-06-10 16:40:02,2025-06-10 16:40:02,62.867,12.88,809.73
CO-0212,VE-12,2025-06-10 16:42:27,2025-06-10 16:42:27,78.154,12.88,1006.62
CO-0213,VE-22,2025-06-10 17:17:38,2025-06-10 17:17:38,48.57,12.88,625.58
CO-0214,VE-25,2025-06-10 17:38:55,2025-06-10 17:38:55,94.072,12.88,1211.65
CO-0215,VE-16,2025-06-10 18:29:36,2025-06-10 18:29:36,65.701,12.88,846.23
CO-0216,VE-28,2025-06-10 18:38:13,2025-06-10 18:38:13,32.506,12.88,418.68
CO-0217,VE-03,2025-06-10 19:39:27,2025-06-10 19:39:27,113.445,12.88,1461.17
CO-0218,VE-23,2025-06-11 16:45:29,2025-06-11 16:45:29,44.589,12.88,574.31
CO-0219,VE-27,2025-06-11 16:58:55,2025-06-11 16:58:55,58.627,12.88,755.12
CO-0220,VE-19,2025-06-11 17:18:30,2025-06-11 17:18:30,88.615,12.88,1141.36
CO-0221,,2025-06-11 17:29:32,2025-06-11 17:29:32,69.043,12.88,889.27
CO-0222,,2025-06-11 17:29:32,2025-06-11 17:29:32,69.043,12.88,889.27
CO-0223,VE-24,2025-06-11 17:47:41,2025-06-11 17:47:41,77.445,12.88,997.49
CO-0224,VE-01,2025-06-12 14:33:51,2025-06-12 14:33:51,123.605,12.88,1592.03
CO-0225,VE-11,2025-06-12 15:33:56,2025-06-12 15:33:56,73.93,12.88,952.22
CO-0226,VE-28,2025-06-12 16:57:24,2025-06-12 16:57:24,62.431,12.88,804.11
CO-0227,VE-14,2025-06-12 17:19:34,2025-06-12 17:19:34,60.914,12.88,784.57
CO-0228,VE-13,2025-06-12 17:21:37,2025-06-12 17:21:37,52.293,12.88,673.53
CO-0229,VE-21,2025-06-12 17:39:54,2025-06-12 17:39:54,70.129,12.88,903.26
CO-0230,VE-16,2025-06-12 18:31:42,2025-06-12 18:31:42,67.746,12.88,872.57
CO-0231,VE-15,2025-06-12 18:55:27,2025-06-12 18:55:27,88.248,12.88,1136.63
CO-0232,,2025-06-12 19:16:31,2025-06-12 19:16:31,54.523,12.88,702.26
CO-0233,,2025-06-12 19:16:31,2025-06-12 19:16:31,54.523,12.88,702.26
CO-0234,VE-17,2025-06-12 19:26:52,2025-06-12 19:26:52,65.55,12.88,844.28
CO-0235,VE-03,2025-06-13 15:33:41,2025-06-13 15:33:41,85.085,12.88,1095.89
CO-0236,VE-24,2025-06-13 15:50:11,2025-06-13 15:50:11,75.842,12.88,976.84
CO-0237,VE-25,2025-06-13 16:52:21,2025-06-13 16:52:21,80.047,12.88,1031.01
CO-0238,VE-27,2025-06-13 17:38:17,2025-06-13 17:38:17,64.005,12.88,824.38
CO-0239,VE-23,2025-06-13 17:59:29,2025-06-13 17:59:29,82.032,12.88,1056.57
CO-0240,VE-22,2025-06-14 13:49:31,2025-06-14 13:49:31,70.788,12.88,911.75
CO-0241,VE-15,2025-06-14 14:01:21,2025-06-14 14:01:21,52.351,12.88,674.28
CO-0242,VE-18,2025-06-14 14:14:57,2025-06-14 14:14:57,79.986,12.88,1030.22
CO-0243,VE-11,2025-06-14 14:29:20,2025-06-14 14:29:20,61.477,12.88,791.82
CO-0244,VE-28,2025-06-14 14:34:18,2025-06-14 14:34:18,63.294,12.88,815.23
CO-0245,VE-24,2025-06-16 14:09:53,2025-06-16 14:09:53,50.698,12.88,652.99
CO-0246,VE-23,2025-06-16 14:22:35,2025-06-16 14:22:35,48.606,12.88,626.05
CO-0247,VE-21,2025-06-16 16:34:06,2025-06-16 16:34:06,54.69,12.88,704.41
CO-0248,VE-13,2025-06-16 16:57:01,2025-06-16 16:57:01,61.208,12.88,788.36
CO-0249,VE-19,2025-06-16 16:58:57,2025-06-16 16:58:57,80.23,12.88,1033.36
CO-0250,VE-17,2025-06-16 17:48:14,2025-06-16 17:48:14,51.319,12.88,660.99
CO-0251,,2025-06-17 15:33:26,2025-06-17 15:33:26,48.481,12.94,627.34
CO-0252,,2025-06-17 15:33:26,2025-06-17 15:33:26,48.481,12.94,627.34
CO-0253,VE-26,2025-06-17 15:50:14,2025-06-17 15:50:14,75.77,12.94,980.46
CO-0254,VE-15,2025-06-17 16:41:10,2025-06-17 16:41:10,50.625,12.94,655.09
CO-0255,VE-16,2025-06-17 19:02:45,2025-06-17 19:02:45,75.001,12.94,970.51
CO-0256,VE-01,2025-06-18 11:43:49,2025-06-18 11:43:49,124.008,12.94,1604.66
CO-0257,VE-27,2025-06-18 13:18:50,2025-06-18 13:18:50,69.014,12.94,893.04
CO-0258,VE-28,2025-06-18 14:01:04,2025-06-18 14:01:04,40.415,12.94,522.97
CO-0259,VE-14,2025-06-18 14:16:55,2025-06-18 14:16:55,76.27,12.94,986.93
CO-0260,VE-25,2025-06-18 15:18:12,2025-06-18 15:18:12,53.579,12.94,693.31
CO-0261,,2025-06-18 15:38:42,2025-06-18 15:38:42,63.264,12.94,818.64
CO-0262,,2025-06-18 15:38:42,2025-06-18 15:38:42,63.264,12.94,818.64
CO-0263,VE-24,2025-06-18 16:53:10,2025-06-18 16:53:10,78.566,12.94,1016.64
CO-0264,VE-18,2025-06-18 16:53:53,2025-06-18 16:53:53,86.482,12.94,1119.08
CO-0265,VE-23,2025-06-19 07:47:18,2025-06-19 07:47:18,76.432,12.94,989.03
CO-0266,VE-17,2025-06-19 09:44:45,2025-06-19 09:44:45,66.3,12.94,857.92
CO-0267,VE-16,2025-06-19 18:20:14,2025-06-19 18:20:14,56.367,12.94,729.39
CO-0268,VE-22,2025-06-20 14:02:48,2025-06-20 14:02:48,74.254,12.94,960.85
CO-0269,VE-19,2025-06-20 15:31:27,2025-06-20 15:31:27,81.82,12.94,1058.75
CO-0270,VE-28,2025-06-20 16:00:01,2025-06-20 16:00:01,45.563,12.94,589.59
CO-0271,VE-25,2025-06-20 16:31:08,2025-06-20 16:31:08,41.559,12.94,537.77
CO-0272,VE-03,2025-06-20 17:02:05,2025-06-20 17:02:05,102.209,12.94,1322.58
CO-0273,VE-21,2025-06-20 17:02:57,2025-06-20 17:02:57,64.516,12.94,834.84
CO-0274,VE-15,2025-06-20 17:20:02,2025-06-20 17:20:02,65.533,12.94,848
CO-0275,VE-27,2025-06-20 17:46:52,2025-06-20 17:46:52,62.001,12.94,802.29
CO-0276,VE-23,2025-06-21 13:26:50,2025-06-21 13:26:50,60.177,12.94,778.69
CO-0277,VE-18,2025-06-21 13:53:38,2025-06-21 13:53:38,87.825,12.94,1136.46
CO-0278,,2025-06-21 13:59:40,2025-06-21 13:59:40,48.413,12.94,626.46
CO-0279,,2025-06-21 13:59:40,2025-06-21 13:59:40,48.413,12.94,626.46
CO-0280,VE-01,2025-06-21 14:30:10,2025-06-21 14:30:10,96.007,12.94,1242.33
CO-0281,VE-14,2025-06-21 16:29:09,2025-06-21 16:29:09,56.81,12.94,735.12
CO-0282,VE-16,2025-06-21 16:37:07,2025-06-21 16:37:07,58.563,12.94,757.81
CO-0283,,2025-06-21 18:14:24,2025-06-21 18:14:24,57.046,12.94,738.18
CO-0284,,2025-06-21 18:14:24,2025-06-21 18:14:24,57.046,12.94,738.18
CO-0285,VE-17,2025-06-23 14:48:09,2025-06-23 14:48:09,85.728,12.94,1109.32
CO-0286,VE-27,2025-06-23 15:19:54,2025-06-23 15:19:54,67,12.94,866.98
CO-0287,VE-26,2025-06-23 16:02:31,2025-06-23 16:02:31,74.323,12.94,961.74
CO-0288,VE-15,2025-06-23 16:15:36,2025-06-23 16:15:36,48.489,12.94,627.45
CO-0289,VE-11,2025-06-23 16:32:15,2025-06-23 16:32:15,63.785,12.94,825.38
CO-0290,VE-28,2025-06-23 17:43:35,2025-06-23 17:43:35,71.011,12.94,918.88
CO-0291,VE-25,2025-06-23 18:00:05,2025-06-23 18:00:05,64.346,12.94,832.64
CO-0292,VE-19,2025-06-24 16:19:26,2025-06-24 16:19:26,77.639,13.19,1024.06
CO-0293,VE-21,2025-06-24 17:18:52,2025-06-24 17:18:52,50.296,13.19,663.4
CO-0294,VE-16,2025-06-24 17:28:56,2025-06-24 17:28:56,64.924,13.19,856.35
CO-0295,VE-18,2025-06-24 18:38:07,2025-06-24 18:38:07,66.674,13.19,879.43
CO-0296,VE-11,2025-06-25 15:49:49,2025-06-25 15:49:49,67.736,13.19,893.44
CO-0297,,2025-06-25 16:15:47,2025-06-25 16:15:47,63.067,13.19,831.85
CO-0298,,2025-06-25 16:15:47,2025-06-25 16:15:47,63.067,13.19,831.85
CO-0299,VE-13,2025-06-25 16:30:41,2025-06-25 16:30:41,27.002,13.19,356.16
CO-0300,VE-14,2025-06-25 16:59:00,2025-06-25 16:59:00,61.805,13.19,815.21
CO-0301,VE-23,2025-06-25 17:20:47,2025-06-25 17:20:47,78.307,13.19,1032.87
CO-0302,,2025-06-25 17:37:03,2025-06-25 17:37:03,45.792,13.19,604
CO-0303,,2025-06-25 17:37:03,2025-06-25 17:37:03,45.792,13.19,604
CO-0304,VE-15,2025-06-25 18:18:21,2025-06-25 18:18:21,53.947,13.19,711.56
CO-0305,VE-27,2025-06-25 18:56:46,2025-06-25 18:56:46,74,13.19,976.06
CO-0306,VE-28,2025-06-25 19:03:06,2025-06-25 19:03:06,70.744,13.19,933.11
CO-0307,VE-03,2025-06-25 19:32:48,2025-06-25 19:32:48,108.751,13.19,1434.43
CO-0308,,2025-06-25 19:43:54,2025-06-25 19:43:54,70.281,13.19,927.01
CO-0309,,2025-06-25 19:43:54,2025-06-25 19:43:54,70.281,13.19,927.01
CO-0310,VE-25,2025-06-25 19:57:38,2025-06-25 19:57:38,53.581,13.19,706.73
CO-0311,VE-22,2025-06-26 14:47:12,2025-06-26 14:47:12,76.412,13.19,1007.87
CO-0312,VE-16,2025-06-26 17:05:56,2025-06-26 17:05:56,65.625,13.19,865.59
CO-0313,VE-01,2025-06-26 18:22:40,2025-06-26 18:22:40,116.832,13.19,1541.01
CO-0314,VE-17,2025-06-27 16:24:55,2025-06-27 16:24:55,75.367,13.19,994.09
CO-0315,VE-23,2025-06-27 17:08:48,2025-06-27 17:08:48,77.841,13.19,1026.72
CO-0316,VE-27,2025-06-27 17:21:48,2025-06-27 17:21:48,72.592,13.19,957.49
CO-0317,VE-15,2025-06-27 17:45:58,2025-06-27 17:45:58,61.643,13.19,813.07
CO-0318,VE-28,2025-06-27 18:21:23,2025-06-27 18:21:23,60.043,13.19,791.97
CO-0319,VE-19,2025-06-27 18:28:55,2025-06-27 18:28:55,77.369,13.19,1020.5
CO-0320,VE-13,2025-06-28 07:46:14,2025-06-28 07:46:14,73.014,13.19,963.05
CO-0321,VE-25,2025-06-28 12:39:33,2025-06-28 12:39:33,71.704,13.19,945.78
CO-0322,VE-11,2025-06-28 12:48:34,2025-06-28 12:48:34,52.22,13.19,688.78
CO-0323,,2025-06-28 14:12:30,2025-06-28 14:12:30,55.604,13.19,733.42
CO-0324,,2025-06-28 14:12:30,2025-06-28 14:12:30,55.604,13.19,733.42
CO-0325,VE-14,2025-06-28 14:51:24,2025-06-28 14:51:24,72.861,13.19,961.04
CO-0326,VE-21,2025-06-28 14:57:11,2025-06-28 14:57:11,78.093,13.19,1030.05
CO-0327,VE-22,2025-06-28 15:02:22,2025-06-28 15:02:22,61.932,13.19,816.88
CO-0328,,2025-06-28 17:21:50,2025-06-28 17:21:50,68.043,13.19,897.49
CO-0329,,2025-06-28 17:21:50,2025-06-28 17:21:50,68.043,13.19,897.49
CO-0330,,2025-06-30 10:54:58,2025-06-30 10:54:58,18.139,13.19,239.25
CO-0331,,2025-06-30 10:54:58,2025-06-30 10:54:58,18.139,13.19,239.25
CO-0332,VE-27,2025-06-30 15:54:18,2025-06-30 15:54:18,43.733,13.19,576.84
CO-0333,VE-23,2025-06-30 16:05:24,2025-06-30 16:05:24,58.01,13.19,765.15
CO-0334,VE-26,2025-06-30 17:04:00,2025-06-30 17:04:00,65.732,13.19,867.01
CO-0335,VE-16,2025-06-30 17:23:50,2025-06-30 17:23:50,80.049,13.19,1055.85
CO-0336,VE-24,2025-06-30 18:05:21,2025-06-30 18:05:21,70.682,13.19,932.3
CO-0337,VE-13,2025-06-30 19:30:57,2025-06-30 19:30:57,48.004,13.19,633.17
CO-0338,VE-17,2025-06-30 19:43:37,2025-06-30 19:43:37,60.732,13.19,801.06
CO-0339,VE-15,2025-07-01 16:36:10,2025-07-01 16:36:10,75.964,13.24,1005.76
CO-0340,VE-14,2025-07-01 17:24:36,2025-07-01 17:24:36,56.309,13.24,745.53
CO-0341,VE-01,2025-07-01 17:24:52,2025-07-01 17:24:52,103.026,13.24,1364.06
CO-0342,VE-11,2025-07-01 18:04:55,2025-07-01 18:04:55,68.887,13.24,912.06
CO-0343,VE-03,2025-07-01 18:54:27,2025-07-01 18:54:27,113.857,13.24,1507.47
CO-0344,VE-19,2025-07-02 10:23:24,2025-07-02 10:23:24,92.192,13.24,1220.62
CO-0345,VE-24,2025-07-02 16:06:05,2025-07-02 16:06:05,62.953,13.24,833.5
CO-0346,VE-17,2025-07-02 16:24:11,2025-07-02 16:24:11,64.874,13.24,858.93
CO-0347,VE-23,2025-07-02 16:25:00,2025-07-02 16:25:00,76.042,13.24,1006.8
CO-0348,,2025-07-02 16:41:16,2025-07-02 16:41:16,60.342,13.24,798.93
CO-0349,,2025-07-02 16:41:16,2025-07-02 16:41:16,60.342,13.24,798.93
CO-0350,VE-13,2025-07-02 16:46:44,2025-07-02 16:46:44,51.117,13.24,676.79
CO-0351,VE-21,2025-07-02 17:07:09,2025-07-02 17:07:09,58.608,13.24,775.97
CO-0352,VE-25,2025-07-02 17:11:20,2025-07-02 17:11:20,68.217,13.24,903.19
CO-0353,VE-16,2025-07-02 17:40:14,2025-07-02 17:40:14,67.585,13.24,894.83
CO-0354,VE-27,2025-07-02 17:44:20,2025-07-02 17:44:20,64.799,13.24,857.94
CO-0355,VE-15,2025-07-03 15:40:42,2025-07-03 15:40:42,59.334,13.24,785.58
CO-0356,VE-11,2025-07-03 16:55:48,2025-07-03 16:55:48,59.795,13.24,791.69
CO-0357,,2025-07-03 18:23:23,2025-07-03 18:23:23,63.142,13.24,836
CO-0358,,2025-07-03 18:23:23,2025-07-03 18:23:23,63.142,13.24,836
CO-0359,VE-25,2025-07-04 16:34:39,2025-07-04 16:34:39,45.152,13.24,597.81
CO-0360,VE-24,2025-07-04 16:38:21,2025-07-04 16:38:21,69.81,13.24,924.28
CO-0361,VE-27,2025-07-04 17:09:31,2025-07-04 17:09:31,67.003,13.24,887.12
CO-0362,VE-19,2025-07-04 17:46:07,2025-07-04 17:46:07,82.403,13.24,1091.02
CO-0363,VE-14,2025-07-04 17:48:49,2025-07-04 17:48:49,69.485,13.24,919.98
CO-0364,VE-26,2025-07-04 17:56:26,2025-07-04 17:56:26,89.169,13.24,1180.6
CO-0365,VE-13,2025-07-04 18:08:46,2025-07-04 18:08:46,74.143,13.24,981.65
CO-0366,VE-23,2025-07-05 05:33:28,2025-07-05 05:33:28,75.493,13.24,999.53
CO-0367,VE-21,2025-07-05 13:41:48,2025-07-05 13:41:48,50.84,13.24,673.12
CO-0368,VE-17,2025-07-05 13:58:25,2025-07-05 13:58:25,90.634,13.24,1200
CO-0369,,2025-07-05 14:02:16,2025-07-05 14:02:16,61.313,13.24,811.78
CO-0370,,2025-07-05 14:02:16,2025-07-05 14:02:16,61.313,13.24,811.78
CO-0371,VE-17,2025-07-05 14:03:20,2025-07-05 14:03:20,6.182,13.24,81.85
CO-0372,VE-22,2025-07-05 14:23:39,2025-07-05 14:23:39,63.455,13.24,840.14
CO-0373,VE-16,2025-07-05 15:07:40,2025-07-05 15:07:40,59.784,13.24,791.54
CO-0374,VE-27,2025-07-07 14:59:05,2025-07-07 14:59:05,64.003,13.24,847.4
CO-0375,VE-23,2025-07-07 16:50:52,2025-07-07 16:50:52,65.004,13.24,860.65
CO-0376,VE-03,2025-07-07 17:09:02,2025-07-07 17:09:02,86.536,13.24,1145.74
CO-0377,VE-18,2025-07-07 17:20:42,2025-07-07 17:20:42,83.209,13.24,1101.69
CO-0378,VE-13,2025-07-07 17:22:31,2025-07-07 17:22:31,52.501,13.24,695.11
CO-0379,,2025-07-07 17:41:16,2025-07-07 17:41:16,57.137,13.24,756.49
CO-0380,,2025-07-07 17:41:16,2025-07-07 17:41:16,57.137,13.24,756.49
CO-0381,VE-01,2025-07-07 19:15:40,2025-07-07 19:15:40,131.92,13.24,1746.62
CO-0382,VE-28,2025-07-08 13:18:02,2025-07-08 13:18:02,69.736,13.41,935.16
CO-0383,VE-19,2025-07-08 13:58:01,2025-07-08 13:58:01,66.912,13.41,897.29
CO-0384,VE-25,2025-07-08 15:14:47,2025-07-08 15:14:47,55.879,13.41,749.34
CO-0385,VE-24,2025-07-08 15:18:58,2025-07-08 15:18:58,73.888,13.41,990.84
CO-0386,VE-16,2025-07-08 15:43:36,2025-07-08 15:43:36,52.65,13.41,706.04
CO-0387,VE-17,2025-07-08 17:26:56,2025-07-08 17:26:56,72.643,13.41,974.14
CO-0388,VE-27,2025-07-08 17:54:05,2025-07-08 17:54:05,47.62,13.41,638.58
CO-0389,VE-15,2025-07-08 18:56:22,2025-07-08 18:56:22,58.657,13.41,786.59
CO-0390,VE-14,2025-07-08 20:14:25,2025-07-08 20:14:25,81.576,13.41,1093.93
CO-0391,VE-18,2025-07-09 15:51:18,2025-07-09 15:51:18,39.191,13.41,525.55
CO-0392,VE-28,2025-07-09 16:10:09,2025-07-09 16:10:09,45.574,13.41,611.15
CO-0393,VE-26,2025-07-09 17:03:29,2025-07-09 17:03:29,85.057,13.41,1140.61
CO-0394,,2025-07-09 18:01:55,2025-07-09 18:01:55,66.519,13.41,892.02
CO-0395,,2025-07-09 18:01:55,2025-07-09 18:01:55,66.519,13.41,892.02
CO-0396,VE-13,2025-07-09 18:41:58,2025-07-09 18:41:58,73.228,13.41,981.99
CO-0397,,2025-07-09 18:48:00,2025-07-09 18:48:00,68.989,13.41,925.14
CO-0398,,2025-07-09 18:48:00,2025-07-09 18:48:00,68.989,13.41,925.14
CO-0399,VE-23,2025-07-10 13:11:11,2025-07-10 13:11:11,76.025,13.41,1019.5
CO-0400,VE-24,2025-07-10 13:40:56,2025-07-10 13:40:56,64.682,13.41,867.39
CO-0401,VE-14,2025-07-10 15:22:24,2025-07-10 15:22:24,63.785,13.41,855.36
CO-0402,VE-15,2025-07-10 16:37:37,2025-07-10 16:37:37,60.608,13.41,812.75
CO-0403,,2025-07-10 16:51:18,2025-07-10 16:51:18,28.413,13.41,381.02
CO-0404,,2025-07-10 16:51:18,2025-07-10 16:51:18,28.413,13.41,381.02
CO-0405,,2025-07-10 17:01:44,2025-07-10 17:01:44,24.705,13.41,331.29
CO-0406,,2025-07-10 17:01:44,2025-07-10 17:01:44,24.705,13.41,331.29
CO-0407,VE-19,2025-07-10 17:08:13,2025-07-10 17:08:13,73.207,13.41,981.71
CO-0408,VE-28,2025-07-10 17:19:53,2025-07-10 17:19:53,39.38,13.41,528.09
CO-0409,VE-21,2025-07-10 17:44:00,2025-07-10 17:44:00,78.013,13.41,1046.15
CO-0410,VE-25,2025-07-10 17:45:46,2025-07-10 17:45:46,56.958,13.41,763.81
CO-0411,VE-16,2025-07-10 18:16:19,2025-07-10 18:16:19,55.163,13.41,739.74
CO-0412,VE-27,2025-07-10 18:18:01,2025-07-10 18:18:01,76.001,13.41,1019.17
CO-0413,VE-17,2025-07-10 18:27:12,2025-07-10 18:27:12,80.671,13.41,1081.8
CO-0414,VE-13,2025-07-11 18:29:26,2025-07-11 18:29:26,67.67,13.41,907.45
CO-0415,VE-28,2025-07-11 18:39:56,2025-07-11 18:39:56,34.832,13.41,467.1
CO-0416,VE-24,2025-07-12 12:58:08,2025-07-12 12:58:08,62.087,13.41,832.59
CO-0417,VE-17,2025-07-12 13:27:49,2025-07-12 13:27:49,56.797,13.41,761.65
CO-0418,VE-18,2025-07-12 14:37:06,2025-07-12 14:37:06,57.247,13.41,767.68
CO-0419,VE-14,2025-07-12 15:18:59,2025-07-12 15:18:59,57.799,13.41,775.08
CO-0420,VE-03,2025-07-12 15:52:04,2025-07-12 15:52:04,99.114,13.41,1329.12
CO-0421,VE-27,2025-07-12 16:26:59,2025-07-12 16:26:59,50.004,13.41,670.55
CO-0422,VE-23,2025-07-12 16:28:57,2025-07-12 16:28:57,62.111,13.41,832.91
CO-0423,VE-01,2025-07-12 17:02:59,2025-07-12 17:02:59,124.569,13.41,1670.47
CO-0424,,2025-07-13 14:23:49,2025-07-13 14:23:49,17.947,13.41,240.67
CO-0425,,2025-07-13 14:23:49,2025-07-13 14:23:49,17.947,13.41,240.67
CO-0426,VE-26,2025-07-14 16:41:06,2025-07-14 16:41:06,83.776,13.41,1123.44
CO-0427,VE-13,2025-07-14 16:51:37,2025-07-14 16:51:37,51.594,13.41,691.88
CO-0428,VE-15,2025-07-14 17:02:25,2025-07-14 17:02:25,87.389,13.41,1171.89
CO-0429,VE-25,2025-07-14 17:40:37,2025-07-14 17:40:37,64.68,13.41,867.36
CO-0430,VE-21,2025-07-14 18:28:38,2025-07-14 18:28:38,62.203,13.41,834.14
CO-0431,,2025-07-14 18:49:54,2025-07-14 18:49:54,63.628,13.41,853.25
CO-0432,,2025-07-14 18:49:54,2025-07-14 18:49:54,63.628,13.41,853.25
CO-0433,VE-19,2025-07-14 19:28:08,2025-07-14 19:28:08,91.675,13.41,1229.36
CO-0434,VE-17,2025-07-15 16:28:38,2025-07-15 16:28:38,75.158,13.41,1007.87
CO-0435,VE-23,2025-07-15 17:29:08,2025-07-15 17:29:08,79.683,13.41,1068.55
CO-0436,VE-28,2025-07-15 17:35:17,2025-07-15 17:35:17,70.195,13.41,941.31
CO-0437,VE-24,2025-07-15 17:47:50,2025-07-15 17:47:50,70.072,13.41,939.67
CO-0438,VE-14,2025-07-15 17:56:17,2025-07-15 17:56:17,72.778,13.41,975.95
CO-0439,VE-27,2025-07-16 04:41:11,2025-07-16 04:41:11,56.921,13.41,763.31
CO-0440,,2025-07-16 15:55:12,2025-07-16 15:55:12,46.715,13.41,626.45
CO-0441,,2025-07-16 15:55:12,2025-07-16 15:55:12,46.715,13.41,626.45
CO-0442,VE-15,2025-07-16 16:48:27,2025-07-16 16:48:27,65.029,13.41,872.04
CO-0443,VE-18,2025-07-16 17:09:17,2025-07-16 17:09:17,68.071,13.41,912.83
CO-0444,,2025-07-16 17:11:47,2025-07-16 17:11:47,82.738,13.41,1109.52
CO-0445,,2025-07-16 17:11:47,2025-07-16 17:11:47,82.738,13.41,1109.52
CO-0446,VE-13,2025-07-16 17:16:10,2025-07-16 17:16:10,73.437,13.41,984.79
CO-0447,VE-16,2025-07-16 20:28:51,2025-07-16 20:28:51,68.848,13.41,923.25
CO-0448,VE-28,2025-07-17 14:32:31,2025-07-17 14:32:31,30.781,13.41,412.77
CO-0449,VE-19,2025-07-17 14:42:31,2025-07-17 14:42:31,89.502,13.41,1200.22
CO-0450,VE-24,2025-07-17 15:02:47,2025-07-17 15:02:47,64.116,13.41,859.8
CO-0451,VE-14,2025-07-17 15:08:30,2025-07-17 15:08:30,69.687,13.41,934.5
CO-0452,VE-23,2025-07-17 16:52:33,2025-07-17 16:52:33,72.002,13.41,965.55
CO-0453,VE-27,2025-07-17 16:53:42,2025-07-17 16:53:42,53.233,13.41,713.85
CO-0454,VE-03,2025-07-17 17:57:39,2025-07-17 17:57:39,108.307,13.41,1452.4
CO-0455,VE-21,2025-07-17 18:17:55,2025-07-17 18:17:55,62.3,13.41,835.44
CO-0456,VE-01,2025-07-17 19:20:40,2025-07-17 19:20:40,135.176,13.41,1812.71
CO-0457,VE-25,2025-07-18 16:45:51,2025-07-18 16:45:51,82.204,13.41,1102.36
CO-0458,VE-16,2025-07-18 16:49:53,2025-07-18 16:49:53,64.405,13.41,863.67
CO-0459,VE-15,2025-07-18 17:42:37,2025-07-18 17:42:37,59.222,13.41,794.17
CO-0460,,2025-07-18 18:35:05,2025-07-18 18:35:05,65.261,13.41,875.15
CO-0461,,2025-07-18 18:35:05,2025-07-18 18:35:05,65.261,13.41,875.15
CO-0462,VE-26,2025-07-18 20:16:56,2025-07-18 20:16:56,89.175,13.41,1195.84
CO-0463,VE-13,2025-07-19 14:00:26,2025-07-19 14:00:26,76.917,13.65,1049.92
CO-0464,,2025-07-19 14:07:24,2025-07-19 14:07:24,29.159,13.65,398.02
CO-0465,,2025-07-19 14:07:24,2025-07-19 14:07:24,29.159,13.65,398.02
CO-0466,,2025-07-19 14:15:30,2025-07-19 14:15:30,22.76,13.65,310.67
CO-0467,,2025-07-19 14:15:30,2025-07-19 14:15:30,22.76,13.65,310.67
CO-0468,VE-18,2025-07-19 14:33:12,2025-07-19 14:33:12,69.663,13.65,950.9
CO-0469,VE-17,2025-07-19 14:45:56,2025-07-19 14:45:56,94.481,13.65,1289.67
CO-0470,VE-27,2025-07-19 14:49:14,2025-07-19 14:49:14,50.106,13.65,683.95
CO-0471,VE-23,2025-07-19 15:07:16,2025-07-19 15:07:16,79.381,13.65,1083.55
CO-0472,VE-14,2025-07-19 15:21:23,2025-07-19 15:21:23,57.568,13.65,785.8
CO-0473,VE-28,2025-07-19 18:31:36,2025-07-19 18:31:36,34.92,13.65,476.66
CO-0474,,2025-07-20 09:42:26,2025-07-20 09:42:26,16.919,13.65,230.94
CO-0475,,2025-07-20 09:42:26,2025-07-20 09:42:26,16.919,13.65,230.94
CO-0476,VE-12,2025-07-21 08:50:12,2025-07-21 08:50:12,91.413,13.65,1247.79
CO-0477,VE-19,2025-07-21 16:11:54,2025-07-21 16:11:54,88.107,13.65,1202.66
CO-0478,VE-28,2025-07-21 16:53:35,2025-07-21 16:53:35,32.675,13.65,446.01
CO-0479,VE-16,2025-07-21 17:24:41,2025-07-21 17:24:41,66.966,13.65,914.09
CO-0480,VE-24,2025-07-21 17:32:20,2025-07-21 17:32:20,54.562,13.65,744.77
CO-0481,VE-15,2025-07-21 17:40:20,2025-07-21 17:40:20,59.127,13.65,807.08
CO-0482,VE-21,2025-07-21 18:12:14,2025-07-21 18:12:14,65.466,13.65,893.61
CO-0483,,2025-07-22 17:27:53,2025-07-22 17:27:53,68.98,13.71,945.72
CO-0484,,2025-07-22 17:27:53,2025-07-22 17:27:53,68.98,13.71,945.72
CO-0485,VE-14,2025-07-22 17:55:15,2025-07-22 17:55:15,70.506,13.71,966.64
CO-0486,VE-11,2025-07-22 17:56:51,2025-07-22 17:56:51,76.632,13.71,1050.62
CO-0487,VE-03,2025-07-22 18:00:35,2025-07-22 18:00:35,103.758,13.71,1422.52
CO-0488,VE-17,2025-07-22 18:04:22,2025-07-22 18:04:22,79.688,13.71,1092.52
CO-0489,VE-23,2025-07-22 18:08:59,2025-07-22 18:08:59,71.078,13.71,974.48
CO-0490,VE-01,2025-07-22 18:53:27,2025-07-22 18:53:27,117.433,13.71,1610.01
CO-0491,VE-13,2025-07-22 19:17:47,2025-07-22 19:17:47,80.121,13.71,1098.46
CO-0492,VE-26,2025-07-23 06:30:32,2025-07-23 06:30:32,67.506,13.71,925.51
CO-0493,,2025-07-23 13:02:21,2025-07-23 13:02:21,66.42,13.71,910.62
CO-0494,,2025-07-23 13:02:21,2025-07-23 13:02:21,66.42,13.71,910.62
CO-0495,VE-27,2025-07-23 13:12:51,2025-07-23 13:12:51,66.001,13.71,904.87
CO-0496,VE-28,2025-07-23 13:13:09,2025-07-23 13:13:09,63.088,13.71,864.94
CO-0497,VE-25,2025-07-23 13:39:21,2025-07-23 13:39:21,78.169,13.71,1071.7
CO-0498,,2025-07-24 14:24:49,2025-07-24 14:24:49,79.728,13.71,1093.07
CO-0499,,2025-07-24 14:24:49,2025-07-24 14:24:49,79.728,13.71,1093.07
CO-0500,VE-19,2025-07-24 15:13:49,2025-07-24 15:13:49,82.665,13.71,1133.34
CO-0501,VE-15,2025-07-24 17:22:44,2025-07-24 17:22:44,67.626,13.71,927.15
CO-0502,VE-16,2025-07-24 19:25:11,2025-07-24 19:25:11,67.217,13.71,921.55
CO-0503,VE-12,2025-07-25 11:22:29,2025-07-25 11:22:29,43.222,13.71,592.57
CO-0504,VE-11,2025-07-25 15:28:46,2025-07-25 15:28:46,69.004,13.71,946.04
CO-0505,VE-24,2025-07-25 16:16:22,2025-07-25 16:16:22,73.348,13.71,1005.6
CO-0506,VE-17,2025-07-25 16:56:25,2025-07-25 16:56:25,75.271,13.71,1031.97
CO-0507,VE-26,2025-07-25 16:56:39,2025-07-25 16:56:39,61.415,13.71,842
CO-0508,VE-27,2025-07-25 18:23:21,2025-07-25 18:23:21,65.001,13.71,891.16
CO-0509,VE-23,2025-07-25 19:11:51,2025-07-25 19:11:51,76.056,13.71,1042.73
CO-0510,VE-13,2025-07-25 19:51:17,2025-07-25 19:51:17,50.294,13.71,689.53
CO-0511,VE-28,2025-07-25 21:25:50,2025-07-25 21:25:50,49.462,13.71,678.12
CO-0512,VE-20,2025-07-25 21:48:32,2025-07-25 21:48:32,80.857,13.71,1108.55
CO-0513,VE-19,2025-07-26 13:46:08,2025-07-26 13:46:08,52.622,13.76,724.08
CO-0514,VE-18,2025-07-26 13:46:24,2025-07-26 13:46:24,82.023,13.76,1128.64
CO-0515,VE-14,2025-07-26 14:07:41,2025-07-26 14:07:41,75.635,13.76,1040.74
CO-0516,VE-16,2025-07-26 14:11:45,2025-07-26 14:11:45,51.311,13.76,706.04
CO-0517,VE-21,2025-07-26 14:36:02,2025-07-26 14:36:02,69.572,13.76,957.31
CO-0518,VE-15,2025-07-26 14:40:27,2025-07-26 14:40:27,43.001,13.76,591.69
CO-0519,,2025-07-26 16:56:07,2025-07-26 16:56:07,53.255,13.76,732.79
CO-0520,,2025-07-26 16:56:07,2025-07-26 16:56:07,53.255,13.76,732.79
CO-0521,,2025-07-26 16:56:42,2025-07-26 16:56:42,59.484,13.76,818.5
CO-0522,,2025-07-26 16:56:42,2025-07-26 16:56:42,59.484,13.76,818.5
CO-0523,VE-27,2025-07-27 13:40:44,2025-07-27 13:40:44,44.118,13.76,607.06
CO-0524,,2025-07-28 15:20:48,2025-07-28 15:20:48,17.904,13.76,246.36
CO-0525,,2025-07-28 15:20:48,2025-07-28 15:20:48,17.904,13.76,246.36
CO-0526,VE-03,2025-07-30 05:31:33,2025-07-30 05:31:33,94.219,13.76,1296.45
CO-0527,VE-28,2025-07-30 11:44:06,2025-07-30 11:44:06,42.911,13.76,590.46
CO-0528,VE-11,2025-07-30 14:05:13,2025-07-30 14:05:13,49.446,13.76,680.38
CO-0529,VE-24,2025-07-30 14:27:14,2025-07-30 14:27:14,52.069,13.76,716.47
CO-0530,VE-23,2025-07-30 16:42:36,2025-07-30 16:42:36,43.026,13.76,592.04
CO-0531,VE-14,2025-07-30 16:56:01,2025-07-30 16:56:01,49.819,13.76,685.51
CO-0532,VE-25,2025-07-31 11:43:50,2025-07-31 11:43:50,72.777,13.76,1001.41
CO-0533,VE-13,2025-07-31 12:21:29,2025-07-31 12:21:29,73.515,13.76,1011.57
CO-0534,VE-19,2025-07-31 14:34:01,2025-07-31 14:34:01,37.346,13.76,513.88
CO-0535,VE-16,2025-07-31 17:11:45,2025-07-31 17:11:45,56.892,13.76,782.83
CO-0536,VE-17,2025-07-31 18:06:40,2025-07-31 18:06:40,83.275,13.76,1145.86
CO-0537,VE-15,2025-07-31 18:17:29,2025-07-31 18:17:29,46.381,13.76,638.2
CO-0538,VE-26,2025-08-01 14:38:31,2025-08-01 14:38:31,79.124,13.76,1088.75
CO-0539,VE-18,2025-08-01 16:39:01,2025-08-01 16:39:01,75.121,13.76,1033.66
CO-0540,VE-11,2025-08-01 16:56:00,2025-08-01 16:56:00,67.295,13.76,925.98
CO-0541,VE-14,2025-08-01 17:55:20,2025-08-01 17:55:20,63.803,13.76,877.93
CO-0542,VE-16,2025-08-01 17:55:34,2025-08-01 17:55:34,34.158,13.76,470.01
CO-0543,VE-24,2025-08-01 17:59:10,2025-08-01 17:59:10,73.409,13.76,1010.11
CO-0544,VE-28,2025-08-01 18:59:28,2025-08-01 18:59:28,25.861,13.76,355.85
CO-0545,,2025-08-02 13:29:59,2025-08-02 13:29:59,77.979,13.76,1072.99
CO-0546,,2025-08-02 13:29:59,2025-08-02 13:29:59,77.979,13.76,1072.99
CO-0547,,2025-08-02 14:57:40,2025-08-02 14:57:40,58.352,13.76,802.92
CO-0548,,2025-08-02 14:57:40,2025-08-02 14:57:40,58.352,13.76,802.92
CO-0549,VE-15,2025-08-02 15:02:59,2025-08-02 15:02:59,46.094,13.76,634.25
CO-0550,VE-25,2025-08-02 15:19:22,2025-08-02 15:19:22,74.029,13.76,1018.64
CO-0551,VE-03,2025-08-02 15:39:42,2025-08-02 15:39:42,92.831,13.76,1277.35
CO-0552,VE-21,2025-08-02 15:48:42,2025-08-02 15:48:42,84.217,13.76,1158.83
CO-0553,VE-27,2025-08-02 15:48:54,2025-08-02 15:48:54,57.269,13.76,788.02
CO-0554,VE-19,2025-08-04 14:47:49,2025-08-04 14:47:49,87.209,13.76,1200
CO-0555,VE-14,2025-08-04 15:28:56,2025-08-04 15:28:56,64.385,13.76,885.94
CO-0556,VE-16,2025-08-04 15:33:41,2025-08-04 15:33:41,65.898,13.76,906.76
CO-0557,VE-11,2025-08-04 16:41:48,2025-08-04 16:41:48,61.159,13.76,841.55
CO-0558,VE-24,2025-08-04 17:11:11,2025-08-04 17:11:11,57.44,13.76,790.37
CO-0559,VE-22,2025-08-04 17:20:42,2025-08-04 17:20:42,38.269,13.76,526.58
CO-0560,VE-28,2025-08-04 18:04:55,2025-08-04 18:04:55,59.669,13.76,821.05
CO-0561,VE-13,2025-08-05 14:35:41,2025-08-05 14:35:41,64.386,13.76,885.95
CO-0562,VE-18,2025-08-05 14:46:34,2025-08-05 14:46:34,68.26,13.76,939.26
CO-0563,VE-15,2025-08-05 14:47:08,2025-08-05 14:47:08,55.412,13.76,762.47
CO-0564,VE-17,2025-08-05 15:52:15,2025-08-05 15:52:15,58.858,13.76,809.89
CO-0565,VE-26,2025-08-05 16:06:08,2025-08-05 16:06:08,66.958,13.76,921.34
CO-0566,VE-28,2025-08-05 18:42:48,2025-08-05 18:42:48,47.244,13.76,650.08
CO-0567,VE-27,2025-08-05 18:47:47,2025-08-05 18:47:47,74.039,13.76,1018.78
CO-0568,,2025-08-06 16:50:11,2025-08-06 16:50:11,17.928,13.76,246.69
CO-0569,,2025-08-06 16:50:11,2025-08-06 16:50:11,17.928,13.76,246.69
CO-0570,VE-23,2025-08-06 19:56:50,2025-08-06 19:56:50,65.474,13.76,900.92
CO-0571,VE-25,2025-08-07 15:43:57,2025-08-07 15:43:57,62.018,13.76,853.37
CO-0572,VE-19,2025-08-07 15:56:26,2025-08-07 15:56:26,66.631,13.76,916.84
CO-0573,VE-24,2025-08-07 16:06:52,2025-08-07 16:06:52,61.314,13.76,843.68
CO-0574,VE-16,2025-08-07 16:32:17,2025-08-07 16:32:17,61.776,13.76,850.04
CO-0575,,2025-08-07 16:39:41,2025-08-07 16:39:41,75.996,13.76,1045.7
CO-0576,,2025-08-07 16:39:41,2025-08-07 16:39:41,75.996,13.76,1045.7
CO-0577,VE-14,2025-08-07 17:06:08,2025-08-07 17:06:08,57.145,13.76,786.32
CO-0578,,2025-08-07 17:19:43,2025-08-07 17:19:43,69.415,13.76,955.15
CO-0579,,2025-08-07 17:19:43,2025-08-07 17:19:43,69.415,13.76,955.15
CO-0580,VE-11,2025-08-07 17:26:52,2025-08-07 17:26:52,63.048,13.76,867.54
CO-0581,VE-22,2025-08-07 18:00:46,2025-08-07 18:00:46,52.812,13.76,726.69
CO-0582,VE-28,2025-08-07 18:01:18,2025-08-07 18:01:18,45.878,13.76,631.28
CO-0583,VE-27,2025-08-07 18:04:41,2025-08-07 18:04:41,54.692,13.76,752.56
CO-0584,VE-13,2025-08-07 18:13:30,2025-08-07 18:13:30,41.029,13.76,564.56
CO-0585,VE-27,2025-08-08 15:50:30,2025-08-08 15:50:30,30.654,13.76,421.8
CO-0586,VE-16,2025-08-08 17:11:10,2025-08-08 17:11:10,29.359,13.76,403.98
CO-0587,VE-24,2025-08-08 17:23:00,2025-08-08 17:23:00,39.71,13.76,546.41
CO-0588,VE-23,2025-08-08 17:49:22,2025-08-08 17:49:22,81.557,13.76,1122.22
CO-0589,VE-17,2025-08-08 17:50:23,2025-08-08 17:50:23,68.861,13.76,947.53
CO-0590,VE-15,2025-08-08 18:15:09,2025-08-08 18:15:09,63.375,13.76,872.04
CO-0591,VE-28,2025-08-08 18:17:39,2025-08-08 18:17:39,54.305,13.76,747.24
CO-0592,VE-01,2025-08-08 20:49:29,2025-08-08 20:49:29,117.38,13.76,1615.15
CO-0593,VE-25,2025-08-09 14:57:30,2025-08-09 14:57:30,55.833,13.76,768.26
CO-0594,VE-21,2025-08-09 15:24:42,2025-08-09 15:24:42,86.371,13.76,1188.46
CO-0595,VE-03,2025-08-09 16:12:38,2025-08-09 16:12:38,109.015,13.76,1500.05
CO-0596,VE-13,2025-08-09 16:16:22,2025-08-09 16:16:22,75.75,13.76,1042.32
CO-0597,VE-18,2025-08-09 16:30:21,2025-08-09 16:30:21,67.613,13.76,930.35
CO-0598,VE-27,2025-08-09 17:18:45,2025-08-09 17:18:45,43.193,13.76,594.34
CO-0599,VE-19,2025-08-11 15:35:53,2025-08-11 15:35:53,73.006,13.76,1004.56
CO-0600,VE-27,2025-08-11 16:33:02,2025-08-11 16:33:02,59.162,13.76,814.07
CO-0601,VE-26,2025-08-11 16:38:35,2025-08-11 16:38:35,81.83,13.76,1125.98
CO-0602,VE-28,2025-08-11 16:50:29,2025-08-11 16:50:29,66.43,13.76,914.08
CO-0603,VE-22,2025-08-11 17:14:21,2025-08-11 17:14:21,48.867,13.76,672.41
CO-0604,VE-11,2025-08-11 17:17:06,2025-08-11 17:17:06,77.829,13.76,1070.93
CO-0605,VE-24,2025-08-11 17:17:39,2025-08-11 17:17:39,55.175,13.76,759.21
CO-0606,VE-14,2025-08-11 17:49:57,2025-08-11 17:49:57,72.141,13.76,992.66
CO-0607,VE-23,2025-08-11 18:02:10,2025-08-11 18:02:10,70.899,13.76,975.57
CO-0608,VE-15,2025-08-11 18:06:29,2025-08-11 18:06:29,51.182,13.76,704.26
CO-0609,VE-16,2025-08-11 18:32:39,2025-08-11 18:32:39,55.173,13.76,759.18
CO-0610,,2025-08-12 15:59:44,2025-08-12 15:59:44,63.884,13.21,843.91
CO-0611,,2025-08-12 15:59:44,2025-08-12 15:59:44,63.884,13.21,843.91
CO-0612,VE-27,2025-08-12 16:35:50,2025-08-12 16:35:50,56.546,13.8,780.33
CO-0613,,2025-08-12 16:55:21,2025-08-12 16:55:21,60.513,13.21,799.38
CO-0614,,2025-08-12 16:55:21,2025-08-12 16:55:21,60.513,13.21,799.38
CO-0615,VE-28,2025-08-12 19:16:45,2025-08-12 19:16:45,33.372,13.21,440.84
CO-0616,VE-13,2025-08-12 19:38:03,2025-08-12 19:38:03,80.663,13.21,1065.56
CO-0617,VE-17,2025-08-12 20:06:10,2025-08-12 20:06:10,95.784,13.21,1265.31
CO-0618,VE-11,2025-08-13 15:53:54,2025-08-13 15:53:54,61.959,13.21,818.48
CO-0619,VE-27,2025-08-13 16:00:09,2025-08-13 16:00:09,53.503,13.8,738.34
CO-0620,VE-15,2025-08-13 16:19:03,2025-08-13 16:19:03,53.646,13.21,708.66
CO-0621,VE-16,2025-08-13 16:37:43,2025-08-13 16:37:43,61.721,13.21,815.33
CO-0622,,2025-08-13 17:14:17,2025-08-13 17:14:17,17.511,13.21,231.32
CO-0623,,2025-08-13 17:14:17,2025-08-13 17:14:17,17.511,13.21,231.32
CO-0624,VE-18,2025-08-13 17:46:28,2025-08-13 17:46:28,72.729,13.21,960.75
CO-0625,VE-23,2025-08-13 17:50:44,2025-08-13 17:50:44,62.729,13.21,828.65
CO-0626,VE-28,2025-08-13 18:36:13,2025-08-13 18:36:13,44.853,13.21,592.51
CO-0627,VE-01,2025-08-13 18:42:48,2025-08-13 18:42:48,91.348,13.21,1206.71
CO-0628,VE-24,2025-08-13 19:53:19,2025-08-13 19:53:19,77.146,13.21,1019.1
CO-0629,VE-25,2025-08-14 15:05:59,2025-08-14 15:05:59,76.242,13.21,1007.16
CO-0630,VE-19,2025-08-14 16:34:56,2025-08-14 16:34:56,86.404,13.21,1141.4
CO-0631,VE-28,2025-08-14 17:27:55,2025-08-14 17:27:55,46.014,13.21,607.84
CO-0632,VE-22,2025-08-14 17:33:08,2025-08-14 17:33:08,74.254,13.21,980.9
CO-0633,,2025-08-14 17:33:18,2025-08-14 17:33:18,55.491,13.21,733.04
CO-0634,,2025-08-14 17:33:18,2025-08-14 17:33:18,55.491,13.21,733.04
CO-0635,VE-27,2025-08-14 17:59:25,2025-08-14 17:59:25,36.719,13.21,485.06
CO-0636,VE-21,2025-08-14 18:05:34,2025-08-14 18:05:34,83.129,13.21,1098.13
CO-0637,VE-14,2025-08-14 18:22:06,2025-08-14 18:22:06,59.721,13.21,788.91
CO-0638,VE-03,2025-08-14 21:24:29,2025-08-14 21:24:29,93.447,13.21,1234.43
CO-0639,VE-13,2025-08-15 05:57:26,2025-08-15 05:57:26,67.11,13.21,886.52
CO-0640,VE-11,2025-08-15 15:39:08,2025-08-15 15:39:08,60.53,13.21,799.6
CO-0641,VE-26,2025-08-15 16:08:13,2025-08-15 16:08:13,80.204,13.21,1059.49
CO-0642,VE-28,2025-08-15 16:32:19,2025-08-15 16:32:19,27.223,13.21,359.62
CO-0643,VE-24,2025-08-15 17:29:10,2025-08-15 17:29:10,71.647,13.21,946.46
CO-0644,VE-15,2025-08-15 17:59:48,2025-08-15 17:59:48,52.201,13.21,689.58
CO-0645,VE-23,2025-08-15 18:21:38,2025-08-15 18:21:38,74.002,13.21,977.57
CO-0646,VE-16,2025-08-15 19:08:29,2025-08-15 19:08:29,61.23,13.21,808.85
CO-0647,VE-27,2025-08-16 05:20:39,2025-08-16 05:20:39,44.005,13.8,607.27
CO-0648,VE-13,2025-08-16 11:25:35,2025-08-16 11:25:35,42.861,13.21,566.19
CO-0649,VE-18,2025-08-16 12:36:29,2025-08-16 12:36:29,74.153,13.21,979.56
CO-0650,,2025-08-16 12:38:55,2025-08-16 12:38:55,66.365,13.21,876.68
CO-0651,,2025-08-16 12:38:55,2025-08-16 12:38:55,66.365,13.21,876.68
CO-0652,VE-14,2025-08-16 12:39:14,2025-08-16 12:39:14,47.233,13.21,623.95
CO-0653,VE-27,2025-08-17 03:45:08,2025-08-17 03:45:08,47.004,13.21,620.92
CO-0654,,2025-08-17 11:49:24,2025-08-17 11:49:24,17.892,13.21,236.35
CO-0655,,2025-08-17 11:49:24,2025-08-17 11:49:24,17.892,13.21,236.35
CO-0656,,2025-08-18 14:51:24,2025-08-18 14:51:24,70.854,13.21,935.98
CO-0657,,2025-08-18 14:51:24,2025-08-18 14:51:24,70.854,13.21,935.98
CO-0658,VE-24,2025-08-18 15:32:18,2025-08-18 15:32:18,58.319,13.21,770.39
CO-0659,VE-23,2025-08-18 17:15:45,2025-08-18 17:15:45,74.171,13.8,1023.56
CO-0660,VE-16,2025-08-18 18:35:33,2025-08-18 18:35:33,51.484,13.21,680.1
CO-0661,VE-17,2025-08-18 18:37:30,2025-08-18 18:37:30,69.79,13.21,921.93
CO-0662,VE-12,2025-08-18 20:17:54,2025-08-18 20:17:54,50.675,13.21,669.42
CO-0663,VE-27,2025-08-19 05:27:34,2025-08-19 05:27:34,63.002,13.8,869.43
CO-0664,VE-19,2025-08-19 12:29:42,2025-08-19 12:29:42,82.216,13.21,1086.07
CO-0665,VE-25,2025-08-19 14:20:28,2025-08-19 14:20:28,85.077,13.21,1123.87
CO-0666,VE-03,2025-08-19 15:04:28,2025-08-19 15:04:28,91.932,13.21,1214.42
CO-0667,VE-22,2025-08-19 15:34:17,2025-08-19 15:34:17,66.93,13.21,884.15
CO-0668,,2025-08-19 15:54:54,2025-08-19 15:54:54,59.479,13.21,785.72
CO-0669,,2025-08-19 15:54:54,2025-08-19 15:54:54,59.479,13.21,785.72
CO-0670,VE-11,2025-08-19 15:58:14,2025-08-19 15:58:14,56.462,13.21,745.86
CO-0671,VE-28,2025-08-19 16:19:40,2025-08-19 16:19:40,59.783,13.21,789.73
CO-0672,VE-15,2025-08-19 16:27:01,2025-08-19 16:27:01,64.204,13.21,848.13
CO-0673,VE-01,2025-08-19 17:15:13,2025-08-19 17:15:13,107.612,13.21,1421.55
CO-0674,VE-13,2025-08-19 17:20:52,2025-08-19 17:20:52,77.25,13.21,1020.47
CO-0675,VE-14,2025-08-19 17:40:39,2025-08-19 17:40:39,50.438,13.21,666.29
CO-0676,VE-26,2025-08-19 17:45:16,2025-08-19 17:45:16,65.011,13.21,858.8
CO-0677,VE-27,2025-08-20 06:02:47,2025-08-20 06:02:47,58.674,13.8,809.7
CO-0678,VE-23,2025-08-20 13:34:24,2025-08-20 13:34:24,51.423,13.21,679.3
CO-0679,VE-24,2025-08-20 16:02:15,2025-08-20 16:02:15,65.234,13.21,861.74
CO-0680,VE-18,2025-08-20 17:07:10,2025-08-20 17:07:10,59.794,13.21,789.88
CO-0681,VE-21,2025-08-20 17:10:42,2025-08-20 17:10:42,72.749,13.21,961.01
CO-0682,VE-16,2025-08-20 18:05:51,2025-08-20 18:05:51,64.561,13.21,852.85
CO-0683,VE-27,2025-08-21 05:22:17,2025-08-21 05:22:17,41.01,13.8,565.94
CO-0684,VE-11,2025-08-21 15:02:18,2025-08-21 15:02:18,71.663,13.21,946.67
CO-0685,VE-13,2025-08-21 15:13:34,2025-08-21 15:13:34,75.692,13.21,999.89
CO-0686,VE-19,2025-08-21 15:20:58,2025-08-21 15:20:58,70.538,13.21,931.81
CO-0687,,2025-08-21 15:43:42,2025-08-21 15:43:42,74.362,13.21,982.32
CO-0688,,2025-08-21 15:43:42,2025-08-21 15:43:42,74.362,13.21,982.32
CO-0689,VE-27,2025-08-21 16:23:18,2025-08-21 16:23:18,37.002,13.8,510.63
CO-0690,VE-25,2025-08-21 17:20:33,2025-08-21 17:20:33,68.132,13.21,900.02
CO-0691,VE-28,2025-08-21 18:38:24,2025-08-21 18:38:24,60.566,13.21,800.08
CO-0692,VE-23,2025-08-22 11:54:13,2025-08-22 11:54:13,70.426,13.8,971.88
CO-0693,VE-03,2025-08-22 16:18:09,2025-08-22 16:18:09,77.036,13.21,1017.65
CO-0694,VE-24,2025-08-22 17:00:54,2025-08-22 17:00:54,71.158,13.21,940
CO-0695,,2025-08-22 17:09:00,2025-08-22 17:09:00,70.901,13.21,936.6
CO-0696,,2025-08-22 17:09:00,2025-08-22 17:09:00,70.901,13.21,936.6
CO-0697,VE-22,2025-08-22 17:13:44,2025-08-22 17:13:44,68.103,13.21,899.64
CO-0698,VE-14,2025-08-22 17:23:21,2025-08-22 17:23:21,79.462,13.21,1049.69
CO-0699,VE-16,2025-08-22 17:27:53,2025-08-22 17:27:53,66.457,13.21,877.9
CO-0700,VE-15,2025-08-22 17:29:37,2025-08-22 17:29:37,56.515,13.21,746.56
CO-0701,VE-28,2025-08-22 17:34:41,2025-08-22 17:34:41,31.025,13.21,409.84
CO-0702,VE-17,2025-08-22 18:12:42,2025-08-22 18:12:42,68.212,13.21,901.08
CO-0703,VE-27,2025-08-23 04:15:58,2025-08-23 04:15:58,63.641,13.8,878.25
CO-0704,VE-21,2025-08-23 14:37:27,2025-08-23 14:37:27,55.167,13.21,728.76
CO-0705,VE-01,2025-08-23 14:53:13,2025-08-23 14:53:13,105.337,13.21,1391.5
CO-0706,VE-13,2025-08-23 17:24:45,2025-08-23 17:24:45,73.641,13.21,972.8
CO-0707,VE-11,2025-08-23 17:28:50,2025-08-23 17:28:50,74.057,13.21,978.29
CO-0708,VE-28,2025-08-23 19:10:51,2025-08-23 19:10:51,37.228,13.21,491.78
CO-0709,VE-27,2025-08-25 12:13:19,2025-08-25 12:13:19,71.077,13.8,980.86
CO-0710,VE-23,2025-08-25 13:14:32,2025-08-25 13:14:32,78.472,13.8,1082.91
CO-0711,VE-18,2025-08-25 16:31:30,2025-08-25 16:31:30,70.53,13.21,931.7
CO-0712,VE-24,2025-08-25 16:35:33,2025-08-25 16:35:33,76.25,13.21,1007.26
CO-0713,VE-15,2025-08-25 16:59:28,2025-08-25 16:59:28,41.465,13.21,547.75
CO-0714,VE-25,2025-08-25 17:06:52,2025-08-25 17:06:52,48.824,13.21,644.97
CO-0715,VE-19,2025-08-25 17:25:08,2025-08-25 17:25:08,77.972,13.21,1030.01
CO-0716,VE-11,2025-08-26 15:12:20,2025-08-26 15:12:20,71.674,13.21,946.81
CO-0717,VE-13,2025-08-26 15:22:14,2025-08-26 15:22:14,73.846,13.21,975.51
CO-0718,,2025-08-26 16:16:48,2025-08-26 16:16:48,81.044,13.21,1070.59
CO-0719,,2025-08-26 16:16:48,2025-08-26 16:16:48,81.044,13.21,1070.59
CO-0720,VE-28,2025-08-26 17:24:17,2025-08-26 17:24:17,50.811,13.21,671.21
CO-0721,VE-16,2025-08-26 17:34:41,2025-08-26 17:34:41,84.24,13.21,1112.81
CO-0722,VE-14,2025-08-26 18:29:22,2025-08-26 18:29:22,74.032,13.21,977.96
CO-0723,VE-27,2025-08-27 04:59:03,2025-08-27 04:59:03,60.348,13.8,832.8
CO-0724,VE-17,2025-08-27 13:01:17,2025-08-27 13:01:17,69.656,13.8,961.25
CO-0725,VE-23,2025-08-27 13:31:13,2025-08-27 13:31:13,43.367,13.8,598.46
CO-0726,,2025-08-27 14:21:52,2025-08-27 14:21:52,17.863,13.21,235.97
CO-0727,,2025-08-27 14:21:52,2025-08-27 14:21:52,17.863,13.21,235.97
CO-0728,VE-03,2025-08-27 16:20:06,2025-08-27 16:20:06,98.412,13.21,1300.02
CO-0729,VE-15,2025-08-27 16:39:24,2025-08-27 16:39:24,54.511,13.21,720.09
CO-0730,VE-24,2025-08-27 16:47:14,2025-08-27 16:47:14,73.689,13.21,973.43
CO-0731,,2025-08-27 16:58:53,2025-08-27 16:58:53,58.197,13.21,768.78
CO-0732,,2025-08-27 16:58:53,2025-08-27 16:58:53,58.197,13.21,768.78
CO-0733,VE-25,2025-08-27 17:57:57,2025-08-27 17:57:57,55.831,13.21,737.53
CO-0734,VE-18,2025-08-27 18:14:19,2025-08-27 18:14:19,60,13.21,792.6
CO-0735,VE-22,2025-08-27 18:14:36,2025-08-27 18:14:36,97.194,13.21,1283.93
CO-0736,VE-14,2025-08-28 16:34:07,2025-08-28 16:34:07,47.989,13.21,633.93
CO-0737,VE-21,2025-08-28 17:07:58,2025-08-28 17:07:58,60.796,13.21,803.12
CO-0738,VE-28,2025-08-28 17:08:06,2025-08-28 17:08:06,58.469,13.21,772.38
CO-0739,VE-11,2025-08-28 17:39:37,2025-08-28 17:39:37,79.543,13.21,1050.76
CO-0740,VE-13,2025-08-28 17:53:08,2025-08-28 17:53:08,75.713,13.21,1000.17
CO-0741,VE-01,2025-08-28 18:52:08,2025-08-28 18:52:08,108.068,13.21,1427.58
CO-0742,VE-19,2025-08-29 07:25:19,2025-08-29 07:25:19,91.709,13.21,1211.48
CO-0743,VE-23,2025-08-29 12:11:46,2025-08-29 12:11:46,76.21,13.8,1051.7
CO-0744,VE-17,2025-08-29 16:18:20,2025-08-29 16:18:20,62.505,13.21,825.69
CO-0745,,2025-08-29 16:48:14,2025-08-29 16:48:14,71.796,13.21,948.43
CO-0746,,2025-08-29 16:48:14,2025-08-29 16:48:14,71.796,13.21,948.43
CO-0747,VE-24,2025-08-29 17:04:18,2025-08-29 17:04:18,61.45,13.21,811.75
CO-0748,VE-18,2025-08-29 18:08:05,2025-08-29 18:08:05,55.92,13.21,738.7
CO-0749,VE-16,2025-08-29 19:01:17,2025-08-29 19:01:17,66.001,13.21,871.87
CO-0750,VE-22,2025-08-29 20:22:55,2025-08-29 20:22:55,65.365,13.21,863.47
CO-0751,VE-28,2025-08-30 11:37:49,2025-08-30 11:37:49,49.6,13.21,655.22
CO-0752,VE-25,2025-08-30 12:26:49,2025-08-30 12:26:49,61.937,13.21,818.19
CO-0753,VE-13,2025-08-30 14:52:44,2025-08-30 14:52:44,74.539,13.21,984.66
CO-0754,VE-27,2025-09-01 05:06:54,2025-09-01 05:06:54,60.01,13.8,828.14
CO-0755,,2025-09-01 16:32:43,2025-09-01 16:32:43,59.499,13.21,785.98
CO-0756,,2025-09-01 16:32:43,2025-09-01 16:32:43,59.499,13.21,785.98
CO-0757,VE-24,2025-09-01 17:08:13,2025-09-01 17:08:13,77.497,13.21,1023.74
CO-0758,VE-15,2025-09-01 18:01:24,2025-09-01 18:01:24,83.96,13.21,1109.11
CO-0759,VE-03,2025-09-01 18:09:23,2025-09-01 18:09:23,93.59,13.21,1236.32
CO-0760,VE-14,2025-09-01 18:10:58,2025-09-01 18:10:58,68.525,13.21,905.22
CO-0761,VE-27,2025-09-01 18:29:01,2025-09-01 18:29:01,43.932,13.8,606.26
CO-0762,VE-23,2025-09-02 11:39:59,2025-09-02 11:39:59,74.278,14.02,1041.38
CO-0763,VE-11,2025-09-02 15:32:05,2025-09-02 15:32:05,91.033,13.43,1222.57
CO-0764,VE-19,2025-09-02 16:30:13,2025-09-02 16:30:13,83.186,13.43,1117.19
CO-0765,VE-21,2025-09-02 16:59:20,2025-09-02 16:59:20,67.689,13.43,909.06
CO-0766,VE-28,2025-09-02 17:09:19,2025-09-02 17:09:19,59.071,13.43,793.32
CO-0767,VE-16,2025-09-02 17:44:24,2025-09-02 17:44:24,58.337,13.43,783.47
CO-0768,VE-01,2025-09-02 18:46:42,2025-09-02 18:46:42,95.935,13.43,1288.41
CO-0769,VE-27,2025-09-03 03:49:00,2025-09-03 03:49:00,56,14.02,785.12
CO-0770,VE-24,2025-09-03 15:07:44,2025-09-03 15:07:44,69.461,13.43,932.86
CO-0771,VE-17,2025-09-03 16:28:35,2025-09-03 16:28:35,77.024,13.43,1034.43
CO-0772,VE-22,2025-09-03 16:33:38,2025-09-03 16:33:38,90.986,14.02,1275.62
CO-0773,VE-13,2025-09-03 17:03:27,2025-09-03 17:03:27,67.301,13.43,903.85
CO-0774,VE-18,2025-09-03 17:13:06,2025-09-03 17:13:06,72.529,13.43,974.06
CO-0775,VE-14,2025-09-03 17:45:53,2025-09-03 17:45:53,61.714,13.43,828.82
CO-0776,,2025-09-03 18:44:56,2025-09-03 18:44:56,73.145,13.43,982.34
CO-0777,,2025-09-03 18:44:56,2025-09-03 18:44:56,73.145,13.43,982.34
CO-0778,VE-27,2025-09-03 18:51:10,2025-09-03 18:51:10,38,13.43,510.34
CO-0779,VE-15,2025-09-04 18:06:05,2025-09-04 18:06:05,69.518,13.43,933.63
CO-0780,VE-16,2025-09-04 18:28:54,2025-09-04 18:28:54,63.93,13.43,858.58
CO-0781,VE-27,2025-09-05 05:04:08,2025-09-05 05:04:08,58.453,13.43,785.02
CO-0782,VE-23,2025-09-05 12:12:35,2025-09-05 12:12:35,66.845,14.02,937.17
CO-0783,VE-11,2025-09-05 15:23:21,2025-09-05 15:23:21,72.621,13.43,975.3
CO-0784,VE-24,2025-09-05 15:26:19,2025-09-05 15:26:19,71.232,13.43,956.65
CO-0785,VE-19,2025-09-05 15:50:30,2025-09-05 15:50:30,74.196,13.43,996.45
CO-0786,VE-22,2025-09-05 17:35:47,2025-09-05 17:35:47,65.951,13.43,885.72
CO-0787,VE-03,2025-09-05 17:36:04,2025-09-05 17:36:04,93.091,13.43,1250.21
CO-0788,VE-21,2025-09-05 17:59:33,2025-09-05 17:59:33,61.852,13.43,830.67
CO-0789,VE-14,2025-09-05 18:17:05,2025-09-05 18:17:05,61.475,13.43,825.61
CO-0790,VE-25,2025-09-05 18:18:09,2025-09-05 18:18:09,50.728,13.43,681.28
CO-0791,VE-17,2025-09-05 18:26:58,2025-09-05 18:26:58,81.031,13.43,1088.25
CO-0792,VE-28,2025-09-05 19:08:46,2025-09-05 19:08:46,65.156,13.43,875.05
CO-0793,VE-13,2025-09-06 07:48:37,2025-09-06 07:48:37,64.934,13.43,872.06
CO-0794,VE-27,2025-09-06 12:56:41,2025-09-06 12:56:41,56.004,13.43,752.13
CO-0795,VE-15,2025-09-06 14:04:51,2025-09-06 14:04:51,49.766,13.43,668.36
CO-0796,VE-18,2025-09-06 14:13:36,2025-09-06 14:13:36,74.043,13.43,994.4
CO-0797,VE-01,2025-09-06 16:07:23,2025-09-06 16:07:23,86.349,13.43,1159.67
CO-0798,VE-23,2025-09-06 17:35:42,2025-09-06 17:35:42,49.11,13.43,659.55
CO-0799,VE-12,2025-09-06 17:42:29,2025-09-06 17:42:29,80.299,13.43,1078.42
CO-0800,,2025-09-08 14:46:46,2025-09-08 14:46:46,72.592,13.43,974.91
CO-0801,,2025-09-08 14:46:46,2025-09-08 14:46:46,72.592,13.43,974.91
CO-0802,VE-11,2025-09-08 15:30:41,2025-09-08 15:30:41,57.71,13.43,775.05
CO-0803,VE-28,2025-09-08 16:30:44,2025-09-08 16:30:44,47.542,13.43,638.49
CO-0804,VE-16,2025-09-08 17:59:28,2025-09-08 17:59:28,84.007,13.43,1128.21
CO-0805,VE-14,2025-09-08 18:25:03,2025-09-08 18:25:03,51.905,13.43,697.08
CO-0806,VE-13,2025-09-08 18:34:46,2025-09-08 18:34:46,60.794,13.43,816.46
CO-0807,VE-23,2025-09-09 12:43:37,2025-09-09 12:43:37,53.06,14.14,750.27
CO-0808,VE-24,2025-09-09 12:50:08,2025-09-09 12:50:08,70.118,14.14,991.47
CO-0809,VE-15,2025-09-09 16:29:11,2025-09-09 16:29:11,70.976,13.55,961.72
CO-0810,VE-27,2025-09-09 16:44:38,2025-09-09 16:44:38,58.031,13.55,786.32
CO-0811,VE-19,2025-09-09 17:31:20,2025-09-09 17:31:20,84.116,13.55,1139.77
CO-0812,VE-17,2025-09-09 17:38:58,2025-09-09 17:38:58,74.407,13.55,1008.21
CO-0813,VE-28,2025-09-09 17:45:56,2025-09-09 17:45:56,36.901,13.55,500.01
CO-0814,VE-22,2025-09-10 10:17:00,2025-09-10 10:17:00,88.221,13.55,1195.39
CO-0815,VE-28,2025-09-10 16:36:41,2025-09-10 16:36:41,34.908,13.55,473
CO-0816,VE-18,2025-09-10 16:40:03,2025-09-10 16:40:03,69.12,13.55,936.58
CO-0817,VE-14,2025-09-10 17:07:12,2025-09-10 17:07:12,60.298,13.55,817.04
CO-0818,VE-13,2025-09-10 17:16:51,2025-09-10 17:16:51,73.681,13.55,998.38
CO-0819,VE-25,2025-09-10 17:31:16,2025-09-10 17:31:16,74.184,13.55,1005.19
CO-0820,VE-16,2025-09-10 17:37:27,2025-09-10 17:37:27,69.36,13.55,939.83
CO-0821,,2025-09-10 17:39:10,2025-09-10 17:39:10,57.612,13.55,780.64
CO-0822,,2025-09-10 17:39:10,2025-09-10 17:39:10,57.612,13.55,780.64
CO-0823,VE-21,2025-09-10 17:56:34,2025-09-10 17:56:34,74.134,13.55,1004.52
CO-0824,VE-11,2025-09-10 18:22:24,2025-09-10 18:22:24,69.567,13.55,942.63
CO-0825,VE-03,2025-09-10 19:15:07,2025-09-10 19:15:07,100.487,13.55,1361.6
CO-0826,VE-23,2025-09-11 12:25:20,2025-09-11 12:25:20,73.026,14.14,1032.59
CO-0827,VE-24,2025-09-11 15:57:44,2025-09-11 15:57:44,85.336,13.55,1156.3
CO-0828,VE-15,2025-09-11 16:47:42,2025-09-11 16:47:42,58.049,13.55,786.56
CO-0829,VE-27,2025-09-11 17:02:32,2025-09-11 17:02:32,54.585,13.55,739.63
CO-0830,VE-01,2025-09-11 17:55:26,2025-09-11 17:55:26,112.692,13.55,1526.98
CO-0831,VE-17,2025-09-11 18:09:25,2025-09-11 18:09:25,71.687,13.55,971.36
CO-0832,VE-13,2025-09-12 18:03:14,2025-09-12 18:03:14,64.199,13.55,869.9
CO-0833,VE-11,2025-09-12 19:17:04,2025-09-12 19:17:04,48.195,13.55,653.04
CO-0834,VE-16,2025-09-12 19:28:13,2025-09-12 19:28:13,66.421,13.55,900
CO-0835,VE-19,2025-09-13 07:46:45,2025-09-13 07:46:45,86.512,13.55,1172.24
CO-0836,VE-23,2025-09-13 09:49:29,2025-09-13 09:49:29,68.503,14.14,968.63
CO-0837,VE-27,2025-09-13 11:49:14,2025-09-13 11:49:14,48.833,13.55,661.69
CO-0838,VE-14,2025-09-13 12:38:20,2025-09-13 12:38:20,65.898,13.55,892.92
CO-0839,VE-17,2025-09-13 12:54:58,2025-09-13 12:54:58,57.408,13.55,777.88
CO-0840,VE-18,2025-09-13 13:56:31,2025-09-13 13:56:31,72.753,13.55,985.8
CO-0841,VE-15,2025-09-13 14:02:34,2025-09-13 14:02:34,54.218,13.55,734.65
CO-0842,VE-22,2025-09-13 15:41:19,2025-09-13 15:41:19,88.513,13.55,1199.35
CO-0843,VE-24,2025-09-13 15:59:53,2025-09-13 15:59:53,70.462,13.55,954.76
CO-0844,VE-21,2025-09-13 19:19:32,2025-09-13 19:19:32,60,13.55,813
CO-0845,,2025-09-15 16:40:14,2025-09-15 16:40:14,61.35,13.55,831.29
CO-0846,,2025-09-15 16:40:14,2025-09-15 16:40:14,61.35,13.55,831.29
CO-0847,VE-24,2025-09-15 17:05:26,2025-09-15 17:05:26,39.715,13.55,538.14
CO-0848,VE-28,2025-09-15 17:34:34,2025-09-15 17:34:34,50.793,13.55,688.25
CO-0849,VE-13,2025-09-15 18:49:44,2025-09-15 18:49:44,53.65,13.55,726.96
CO-0850,VE-27,2025-09-16 13:42:04,2025-09-16 13:42:04,62.595,14.03,878.21
CO-0851,VE-11,2025-09-16 15:25:10,2025-09-16 15:25:10,91.502,13.44,1229.79
CO-0852,VE-15,2025-09-16 17:06:40,2025-09-16 17:06:40,67.154,13.44,902.55
CO-0853,VE-17,2025-09-16 17:31:32,2025-09-16 17:31:32,77.347,13.44,1039.54
CO-0854,VE-25,2025-09-16 18:18:57,2025-09-16 18:18:57,79.671,13.44,1070.78
CO-0855,VE-14,2025-09-16 18:26:37,2025-09-16 18:26:37,63.631,13.44,855.2
CO-0856,VE-03,2025-09-16 18:37:29,2025-09-16 18:37:29,109.34,13.44,1469.53
CO-0857,VE-19,2025-09-16 19:03:55,2025-09-16 19:03:55,72.531,13.44,974.82
CO-0858,,2025-09-17 08:08:01,2025-09-17 08:08:01,16.458,13.44,221.2
CO-0859,,2025-09-17 08:08:01,2025-09-17 08:08:01,16.458,13.44,221.2
CO-0860,VE-23,2025-09-17 11:32:20,2025-09-17 11:32:20,67.003,14.03,940.05
CO-0861,VE-22,2025-09-17 16:06:50,2025-09-17 16:06:50,76.455,13.44,1027.56
CO-0862,VE-21,2025-09-17 16:07:00,2025-09-17 16:07:00,59.005,13.44,793.03
CO-0863,VE-18,2025-09-17 16:30:23,2025-09-17 16:30:23,74.549,13.44,1001.94
CO-0864,,2025-09-17 17:02:41,2025-09-17 17:02:41,47.441,13.44,637.61
CO-0865,,2025-09-17 17:02:41,2025-09-17 17:02:41,47.441,13.44,637.61
CO-0866,VE-28,2025-09-17 17:08:39,2025-09-17 17:08:39,46.048,13.44,618.89
CO-0867,VE-16,2025-09-17 17:58:17,2025-09-17 17:58:17,68.417,13.44,919.52
CO-0868,VE-01,2025-09-17 18:02:54,2025-09-17 18:02:54,86.056,13.44,1156.59
CO-0869,VE-24,2025-09-17 18:08:03,2025-09-17 18:08:03,58.357,13.44,784.32
CO-0870,VE-27,2025-09-18 16:14:59,2025-09-18 16:14:59,67.5,13.44,907.2
CO-0871,VE-15,2025-09-18 17:24:17,2025-09-18 17:24:17,54.537,13.44,732.98
CO-0872,VE-28,2025-09-18 17:43:43,2025-09-18 17:43:43,45.108,13.44,606.25
CO-0873,VE-14,2025-09-18 17:49:47,2025-09-18 17:49:47,65.169,13.44,875.87
CO-0874,VE-11,2025-09-18 17:59:53,2025-09-18 17:59:53,72.444,13.44,973.65
CO-0875,VE-25,2025-09-19 11:48:09,2025-09-19 11:48:09,66.617,13.44,895.33
CO-0876,VE-23,2025-09-19 15:36:45,2025-09-19 15:36:45,51.019,14.03,715.8
CO-0877,VE-24,2025-09-19 17:13:43,2025-09-19 17:13:43,72.599,13.44,975.73
CO-0878,,2025-09-19 17:30:57,2025-09-19 17:30:57,82.667,13.44,1111.04
CO-0879,,2025-09-19 17:30:57,2025-09-19 17:30:57,82.667,13.44,1111.04
CO-0880,VE-16,2025-09-19 17:31:16,2025-09-19 17:31:16,69.205,13.44,930.12
CO-0881,VE-28,2025-09-19 18:36:22,2025-09-19 18:36:22,40.496,13.44,544.27
CO-0882,VE-13,2025-09-20 07:01:55,2025-09-20 07:01:55,73.73,13.44,990.93
CO-0883,VE-22,2025-09-20 13:42:35,2025-09-20 13:42:35,66.857,13.44,898.56
CO-0884,VE-27,2025-09-20 14:10:58,2025-09-20 14:10:58,61.873,14.03,868.08
CO-0885,VE-03,2025-09-20 14:24:44,2025-09-20 14:24:44,102.974,13.44,1383.97
CO-0886,VE-18,2025-09-20 14:31:24,2025-09-20 14:31:24,56.47,13.44,758.96
CO-0887,VE-11,2025-09-20 14:41:09,2025-09-20 14:41:09,56.576,13.44,760.38
CO-0888,VE-15,2025-09-20 14:44:27,2025-09-20 14:44:27,56.741,13.44,762.6
CO-0889,VE-21,2025-09-20 15:34:48,2025-09-20 15:34:48,61.163,13.44,822.03
CO-0890,VE-14,2025-09-20 15:41:33,2025-09-20 15:41:33,52.422,13.44,704.55
CO-0891,VE-25,2025-09-20 16:09:34,2025-09-20 16:09:34,38.493,13.44,517.35
CO-0892,VE-19,2025-09-20 16:25:50,2025-09-20 16:25:50,77.34,13.44,1039.45
CO-0893,,2025-09-22 09:41:31,2025-09-22 09:41:31,17.421,13.44,234.14
CO-0894,,2025-09-22 09:41:31,2025-09-22 09:41:31,17.421,13.44,234.14
CO-0895,,2025-09-22 16:35:54,2025-09-22 16:35:54,52.461,13.44,705.08
CO-0896,,2025-09-22 16:35:54,2025-09-22 16:35:54,52.461,13.44,705.08
CO-0897,VE-27,2025-09-22 18:01:05,2025-09-22 18:01:05,64.007,14.03,898.02
CO-0898,VE-01,2025-09-22 18:51:27,2025-09-22 18:51:27,101.488,13.44,1364
CO-0899,VE-14,2025-09-22 18:51:41,2025-09-22 18:51:41,49.229,13.44,661.64
CO-0900,VE-11,2025-09-23 08:37:48,2025-09-23 08:37:48,41.726,13.21,551.2
CO-0901,VE-13,2025-09-23 09:12:54,2025-09-23 09:12:54,60.526,13.21,799.55
CO-0902,VE-15,2025-09-23 16:31:56,2025-09-23 16:31:56,43.925,13.21,580.25
CO-0903,VE-25,2025-09-23 16:42:40,2025-09-23 16:42:40,54.696,13.21,722.53
CO-0904,VE-16,2025-09-23 16:51:58,2025-09-23 16:51:58,65.268,13.21,862.19
CO-0905,,2025-09-23 18:28:17,2025-09-23 18:28:17,40.245,13.21,531.64
CO-0906,,2025-09-23 18:28:17,2025-09-23 18:28:17,40.245,13.21,531.64
CO-0907,,2025-09-23 18:35:12,2025-09-23 18:35:12,33.493,13.21,442.44
CO-0908,,2025-09-23 18:35:12,2025-09-23 18:35:12,33.493,13.21,442.44
CO-0909,VE-24,2025-09-24 15:54:54,2025-09-24 15:54:54,69.132,13.21,913.23
CO-0910,VE-13,2025-09-24 17:06:06,2025-09-24 17:06:06,48.782,13.21,644.41
CO-0911,VE-22,2025-09-24 17:41:40,2025-09-24 17:41:40,75.328,13.21,995.08
CO-0912,VE-27,2025-09-24 17:59:46,2025-09-24 17:59:46,70,13.8,966
CO-0913,VE-18,2025-09-24 18:14:21,2025-09-24 18:14:21,79.588,13.21,1051.36
CO-0914,VE-19,2025-09-25 07:19:44,2025-09-25 07:19:44,85.538,13.21,1129.96
CO-0915,,2025-09-25 16:13:43,2025-09-25 16:13:43,76.075,13.21,1004.95
CO-0916,,2025-09-25 16:13:43,2025-09-25 16:13:43,76.075,13.21,1004.95
CO-0917,VE-14,2025-09-25 17:01:26,2025-09-25 17:01:26,69.544,13.21,918.68
CO-0918,VE-15,2025-09-25 17:10:30,2025-09-25 17:10:30,58.522,13.21,773.08
CO-0919,VE-03,2025-09-25 17:41:21,2025-09-25 17:41:21,88.51,13.21,1169.22
CO-0920,VE-21,2025-09-25 17:51:06,2025-09-25 17:51:06,80.283,13.21,1060.54
CO-0921,VE-16,2025-09-25 18:11:36,2025-09-25 18:11:36,69.83,13.21,922.45
CO-0922,VE-11,2025-09-26 06:45:39,2025-09-26 06:45:39,71.743,13.21,947.73
CO-0923,VE-23,2025-09-26 09:39:11,2025-09-26 09:39:11,56.068,13.21,740.66
CO-0924,VE-25,2025-09-26 12:58:16,2025-09-26 12:58:16,75.876,13.21,1002.32
CO-0925,VE-24,2025-09-26 16:54:46,2025-09-26 16:54:46,73.842,13.21,975.45
CO-0926,VE-27,2025-09-26 18:12:48,2025-09-26 18:12:48,67.843,13.8,936.23
CO-0927,,2025-09-26 18:16:25,2025-09-26 18:16:25,70.563,13.21,932.14
CO-0928,,2025-09-26 18:16:25,2025-09-26 18:16:25,70.563,13.21,932.14
CO-0929,VE-13,2025-09-26 19:06:10,2025-09-26 19:06:10,73.768,13.21,974.48
CO-0930,VE-16,2025-09-27 13:24:21,2025-09-27 13:24:21,56.677,13.21,748.7
CO-0931,VE-01,2025-09-27 13:38:37,2025-09-27 13:38:37,113.021,13.21,1493.01
CO-0932,VE-15,2025-09-27 14:24:05,2025-09-27 14:24:05,49.882,13.21,658.94
CO-0933,VE-18,2025-09-27 14:36:28,2025-09-27 14:36:28,80.211,13.21,1059.59
CO-0934,VE-22,2025-09-27 17:17:03,2025-09-27 17:17:03,84.451,13.21,1115.6
CO-0935,VE-23,2025-09-29 14:53:13,2025-09-29 14:53:13,66.311,13.8,915.09
CO-0936,,2025-09-29 17:22:34,2025-09-29 17:22:34,60.958,13.21,805.26
CO-0937,,2025-09-29 17:22:34,2025-09-29 17:22:34,60.958,13.21,805.26
CO-0938,VE-24,2025-09-29 17:39:59,2025-09-29 17:39:59,60.248,13.21,795.88
CO-0939,VE-03,2025-09-29 17:41:07,2025-09-29 17:41:07,98.457,13.21,1300.62
CO-0940,VE-14,2025-09-29 17:52:16,2025-09-29 17:52:16,74.801,13.21,988.12
CO-0941,VE-17,2025-09-29 17:58:25,2025-09-29 17:58:25,94.463,13.21,1247.86
CO-0942,VE-27,2025-09-29 18:06:28,2025-09-29 18:06:28,71.001,13.8,979.81
CO-0943,VE-25,2025-09-29 20:27:38,2025-09-29 20:27:38,68.256,13.21,901.66
CO-0944,VE-16,2025-09-30 17:14:14,2025-09-30 17:14:14,67.862,13.34,905.28
CO-0945,VE-21,2025-09-30 17:34:42,2025-09-30 17:34:42,90.348,13.34,1205.24
CO-0946,VE-13,2025-09-30 18:27:46,2025-09-30 18:27:46,53.875,13.34,718.69
CO-0947,VE-15,2025-09-30 18:33:22,2025-09-30 18:33:22,49.926,13.34,666.01
CO-0948,VE-19,2025-10-01 15:58:15,2025-10-01 15:58:15,80.329,13.34,1071.59
CO-0949,VE-17,2025-10-01 16:27:59,2025-10-01 16:27:59,65.026,13.34,867.45
CO-0950,VE-11,2025-10-01 17:35:12,2025-10-01 17:35:12,73.41,13.34,979.29
CO-0951,VE-24,2025-10-01 17:47:24,2025-10-01 17:47:24,67.923,13.34,906.09
CO-0952,VE-18,2025-10-01 18:01:41,2025-10-01 18:01:41,72.807,13.34,971.25
CO-0953,VE-25,2025-10-01 18:38:33,2025-10-01 18:38:33,65.387,13.34,872.26
CO-0954,VE-22,2025-10-01 19:01:05,2025-10-01 19:01:05,76.807,13.34,1024.61
CO-0955,VE-28,2025-10-02 13:58:58,2025-10-02 13:58:58,61.682,13.34,822.84
CO-0956,VE-03,2025-10-02 16:16:00,2025-10-02 16:16:00,86.185,13.34,1149.71
CO-0957,VE-14,2025-10-02 16:44:45,2025-10-02 16:44:45,79.942,13.34,1066.43
CO-0958,VE-15,2025-10-02 16:53:48,2025-10-02 16:53:48,60.625,13.34,808.74
CO-0959,VE-27,2025-10-02 18:32:45,2025-10-02 18:32:45,52.501,13.93,731.34
CO-0960,VE-23,2025-10-03 12:25:18,2025-10-03 12:25:18,49.321,13.93,687.04
CO-0961,VE-13,2025-10-03 16:21:25,2025-10-03 16:21:25,57.602,13.34,768.41
CO-0962,VE-19,2025-10-03 16:27:17,2025-10-03 16:27:17,51.821,13.34,691.29
CO-0963,VE-28,2025-10-03 17:19:04,2025-10-03 17:19:04,58.57,13.34,781.32
CO-0964,VE-21,2025-10-04 13:25:46,2025-10-04 13:25:46,67.739,13.34,903.64
CO-0965,VE-22,2025-10-04 13:35:28,2025-10-04 13:35:28,66.789,13.34,890.97
CO-0966,VE-28,2025-10-04 13:42:24,2025-10-04 13:42:24,28.89,13.34,385.39
CO-0967,VE-25,2025-10-04 13:43:39,2025-10-04 13:43:39,64.706,13.34,863.18
CO-0968,VE-15,2025-10-04 13:45:50,2025-10-04 13:45:50,41.196,13.34,549.55
CO-0969,VE-11,2025-10-06 14:47:38,2025-10-06 14:47:38,75.857,13.34,1011.93
CO-0970,VE-14,2025-10-06 16:56:27,2025-10-06 16:56:27,67.514,13.34,900.64
CO-0971,VE-18,2025-10-06 17:17:42,2025-10-06 17:17:42,88.021,13.34,1174.2
CO-0972,,2025-10-06 17:33:21,2025-10-06 17:33:21,79.206,13.34,1056.61
CO-0973,,2025-10-06 17:33:21,2025-10-06 17:33:21,79.206,13.34,1056.61
CO-0974,VE-01,2025-10-06 19:12:42,2025-10-06 19:12:42,122.873,13.34,1639.13
CO-0975,VE-26,2025-10-07 07:28:00,2025-10-07 07:28:00,69.025,13.1,904.23
CO-0976,VE-23,2025-10-07 12:27:03,2025-10-07 12:27:03,51.532,13.69,705.47
CO-0977,VE-17,2025-10-07 13:16:24,2025-10-07 13:16:24,75.512,13.69,1033.76
CO-0978,VE-16,2025-10-07 16:42:53,2025-10-07 16:42:53,84.672,13.1,1109.2
CO-0979,VE-28,2025-10-07 17:17:54,2025-10-07 17:17:54,42.727,13.1,559.72
CO-0980,VE-27,2025-10-07 17:28:17,2025-10-07 17:28:17,62.223,13.69,851.83
CO-0981,VE-15,2025-10-07 18:44:20,2025-10-07 18:44:20,54.536,13.1,714.42
CO-0982,VE-11,2025-10-07 19:40:26,2025-10-07 19:40:26,54.751,13.1,717.24
CO-0983,VE-19,2025-10-07 23:42:43,2025-10-07 23:42:43,66.414,13.1,870.02
CO-0984,VE-24,2025-10-08 09:09:32,2025-10-08 09:09:32,64.507,13.1,845.04
CO-0985,VE-13,2025-10-09 06:15:51,2025-10-09 06:15:51,76.3,13.1,999.53
CO-0986,VE-27,2025-10-09 16:39:33,2025-10-09 16:39:33,62.205,13.69,851.59
CO-0987,VE-25,2025-10-09 16:43:27,2025-10-09 16:43:27,56.509,13.1,740.27
CO-0988,VE-22,2025-10-09 17:35:12,2025-10-09 17:35:12,77.905,13.1,1020.56
CO-0989,VE-14,2025-10-09 18:42:16,2025-10-09 18:42:16,69.828,13.1,914.75
CO-0990,VE-28,2025-10-09 19:15:21,2025-10-09 19:15:21,45.933,13.1,601.72
CO-0991,VE-23,2025-10-10 14:51:42,2025-10-10 14:51:42,58.258,13.69,797.55
CO-0992,VE-03,2025-10-10 15:42:40,2025-10-10 15:42:40,108.349,13.69,1483.3
CO-0993,VE-15,2025-10-10 16:37:20,2025-10-10 16:37:20,61.243,13.1,802.28
CO-0994,VE-28,2025-10-10 16:42:01,2025-10-10 16:42:01,39.146,13.1,512.81
CO-0995,VE-11,2025-10-10 16:43:34,2025-10-10 16:43:34,59.223,13.1,775.82
CO-0996,VE-16,2025-10-10 17:05:10,2025-10-10 17:05:10,70.752,13.1,926.85
CO-0997,VE-24,2025-10-10 17:14:20,2025-10-10 17:14:20,73.232,13.1,959.34
CO-0998,VE-13,2025-10-10 17:47:15,2025-10-10 17:47:15,78.233,13.1,1024.85
CO-0999,VE-18,2025-10-10 18:52:38,2025-10-10 18:52:38,79.067,13.1,1035.78
CO-1000,VE-21,2025-10-10 19:07:46,2025-10-10 19:07:46,81.142,13.1,1062.96
CO-1001,VE-19,2025-10-10 19:13:46,2025-10-10 19:13:46,84.891,13.1,1112.07
CO-1002,,2025-10-10 19:20:43,2025-10-10 19:20:43,69.339,13.1,908.34
CO-1003,,2025-10-10 19:20:43,2025-10-10 19:20:43,69.339,13.1,908.34
CO-1004,VE-17,2025-10-11 09:01:41,2025-10-11 09:01:41,95.795,13.1,1254.91
CO-1005,VE-26,2025-10-11 11:06:53,2025-10-11 11:06:53,81.402,13.1,1066.37
CO-1006,VE-25,2025-10-11 13:05:15,2025-10-11 13:05:15,40.6,13.1,531.86
CO-1007,,2025-10-12 11:12:48,2025-10-12 11:12:48,15.829,13.69,216.7
CO-1008,,2025-10-12 11:12:48,2025-10-12 11:12:48,15.829,13.69,216.7
CO-1009,VE-13,2025-10-13 16:09:05,2025-10-13 16:09:05,52.974,13.1,693.96
CO-1010,VE-28,2025-10-13 16:22:42,2025-10-13 16:22:42,68.117,13.1,892.33
CO-1011,VE-12,2025-10-13 17:06:37,2025-10-13 17:06:37,50.914,13.1,666.97
CO-1012,VE-01,2025-10-13 17:34:04,2025-10-13 17:34:04,121.656,13.1,1593.69
CO-1013,VE-15,2025-10-13 17:39:59,2025-10-13 17:39:59,58.654,13.1,768.37
CO-1014,VE-27,2025-10-13 17:55:40,2025-10-13 17:55:40,72.71,13.69,995.4
CO-1015,VE-22,2025-10-13 18:14:55,2025-10-13 18:14:55,76.806,13.1,1006.16
CO-1016,VE-23,2025-10-13 19:18:46,2025-10-13 19:18:46,42.632,13.1,558.48
CO-1017,VE-19,2025-10-14 09:27:59,2025-10-14 09:27:59,86.005,12.79,1100
CO-1018,VE-11,2025-10-14 15:32:34,2025-10-14 15:32:34,80.945,12.79,1035.29
CO-1019,VE-17,2025-10-14 16:42:04,2025-10-14 16:42:04,65.872,12.79,842.5
CO-1020,VE-16,2025-10-14 16:55:25,2025-10-14 16:55:25,76.615,12.79,979.91
CO-1021,VE-18,2025-10-15 12:26:46,2025-10-15 12:26:46,85.4,12.79,1092.27
CO-1022,VE-25,2025-10-15 15:10:16,2025-10-15 15:10:16,45.852,12.79,586.45
CO-1023,VE-13,2025-10-15 15:17:02,2025-10-15 15:17:02,75.664,12.79,967.74
CO-1024,VE-15,2025-10-15 16:20:58,2025-10-15 16:20:58,53.128,12.79,679.51
CO-1025,VE-03,2025-10-15 16:59:15,2025-10-15 16:59:15,92.034,12.79,1177.11
CO-1026,VE-21,2025-10-15 17:09:12,2025-10-15 17:09:12,58.875,12.79,753.01
CO-1027,VE-27,2025-10-15 17:20:21,2025-10-15 17:20:21,67.586,13.38,904.3
CO-1028,VE-23,2025-10-15 17:36:54,2025-10-15 17:36:54,66.964,12.79,856.47
CO-1029,,2025-10-15 17:54:07,2025-10-15 17:54:07,65.385,12.79,836.27
CO-1030,,2025-10-15 17:54:07,2025-10-15 17:54:07,65.385,12.79,836.27
CO-1031,VE-14,2025-10-15 18:44:17,2025-10-15 18:44:17,74.2,12.79,949.02
CO-1032,VE-19,2025-10-16 15:42:34,2025-10-16 15:42:34,74.265,12.79,949.85
CO-1033,VE-11,2025-10-16 16:30:16,2025-10-16 16:30:16,63.079,12.79,806.78
CO-1034,VE-17,2025-10-16 18:06:32,2025-10-16 18:06:32,62.016,12.79,793.18
CO-1035,VE-16,2025-10-16 18:39:16,2025-10-16 18:39:16,66.527,12.79,850.88
CO-1036,VE-26,2025-10-16 19:18:49,2025-10-16 19:18:49,72.471,12.79,926.9
CO-1037,VE-22,2025-10-16 20:16:34,2025-10-16 20:16:34,81.093,12.79,1037.18
CO-1038,VE-27,2025-10-17 05:12:31,2025-10-17 05:12:31,49.256,13.38,659.05
CO-1039,,2025-10-17 12:54:07,2025-10-17 12:54:07,17.686,12.79,226.2
CO-1040,,2025-10-17 12:54:07,2025-10-17 12:54:07,17.686,12.79,226.2
CO-1041,VE-14,2025-10-17 16:53:51,2025-10-17 16:53:51,55.687,12.79,712.24
CO-1042,VE-13,2025-10-17 18:22:33,2025-10-17 18:22:33,67.937,12.79,868.91
CO-1043,VE-15,2025-10-17 18:40:04,2025-10-17 18:40:04,73.221,12.79,936.5
CO-1044,VE-01,2025-10-17 18:40:31,2025-10-17 18:40:31,115.53,12.79,1477.63
CO-1045,VE-17,2025-10-18 15:54:26,2025-10-18 15:54:26,56.574,12.79,723.58
CO-1046,VE-25,2025-10-18 15:54:53,2025-10-18 15:54:53,59.887,12.79,765.95
CO-1047,VE-24,2025-10-18 16:29:51,2025-10-18 16:29:51,58.852,12.79,752.72
CO-1048,VE-11,2025-10-18 16:43:50,2025-10-18 16:43:50,61.742,12.79,789.68
CO-1049,VE-21,2025-10-18 17:34:51,2025-10-18 17:34:51,75.192,12.79,961.71
CO-1050,,2025-10-18 18:03:55,2025-10-18 18:03:55,68.385,12.79,874.64
CO-1051,,2025-10-18 18:03:55,2025-10-18 18:03:55,68.385,12.79,874.64
CO-1052,VE-26,2025-10-18 18:48:45,2025-10-18 18:48:45,70.92,12.79,907.07
CO-1053,VE-28,2025-10-20 10:07:48,2025-10-20 10:07:48,55.905,13.69,765.34
CO-1054,,2025-10-20 13:12:42,2025-10-20 13:12:42,80.949,13.1,1060.43
CO-1055,,2025-10-20 13:12:42,2025-10-20 13:12:42,80.949,13.1,1060.43
CO-1056,VE-16,2025-10-20 16:20:20,2025-10-20 16:20:20,63.707,13.1,834.56
CO-1057,VE-14,2025-10-20 16:47:00,2025-10-20 16:47:00,50.829,13.1,665.86
CO-1058,VE-19,2025-10-20 17:02:13,2025-10-20 17:02:13,91.598,13.1,1199.93
CO-1059,VE-22,2025-10-20 17:11:27,2025-10-20 17:11:27,78.156,13.1,1023.84
CO-1060,VE-13,2025-10-20 17:55:32,2025-10-20 17:55:32,75.346,13.1,987.03
CO-1061,VE-24,2025-10-20 17:59:21,2025-10-20 17:59:21,38.217,13.1,500.64
CO-1062,VE-20,2025-10-20 18:22:36,2025-10-20 18:22:36,76.935,13.1,1007.85
CO-1063,VE-03,2025-10-20 18:30:31,2025-10-20 18:30:31,102.516,13.1,1342.96
CO-1064,VE-25,2025-10-21 16:19:44,2025-10-21 16:19:44,51.071,13.1,669.03
CO-1065,VE-11,2025-10-21 16:56:37,2025-10-21 16:56:37,59.141,13.1,774.75
CO-1066,VE-28,2025-10-21 18:36:03,2025-10-21 18:36:03,55.006,13.69,753.03
CO-1067,VE-13,2025-10-22 13:55:34,2025-10-22 13:55:34,49.697,13.1,651.03
CO-1068,VE-14,2025-10-22 16:00:39,2025-10-22 16:00:39,68.724,13.1,900.28
CO-1069,VE-17,2025-10-22 16:00:45,2025-10-22 16:00:45,54.201,13.1,710.03
CO-1070,VE-16,2025-10-22 17:34:09,2025-10-22 17:34:09,69.077,13.1,904.91
CO-1071,VE-18,2025-10-22 17:43:39,2025-10-22 17:43:39,96.768,13.1,1267.66
CO-1072,VE-24,2025-10-22 17:50:06,2025-10-22 17:50:06,78.835,13.1,1032.74
CO-1073,,2025-10-22 17:56:52,2025-10-22 17:56:52,34.74,13.1,455.09
CO-1074,,2025-10-22 17:56:52,2025-10-22 17:56:52,34.74,13.1,455.09
CO-1075,,2025-10-22 18:39:54,2025-10-22 18:39:54,29.453,13.1,385.83
CO-1076,,2025-10-22 18:39:54,2025-10-22 18:39:54,29.453,13.1,385.83
CO-1077,VE-26,2025-10-22 19:56:05,2025-10-22 19:56:05,60.003,13.1,786.04
CO-1078,VE-22,2025-10-23 13:14:14,2025-10-23 13:14:14,65.395,13.1,856.67
CO-1079,VE-21,2025-10-23 13:53:35,2025-10-23 13:53:35,67.802,13.1,888.21
CO-1080,VE-11,2025-10-23 16:46:41,2025-10-23 16:46:41,72.895,13.1,954.92
CO-1081,VE-23,2025-10-23 17:05:38,2025-10-23 17:05:38,73.316,13.1,960.44
CO-1082,VE-28,2025-10-23 17:11:13,2025-10-23 17:11:13,59.017,13.69,807.94
CO-1083,,2025-10-23 17:59:58,2025-10-23 17:59:58,60.759,13.1,795.94
CO-1084,,2025-10-23 17:59:58,2025-10-23 17:59:58,60.759,13.1,795.94
CO-1085,VE-01,2025-10-23 18:32:12,2025-10-23 18:32:12,102.483,13.1,1342.53
CO-1086,VE-03,2025-10-24 14:08:54,2025-10-24 14:08:54,93.326,13.1,1222.57
CO-1087,VE-13,2025-10-24 14:11:29,2025-10-24 14:11:29,66.665,13.1,873.31
CO-1088,VE-24,2025-10-24 14:14:54,2025-10-24 14:14:54,61.238,13.1,802.22
CO-1089,VE-25,2025-10-24 16:19:37,2025-10-24 16:19:37,58.385,13.1,764.84
CO-1090,VE-19,2025-10-24 16:41:54,2025-10-24 16:41:54,93.001,13.1,1218.31
CO-1091,VE-16,2025-10-24 18:16:23,2025-10-24 18:16:23,63.054,13.1,826.01
CO-1092,VE-26,2025-10-25 12:27:56,2025-10-25 12:27:56,82.184,13.1,1076.61
CO-1093,VE-14,2025-10-25 13:28:27,2025-10-25 13:28:27,58.882,13.1,771.35
CO-1094,,2025-10-25 13:38:36,2025-10-25 13:38:36,52.152,13.1,683.19
CO-1095,,2025-10-25 13:38:36,2025-10-25 13:38:36,52.152,13.1,683.19
CO-1096,VE-17,2025-10-25 14:24:39,2025-10-25 14:24:39,63.169,13.1,827.51
CO-1097,VE-27,2025-10-27 05:23:20,2025-10-27 05:23:20,53.145,13.69,727.56
CO-1098,VE-23,2025-10-27 15:11:36,2025-10-27 15:11:36,51.615,13.69,706.61
CO-1099,VE-28,2025-10-27 16:16:56,2025-10-27 16:16:56,45.548,13.1,596.68
CO-1100,VE-18,2025-10-27 16:17:13,2025-10-27 16:17:13,68.559,13.1,898.12
CO-1101,,2025-10-27 16:34:53,2025-10-27 16:34:53,38.557,13.1,505.1
CO-1102,,2025-10-27 16:34:53,2025-10-27 16:34:53,38.557,13.1,505.1
CO-1103,VE-22,2025-10-27 17:08:51,2025-10-27 17:08:51,63.818,13.1,836.02
CO-1104,VE-25,2025-10-27 18:09:47,2025-10-27 18:09:47,44.078,13.1,577.42
CO-1105,VE-19,2025-10-27 18:16:35,2025-10-27 18:16:35,70.998,13.1,930.07
CO-1106,VE-11,2025-10-28 12:59:03,2025-10-28 12:59:03,64.406,12.96,834.7
CO-1107,VE-16,2025-10-28 13:11:36,2025-10-28 13:11:36,65.803,12.96,852.81
CO-1108,VE-21,2025-10-28 16:38:47,2025-10-28 16:38:47,67.355,12.96,872.92
CO-1109,VE-27,2025-10-28 18:06:24,2025-10-28 18:06:24,69.973,13.55,948.13
CO-1110,VE-23,2025-10-29 14:04:37,2025-10-29 14:04:37,75.006,13.55,1016.33
CO-1111,VE-14,2025-10-29 15:47:11,2025-10-29 15:47:11,72.399,12.96,938.29
CO-1112,,2025-10-29 16:39:08,2025-10-29 16:39:08,53.92,12.96,698.8
CO-1113,,2025-10-29 16:39:08,2025-10-29 16:39:08,53.92,12.96,698.8
CO-1114,VE-19,2025-10-30 15:54:02,2025-10-30 15:54:02,77.342,12.96,1002.35
CO-1115,VE-28,2025-10-30 16:26:07,2025-10-30 16:26:07,60.138,12.96,779.39
CO-1116,VE-03,2025-10-30 16:59:45,2025-10-30 16:59:45,95.517,12.96,1237.9
CO-1117,VE-25,2025-10-30 17:26:01,2025-10-30 17:26:01,45.029,12.96,583.58
CO-1118,VE-27,2025-10-30 17:54:14,2025-10-30 17:54:14,69.009,13.55,935.07
CO-1119,VE-01,2025-10-30 18:14:56,2025-10-30 18:14:56,97.335,12.96,1261.46
CO-1120,VE-17,2025-10-30 18:32:36,2025-10-30 18:32:36,82.142,12.96,1064.56
CO-1121,VE-26,2025-10-31 04:30:13,2025-10-31 04:30:13,82.55,12.96,1069.85
CO-1122,VE-13,2025-10-31 06:54:03,2025-10-31 06:54:03,76.351,12.96,989.51
CO-1123,VE-23,2025-10-31 11:39:53,2025-10-31 11:39:53,79.006,13.55,1070.53
CO-1124,VE-18,2025-10-31 15:49:53,2025-10-31 15:49:53,82.268,12.96,1066.19
CO-1125,VE-21,2025-10-31 15:50:11,2025-10-31 15:50:11,61.507,12.96,797.13
CO-1126,,2025-10-31 16:51:43,2025-10-31 16:51:43,66.148,12.96,857.28
CO-1127,,2025-10-31 16:51:43,2025-10-31 16:51:43,66.148,12.96,857.28
CO-1128,VE-11,2025-10-31 18:25:11,2025-10-31 18:25:11,76.157,12.96,986.99
CO-1129,VE-28,2025-10-31 18:40:08,2025-10-31 18:40:08,45.454,12.96,589.08
CO-1130,VE-14,2025-10-31 19:39:28,2025-10-31 19:39:28,67.328,12.96,872.57
CO-1131,VE-17,2025-11-03 16:17:17,2025-11-03 16:17:17,65.407,12.96,847.67
CO-1132,VE-26,2025-11-03 16:54:54,2025-11-03 16:54:54,74.936,12.96,971.17
CO-1133,,2025-11-03 16:56:30,2025-11-03 16:56:30,74.691,12.96,968
CO-1134,,2025-11-03 16:56:30,2025-11-03 16:56:30,74.691,12.96,968
CO-1135,VE-15,2025-11-03 17:19:22,2025-11-03 17:19:22,59.927,12.96,776.65
CO-1136,VE-25,2025-11-03 18:05:55,2025-11-03 18:05:55,64.322,12.96,833.61
CO-1137,VE-28,2025-11-03 19:01:37,2025-11-03 19:01:37,40.807,12.96,528.86
CO-1138,VE-19,2025-11-03 20:22:41,2025-11-03 20:22:41,70.37,12.96,912
CO-1139,VE-13,2025-11-04 12:36:36,2025-11-04 12:36:36,74.967,13.42,1006.06
CO-1140,VE-11,2025-11-04 14:22:26,2025-11-04 14:22:26,54.744,13.42,734.66
CO-1141,VE-01,2025-11-04 14:30:50,2025-11-04 14:30:50,92.004,13.42,1234.69
CO-1142,VE-14,2025-11-04 14:33:05,2025-11-04 14:33:05,53.162,13.42,713.43
CO-1143,VE-16,2025-11-04 14:48:22,2025-11-04 14:48:22,53.781,13.42,721.74
CO-1144,VE-23,2025-11-04 15:07:01,2025-11-04 15:07:01,80.195,14.01,1123.53
CO-1145,VE-27,2025-11-05 09:22:47,2025-11-05 09:22:47,54.783,14.01,767.51
CO-1146,VE-26,2025-11-05 12:40:40,2025-11-05 12:40:40,43.565,13.42,584.64
CO-1147,VE-19,2025-11-05 13:16:14,2025-11-05 13:16:14,71.291,13.42,956.73
CO-1148,VE-28,2025-11-05 13:36:12,2025-11-05 13:36:12,60.725,13.42,814.93
CO-1149,VE-18,2025-11-05 14:17:30,2025-11-05 14:17:30,62.043,13.42,832.62
CO-1150,,2025-11-05 14:17:44,2025-11-05 14:17:44,58.449,13.42,784.39
CO-1151,,2025-11-05 14:17:44,2025-11-05 14:17:44,58.449,13.42,784.39
CO-1152,VE-21,2025-11-05 14:27:25,2025-11-05 14:27:25,64.94,13.42,871.49
CO-1153,VE-22,2025-11-05 17:04:56,2025-11-05 17:04:56,62.395,13.42,837.34
CO-1154,VE-15,2025-11-05 17:35:37,2025-11-05 17:35:37,46.025,13.42,617.66
CO-1155,VE-25,2025-11-06 13:47:28,2025-11-06 13:47:28,54.655,13.42,733.47
CO-1156,,2025-11-06 13:47:38,2025-11-06 13:47:38,55.04,13.42,738.64
CO-1157,,2025-11-06 13:47:38,2025-11-06 13:47:38,55.04,13.42,738.64
CO-1158,VE-19,2025-11-06 14:01:22,2025-11-06 14:01:22,47.284,13.42,634.55
CO-1159,VE-23,2025-11-06 15:11:13,2025-11-06 15:11:13,58.919,14.01,825.46
CO-1160,VE-17,2025-11-06 15:28:11,2025-11-06 15:28:11,80.584,14.01,1128.98
CO-1161,VE-11,2025-11-06 16:36:56,2025-11-06 16:36:56,55.191,13.42,740.66
CO-1162,VE-03,2025-11-06 17:59:20,2025-11-06 17:59:20,97.317,13.42,1305.99
CO-1163,VE-27,2025-11-07 05:17:07,2025-11-07 05:17:07,70.158,14.01,982.91
CO-1164,VE-13,2025-11-07 11:50:32,2025-11-07 11:50:32,73.352,13.42,984.38
CO-1165,VE-15,2025-11-07 13:16:28,2025-11-07 13:16:28,39.878,13.42,535.16
CO-1166,VE-26,2025-11-07 13:20:18,2025-11-07 13:20:18,44.955,13.42,603.3
CO-1167,VE-16,2025-11-07 13:37:47,2025-11-07 13:37:47,65.564,13.42,879.87
CO-1168,VE-28,2025-11-07 18:03:39,2025-11-07 18:03:39,41.809,13.42,561.08
CO-1169,VE-14,2025-11-07 18:44:16,2025-11-07 18:44:16,67.937,13.42,911.71
CO-1170,VE-19,2025-11-08 13:16:23,2025-11-08 13:16:23,87.917,13.42,1179.85
CO-1171,VE-23,2025-11-08 14:37:03,2025-11-08 14:37:03,60.973,14.01,854.23
CO-1172,VE-01,2025-11-08 21:07:24,2025-11-08 21:07:24,85.71,13.42,1150.23
CO-1173,VE-22,2025-11-08 21:07:32,2025-11-08 21:07:32,66.581,13.42,893.52
CO-1174,VE-27,2025-11-10 05:31:11,2025-11-10 05:31:11,69.805,14.01,977.97
CO-1175,VE-17,2025-11-10 15:38:32,2025-11-10 15:38:32,67.235,13.42,902.29
CO-1176,VE-21,2025-11-10 16:41:11,2025-11-10 16:41:11,76.199,13.42,1022.59
CO-1177,VE-28,2025-11-10 16:51:48,2025-11-10 16:51:48,54.009,13.42,724.8
CO-1178,VE-15,2025-11-10 17:05:08,2025-11-10 17:05:08,42.042,13.42,564.2
CO-1179,,2025-11-10 17:56:03,2025-11-10 17:56:03,60.56,13.42,812.72
CO-1180,,2025-11-10 17:56:03,2025-11-10 17:56:03,60.56,13.42,812.72
CO-1181,VE-16,2025-11-11 14:05:32,2025-11-11 14:05:32,57.642,13.76,793.15
CO-1182,VE-18,2025-11-11 14:53:29,2025-11-11 14:53:29,82.822,13.76,1139.63
CO-1183,VE-14,2025-11-11 14:53:42,2025-11-11 14:53:42,69.378,13.76,954.64
CO-1184,VE-23,2025-11-11 16:34:19,2025-11-11 16:34:19,76.119,14.35,1092.31
CO-1185,VE-27,2025-11-12 05:28:30,2025-11-12 05:28:30,56.001,14.35,803.61
CO-1186,VE-13,2025-11-12 12:11:36,2025-11-12 12:11:36,79.5,13.76,1093.92
CO-1187,VE-03,2025-11-12 13:36:33,2025-11-12 13:36:33,95.477,13.76,1313.76
CO-1188,VE-26,2025-11-12 13:37:14,2025-11-12 13:37:14,64.797,13.76,891.61
CO-1189,VE-11,2025-11-12 14:10:54,2025-11-12 14:10:54,84.268,13.76,1159.53
CO-1190,VE-25,2025-11-12 16:49:57,2025-11-12 16:49:57,59.75,13.76,822.16
CO-1191,VE-28,2025-11-12 17:22:03,2025-11-12 17:22:03,57.738,13.76,794.47
CO-1192,VE-15,2025-11-12 17:22:19,2025-11-12 17:22:19,39.486,13.76,543.33
CO-1193,VE-19,2025-11-12 18:06:39,2025-11-12 18:06:39,82.554,13.76,1135.94
CO-1194,VE-19,2025-11-13 15:29:22,2025-11-13 15:29:22,61.349,13.76,844.16
CO-1195,VE-22,2025-11-13 16:05:10,2025-11-13 16:05:10,65.752,13.76,904.75
CO-1196,VE-01,2025-11-13 17:24:09,2025-11-13 17:24:09,93.7,13.76,1289.31
CO-1197,VE-23,2025-11-13 18:19:04,2025-11-13 18:19:04,43.087,13.76,592.88
CO-1198,VE-27,2025-11-13 18:24:08,2025-11-13 18:24:08,56.247,14.35,807.14
CO-1199,VE-14,2025-11-14 14:23:05,2025-11-14 14:23:05,63.713,13.05,831.45
CO-1200,VE-15,2025-11-14 14:44:26,2025-11-14 14:44:26,36.608,13.05,477.73
CO-1201,VE-25,2025-11-14 15:04:47,2025-11-14 15:04:47,41.361,13.05,539.76
CO-1202,VE-16,2025-11-14 16:01:09,2025-11-14 16:01:09,63.318,13.05,826.3
CO-1203,VE-21,2025-11-14 16:07:43,2025-11-14 16:07:43,68.385,13.05,892.42
CO-1204,VE-24,2025-11-14 18:06:56,2025-11-14 18:06:56,71.537,13.05,933.56
CO-1205,VE-17,2025-11-15 12:39:46,2025-11-15 12:39:46,83.756,13.05,1093.02
CO-1206,VE-26,2025-11-15 13:10:46,2025-11-15 13:10:46,62.089,13.05,810.26
CO-1207,VE-18,2025-11-15 15:04:19,2025-11-15 15:04:19,92.65,13.05,1209.08
CO-1208,VE-11,2025-11-15 15:15:04,2025-11-15 15:15:04,82.212,13.05,1072.87
CO-1209,VE-13,2025-11-15 15:18:54,2025-11-15 15:18:54,81.67,13.05,1065.79
CO-1210,VE-23,2025-11-15 16:32:59,2025-11-15 16:32:59,76.629,13.05,1000.01
CO-1211,VE-19,2025-11-22 13:03:41,2025-11-22 13:03:41,61.989,12.77,791.6
CO-1212,VE-28,2025-11-22 14:35:37,2025-11-22 14:35:37,52.208,12.77,666.7
CO-1213,VE-24,2025-11-22 15:03:31,2025-11-22 15:03:31,75.698,12.77,966.66
CO-1214,VE-01,2025-11-22 15:37:05,2025-11-22 15:37:05,95.233,12.77,1216.13
CO-1215,VE-03,2025-11-22 15:37:17,2025-11-22 15:37:17,101.884,12.77,1301.06
CO-1216,VE-23,2025-11-22 16:34:15,2025-11-22 16:34:15,59.676,12.77,762.06
CO-1217,VE-27,2025-11-24 10:32:14,2025-11-24 10:32:14,67.75,13.36,905.14
CO-1218,VE-25,2025-11-24 15:58:37,2025-11-24 15:58:37,54.274,12.77,693.08
CO-1219,VE-17,2025-11-24 16:37:33,2025-11-24 16:37:33,0.078,12.77,1
CO-1220,VE-17,2025-11-24 16:52:10,2025-11-24 16:52:10,71.102,12.77,907.97
CO-1221,VE-22,2025-11-24 16:58:49,2025-11-24 16:58:49,64.216,12.77,820.04
CO-1222,VE-14,2025-11-24 17:30:31,2025-11-24 17:30:31,72.339,12.77,923.77
CO-1223,VE-16,2025-11-24 17:42:52,2025-11-24 17:42:52,65.529,12.77,836.81
CO-1224,,2025-11-25 13:33:17,2025-11-25 13:33:17,72.866,13.15,958.19
CO-1225,,2025-11-25 13:33:17,2025-11-25 13:33:17,72.866,13.15,958.19
CO-1226,VE-19,2025-11-25 13:44:56,2025-11-25 13:44:56,47.352,13.15,622.68
CO-1227,VE-24,2025-11-25 14:03:46,2025-11-25 14:03:46,65.124,13.15,856.38
CO-1228,VE-18,2025-11-25 14:53:43,2025-11-25 14:53:43,79.85,13.15,1050.03
CO-1229,VE-23,2025-11-25 16:00:47,2025-11-25 16:00:47,61.254,13.15,805.49
CO-1230,VE-28,2025-11-25 16:13:11,2025-11-25 16:13:11,60.036,13.15,789.47
CO-1231,VE-13,2025-11-25 16:17:00,2025-11-25 16:17:00,71.529,13.15,940.61
CO-1232,VE-11,2025-11-25 16:25:27,2025-11-25 16:25:27,77.571,13.15,1020.06
CO-1233,VE-15,2025-11-25 17:20:21,2025-11-25 17:20:21,77.271,13.15,1016.11
CO-1234,VE-27,2025-11-26 14:01:57,2025-11-26 14:01:57,60,13.15,789
CO-1235,,2025-11-27 07:47:46,2025-11-27 07:47:46,16.866,13.15,221.79
CO-1236,,2025-11-27 07:47:46,2025-11-27 07:47:46,16.866,13.15,221.79
CO-1237,VE-25,2025-11-27 12:08:06,2025-11-27 12:08:06,58.941,13.15,775.07
CO-1238,VE-23,2025-11-27 12:48:09,2025-11-27 12:48:09,50.003,13.15,657.54
CO-1239,VE-16,2025-11-27 14:11:04,2025-11-27 14:11:04,69.14,13.15,909.19
CO-1240,VE-19,2025-11-27 14:33:20,2025-11-27 14:33:20,77.343,13.15,1017.06
CO-1241,VE-24,2025-11-27 15:01:45,2025-11-27 15:01:45,50.168,13.15,659.71
CO-1242,VE-28,2025-11-27 16:12:04,2025-11-27 16:12:04,50.055,13.15,658.22
CO-1243,,2025-11-27 16:14:10,2025-11-27 16:14:10,62.562,13.15,822.69
CO-1244,,2025-11-27 16:14:10,2025-11-27 16:14:10,62.562,13.15,822.69
CO-1245,VE-14,2025-11-27 17:11:22,2025-11-27 17:11:22,62.619,13.15,823.44
CO-1246,VE-22,2025-11-28 13:21:44,2025-11-28 13:21:44,71.828,13.15,944.54
CO-1247,VE-13,2025-11-28 16:53:25,2025-11-28 16:53:25,73.883,13.15,971.56
CO-1248,VE-17,2025-11-28 16:53:31,2025-11-28 16:53:31,71.599,13.15,941.53
CO-1249,VE-15,2025-11-28 17:01:21,2025-11-28 17:01:21,76.073,13.15,1000.36
CO-1250,VE-24,2025-11-28 17:04:24,2025-11-28 17:04:24,39.916,13.15,524.9
CO-1251,VE-28,2025-11-28 17:04:36,2025-11-28 17:04:36,33.464,13.15,440.05
CO-1252,VE-01,2025-11-28 17:28:06,2025-11-28 17:28:06,88.053,13.15,1157.9
CO-1253,VE-11,2025-11-28 17:55:46,2025-11-28 17:55:46,87.753,13.15,1153.95
CO-1254,VE-03,2025-11-28 17:57:43,2025-11-28 17:57:43,91.255,13.15,1200
CO-1255,VE-18,2025-11-29 13:06:57,2025-11-29 13:06:57,61.982,13.15,815.06
CO-1256,VE-21,2025-11-29 13:07:09,2025-11-29 13:07:09,68.672,13.15,903.04
CO-1257,,2025-11-29 13:14:00,2025-11-29 13:14:00,0.567,13.15,7.46
CO-1258,,2025-11-29 13:14:00,2025-11-29 13:14:00,0.567,13.15,7.46
CO-1259,,2025-11-29 13:31:14,2025-11-29 13:31:14,52.35,13.15,688.4
CO-1260,,2025-11-29 13:31:14,2025-11-29 13:31:14,52.35,13.15,688.4
CO-1261,VE-23,2025-11-29 16:29:27,2025-11-29 16:29:27,58.9,13.15,774.54
CO-1262,VE-27,2025-12-01 05:48:34,2025-12-01 05:48:34,40.003,13.15,526.04
CO-1263,VE-28,2025-12-01 16:29:15,2025-12-01 16:29:15,44.889,13.15,590.29
CO-1264,VE-25,2025-12-01 16:44:04,2025-12-01 16:44:04,61.242,13.15,805.33
CO-1265,VE-24,2025-12-01 16:48:09,2025-12-01 16:48:09,64.091,13.15,842.8
CO-1266,VE-14,2025-12-01 16:52:43,2025-12-01 16:52:43,63.69,13.15,837.52
CO-1267,VE-16,2025-12-01 17:24:59,2025-12-01 17:24:59,72.743,13.15,956.57
CO-1268,VE-19,2025-12-01 18:15:51,2025-12-01 18:15:51,63.77,13.15,838.58
CO-1269,VE-23,2025-12-02 16:22:26,2025-12-02 16:22:26,77.663,13.26,1029.81
CO-1270,VE-15,2025-12-02 16:56:08,2025-12-02 16:56:08,70.471,13.26,934.45
CO-1271,VE-27,2025-12-02 16:58:22,2025-12-02 16:58:22,60.002,13.26,795.63
CO-1272,VE-17,2025-12-02 17:11:00,2025-12-02 17:11:00,75.581,13.26,1002.2
CO-1273,,2025-12-02 19:31:14,2025-12-02 19:31:14,55.659,13.26,738.04
CO-1274,,2025-12-02 19:31:14,2025-12-02 19:31:14,55.659,13.26,738.04
CO-1275,VE-28,2025-12-03 11:29:26,2025-12-03 11:29:26,50.455,13.26,669.03
CO-1276,VE-24,2025-12-03 11:33:34,2025-12-03 11:33:34,58.813,13.26,779.86
CO-1277,VE-16,2025-12-03 13:53:51,2025-12-03 13:53:51,55.329,13.26,733.66
CO-1278,VE-03,2025-12-03 15:43:15,2025-12-03 15:43:15,92.339,13.26,1224.42
CO-1279,VE-22,2025-12-03 16:15:58,2025-12-03 16:15:58,74.817,13.26,992.07
CO-1280,VE-11,2025-12-03 16:47:21,2025-12-03 16:47:21,49.734,13.26,659.47
CO-1281,VE-13,2025-12-03 16:57:06,2025-12-03 16:57:06,50.82,13.26,673.87
CO-1282,VE-01,2025-12-03 17:43:32,2025-12-03 17:43:32,92.328,13.26,1224.27
CO-1283,VE-18,2025-12-04 16:49:26,2025-12-04 16:49:26,76.356,13.26,1012.48
CO-1284,VE-14,2025-12-04 17:01:26,2025-12-04 17:01:26,61.013,13.26,809.03
CO-1285,,2025-12-05 14:30:09,2025-12-05 14:30:09,60.118,13.26,797.16
CO-1286,,2025-12-05 14:30:09,2025-12-05 14:30:09,60.118,13.26,797.16
CO-1287,VE-15,2025-12-05 15:59:47,2025-12-05 15:59:47,53.496,13.26,709.36
CO-1288,VE-17,2025-12-05 16:11:00,2025-12-05 16:11:00,66.704,13.26,884.5
CO-1289,VE-28,2025-12-05 16:30:24,2025-12-05 16:30:24,53.006,13.26,702.86
CO-1290,VE-23,2025-12-05 16:30:46,2025-12-05 16:30:46,53.798,13.26,713.36
CO-1291,VE-27,2025-12-05 17:41:26,2025-12-05 17:41:26,67.521,13.85,935.17
CO-1292,VE-19,2025-12-06 11:58:18,2025-12-06 11:58:18,87.565,13.26,1161.11
CO-1293,VE-25,2025-12-06 14:19:00,2025-12-06 14:19:00,74.818,13.26,992.09
CO-1294,VE-24,2025-12-06 15:07:31,2025-12-06 15:07:31,52.922,13.26,701.75
CO-1295,VE-22,2025-12-06 16:45:02,2025-12-06 16:45:02,64.063,13.26,849.48
CO-1296,VE-16,2025-12-06 17:00:42,2025-12-06 17:00:42,52.837,13.26,700.62
CO-1297,,2025-12-10 10:30:53,2025-12-10 10:30:53,18.035,17.99,324.45
CO-1298,,2025-12-10 10:30:53,2025-12-10 10:30:53,18.035,17.99,324.45
CO-1299,VE-13,2025-12-10 14:38:53,2025-12-10 14:38:53,78.966,12.65,998.92
CO-1300,VE-24,2025-12-10 14:49:38,2025-12-10 14:49:38,38.919,12.65,492.33
CO-1301,VE-23,2025-12-10 16:05:17,2025-12-10 16:05:17,63.407,12.65,802.1
CO-1302,VE-27,2025-12-10 16:10:04,2025-12-10 16:10:04,47,13.24,622.28
CO-1303,VE-17,2025-12-10 16:26:27,2025-12-10 16:26:27,47.721,12.65,603.67
CO-1304,VE-28,2025-12-10 16:41:56,2025-12-10 16:41:56,54.697,12.65,691.92
CO-1305,,2025-12-10 16:42:07,2025-12-10 16:42:07,52.73,12.65,667.03
CO-1306,,2025-12-10 16:42:07,2025-12-10 16:42:07,52.73,12.65,667.03
CO-1307,VE-14,2025-12-10 16:48:25,2025-12-10 16:48:25,54.401,12.65,688.17
CO-1308,VE-15,2025-12-11 15:57:52,2025-12-11 15:57:52,66.759,12.65,844.5
CO-1309,VE-11,2025-12-11 16:36:29,2025-12-11 16:36:29,63.323,12.65,801.04
CO-1310,VE-03,2025-12-11 18:05:14,2025-12-11 18:05:14,81.471,12.65,1030.61
CO-1311,VE-01,2025-12-11 18:31:50,2025-12-11 18:31:50,118.577,12.65,1500
CO-1312,VE-28,2025-12-12 15:40:43,2025-12-12 15:40:43,42.362,12.65,535.88
CO-1313,VE-23,2025-12-12 15:44:12,2025-12-12 15:44:12,63.768,12.65,806.67
CO-1314,VE-13,2025-12-12 16:00:28,2025-12-12 16:00:28,59.035,12.65,746.79
CO-1315,VE-22,2025-12-12 16:03:58,2025-12-12 16:03:58,57.798,12.65,731.14
CO-1316,VE-16,2025-12-12 16:17:50,2025-12-12 16:17:50,66.983,12.65,847.33
CO-1317,VE-18,2025-12-12 16:30:31,2025-12-12 16:30:31,90.451,12.65,1144.21
CO-1318,VE-19,2025-12-13 10:40:30,2025-12-13 10:40:30,84.388,12.65,1067.51
CO-1319,VE-24,2025-12-13 11:20:47,2025-12-13 11:20:47,50.915,12.65,644.07
CO-1320,VE-14,2025-12-13 11:25:49,2025-12-13 11:25:49,60.691,12.65,767.74
CO-1321,VE-27,2025-12-13 11:29:48,2025-12-13 11:29:48,49.203,13.24,651.45
CO-1322,VE-25,2025-12-13 12:39:11,2025-12-13 12:39:11,62.605,12.65,791.95
CO-1323,,2025-12-13 15:19:40,2025-12-13 15:19:40,55.047,12.65,696.34
CO-1324,,2025-12-13 15:19:40,2025-12-13 15:19:40,55.047,12.65,696.34
CO-1325,VE-15,2025-12-15 12:42:31,2025-12-15 12:42:31,63.531,12.65,803.67
CO-1326,VE-11,2025-12-15 16:27:40,2025-12-15 16:27:40,80.948,12.65,1023.99
CO-1327,VE-28,2025-12-15 17:26:00,2025-12-15 17:26:00,49.719,12.65,628.95
CO-1328,VE-13,2025-12-15 18:24:55,2025-12-15 18:24:55,55.21,12.65,698.41
CO-1329,VE-27,2025-12-16 05:26:55,2025-12-16 05:26:55,25,12,300
CO-1330,VE-23,2025-12-16 15:32:59,2025-12-16 15:32:59,67.046,12.59,844.11
CO-1331,VE-22,2025-12-16 17:27:41,2025-12-16 17:27:41,59.209,12,710.51
CO-1332,VE-16,2025-12-16 18:10:01,2025-12-16 18:10:01,78.65,12,943.8
CO-1333,VE-28,2025-12-16 18:10:09,2025-12-16 18:10:09,38.365,12,460.38
CO-1334,VE-11,2025-12-17 12:55:32,2025-12-17 12:55:32,59.686,12,716.23
CO-1335,VE-17,2025-12-17 16:01:37,2025-12-17 16:01:37,82.021,12,984.25
CO-1336,VE-03,2025-12-17 16:25:40,2025-12-17 16:25:40,96.875,12,1162.5
CO-1337,VE-01,2025-12-17 16:34:00,2025-12-17 16:34:00,126.487,12,1517.84
CO-1338,VE-14,2025-12-17 17:08:46,2025-12-17 17:08:46,70.248,12,842.98
CO-1339,VE-24,2025-12-17 17:45:52,2025-12-17 17:45:52,72.219,12,866.63
CO-1340,VE-19,2025-12-17 18:14:20,2025-12-17 18:14:20,76.354,12,916.25
CO-1341,VE-27,2025-12-17 22:11:23,2025-12-17 22:11:23,74.502,12,894.02
CO-1342,VE-23,2025-12-18 10:19:31,2025-12-18 10:19:31,72.206,13.24,956.01
CO-1343,VE-15,2025-12-18 13:26:50,2025-12-18 13:26:50,69.623,12.65,880.73
CO-1344,VE-28,2025-12-18 14:13:27,2025-12-18 14:13:27,55.705,12.65,704.67
CO-1345,VE-25,2025-12-18 14:28:54,2025-12-18 14:28:54,65.7,12.65,831.11
CO-1346,VE-16,2025-12-18 14:59:49,2025-12-18 14:59:49,55.612,12.65,703.49
CO-1347,VE-13,2025-12-18 15:57:46,2025-12-18 15:57:46,87.034,12.65,1100.98
CO-1348,VE-18,2025-12-18 16:01:18,2025-12-18 16:01:18,74.483,12.65,942.21
CO-1349,VE-22,2025-12-19 14:56:08,2025-12-19 14:56:08,73.824,12.65,933.87
CO-1350,VE-23,2025-12-19 15:14:53,2025-12-19 15:14:53,54.118,13.24,716.52
CO-1351,VE-24,2025-12-19 16:33:56,2025-12-19 16:33:56,69.971,12.65,885.13
CO-1352,VE-17,2025-12-19 17:11:18,2025-12-19 17:11:18,76.752,12.65,970.91
CO-1353,VE-11,2025-12-19 17:57:19,2025-12-19 17:57:19,67.796,12.65,857.62
CO-1354,VE-27,2025-12-20 05:06:56,2025-12-20 05:06:56,61.687,13.24,816.74
CO-1355,VE-28,2025-12-20 14:58:36,2025-12-20 14:58:36,45.836,12.65,579.83
CO-1356,VE-13,2025-12-20 15:41:55,2025-12-20 15:41:55,60.919,12.65,770.63
CO-1357,VE-14,2025-12-20 15:42:03,2025-12-20 15:42:03,68.45,12.65,865.89
CO-1358,VE-19,2025-12-20 21:08:23,2025-12-20 21:08:23,73.804,12.65,933.62
CO-1359,VE-23,2025-12-22 13:54:30,2025-12-22 13:54:30,63.784,13.24,844.5
CO-1360,VE-17,2025-12-22 16:06:04,2025-12-22 16:06:04,60.054,12.65,759.68
CO-1361,VE-16,2025-12-22 17:03:14,2025-12-22 17:03:14,77.844,12.65,984.73
CO-1362,VE-28,2025-12-22 17:10:27,2025-12-22 17:10:27,36.119,12.65,456.91
CO-1363,VE-01,2025-12-22 18:07:53,2025-12-22 18:07:53,103.304,12.65,1306.8
CO-1364,VE-25,2025-12-22 18:08:10,2025-12-22 18:08:10,64.172,12.65,811.78
CO-1365,VE-15,2025-12-22 18:28:00,2025-12-22 18:28:00,73.187,12.65,925.82
CO-1366,VE-27,2025-12-23 05:33:31,2025-12-23 05:33:31,53.008,13.48,714.55
CO-1367,VE-28,2025-12-23 17:42:07,2025-12-23 17:42:07,30.114,12.89,388.17
CO-1368,VE-13,2025-12-23 17:49:25,2025-12-23 17:49:25,65.901,12.89,849.46
CO-1369,VE-03,2025-12-23 17:55:04,2025-12-23 17:55:04,105.446,12.89,1359.2
CO-1370,VE-11,2025-12-23 18:07:04,2025-12-23 18:07:04,68.625,12.89,884.58
CO-1371,VE-24,2025-12-23 18:16:35,2025-12-23 18:16:35,42.382,12.89,546.3
CO-1372,VE-14,2025-12-23 18:26:15,2025-12-23 18:26:15,51.907,12.89,669.08
CO-1373,VE-22,2025-12-23 18:28:22,2025-12-23 18:28:22,101.405,12.89,1307.11
CO-1374,VE-18,2025-12-23 18:47:43,2025-12-23 18:47:43,91.781,12.89,1183.06
CO-1375,VE-23,2025-12-24 12:02:34,2025-12-24 12:02:34,63.063,12.89,812.88
CO-1376,VE-27,2025-12-26 05:32:52,2025-12-26 05:32:52,49.011,13.48,660.67
CO-1377,VE-16,2025-12-26 16:13:35,2025-12-26 16:13:35,66.688,12.89,859.61
CO-1378,VE-15,2025-12-26 16:15:13,2025-12-26 16:15:13,64.815,12.89,835.47
CO-1379,VE-19,2025-12-26 16:56:47,2025-12-26 16:56:47,90.861,12.89,1171.2
CO-1380,VE-28,2025-12-26 17:45:53,2025-12-26 17:45:53,48.164,12.89,620.83
CO-1381,VE-17,2025-12-26 18:08:43,2025-12-26 18:08:43,78.216,12.89,1008.2
CO-1382,VE-23,2025-12-27 12:37:59,2025-12-27 12:37:59,43.705,13.48,589.14
CO-1383,VE-13,2025-12-27 14:37:29,2025-12-27 14:37:29,59.098,12.89,761.77
CO-1384,VE-14,2025-12-27 15:05:18,2025-12-27 15:05:18,66.902,12.89,862.37
CO-1385,VE-22,2025-12-27 15:23:00,2025-12-27 15:23:00,59.305,12.89,764.44
CO-1386,VE-24,2025-12-27 15:48:19,2025-12-27 15:48:19,62.36,12.89,803.82
CO-1387,VE-21,2025-12-27 16:11:59,2025-12-27 16:11:59,61.557,12.89,793.47
CO-1388,VE-27,2025-12-27 16:52:23,2025-12-27 16:52:23,54.049,13.48,728.58
CO-1389,VE-19,2025-12-28 13:43:30,2025-12-28 13:43:30,81.521,12.89,1050.81
CO-1390,VE-28,2025-12-29 16:35:00,2025-12-29 16:35:00,53.457,12.89,689.06
CO-1391,VE-11,2025-12-29 16:59:24,2025-12-29 16:59:24,59.302,12.89,764.4
CO-1392,VE-16,2025-12-29 17:21:27,2025-12-29 17:21:27,53.124,12.89,684.77
CO-1393,VE-17,2025-12-29 17:45:20,2025-12-29 17:45:20,62.46,12.89,805.11
CO-1394,VE-18,2025-12-29 18:33:32,2025-12-29 18:33:32,83.395,12.89,1074.96
CO-1395,VE-19,2025-12-29 21:06:41,2025-12-29 21:06:41,73.779,12.89,951.01
CO-1396,VE-27,2025-12-30 05:47:13,2025-12-30 05:47:13,32.002,12.89,412.51
CO-1397,VE-03,2025-12-30 13:50:28,2025-12-30 13:50:28,91.023,12.89,1173.29
CO-1398,VE-15,2025-12-30 14:14:41,2025-12-30 14:14:41,66.247,12.89,853.92
CO-1399,VE-13,2025-12-30 15:41:44,2025-12-30 15:41:44,66.005,12.89,850.8
CO-1400,VE-14,2025-12-30 16:17:46,2025-12-30 16:17:46,52.766,12.89,680.15
CO-1401,VE-24,2025-12-30 16:45:07,2025-12-30 16:45:07,61.915,12.89,798.08
CO-1402,VE-28,2025-12-30 16:52:54,2025-12-30 16:52:54,29.291,12.89,377.56
CO-1403,VE-01,2025-12-30 17:00:41,2025-12-30 17:00:41,105.903,12.89,1365.09
CO-1404,VE-19,2025-12-30 17:04:57,2025-12-30 17:04:57,35.534,12.89,458.03
CO-1405,VE-20,2025-12-30 17:48:35,2025-12-30 17:48:35,68.092,12.89,877.71
CO-1406,VE-12,2025-12-30 18:24:51,2025-12-30 18:24:51,41.21,12.89,531.2
CO-1407,VE-23,2025-12-30 18:43:45,2025-12-30 18:43:45,62.351,12.89,803.7
CO-1408,VE-27,2025-12-31 15:51:56,2025-12-31 15:51:56,57.409,12.89,740
CO-1409,VE-17,2026-01-02 16:11:18,2026-01-02 16:11:18,51.836,12.89,668.17
CO-1410,VE-13,2026-01-02 16:45:49,2026-01-02 16:45:49,37.867,12.89,488.11
CO-1411,VE-22,2026-01-02 17:40:44,2026-01-02 17:40:44,76.49,12.89,985.96
CO-1412,VE-19,2026-01-02 17:59:19,2026-01-02 17:59:19,84.822,12.89,1093.36
CO-1413,VE-14,2026-01-02 18:00:03,2026-01-02 18:00:03,57.828,12.89,745.4
CO-1414,VE-20,2026-01-03 16:49:05,2026-01-03 16:49:05,83.323,12.89,1074.03
CO-1415,VE-27,2026-01-05 05:25:29,2026-01-05 05:25:29,56.268,13.48,758.49
CO-1416,VE-01,2026-01-05 15:15:38,2026-01-05 15:15:38,80.692,12.89,1040.12
CO-1417,VE-13,2026-01-05 16:20:45,2026-01-05 16:20:45,60.514,12.89,780.03
CO-1418,VE-14,2026-01-05 16:21:42,2026-01-05 16:21:42,49.885,12.89,643.02
CO-1419,VE-17,2026-01-05 16:31:33,2026-01-05 16:31:33,56.928,12.89,733.8
CO-1420,VE-21,2026-01-05 16:37:04,2026-01-05 16:37:04,60.373,12.89,778.21
CO-1421,VE-16,2026-01-05 16:51:21,2026-01-05 16:51:21,54.963,12.89,708.47
CO-1422,VE-11,2026-01-05 17:12:56,2026-01-05 17:12:56,64.067,12.89,825.82
CO-1423,VE-22,2026-01-06 13:31:40,2026-01-06 13:31:40,63.551,12.48,793.12
CO-1424,VE-24,2026-01-06 13:47:07,2026-01-06 13:47:07,42.389,12.48,529.01
CO-1425,VE-19,2026-01-06 13:53:21,2026-01-06 13:53:21,78.018,12.48,973.66
CO-1426,VE-23,2026-01-07 12:20:56,2026-01-07 12:20:56,43.986,13.07,574.9
CO-1427,VE-27,2026-01-07 13:37:12,2026-01-07 13:37:12,61.5,12.48,767.52
CO-1428,VE-11,2026-01-07 17:23:32,2026-01-07 17:23:32,55.156,12.48,688.35
CO-1429,VE-15,2026-01-07 17:29:59,2026-01-07 17:29:59,80.644,12.48,1006.44
CO-1430,VE-28,2026-01-07 17:56:39,2026-01-07 17:56:39,69.374,12.48,865.79
CO-1431,VE-18,2026-01-07 17:56:58,2026-01-07 17:56:58,75.743,12.48,945.27
CO-1432,VE-26,2026-01-08 04:55:58,2026-01-08 04:55:58,62.503,12.48,780.04
CO-1433,VE-03,2026-01-08 15:09:11,2026-01-08 15:09:11,93.796,12.48,1170.57
CO-1434,VE-24,2026-01-08 15:13:59,2026-01-08 15:13:59,68.402,12.48,853.66
CO-1435,VE-13,2026-01-08 15:48:32,2026-01-08 15:48:32,54.236,12.48,676.87
CO-1436,VE-16,2026-01-08 17:02:15,2026-01-08 17:02:15,59.632,12.48,744.21
CO-1437,VE-14,2026-01-08 17:17:18,2026-01-08 17:17:18,68.173,12.48,850.8
CO-1438,VE-21,2026-01-08 18:12:13,2026-01-08 18:12:13,66.305,12.48,827.49
CO-1439,VE-23,2026-01-09 12:17:47,2026-01-09 12:17:47,62.48,13.07,816.61
CO-1440,,2026-01-09 12:25:31,2026-01-09 12:25:31,18.031,12.48,225.03
CO-1441,,2026-01-09 12:25:31,2026-01-09 12:25:31,18.031,12.48,225.03
CO-1442,VE-01,2026-01-09 16:04:24,2026-01-09 16:04:24,89.516,12.48,1117.16
CO-1443,VE-20,2026-01-09 16:23:23,2026-01-09 16:23:23,75.077,12.48,936.96
CO-1444,VE-11,2026-01-09 17:06:11,2026-01-09 17:06:11,68.709,12.48,857.49
CO-1445,VE-24,2026-01-09 17:28:27,2026-01-09 17:28:27,41.456,12.48,517.37
CO-1446,VE-28,2026-01-09 17:28:43,2026-01-09 17:28:43,51.988,12.48,648.81
CO-1447,VE-22,2026-01-09 17:29:07,2026-01-09 17:29:07,73.529,12.48,917.64
CO-1448,VE-13,2026-01-09 17:47:19,2026-01-09 17:47:19,43.222,12.48,539.41
CO-1449,VE-19,2026-01-10 10:55:57,2026-01-10 10:55:57,85.818,12.48,1071.01
CO-1450,VE-15,2026-01-10 11:17:02,2026-01-10 11:17:02,76.11,12.48,949.85
CO-1451,VE-18,2026-01-10 11:17:38,2026-01-10 11:17:38,62.943,12.48,785.53
CO-1452,VE-17,2026-01-10 12:09:42,2026-01-10 12:09:42,76.198,12.48,950.95
CO-1453,VE-16,2026-01-10 13:18:28,2026-01-10 13:18:28,60.962,12.48,760.81
CO-1454,VE-14,2026-01-10 15:07:42,2026-01-10 15:07:42,56.658,12.48,707.09
CO-1455,VE-27,2026-01-12 05:36:20,2026-01-12 05:36:20,57.68,12.48,719.85
CO-1456,VE-23,2026-01-12 15:46:00,2026-01-12 15:46:00,69.898,13.07,913.57
CO-1457,VE-13,2026-01-12 15:50:11,2026-01-12 15:50:11,42.759,12.48,533.63
CO-1458,VE-21,2026-01-12 16:20:40,2026-01-12 16:20:40,58.257,12.48,727.05
CO-1459,VE-22,2026-01-13 15:37:04,2026-01-13 15:37:04,64.539,12.46,804.16
CO-1460,VE-24,2026-01-13 16:03:17,2026-01-13 16:03:17,66.02,12.46,822.61
CO-1461,VE-16,2026-01-13 16:22:09,2026-01-13 16:22:09,50.569,12.46,630.09
CO-1462,VE-28,2026-01-13 17:34:16,2026-01-13 17:34:16,69.28,12.46,863.23
CO-1463,VE-20,2026-01-13 18:16:29,2026-01-13 18:16:29,69.386,12.46,864.55
CO-1464,VE-19,2026-01-13 18:35:14,2026-01-13 18:35:14,62.322,12.46,776.53
CO-1465,VE-27,2026-01-13 21:36:36,2026-01-13 21:36:36,50,14.25,712.5
CO-1466,VE-23,2026-01-14 11:24:14,2026-01-14 11:24:14,52.368,12.46,652.51
CO-1467,VE-19,2026-01-14 13:58:50,2026-01-14 13:58:50,63.816,12.46,795.15
CO-1468,VE-15,2026-01-14 14:22:14,2026-01-14 14:22:14,78.849,12.46,982.46
CO-1469,VE-18,2026-01-14 14:42:51,2026-01-14 14:42:51,72.608,12.46,904.7
CO-1470,VE-14,2026-01-14 16:37:31,2026-01-14 16:37:31,69.775,12.46,869.4
CO-1471,VE-03,2026-01-14 17:25:23,2026-01-14 17:25:23,96.457,12.46,1201.85
CO-1472,VE-13,2026-01-14 17:43:22,2026-01-14 17:43:22,63.947,12.46,796.78
CO-1473,VE-25,2026-01-14 18:44:33,2026-01-14 18:44:33,58.433,14.25,832.67
CO-1474,VE-01,2026-01-14 19:29:56,2026-01-14 19:29:56,109.147,12.46,1359.97
CO-1475,VE-16,2026-01-15 17:45:45,2026-01-15 17:45:45,66.445,12.46,827.9
CO-1476,VE-28,2026-01-15 17:48:48,2026-01-15 17:48:48,49.221,12.46,613.29
CO-1477,VE-27,2026-01-15 21:35:41,2026-01-15 21:35:41,54.008,14.25,769.61
CO-1478,VE-17,2026-01-16 12:56:56,2026-01-16 12:56:56,79.937,12.46,996.02
CO-1479,VE-22,2026-01-16 13:04:46,2026-01-16 13:04:46,66.207,12.46,824.94
CO-1480,VE-21,2026-01-16 13:26:07,2026-01-16 13:26:07,76.155,12.46,948.89
CO-1481,VE-20,2026-01-16 13:37:49,2026-01-16 13:37:49,77.163,12.46,961.45
CO-1482,VE-23,2026-01-16 14:08:56,2026-01-16 14:08:56,66.491,13.05,867.71
CO-1483,VE-15,2026-01-16 15:33:35,2026-01-16 15:33:35,47.658,12.46,593.82
CO-1484,VE-19,2026-01-16 15:49:39,2026-01-16 15:49:39,85.327,12.46,1063.17
CO-1485,VE-24,2026-01-16 16:20:17,2026-01-16 16:20:17,42.917,12.46,534.75
CO-1486,VE-28,2026-01-17 14:59:43,2026-01-17 14:59:43,49.971,12.46,622.64
CO-1487,VE-14,2026-01-17 15:00:01,2026-01-17 15:00:01,73.735,12.46,918.74
CO-1488,VE-18,2026-01-17 16:36:18,2026-01-17 16:36:18,72.127,12.46,898.7
CO-1489,VE-16,2026-01-17 16:47:53,2026-01-17 16:47:53,62.783,12.46,782.28
CO-1490,VE-19,2026-01-18 12:47:28,2026-01-18 12:47:28,85.339,12.46,1063.32
CO-1491,VE-27,2026-01-19 05:04:33,2026-01-19 05:04:33,57.826,12.46,720.51
CO-1492,VE-24,2026-01-19 16:55:56,2026-01-19 16:55:56,61.182,12.46,762.33
CO-1493,VE-23,2026-01-19 17:17:48,2026-01-19 17:17:48,66.003,12.46,822.4
CO-1494,,2026-01-19 17:56:23,2026-01-19 17:56:23,4.58,12.46,57.06
CO-1495,,2026-01-19 17:56:23,2026-01-19 17:56:23,4.58,12.46,57.06
CO-1496,VE-19,2026-01-19 18:00:14,2026-01-19 18:00:14,28.003,12.46,348.92
CO-1497,,2026-01-19 18:02:02,2026-01-19 18:02:02,13.56,12.46,168.96
CO-1498,,2026-01-19 18:02:02,2026-01-19 18:02:02,13.56,12.46,168.96
CO-1499,VE-01,2026-01-19 19:17:32,2026-01-19 19:17:32,114.181,12.46,1422.7
CO-1500,VE-20,2026-01-19 19:30:49,2026-01-19 19:30:49,69.115,12.46,861.17
CO-1501,VE-03,2026-01-19 19:47:53,2026-01-19 19:47:53,88.403,12.46,1101.5
CO-1502,VE-14,2026-01-20 16:27:22,2026-01-20 16:27:22,63.406,12.61,799.55
CO-1503,VE-22,2026-01-20 16:56:48,2026-01-20 16:56:48,83.753,12.61,1056.13
CO-1504,VE-21,2026-01-20 17:56:45,2026-01-20 17:56:45,67.917,12.61,856.43
CO-1505,VE-27,2026-01-20 18:11:52,2026-01-20 18:11:52,48.638,14.25,693.09
CO-1506,VE-17,2026-01-20 18:24:39,2026-01-20 18:24:39,95.136,14.25,1355.69
CO-1507,VE-15,2026-01-20 18:50:02,2026-01-20 18:50:02,87.748,12.61,1106.5
CO-1508,VE-18,2026-01-21 16:28:04,2026-01-21 16:28:04,82.17,12.61,1036.16
CO-1509,VE-24,2026-01-21 16:47:14,2026-01-21 16:47:14,77.78,12.61,980.81
CO-1510,VE-28,2026-01-21 17:10:58,2026-01-21 17:10:58,54.319,12.61,684.96
CO-1511,VE-23,2026-01-21 17:36:21,2026-01-21 17:36:21,62.802,12.61,791.93
CO-1512,VE-16,2026-01-21 17:36:29,2026-01-21 17:36:29,65.089,12.61,820.77
CO-1513,VE-13,2026-01-21 19:27:15,2026-01-21 19:27:15,81.226,12.61,1024.26
CO-1514,VE-19,2026-01-21 21:02:21,2026-01-21 21:02:21,93.492,12.61,1178.93
CO-1515,VE-17,2026-01-22 17:53:21,2026-01-22 17:53:21,61.012,14.25,869.42
CO-1516,VE-15,2026-01-22 18:07:38,2026-01-22 18:07:38,54.897,12.61,692.25
CO-1517,VE-27,2026-01-22 18:12:04,2026-01-22 18:12:04,57,14.25,812.25
CO-1518,VE-19,2026-01-23 16:10:17,2026-01-23 16:10:17,78.64,12.61,991.65
CO-1519,VE-23,2026-01-23 16:20:23,2026-01-23 16:20:23,51.868,12.61,654.06
CO-1520,VE-01,2026-01-23 17:28:46,2026-01-23 17:28:46,106.265,12.61,1340
CO-1521,VE-14,2026-01-23 17:29:22,2026-01-23 17:29:22,70.633,12.61,890.68
CO-1522,VE-16,2026-01-23 17:43:41,2026-01-23 17:43:41,49.882,12.61,629.01
CO-1523,VE-25,2026-01-23 18:23:29,2026-01-23 18:23:29,84.211,14.25,1200.01
CO-1524,VE-26,2026-01-23 19:00:35,2026-01-23 19:00:35,79.104,12.61,997.5
CO-1525,VE-28,2026-01-23 19:20:22,2026-01-23 19:20:22,52.608,12.61,663.39
CO-1526,VE-22,2026-01-24 15:36:38,2026-01-24 15:36:38,93.17,12.61,1174.87
CO-1527,VE-03,2026-01-24 15:37:22,2026-01-24 15:37:22,86.307,12.61,1088.33
CO-1528,VE-24,2026-01-24 16:08:10,2026-01-24 16:08:10,63.494,12.61,800.66
CO-1529,VE-19,2026-01-24 16:51:41,2026-01-24 16:51:41,68.145,12.61,859.31
CO-1530,VE-13,2026-01-26 10:46:45,2026-01-26 10:46:45,70.361,12.61,887.25
CO-1531,VE-27,2026-01-26 12:03:15,2026-01-26 12:03:15,61.003,14.25,869.29
CO-1532,VE-15,2026-01-26 15:47:20,2026-01-26 15:47:20,74.147,12.61,934.99
CO-1533,VE-18,2026-01-26 17:07:18,2026-01-26 17:07:18,67.197,12.61,847.35
CO-1534,VE-28,2026-01-26 17:10:25,2026-01-26 17:10:25,44.307,12.61,558.71
CO-1535,VE-17,2026-01-26 18:30:22,2026-01-26 18:30:22,71.178,14.25,1014.29
CO-1536,VE-14,2026-01-27 15:32:35,2026-01-27 15:32:35,59.831,12.91,772.42
CO-1537,VE-23,2026-01-27 16:52:16,2026-01-27 16:52:16,64.987,12.91,838.98
CO-1538,VE-24,2026-01-27 16:54:55,2026-01-27 16:54:55,39.129,12.91,505.16
CO-1539,VE-16,2026-01-27 17:27:57,2026-01-27 17:27:57,78.009,12.91,1007.1
CO-1540,VE-27,2026-01-28 12:19:30,2026-01-28 12:19:30,60.949,14.45,880.71
CO-1541,VE-15,2026-01-28 13:15:59,2026-01-28 13:15:59,40.601,12.91,524.16
CO-1542,VE-28,2026-01-28 13:53:36,2026-01-28 13:53:36,50.659,12.91,654.01
CO-1543,VE-01,2026-01-28 14:05:46,2026-01-28 14:05:46,99.111,12.91,1279.52
CO-1544,VE-17,2026-01-28 17:48:37,2026-01-28 17:48:37,57.713,14.45,833.95
CO-1545,VE-23,2026-01-30 13:05:42,2026-01-30 13:05:42,76.066,13.5,1026.89
CO-1546,VE-24,2026-01-30 16:22:23,2026-01-30 16:22:23,64.881,12.91,837.61
CO-1547,VE-03,2026-01-30 16:32:13,2026-01-30 16:32:13,93.503,12.91,1207.12
CO-1548,VE-16,2026-01-30 17:35:39,2026-01-30 17:35:39,50.172,12.91,647.72
CO-1549,VE-27,2026-01-30 18:36:06,2026-01-30 18:36:06,62.023,14.25,883.83
CO-1550,VE-13,2026-01-30 19:11:24,2026-01-30 19:11:24,56.029,12.91,723.33
CO-1551,VE-19,2026-01-31 11:10:09,2026-01-31 11:10:09,92.098,12.91,1188.99
CO-1552,VE-14,2026-01-31 13:14:56,2026-01-31 13:14:56,60.828,12.91,785.29
CO-1553,VE-26,2026-01-31 15:08:42,2026-01-31 15:08:42,65.729,12.91,848.56
CO-1554,VE-22,2026-01-31 15:25:05,2026-01-31 15:25:05,65.866,12.91,850.33
CO-1555,VE-24,2026-02-02 13:42:15,2026-02-02 13:42:15,52.34,12.91,675.71
CO-1556,VE-11,2026-02-02 14:03:35,2026-02-02 14:03:35,53.381,12.91,689.15
CO-1557,VE-15,2026-02-02 15:13:57,2026-02-02 15:13:57,61.651,12.91,795.91
CO-1558,VE-23,2026-02-02 17:05:34,2026-02-02 17:05:34,67.242,13.5,907.77
CO-1559,VE-17,2026-02-02 17:35:02,2026-02-02 17:35:02,39.621,14.25,564.6
CO-1560,VE-25,2026-02-02 18:13:19,2026-02-02 18:13:19,83.6,14.25,1191.3
CO-1561,VE-20,2026-02-02 18:23:58,2026-02-02 18:23:58,72.351,12.91,934.05
CO-1562,VE-18,2026-02-03 13:13:01,2026-02-03 13:13:01,80.296,12.91,1036.62
CO-1563,VE-16,2026-02-03 16:50:38,2026-02-03 16:50:38,66.162,12.91,854.15
CO-1564,VE-01,2026-02-04 12:03:37,2026-02-04 12:03:37,110,12.91,1420.1
CO-1565,VE-14,2026-02-04 13:12:22,2026-02-04 13:12:22,59.899,12.91,773.3
CO-1566,VE-24,2026-02-04 13:47:25,2026-02-04 13:47:25,62.746,12.91,810.05
CO-1567,VE-11,2026-02-04 13:47:36,2026-02-04 13:47:36,61.616,12.91,795.46
CO-1568,VE-17,2026-02-04 18:18:05,2026-02-04 18:18:05,53.366,14.15,755.13
CO-1569,VE-25,2026-02-04 18:23:42,2026-02-04 18:23:42,48.069,14.15,680.18
CO-1570,VE-15,2026-02-05 15:29:06,2026-02-05 15:29:06,44.086,12.67,558.57
CO-1571,VE-19,2026-02-05 15:44:34,2026-02-05 15:44:34,91.357,12.67,1157.49
CO-1572,VE-23,2026-02-05 16:04:16,2026-02-05 16:04:16,47.131,12.67,597.15
CO-1573,VE-22,2026-02-05 16:22:02,2026-02-05 16:22:02,57.44,12.67,727.76
CO-1574,VE-13,2026-02-05 16:26:27,2026-02-05 16:26:27,65.302,12.67,827.38
CO-1575,VE-03,2026-02-05 16:49:35,2026-02-05 16:49:35,89.305,12.67,1131.49
CO-1576,VE-26,2026-02-06 13:59:43,2026-02-06 13:59:43,69.786,12.67,884.19
CO-1577,VE-21,2026-02-06 14:01:30,2026-02-06 14:01:30,67.118,12.67,850.39
CO-1578,VE-24,2026-02-06 15:06:57,2026-02-06 15:06:57,39.085,12.67,495.21
CO-1579,VE-11,2026-02-06 15:22:09,2026-02-06 15:22:09,74.479,12.67,943.65
CO-1580,VE-19,2026-02-06 15:56:58,2026-02-06 15:56:58,34.706,12.67,439.73
CO-1581,VE-16,2026-02-06 20:19:06,2026-02-06 20:19:06,73.568,12.67,932.11
CO-1582,VE-20,2026-02-07 14:24:00,2026-02-07 14:24:00,62.003,12.67,785.58
CO-1583,VE-19,2026-02-07 23:35:42,2026-02-07 23:35:42,63.276,12.67,801.71
CO-1584,VE-25,2026-02-09 07:05:26,2026-02-09 07:05:26,87.319,14.15,1235.56
CO-1585,VE-17,2026-02-09 16:42:47,2026-02-09 16:42:47,83.598,14.15,1182.91
CO-1586,,2026-02-10 08:27:50,2026-02-10 08:27:50,17.373,13.39,232.62
CO-1587,,2026-02-10 08:27:50,2026-02-10 08:27:50,17.373,13.39,232.62
CO-1588,VE-23,2026-02-10 13:29:25,2026-02-10 13:29:25,66.055,12.8,845.5
CO-1589,VE-26,2026-02-10 15:48:26,2026-02-10 15:48:26,57.526,12.8,736.33
CO-1590,VE-15,2026-02-10 16:06:27,2026-02-10 16:06:27,65.176,12.8,834.25
CO-1591,VE-11,2026-02-10 16:14:04,2026-02-10 16:14:04,60.341,12.8,772.36
CO-1592,VE-24,2026-02-10 16:41:56,2026-02-10 16:41:56,61.862,12.8,791.83
CO-1593,VE-14,2026-02-10 16:49:17,2026-02-10 16:49:17,63.23,12.8,809.34
CO-1594,VE-27,2026-02-10 17:51:35,2026-02-10 17:51:35,63.504,13.39,850.32
CO-1595,VE-01,2026-02-10 19:15:13,2026-02-10 19:15:13,113.143,12.8,1448.23
CO-1596,VE-19,2026-02-10 19:31:54,2026-02-10 19:31:54,42.209,12.8,540.28
CO-1597,VE-16,2026-02-11 12:17:31,2026-02-11 12:17:31,57.407,12.8,734.81
CO-1598,VE-28,2026-02-11 16:07:02,2026-02-11 16:07:02,50.111,12.8,641.42
CO-1599,VE-18,2026-02-11 16:15:29,2026-02-11 16:15:29,83.836,12.8,1073.1
CO-1600,VE-13,2026-02-11 16:20:45,2026-02-11 16:20:45,65.08,12.8,833.02
CO-1601,VE-19,2026-02-11 21:08:01,2026-02-11 21:08:01,49.734,12.8,636.6
CO-1602,VE-24,2026-02-12 16:06:50,2026-02-12 16:06:50,61.231,12.8,783.76
CO-1603,VE-03,2026-02-12 17:08:31,2026-02-12 17:08:31,102.133,12.8,1307.3
CO-1604,VE-27,2026-02-12 18:01:12,2026-02-12 18:01:12,47.004,14.25,669.81
CO-1605,VE-19,2026-02-12 18:07:18,2026-02-12 18:07:18,37.316,12.8,477.64
CO-1606,VE-17,2026-02-12 18:22:47,2026-02-12 18:22:47,47.769,14.25,680.71
CO-1607,VE-11,2026-02-13 12:41:22,2026-02-13 12:41:22,59.334,12.8,759.48
CO-1608,VE-23,2026-02-13 12:51:06,2026-02-13 12:51:06,53.79,12.8,688.51
CO-1609,VE-22,2026-02-13 13:15:01,2026-02-13 13:15:01,82.124,12.8,1051.19
CO-1610,VE-21,2026-02-13 13:43:15,2026-02-13 13:43:15,59.602,12.8,762.91
CO-1611,VE-20,2026-02-13 18:09:20,2026-02-13 18:09:20,58.815,12.8,752.83
CO-1612,VE-19,2026-02-13 20:47:13,2026-02-13 20:47:13,69.997,12.8,895.96
CO-1613,VE-25,2026-02-14 06:04:28,2026-02-14 06:04:28,71.245,14.25,1015.24
CO-1614,VE-27,2026-02-16 11:30:37,2026-02-16 11:30:37,48.001,13.39,642.73
CO-1615,VE-15,2026-02-16 13:41:52,2026-02-16 13:41:52,44.377,12.8,568.03
CO-1616,VE-26,2026-02-16 15:44:41,2026-02-16 15:44:41,58.718,12.8,751.59
CO-1617,VE-24,2026-02-16 17:07:07,2026-02-16 17:07:07,58.849,12.8,753.27
CO-1618,VE-19,2026-02-16 19:38:26,2026-02-16 19:38:26,53.929,12.8,690.29
CO-1619,VE-11,2026-02-17 12:43:08,2026-02-17 12:43:08,56.021,12.8,717.07
CO-1620,VE-13,2026-02-17 13:59:18,2026-02-17 13:59:18,59.059,12.8,755.96
CO-1621,VE-01,2026-02-17 15:44:54,2026-02-17 15:44:54,118.375,12.8,1515.2
CO-1622,,2026-02-18 08:11:41,2026-02-18 08:11:41,17.734,12.8,227
CO-1623,,2026-02-18 08:11:41,2026-02-18 08:11:41,17.734,12.8,227
CO-1624,VE-24,2026-02-18 15:14:43,2026-02-18 15:14:43,59.087,12.8,756.31
CO-1625,VE-14,2026-02-18 17:25:17,2026-02-18 17:25:17,80.397,12.8,1029.08
CO-1626,VE-28,2026-02-18 17:36:52,2026-02-18 17:36:52,64.292,12.8,822.94
CO-1627,VE-16,2026-02-18 17:38:03,2026-02-18 17:38:03,68.761,12.8,880.14
CO-1628,VE-19,2026-02-18 19:50:36,2026-02-18 19:50:36,78.127,12.8,1000.03
CO-1629,,2026-02-19 08:44:02,2026-02-19 08:44:02,17.238,12.8,220.65
CO-1630,,2026-02-19 08:44:02,2026-02-19 08:44:02,17.238,12.8,220.65
CO-1631,VE-20,2026-02-19 12:17:55,2026-02-19 12:17:55,67.947,12.8,869.72
CO-1632,VE-15,2026-02-19 14:35:20,2026-02-19 14:35:20,49.251,12.8,630.41
CO-1633,VE-22,2026-02-19 14:36:29,2026-02-19 14:36:29,67.052,12.8,858.27
CO-1634,VE-12,2026-02-19 17:49:08,2026-02-19 17:49:08,59.145,12.8,757.06
CO-1635,VE-11,2026-02-19 17:55:51,2026-02-19 17:55:51,76.777,12.8,982.75
CO-1636,VE-19,2026-02-19 18:01:32,2026-02-19 18:01:32,46.741,12.8,598.28
CO-1637,VE-26,2026-02-20 13:59:33,2026-02-20 13:59:33,53.827,12.8,688.99
CO-1638,VE-24,2026-02-20 15:21:09,2026-02-20 15:21:09,75.658,12.8,968.42
CO-1639,VE-28,2026-02-20 17:14:11,2026-02-20 17:14:11,56.019,12.8,717.04
CO-1640,VE-16,2026-02-20 17:30:01,2026-02-20 17:30:01,65.175,12.8,834.24
CO-1641,VE-03,2026-02-20 17:50:04,2026-02-20 17:50:04,106.495,12.8,1363.14
CO-1642,VE-19,2026-02-20 18:28:10,2026-02-20 18:28:10,49.967,12.8,639.58
CO-1643,VE-17,2026-02-20 19:34:25,2026-02-20 19:34:25,94.398,12.8,1208.29
CO-1644,VE-14,2026-02-21 12:08:18,2026-02-21 12:08:18,51.552,12.8,659.87
CO-1645,VE-21,2026-02-21 12:25:06,2026-02-21 12:25:06,63.599,12.8,814.07
CO-1646,VE-01,2026-02-21 12:32:25,2026-02-21 12:32:25,97.016,12.8,1241.8
CO-1647,VE-13,2026-02-21 13:25:06,2026-02-21 13:25:06,64.565,12.8,826.43
CO-1648,VE-12,2026-02-21 16:11:23,2026-02-21 16:11:23,69.594,12.8,890.8
CO-1649,VE-11,2026-02-21 16:23:25,2026-02-21 16:23:25,59.157,12.8,757.21
CO-1650,VE-17,2026-02-23 17:56:46,2026-02-23 17:56:46,38.285,12.8,490.05
CO-1651,VE-18,2026-02-25 15:01:50,2026-02-25 15:01:50,81.686,12.94,1057.02
CO-1652,VE-24,2026-02-25 15:32:23,2026-02-25 15:32:23,77.257,12.94,999.71
CO-1653,VE-19,2026-02-25 17:09:06,2026-02-25 17:09:06,73.607,12.94,952.47
CO-1654,VE-28,2026-02-25 17:28:21,2026-02-25 17:28:21,61.564,12.94,796.64
CO-1655,VE-16,2026-02-25 18:59:17,2026-02-25 18:59:17,67.028,12.94,867.34
CO-1656,VE-11,2026-02-26 12:20:40,2026-02-26 12:20:40,57.86,12.94,748.71
CO-1657,VE-24,2026-02-26 15:16:44,2026-02-26 15:16:44,40.17,12.94,519.8
CO-1658,VE-26,2026-02-26 16:42:25,2026-02-26 16:42:25,61.86,12.94,800.47
CO-1659,VE-20,2026-02-26 16:50:05,2026-02-26 16:50:05,89.359,12.94,1156.31
CO-1660,VE-15,2026-02-26 17:05:33,2026-02-26 17:05:33,67.444,12.94,872.73
CO-1661,VE-17,2026-02-26 17:22:08,2026-02-26 17:22:08,50.201,14.25,715.36
CO-1662,VE-25,2026-02-26 17:23:20,2026-02-26 17:23:20,58.273,14.25,830.39
CO-1663,VE-22,2026-02-26 18:33:26,2026-02-26 18:33:26,74.133,12.94,959.28
CO-1664,VE-16,2026-02-27 11:55:14,2026-02-27 11:55:14,49.571,12.94,641.45
CO-1665,VE-14,2026-02-27 12:07:08,2026-02-27 12:07:08,57.897,12.94,749.19
CO-1666,VE-28,2026-02-27 12:15:11,2026-02-27 12:15:11,34.966,12.94,452.46
CO-1667,VE-03,2026-02-27 13:13:19,2026-02-27 13:13:19,85.664,12.94,1108.49
CO-1668,VE-13,2026-02-27 16:13:57,2026-02-27 16:13:57,77,12.94,996.38
CO-1669,VE-19,2026-02-27 21:57:11,2026-02-27 21:57:11,56.649,12.94,733.04
CO-1670,VE-01,2026-02-28 13:43:28,2026-02-28 13:43:28,88.585,12.94,1146.29
CO-1671,VE-27,2026-03-02 12:25:01,2026-03-02 12:25:01,61.883,14.25,881.83
CO-1672,VE-15,2026-03-02 16:00:09,2026-03-02 16:00:09,61.207,12.94,792.02
CO-1673,VE-21,2026-03-02 16:03:06,2026-03-02 16:03:06,82.765,12.94,1070.98
CO-1674,VE-24,2026-03-02 16:13:55,2026-03-02 16:13:55,51.387,12.94,664.95
CO-1675,VE-11,2026-03-02 17:21:04,2026-03-02 17:21:04,65.672,12.94,849.8
CO-1676,VE-17,2026-03-02 18:31:13,2026-03-02 18:31:13,70.365,14.25,1002.7
CO-1677,VE-19,2026-03-02 21:13:48,2026-03-02 21:13:48,33.274,12.94,430.57
CO-1678,VE-22,2026-03-03 15:04:17,2026-03-03 15:04:17,70.195,13.53,949.74
CO-1679,VE-14,2026-03-03 16:06:40,2026-03-03 16:06:40,56.873,13.53,769.49
CO-1680,VE-19,2026-03-03 17:58:22,2026-03-03 17:58:22,47.802,13.53,646.76
CO-1681,VE-28,2026-03-03 18:10:42,2026-03-03 18:10:42,31.919,13.53,431.86
CO-1682,VE-27,2026-03-03 19:21:48,2026-03-03 19:21:48,31.003,14.69,455.43
CO-1683,VE-23,2026-03-04 06:50:28,2026-03-04 06:50:28,43.889,14.69,644.73
CO-1684,VE-24,2026-03-04 15:16:37,2026-03-04 15:16:37,60.582,13.53,819.67
CO-1685,VE-26,2026-03-04 16:43:46,2026-03-04 16:43:46,66.829,13.53,904.2
CO-1686,VE-20,2026-03-04 16:58:30,2026-03-04 16:58:30,83.802,13.53,1133.84
CO-1687,VE-16,2026-03-04 17:10:02,2026-03-04 17:10:02,64.163,13.53,868.13
CO-1688,VE-12,2026-03-05 11:54:37,2026-03-05 11:54:37,42.996,15.33,659.13
CO-1689,VE-15,2026-03-05 13:07:15,2026-03-05 13:07:15,51.967,15.33,796.65
CO-1690,VE-14,2026-03-05 16:24:11,2026-03-05 16:24:11,54.39,15.33,833.8
CO-1691,VE-11,2026-03-05 17:05:33,2026-03-05 17:05:33,74.386,15.33,1140.34
CO-1692,VE-13,2026-03-05 17:35:10,2026-03-05 17:35:10,48.433,15.33,742.48
CO-1693,VE-17,2026-03-05 18:04:52,2026-03-05 18:04:52,57.957,16.99,984.69
CO-1694,VE-28,2026-03-05 18:08:42,2026-03-05 18:08:42,63.418,15.33,972.2
CO-1695,VE-01,2026-03-05 18:14:30,2026-03-05 18:14:30,107.36,15.33,1645.83
CO-1696,VE-24,2026-03-05 18:14:41,2026-03-05 18:14:41,53.44,15.33,819.24
CO-1697,VE-23,2026-03-05 18:24:58,2026-03-05 18:24:58,46.704,16.99,793.5
CO-1698,VE-19,2026-03-05 19:19:48,2026-03-05 19:19:48,82.026,15.33,1257.46
CO-1699,VE-03,2026-03-06 15:38:12,2026-03-06 15:38:12,85.016,16.51,1403.61
CO-1700,VE-16,2026-03-06 15:53:08,2026-03-06 15:53:08,64.414,16.51,1063.48
CO-1701,VE-28,2026-03-06 16:17:11,2026-03-06 16:17:11,38.003,16.51,627.43
CO-1702,VE-19,2026-03-06 17:40:29,2026-03-06 17:40:29,34.296,16.51,566.23
CO-1703,VE-25,2026-03-07 06:12:41,2026-03-07 06:12:41,74.116,17.99,1333.35
CO-1704,,2026-03-07 07:48:41,2026-03-07 07:48:41,17.638,20.29,357.88
CO-1705,,2026-03-07 07:48:41,2026-03-07 07:48:41,17.638,20.29,357.88
CO-1706,VE-24,2026-03-07 14:41:17,2026-03-07 14:41:17,67.525,16.51,1114.84
CO-1707,VE-14,2026-03-07 14:52:46,2026-03-07 14:52:46,61.634,16.51,1017.58
CO-1708,VE-19,2026-03-07 14:58:14,2026-03-07 14:58:14,67.709,16.51,1117.88
CO-1709,VE-11,2026-03-07 15:13:39,2026-03-07 15:13:39,76.457,16.51,1262.31
CO-1710,VE-23,2026-03-07 15:59:26,2026-03-07 15:59:26,57.706,17.99,1038.13
CO-1711,VE-21,2026-03-09 15:20:47,2026-03-09 15:20:47,75.902,16.51,1253.14
CO-1712,VE-16,2026-03-09 15:32:31,2026-03-09 15:32:31,58.247,16.51,961.66
CO-1713,VE-19,2026-03-09 15:50:09,2026-03-09 15:50:09,74.51,16.51,1230.16
CO-1714,VE-15,2026-03-09 16:10:20,2026-03-09 16:10:20,46.013,16.51,759.67
CO-1715,VE-22,2026-03-09 17:06:10,2026-03-09 17:06:10,83.194,16.51,1373.53
CO-1716,,2026-03-09 17:39:31,2026-03-09 17:39:31,16.759,16.51,276.69
CO-1717,,2026-03-09 17:39:31,2026-03-09 17:39:31,16.759,16.51,276.69
CO-1718,VE-14,2026-03-09 17:54:27,2026-03-09 17:54:27,48.044,16.51,793.21
CO-1719,VE-28,2026-03-09 18:24:44,2026-03-09 18:24:44,37.328,16.51,616.29
CO-1720,VE-20,2026-03-10 13:39:36,2026-03-10 13:39:36,62.587,17.07,1068.36
CO-1721,VE-17,2026-03-10 14:25:02,2026-03-10 14:25:02,70.63,19.49,1376.58
CO-1722,VE-11,2026-03-10 15:51:24,2026-03-10 15:51:24,73.641,17.07,1257.05
CO-1723,VE-19,2026-03-10 16:33:25,2026-03-10 16:33:25,36.393,17.07,621.23
CO-1724,VE-01,2026-03-10 16:38:09,2026-03-10 16:38:09,124.881,17.07,2131.72
CO-1725,VE-27,2026-03-10 17:54:24,2026-03-10 17:54:24,65.669,19.49,1279.89
CO-1726,VE-25,2026-03-10 18:01:50,2026-03-10 18:01:50,75.421,19.49,1469.96
CO-1727,VE-18,2026-03-10 18:54:43,2026-03-10 18:54:43,65.191,17.07,1112.81
CO-1728,VE-24,2026-03-10 19:12:25,2026-03-10 19:12:25,79.933,17.07,1364.46
CO-1729,VE-23,2026-03-11 11:48:21,2026-03-11 11:48:21,64.745,19.49,1261.88
CO-1730,VE-16,2026-03-11 14:47:19,2026-03-11 14:47:19,62.478,17.07,1066.5
CO-1731,VE-03,2026-03-11 16:05:55,2026-03-11 16:05:55,103.508,17.07,1766.88
CO-1732,VE-28,2026-03-11 16:16:55,2026-03-11 16:16:55,57.548,17.07,982.34
CO-1733,VE-24,2026-03-12 10:47:15,2026-03-12 10:47:15,60.131,17.07,1026.44
CO-1734,VE-14,2026-03-12 11:08:26,2026-03-12 11:08:26,69.407,17.07,1184.78
CO-1735,VE-11,2026-03-12 11:41:38,2026-03-12 11:41:38,44.519,17.07,759.94
CO-1736,VE-15,2026-03-12 14:27:54,2026-03-12 14:27:54,61.663,17.07,1052.59
CO-1737,VE-27,2026-03-12 17:55:39,2026-03-12 17:55:39,60.004,19.49,1169.48
CO-1738,VE-25,2026-03-12 18:26:23,2026-03-12 18:26:23,83.293,19.49,1623.38
CO-1739,VE-23,2026-03-12 21:07:28,2026-03-12 21:07:28,54.291,19.49,1058.13
CO-1740,VE-19,2026-03-13 14:00:58,2026-03-13 14:00:58,73.659,17.07,1257.36
CO-1741,VE-21,2026-03-13 14:46:18,2026-03-13 14:46:18,69.299,17.07,1182.93
CO-1742,VE-28,2026-03-13 15:55:45,2026-03-13 15:55:45,47.635,17.07,813.13
CO-1743,VE-20,2026-03-13 16:31:44,2026-03-13 16:31:44,65.526,17.07,1118.53
CO-1744,VE-22,2026-03-13 16:47:39,2026-03-13 16:47:39,78.258,17.07,1335.86
CO-1745,VE-16,2026-03-13 16:49:43,2026-03-13 16:49:43,52.565,17.07,897.28
CO-1746,VE-26,2026-03-13 17:24:20,2026-03-13 17:24:20,60.443,17.07,1031.76
CO-1747,VE-01,2026-03-14 10:18:32,2026-03-14 10:18:32,97.498,17.07,1664.29
CO-1748,VE-24,2026-03-14 12:11:39,2026-03-14 12:11:39,64.366,17.07,1098.73
CO-1749,VE-18,2026-03-14 14:50:29,2026-03-14 14:50:29,80.228,17.07,1369.49
CO-1750,VE-27,2026-03-16 05:17:05,2026-03-16 05:17:05,73.002,17.07,1246.14
CO-1751,VE-28,2026-03-16 11:46:03,2026-03-16 11:46:03,34.565,17.07,590.02
CO-1752,VE-15,2026-03-16 16:19:35,2026-03-16 16:19:35,47.337,17.07,808.04
CO-1753,VE-27,2026-03-16 18:16:24,2026-03-16 18:16:24,43.004,18.99,816.65
CO-1754,VE-25,2026-03-17 06:23:13,2026-03-17 06:23:13,52.408,18.99,995.23
CO-1755,VE-14,2026-03-17 18:03:03,2026-03-17 18:03:03,82.579,20.4,1684.61
CO-1756,VE-16,2026-03-17 18:09:17,2026-03-17 18:09:17,63.683,20.4,1299.13
CO-1757,VE-19,2026-03-17 18:26:42,2026-03-17 18:26:42,73.529,20.4,1500
CO-1758,VE-27,2026-03-18 13:03:15,2026-03-18 13:03:15,61.003,21.49,1310.95
CO-1759,VE-22,2026-03-18 14:20:22,2026-03-18 14:20:22,71.708,20.4,1462.84
CO-1760,VE-11,2026-03-18 14:39:39,2026-03-18 14:39:39,39.646,20.4,808.78
CO-1761,VE-03,2026-03-18 14:44:04,2026-03-18 14:44:04,92.272,20.4,1882.35
CO-1762,VE-24,2026-03-18 15:05:33,2026-03-18 15:05:33,48.136,20.4,981.97
CO-1763,VE-28,2026-03-18 16:46:36,2026-03-18 16:46:36,52.545,20.4,1071.92
CO-1764,VE-26,2026-03-18 17:17:02,2026-03-18 17:17:02,70.375,20.4,1435.65
CO-1765,VE-12,2026-03-19 16:31:56,2026-03-19 16:31:56,53.825,20.4,1098.03
CO-1766,VE-16,2026-03-19 16:37:47,2026-03-19 16:37:47,54.509,20.4,1111.98
CO-1767,VE-21,2026-03-19 16:43:50,2026-03-19 16:43:50,72.694,20.4,1482.96
CO-1768,VE-15,2026-03-19 16:59:19,2026-03-19 16:59:19,66.997,20.4,1366.74
CO-1769,VE-28,2026-03-19 17:13:24,2026-03-19 17:13:24,36.004,20.4,734.48
CO-1770,VE-14,2026-03-19 17:31:58,2026-03-19 17:31:58,48.785,20.4,995.21
CO-1771,VE-27,2026-03-19 18:05:30,2026-03-19 18:05:30,55.006,21.49,1182.08
CO-1772,VE-25,2026-03-20 16:55:39,2026-03-20 16:55:39,87.131,20.4,1777.47
CO-1773,VE-28,2026-03-20 17:03:26,2026-03-20 17:03:26,42.259,20.4,862.08
CO-1774,VE-11,2026-03-20 18:12:59,2026-03-20 18:12:59,59.048,20.4,1204.58
CO-1775,VE-01,2026-03-20 18:38:41,2026-03-20 18:38:41,103.668,20.4,2114.83
CO-1776,VE-24,2026-03-20 19:00:32,2026-03-20 19:00:32,78.485,20.4,1601.09
CO-1777,VE-19,2026-03-20 19:27:28,2026-03-20 19:27:28,84.605,20.4,1725.94
CO-1778,VE-20,2026-03-20 19:33:13,2026-03-20 19:33:13,67.91,20.4,1385.36
CO-1779,VE-16,2026-03-21 12:43:57,2026-03-21 12:43:57,52.66,20.4,1074.26
CO-1780,VE-18,2026-03-21 13:46:55,2026-03-21 13:46:55,79.415,20.4,1620.07
CO-1781,VE-27,2026-03-21 16:04:42,2026-03-21 16:04:42,65.503,20.4,1336.26
CO-1782,VE-26,2026-03-23 16:20:43,2026-03-23 16:20:43,81.636,20.4,1665.37
CO-1783,VE-14,2026-03-23 17:02:43,2026-03-23 17:02:43,71.22,20.4,1452.89
CO-1784,VE-28,2026-03-23 17:03:10,2026-03-23 17:03:10,46.505,20.4,948.7
CO-1785,VE-24,2026-03-23 17:16:48,2026-03-23 17:16:48,55.853,20.4,1139.4
CO-1786,VE-27,2026-03-23 19:33:17,2026-03-23 19:33:17,47.011,21.49,1010.27
CO-1787,VE-17,2026-03-23 21:04:51,2026-03-23 21:04:51,75.551,20.4,1541.24
CO-1788,VE-15,2026-03-24 14:58:54,2026-03-24 14:58:54,62.441,22.08,1378.7
CO-1789,VE-22,2026-03-24 17:39:26,2026-03-24 17:39:26,86.794,22.08,1916.41
CO-1790,VE-27,2026-03-24 18:04:45,2026-03-24 18:04:45,36.923,22.29,823.01
CO-1791,VE-03,2026-03-25 13:37:29,2026-03-25 13:37:29,100.014,22.08,2208.31
CO-1792,VE-11,2026-03-25 13:41:08,2026-03-25 13:41:08,63.077,22.08,1392.74
CO-1793,VE-01,2026-03-25 15:30:41,2026-03-25 15:30:41,93.412,22.08,2062.54
CO-1794,VE-24,2026-03-25 15:59:00,2026-03-25 15:59:00,48.976,22.08,1081.39
CO-1795,VE-20,2026-03-25 16:09:55,2026-03-25 16:09:55,64.44,22.08,1422.84
CO-1796,VE-21,2026-03-25 16:27:22,2026-03-25 16:27:22,74.922,22.08,1654.28
CO-1797,VE-28,2026-03-25 16:54:20,2026-03-25 16:54:20,25.132,22.08,554.91
CO-1798,VE-17,2026-03-25 17:06:07,2026-03-25 17:06:07,50.853,22.29,1133.51
CO-1799,VE-19,2026-03-25 18:05:17,2026-03-25 18:05:17,79.201,22.08,1748.76
CO-1800,VE-27,2026-03-26 13:36:54,2026-03-26 13:36:54,60.547,21.99,1331.43
CO-1801,VE-16,2026-03-26 17:37:34,2026-03-26 17:37:34,68.893,22.08,1521.16
CO-1802,VE-15,2026-03-27 16:25:40,2026-03-27 16:25:40,44.085,20.9,921.38
CO-1803,VE-14,2026-03-27 16:49:16,2026-03-27 16:49:16,71.991,20.9,1504.61
CO-1804,VE-26,2026-03-27 17:04:53,2026-03-27 17:04:53,66.631,20.9,1392.59
CO-1805,VE-18,2026-03-27 17:10:40,2026-03-27 17:10:40,89.321,20.9,1866.81
CO-1806,VE-13,2026-03-27 17:23:20,2026-03-27 17:23:20,49.764,20.9,1040.07
CO-1807,VE-24,2026-03-27 17:47:22,2026-03-27 17:47:22,75.437,20.9,1576.63
CO-1808,VE-11,2026-03-27 19:12:59,2026-03-27 19:12:59,82.652,20.9,1727.43
CO-1809,VE-27,2026-03-27 19:37:04,2026-03-27 19:37:04,53,21.99,1165.47
CO-1810,VE-21,2026-03-28 15:02:00,2026-03-28 15:02:00,64.292,20.9,1343.7
CO-1811,VE-19,2026-03-28 15:34:20,2026-03-28 15:34:20,87.847,20.9,1836
CO-1812,VE-16,2026-03-28 15:43:48,2026-03-28 15:43:48,69.502,20.9,1452.59
CO-1813,VE-03,2026-03-28 16:18:01,2026-03-28 16:18:01,81.311,20.9,1699.4
CO-1814,VE-20,2026-03-28 16:26:46,2026-03-28 16:26:46,69.77,20.9,1458.19
CO-1815,VE-22,2026-03-28 16:36:15,2026-03-28 16:36:15,82.251,20.9,1719.05
CO-1816,VE-28,2026-03-30 15:56:35,2026-03-30 15:56:35,72.31,20.9,1511.28
CO-1817,VE-15,2026-03-30 16:42:27,2026-03-30 16:42:27,53.397,20.9,1116
CO-1818,VE-11,2026-03-30 17:08:05,2026-03-30 17:08:05,77.448,20.9,1618.66
CO-1819,VE-14,2026-03-30 17:25:50,2026-03-30 17:25:50,67.999,20.9,1421.18
CO-1820,VE-27,2026-03-30 17:32:02,2026-03-30 17:32:02,53.002,20.9,1107.74
CO-1821,VE-24,2026-03-30 18:05:28,2026-03-30 18:05:28,79.187,20.9,1655.01
CO-1822,VE-17,2026-03-31 13:05:18,2026-03-31 13:05:18,79.947,22.69,1814
CO-1823,VE-27,2026-03-31 18:12:15,2026-03-31 18:12:15,41.005,22.69,930.4
CO-1824,VE-26,2026-03-31 18:31:42,2026-03-31 18:31:42,68.685,22.06,1515.19
CO-1825,VE-16,2026-03-31 18:44:14,2026-03-31 18:44:14,70.712,22.06,1559.91
CO-1826,VE-01,2026-03-31 19:16:46,2026-03-31 19:16:46,114.293,22.06,2521.3
CO-1827,VE-20,2026-03-31 19:32:38,2026-03-31 19:32:38,54.526,22.06,1202.84
CO-1828,VE-19,2026-04-01 12:53:50,2026-04-01 12:53:50,83.966,21.35,1792.67
CO-1829,VE-11,2026-04-01 17:06:01,2026-04-01 17:06:01,76.598,21.35,1635.37
CO-1830,VE-24,2026-04-01 17:25:29,2026-04-01 17:25:29,76.101,21.35,1624.76
CO-1831,VE-22,2026-04-01 17:28:21,2026-04-01 17:28:21,74.039,21.35,1580.73
CO-1832,VE-13,2026-04-01 18:17:34,2026-04-01 18:17:34,63.153,21.35,1348.32
CO-1833,VE-21,2026-04-01 19:06:18,2026-04-01 19:06:18,70.435,21.35,1503.79
CO-1834,VE-14,2026-04-01 19:17:40,2026-04-01 19:17:40,64.543,21.35,1377.99
CO-1835,VE-17,2026-04-02 16:04:39,2026-04-02 16:04:39,65.079,21.35,1389.44
CO-1836,VE-18,2026-04-04 13:30:28,2026-04-04 13:30:28,82.053,20.41,1674.7
CO-1837,VE-16,2026-04-04 15:26:53,2026-04-04 15:26:53,67.886,20.41,1385.55
CO-1838,VE-03,2026-04-04 20:08:19,2026-04-04 20:08:19,105.071,20.41,2144.5
CO-1839,VE-27,2026-04-06 05:21:37,2026-04-06 05:21:37,72.001,20.41,1469.54
CO-1840,VE-11,2026-04-06 12:27:52,2026-04-06 12:27:52,58.026,20.41,1184.31
CO-1841,VE-19,2026-04-06 12:46:34,2026-04-06 12:46:34,75.828,20.41,1547.65
CO-1842,VE-24,2026-04-06 12:53:58,2026-04-06 12:53:58,26.795,20.41,546.89
CO-1843,VE-14,2026-04-06 15:52:17,2026-04-06 15:52:17,61.522,20.41,1255.66
CO-1844,VE-13,2026-04-06 16:51:43,2026-04-06 16:51:43,69.714,20.41,1422.86
CO-1845,VE-20,2026-04-06 17:49:09,2026-04-06 17:49:09,73.034,20.41,1490.62
CO-1846,VE-26,2026-04-07 14:28:32,2026-04-07 14:28:32,81.163,21.56,1749.87
CO-1847,VE-15,2026-04-07 18:14:24,2026-04-07 18:14:24,53.798,21.56,1159.88
CO-1848,VE-27,2026-04-07 18:23:13,2026-04-07 18:23:13,52.002,23.99,1247.53
CO-1849,VE-22,2026-04-07 19:55:08,2026-04-07 19:55:08,57.192,21.56,1233.06
CO-1850,VE-12,2026-04-08 15:34:41,2026-04-08 15:34:41,68.046,21.56,1467.07
CO-1851,VE-24,2026-04-08 15:58:07,2026-04-08 15:58:07,64.142,21.56,1382.9
CO-1852,VE-11,2026-04-08 16:58:37,2026-04-08 16:58:37,63.471,21.56,1368.43
CO-1853,VE-16,2026-04-08 17:31:09,2026-04-08 17:31:09,80.229,21.56,1729.74
CO-1854,VE-01,2026-04-08 17:43:47,2026-04-08 17:43:47,122.329,21.56,2637.41
CO-1855,VE-21,2026-04-08 17:47:57,2026-04-08 17:47:57,82.715,21.56,1783.34
CO-1856,VE-28,2026-04-08 18:10:24,2026-04-08 18:10:24,53.221,21.56,1147.44
CO-1857,VE-19,2026-04-09 14:52:46,2026-04-09 14:52:46,73.544,21.56,1585.61
CO-1858,VE-03,2026-04-09 15:11:56,2026-04-09 15:11:56,92.167,21.56,1987.12
CO-1859,VE-17,2026-04-09 15:40:04,2026-04-09 15:40:04,64.962,21.56,1400.58
CO-1860,VE-20,2026-04-09 15:48:08,2026-04-09 15:48:08,52.239,21.56,1126.27
CO-1861,,2026-04-09 16:19:02,2026-04-09 16:19:02,16.464,21.56,354.96
CO-1862,,2026-04-09 16:19:02,2026-04-09 16:19:02,16.464,21.56,354.96
CO-1863,VE-14,2026-04-09 17:31:19,2026-04-09 17:31:19,64.137,21.56,1382.79
CO-1864,VE-27,2026-04-09 18:12:08,2026-04-09 18:12:08,68.729,23.99,1648.81
CO-1865,VE-15,2026-04-10 11:41:20,2026-04-10 11:41:20,65.077,19.79,1287.87
CO-1866,VE-28,2026-04-10 11:50:41,2026-04-10 11:50:41,41.149,19.79,814.34
CO-1867,VE-18,2026-04-10 12:11:31,2026-04-10 12:11:31,72.67,19.79,1438.14
CO-1868,VE-22,2026-04-10 13:15:15,2026-04-10 13:15:15,64,19.79,1266.56
CO-1869,VE-26,2026-04-10 13:16:25,2026-04-10 13:16:25,67.322,19.79,1332.3
CO-1870,VE-11,2026-04-11 10:56:05,2026-04-11 10:56:05,57.052,19.79,1129.06
CO-1871,VE-16,2026-04-11 11:07:04,2026-04-11 11:07:04,46.298,19.79,916.24
CO-1872,VE-21,2026-04-13 17:56:56,2026-04-13 17:56:56,68.243,20.38,1390.79
CO-1873,VE-28,2026-04-13 18:28:07,2026-04-13 18:28:07,45.58,20.38,928.92
CO-1874,VE-19,2026-04-14 08:44:51,2026-04-14 08:44:51,84.113,21.15,1778.99
CO-1875,VE-25,2026-04-14 17:22:56,2026-04-14 17:22:56,101.52,21.15,2147.15
CO-1876,VE-22,2026-04-14 17:32:01,2026-04-14 17:32:01,65.719,21.15,1389.96
CO-1877,VE-17,2026-04-14 17:35:24,2026-04-14 17:35:24,73.958,23.49,1737.27
CO-1878,VE-20,2026-04-14 18:17:40,2026-04-14 18:17:40,55.329,21.15,1170.21
CO-1879,VE-14,2026-04-14 18:20:27,2026-04-14 18:20:27,60.82,21.15,1286.34
CO-1880,VE-16,2026-04-14 18:37:01,2026-04-14 18:37:01,48.324,21.15,1022.05
CO-1881,VE-24,2026-04-14 18:42:35,2026-04-14 18:42:35,44.255,21.15,935.99
CO-1882,VE-01,2026-04-15 12:55:16,2026-04-15 12:55:16,98.831,21.15,2090.28
CO-1883,VE-26,2026-04-15 14:45:09,2026-04-15 14:45:09,83.939,21.15,1775.31
CO-1884,VE-15,2026-04-15 16:21:03,2026-04-15 16:21:03,73.694,21.15,1558.63
CO-1885,VE-11,2026-04-15 16:27:42,2026-04-15 16:27:42,44.413,21.15,939.33
CO-1886,VE-27,2026-04-16 05:25:33,2026-04-16 05:25:33,62.503,23.49,1468.2
CO-1887,VE-03,2026-04-16 16:36:37,2026-04-16 16:36:37,95.379,21.7,2069.72
CO-1888,VE-24,2026-04-16 17:00:38,2026-04-16 17:00:38,43.49,21.7,943.73
CO-1889,VE-19,2026-04-16 18:09:50,2026-04-16 18:09:50,78.414,21.7,1701.58
CO-1890,VE-18,2026-04-17 13:56:48,2026-04-17 13:56:48,80.012,21.7,1736.26
CO-1891,VE-11,2026-04-17 14:09:05,2026-04-17 14:09:05,49.261,21.7,1068.96
CO-1892,VE-20,2026-04-17 16:16:09,2026-04-17 16:16:09,74.802,21.7,1623.2
CO-1893,VE-22,2026-04-17 16:55:29,2026-04-17 16:55:29,58.288,21.7,1264.85
CO-1894,VE-17,2026-04-17 17:27:47,2026-04-17 17:27:47,69.453,23.49,1631.45
CO-1895,VE-16,2026-04-17 17:30:09,2026-04-17 17:30:09,55.145,21.7,1196.65
CO-1896,VE-28,2026-04-17 17:42:42,2026-04-17 17:42:42,43.288,21.7,939.35
CO-1897,VE-25,2026-04-17 17:42:50,2026-04-17 17:42:50,54.9,21.7,1191.33
CO-1898,VE-19,2026-04-17 20:02:31,2026-04-17 20:02:31,38.029,21.7,825.23
CO-1899,,2026-04-18 07:35:05,2026-04-18 07:35:05,18.464,21.45,396.05
CO-1900,,2026-04-18 07:35:05,2026-04-18 07:35:05,18.464,21.45,396.05
CO-1901,VE-14,2026-04-18 14:30:33,2026-04-18 14:30:33,60.016,21.45,1287.34
CO-1902,VE-23,2026-04-18 15:19:24,2026-04-18 15:19:24,74.609,21.45,1600.36
CO-1903,VE-27,2026-04-20 05:00:07,2026-04-20 05:00:07,71.627,21.45,1536.4
CO-1904,VE-11,2026-04-20 16:35:01,2026-04-20 16:35:01,60.647,21.45,1300.88
CO-1905,VE-21,2026-04-20 17:16:09,2026-04-20 17:16:09,72.359,21.45,1552.1
CO-1906,VE-28,2026-04-20 17:19:16,2026-04-20 17:19:16,35.075,21.45,752.36
CO-1907,VE-15,2026-04-20 17:37:17,2026-04-20 17:37:17,70.97,21.45,1522.31
CO-1908,VE-17,2026-04-20 17:55:41,2026-04-20 17:55:41,63.998,22.99,1471.31
CO-1909,VE-19,2026-04-20 18:10:45,2026-04-20 18:10:45,77.518,21.45,1662.76
CO-1910,VE-24,2026-04-21 16:33:42,2026-04-21 16:33:42,72.585,20.22,1467.67
CO-1911,VE-25,2026-04-21 17:45:47,2026-04-21 17:45:47,46.378,20.22,937.76
CO-1912,VE-27,2026-04-21 18:48:40,2026-04-21 18:48:40,67.357,22.99,1548.54
CO-1913,,2026-04-21 20:36:11,2026-04-21 20:36:11,16.884,20.22,341.39
CO-1914,,2026-04-21 20:36:11,2026-04-21 20:36:11,16.884,20.22,341.39
CO-1915,VE-13,2026-04-21 20:36:47,2026-04-21 20:36:47,55.295,20.22,1118.06
CO-1916,VE-18,2026-04-22 13:38:06,2026-04-22 13:38:06,80.282,20.22,1623.3
CO-1917,VE-01,2026-04-22 15:42:47,2026-04-22 15:42:47,106.165,20.22,2146.66
CO-1918,VE-19,2026-04-22 16:09:00,2026-04-22 16:09:00,80.421,20.22,1626.11
CO-1919,VE-23,2026-04-22 16:24:06,2026-04-22 16:24:06,49.01,20.22,990.98
CO-1920,VE-16,2026-04-22 18:07:58,2026-04-22 18:07:58,70.726,20.22,1430.08
CO-1921,VE-28,2026-04-22 18:12:09,2026-04-22 18:12:09,36.968,20.22,747.49
CO-1922,VE-20,2026-04-23 10:07:52,2026-04-23 10:07:52,55.556,20.22,1123.34
CO-1923,VE-14,2026-04-23 15:15:53,2026-04-23 15:15:53,67.006,20.22,1354.86
CO-1924,VE-24,2026-04-23 16:08:11,2026-04-23 16:08:11,72.445,20.22,1464.84
CO-1925,VE-03,2026-04-23 16:32:39,2026-04-23 16:32:39,106.869,20.22,2160.89
CO-1926,VE-15,2026-04-23 16:47:28,2026-04-23 16:47:28,60.799,20.22,1229.36
CO-1927,VE-17,2026-04-23 17:23:56,2026-04-23 17:23:56,50.825,22.99,1168.47
CO-1928,VE-27,2026-04-23 18:24:33,2026-04-23 18:24:33,67.006,22.99,1540.47
CO-1929,VE-22,2026-04-23 18:28:35,2026-04-23 18:28:35,84.85,20.22,1715.67
CO-1930,VE-21,2026-04-24 16:21:17,2026-04-24 16:21:17,72.229,20.22,1460.47
CO-1931,VE-16,2026-04-24 16:46:51,2026-04-24 16:46:51,54.752,20.22,1107.09
CO-1932,VE-28,2026-04-24 17:24:09,2026-04-24 17:24:09,61.813,20.22,1249.86
CO-1933,VE-13,2026-04-24 17:35:11,2026-04-24 17:35:11,68.06,20.22,1376.17
CO-1934,VE-11,2026-04-24 18:39:46,2026-04-24 18:39:46,61.46,20.22,1242.72
CO-1935,VE-19,2026-04-25 12:12:28,2026-04-25 12:12:28,83.695,20.49,1714.91
CO-1936,VE-18,2026-04-25 15:07:08,2026-04-25 15:07:08,66.197,20.49,1356.38
CO-1937,VE-25,2026-04-25 15:27:55,2026-04-25 15:27:55,63.312,20.49,1297.26
CO-1938,VE-23,2026-04-25 15:39:13,2026-04-25 15:39:13,62.275,20.49,1276.01
CO-1939,VE-24,2026-04-25 15:52:05,2026-04-25 15:52:05,55.167,20.49,1130.37
CO-1940,VE-27,2026-04-27 04:58:33,2026-04-27 04:58:33,56,20.49,1147.44
CO-1941,VE-15,2026-04-27 15:25:56,2026-04-27 15:25:56,65.419,20.49,1340.44
CO-1942,VE-28,2026-04-27 16:40:14,2026-04-27 16:40:14,43.001,20.49,881.09
CO-1943,VE-14,2026-04-27 17:32:42,2026-04-27 17:32:42,68.627,20.49,1406.17
CO-1944,VE-11,2026-04-27 17:47:04,2026-04-27 17:47:04,64.36,20.49,1318.74
CO-1945,VE-24,2026-04-28 16:20:25,2026-04-28 16:20:25,58.276,19.69,1147.45
CO-1946,VE-28,2026-04-28 16:56:48,2026-04-28 16:56:48,32.785,19.69,645.54
CO-1947,VE-13,2026-04-28 17:16:44,2026-04-28 17:16:44,69.311,19.69,1364.73
CO-1948,VE-16,2026-04-28 17:18:21,2026-04-28 17:18:21,68.995,19.69,1358.51
CO-1949,VE-23,2026-04-28 17:40:03,2026-04-28 17:40:03,59.045,19.69,1162.6
CO-1950,VE-22,2026-04-28 18:08:10,2026-04-28 18:08:10,83.854,19.69,1651.09
CO-1951,VE-03,2026-04-28 18:13:12,2026-04-28 18:13:12,97.604,19.69,1921.82
CO-1952,VE-20,2026-04-28 18:35:31,2026-04-28 18:35:31,55.614,19.69,1095.04
CO-1953,VE-01,2026-04-28 18:58:59,2026-04-28 18:58:59,128.467,19.69,2529.52
CO-1954,VE-27,2026-04-28 20:14:08,2026-04-28 20:14:08,66.001,22.99,1517.36
CO-1955,,2026-04-29 08:58:01,2026-04-29 08:58:01,18.01,19.69,354.62
CO-1956,,2026-04-29 08:58:01,2026-04-29 08:58:01,18.01,19.69,354.62
CO-1957,VE-15,2026-04-29 12:31:12,2026-04-29 12:31:12,43.485,19.69,856.22
CO-1958,VE-21,2026-04-29 14:11:12,2026-04-29 14:11:12,64.509,19.69,1270.18
CO-1959,VE-19,2026-04-29 18:10:57,2026-04-29 18:10:57,66.69,19.69,1313.13
CO-1960,VE-14,2026-04-30 11:42:27,2026-04-30 11:42:27,63.204,20.51,1296.31
CO-1961,VE-24,2026-04-30 11:43:11,2026-04-30 11:43:11,41.74,20.51,856.09
CO-1962,VE-11,2026-04-30 11:59:21,2026-04-30 11:59:21,59.019,20.51,1210.48
CO-1963,VE-28,2026-05-02 13:23:26,2026-05-02 13:23:26,50.426,21.49,1083.65
CO-1964,VE-20,2026-05-02 15:05:41,2026-05-02 15:05:41,65.515,21.49,1407.92
CO-1965,VE-19,2026-05-03 00:36:58,2026-05-03 00:36:58,74.597,21.49,1603.09
CO-1966,VE-27,2026-05-04 13:07:35,2026-05-04 13:07:35,61.003,22.99,1402.46
CO-1967,VE-22,2026-05-04 15:36:20,2026-05-04 15:36:20,66.965,21.49,1439.08
CO-1968,VE-18,2026-05-04 15:56:38,2026-05-04 15:56:38,88.05,21.49,1892.19
CO-1969,VE-23,2026-05-04 16:01:41,2026-05-04 16:01:41,56.782,21.49,1220.25
CO-1970,VE-24,2026-05-04 16:04:36,2026-05-04 16:04:36,42.719,21.49,918.03
CO-1971,VE-13,2026-05-04 16:26:21,2026-05-04 16:26:21,79.502,21.49,1708.5
CO-1972,VE-25,2026-05-04 17:44:58,2026-05-04 17:44:58,93.532,21.49,2010
CO-1973,VE-16,2026-05-04 18:14:40,2026-05-04 18:14:40,69.004,21.49,1482.9
CO-1974,VE-19,2026-05-04 19:06:17,2026-05-04 19:06:17,28.172,21.49,605.42
CO-1975,VE-28,2026-05-05 14:31:15,2026-05-05 14:31:15,39.537,22.8,901.44
CO-1976,VE-15,2026-05-05 14:34:52,2026-05-05 14:34:52,86.969,22.8,1982.89
CO-1977,VE-14,2026-05-05 14:58:48,2026-05-05 14:58:48,54.444,22.8,1241.32
CO-1978,VE-21,2026-05-05 16:33:52,2026-05-05 16:33:52,59.116,22.8,1347.84
CO-1979,VE-20,2026-05-05 17:23:51,2026-05-05 17:23:51,57.989,22.8,1322.15
CO-1980,VE-27,2026-05-05 18:44:32,2026-05-05 18:44:32,50.452,23.99,1210.34
CO-1981,VE-03,2026-05-06 14:04:14,2026-05-06 14:04:14,87.239,22.8,1989.05
CO-1982,VE-01,2026-05-06 14:39:17,2026-05-06 14:39:17,123.262,22.8,2810.37
CO-1983,VE-11,2026-05-06 15:44:42,2026-05-06 15:44:42,58.002,22.8,1322.45
CO-1984,VE-19,2026-05-06 21:24:17,2026-05-06 21:24:17,57.424,22.8,1309.27
CO-1985,VE-24,2026-05-07 15:16:15,2026-05-07 15:16:15,76.076,23.39,1779.42
CO-1986,VE-16,2026-05-07 16:35:23,2026-05-07 16:35:23,68.458,23.39,1601.23
CO-1987,VE-25,2026-05-07 16:44:22,2026-05-07 16:44:22,44.905,23.39,1050.33
CO-1988,VE-23,2026-05-07 17:05:25,2026-05-07 17:05:25,58.77,23.39,1374.63
CO-1989,VE-13,2026-05-07 17:19:23,2026-05-07 17:19:23,53.268,23.39,1245.94
CO-1990,VE-28,2026-05-07 17:23:22,2026-05-07 17:23:22,55.269,23.39,1292.74
CO-1991,VE-27,2026-05-07 18:28:47,2026-05-07 18:28:47,63,23.49,1479.87
CO-1992,VE-15,2026-05-08 17:01:11,2026-05-08 17:01:11,74.567,22.32,1664.34
CO-1993,VE-24,2026-05-08 17:09:42,2026-05-08 17:09:42,44.682,22.32,997.3
CO-1994,VE-22,2026-05-08 17:21:49,2026-05-08 17:21:49,73.236,22.32,1634.63
CO-1995,VE-14,2026-05-08 17:30:39,2026-05-08 17:30:39,77.083,22.32,1720.49
CO-1996,VE-28,2026-05-08 17:30:54,2026-05-08 17:30:54,30.69,22.32,685
CO-1997,VE-19,2026-05-08 18:10:16,2026-05-08 18:10:16,70.691,22.32,1577.82
CO-1998,VE-20,2026-05-08 18:20:44,2026-05-08 18:20:44,47.764,22.32,1066.09
CO-1999,VE-11,2026-05-09 14:37:21,2026-05-09 14:37:21,77.937,22.32,1739.55
CO-2000,VE-21,2026-05-09 15:10:44,2026-05-09 15:10:44,72.089,22.32,1609.03
CO-2001,VE-16,2026-05-09 17:30:09,2026-05-09 17:30:09,61.411,22.32,1370.69
CO-2002,VE-27,2026-05-11 04:51:30,2026-05-11 04:51:30,44.569,22.32,994.78
CO-2003,VE-23,2026-05-11 12:07:11,2026-05-11 12:07:11,70.815,22.32,1580.59
CO-2004,VE-24,2026-05-11 12:47:54,2026-05-11 12:47:54,50.314,22.32,1123.01
CO-2005,VE-28,2026-05-11 14:50:03,2026-05-11 14:50:03,39.054,22.32,871.69
CO-2006,VE-01,2026-05-11 16:52:35,2026-05-11 16:52:35,111.043,22.32,2478.48
CO-2007,VE-03,2026-05-11 16:52:49,2026-05-11 16:52:49,92.294,22.32,2060
CO-2008,VE-19,2026-05-11 17:13:00,2026-05-11 17:13:00,70.653,22.32,1576.97
CO-2009,VE-13,2026-05-11 17:22:41,2026-05-11 17:22:41,67.943,22.32,1516.49
CO-2010,VE-25,2026-05-11 17:32:08,2026-05-11 17:32:08,57.937,22.32,1293.15
CO-2011,,2026-05-12 16:12:51,2026-05-12 16:12:51,18.014,22.29,401.53
CO-2012,,2026-05-12 16:12:51,2026-05-12 16:12:51,18.014,22.29,401.53
CO-2013,VE-20,2026-05-12 16:15:49,2026-05-12 16:15:49,70.8,22.29,1578.13
CO-2014,VE-22,2026-05-12 16:19:55,2026-05-12 16:19:55,62.038,22.29,1382.83
CO-2015,VE-15,2026-05-12 16:34:28,2026-05-12 16:34:28,67.009,22.29,1493.63
CO-2016,VE-27,2026-05-12 18:36:48,2026-05-12 18:36:48,57.002,22.59,1287.68
CO-2017,VE-24,2026-05-13 15:02:53,2026-05-13 15:02:53,67.212,21.82,1466.57
CO-2018,VE-13,2026-05-13 15:13:10,2026-05-13 15:13:10,52.472,21.82,1144.94
CO-2019,VE-16,2026-05-13 15:41:58,2026-05-13 15:41:58,72.63,21.82,1584.79
CO-2020,VE-28,2026-05-13 16:33:36,2026-05-13 16:33:36,55.53,21.82,1211.66
CO-2021,VE-14,2026-05-13 16:44:03,2026-05-13 16:44:03,59.197,21.82,1291.68
CO-2022,VE-18,2026-05-13 17:00:03,2026-05-13 17:00:03,92.772,21.82,2024.29
CO-2023,VE-11,2026-05-13 17:05:33,2026-05-13 17:05:33,72.016,21.82,1571.39
CO-2024,VE-23,2026-05-13 17:12:38,2026-05-13 17:12:38,64.715,21.82,1412.08
CO-2025,VE-19,2026-05-13 22:27:04,2026-05-13 22:27:04,66.578,21.82,1452.73
CO-2026,VE-27,2026-05-14 16:13:13,2026-05-14 16:13:13,45.002,22.59,1016.6
CO-2027,VE-21,2026-05-14 17:28:31,2026-05-14 17:28:31,64.302,21.82,1403.07
CO-2028,VE-15,2026-05-14 17:32:45,2026-05-14 17:32:45,45.843,21.82,1000.29
CO-2029,VE-17,2026-05-14 17:35:01,2026-05-14 17:35:01,30.019,21.82,655.01
CO-2030,VE-25,2026-05-14 17:57:50,2026-05-14 17:57:50,43.669,21.82,952.86
CO-2031,VE-28,2026-05-15 17:03:18,2026-05-15 17:03:18,56.11,21.82,1224.32
CO-2032,VE-24,2026-05-15 17:03:29,2026-05-15 17:03:29,76.199,21.82,1662.66
CO-2033,VE-11,2026-05-15 17:46:51,2026-05-15 17:46:51,52.636,21.82,1148.52
CO-2034,VE-03,2026-05-15 18:23:13,2026-05-15 18:23:13,102.713,21.82,2241.2
CO-2035,VE-23,2026-05-15 18:34:22,2026-05-15 18:34:22,57,21.82,1243.74
CO-2036,VE-22,2026-05-16 12:50:53,2026-05-16 12:50:53,85.794,21.35,1831.7
CO-2037,VE-14,2026-05-16 13:18:26,2026-05-16 13:18:26,58.59,21.35,1250.9
CO-2038,VE-19,2026-05-16 13:28:04,2026-05-16 13:28:04,85.203,21.35,1819.08
CO-2039,VE-13,2026-05-16 13:44:16,2026-05-16 13:44:16,60.19,21.35,1285.06
CO-2040,VE-16,2026-05-16 13:44:23,2026-05-16 13:44:23,63.672,21.35,1359.4
CO-2041,VE-01,2026-05-16 13:55:44,2026-05-16 13:55:44,112.849,21.35,2409.33
CO-2042,VE-18,2026-05-18 16:25:54,2026-05-18 16:25:54,69.237,21.35,1478.21
CO-2043,VE-25,2026-05-18 16:38:08,2026-05-18 16:38:08,46.313,21.35,988.78
CO-2044,VE-15,2026-05-18 17:28:13,2026-05-18 17:28:13,63.906,21.35,1364.39
CO-2045,VE-19,2026-05-19 16:02:38,2026-05-19 16:02:38,60.926,20.43,1244.72
CO-2046,VE-27,2026-05-19 17:07:06,2026-05-19 17:07:06,60.002,22.59,1355.45
CO-2047,VE-24,2026-05-19 17:11:18,2026-05-19 17:11:18,58.791,20.43,1201.1
CO-2048,VE-12,2026-05-19 17:13:57,2026-05-19 17:13:57,38.127,20.43,778.93
CO-2049,VE-16,2026-05-19 17:15:48,2026-05-19 17:15:48,64.148,20.43,1310.54
CO-2050,VE-23,2026-05-19 17:34:00,2026-05-19 17:34:00,52.697,20.43,1076.6
CO-2051,VE-14,2026-05-19 18:39:10,2026-05-19 18:39:10,60.826,20.43,1242.68
CO-2052,VE-28,2026-05-19 19:24:38,2026-05-19 19:24:38,56.709,20.43,1158.56
CO-2053,,2026-05-20 07:32:35,2026-05-20 07:32:35,9.352,20.43,191.06
CO-2054,,2026-05-20 07:32:35,2026-05-20 07:32:35,9.352,20.43,191.06
CO-2055,VE-13,2026-05-20 15:57:14,2026-05-20 15:57:14,65.991,20.43,1348.2
CO-2056,VE-21,2026-05-20 17:03:03,2026-05-20 17:03:03,81.749,20.43,1670.13
CO-2057,VE-22,2026-05-20 19:22:59,2026-05-20 19:22:59,60.024,20.43,1226.29
CO-2058,VE-17,2026-05-20 19:33:30,2026-05-20 19:33:30,83.448,20.43,1704.84
CO-2059,VE-23,2026-05-21 15:39:06,2026-05-21 15:39:06,50.688,20.43,1035.56
CO-2060,VE-15,2026-05-21 15:51:50,2026-05-21 15:51:50,72.577,20.43,1482.75
CO-2061,VE-26,2026-05-21 16:25:53,2026-05-21 16:25:53,24.686,20.43,504.33
CO-2062,VE-24,2026-05-21 16:46:28,2026-05-21 16:46:28,69.58,20.43,1421.52
CO-2063,VE-11,2026-05-21 16:58:09,2026-05-21 16:58:09,73.15,20.43,1494.45
CO-2064,VE-25,2026-05-21 17:20:58,2026-05-21 17:20:58,65.62,20.43,1340.62
CO-2065,VE-28,2026-05-21 18:18:31,2026-05-21 18:18:31,68.463,20.43,1398.7
CO-2066,VE-03,2026-05-21 19:23:01,2026-05-21 19:23:01,102.049,20.43,2084.86
CO-2067,VE-01,2026-05-21 19:39:09,2026-05-21 19:39:09,109.967,20.43,2246.63
CO-2068,VE-27,2026-05-22 09:46:06,2026-05-22 09:46:06,55.006,19.6,1078.12
CO-2069,VE-14,2026-05-22 17:56:24,2026-05-22 17:56:24,73.527,19.6,1441.13
CO-2070,VE-28,2026-05-23 11:09:31,2026-05-23 11:09:31,38.241,19.6,749.52
CO-2071,VE-24,2026-05-23 11:13:48,2026-05-23 11:13:48,45.435,19.6,890.53
CO-2072,VE-23,2026-05-23 11:24:24,2026-05-23 11:24:24,36.54,19.6,716.18
CO-2073,VE-25,2026-05-23 12:01:54,2026-05-23 12:01:54,28.938,19.6,567.18
CO-2074,VE-15,2026-05-23 12:09:00,2026-05-23 12:09:00,43.122,19.6,845.19
CO-2075,VE-22,2026-05-23 12:38:50,2026-05-23 12:38:50,62.128,19.6,1217.71
CO-2076,VE-18,2026-05-23 12:44:01,2026-05-23 12:44:01,75.164,19.6,1473.21
CO-2077,VE-13,2026-05-23 12:50:33,2026-05-23 12:50:33,55.911,19.6,1095.86
CO-2078,VE-17,2026-05-23 13:01:55,2026-05-23 13:01:55,69.102,19.6,1354.4
CO-2079,VE-21,2026-05-23 15:17:37,2026-05-23 15:17:37,53.439,19.6,1047.4
CO-2080,VE-19,2026-05-23 16:03:08,2026-05-23 16:03:08,85.5,19.6,1675.8
CO-2081,VE-12,2026-05-25 13:14:48,2026-05-25 13:14:48,60.735,19.6,1190.41
CO-2082,VE-11,2026-05-25 17:01:35,2026-05-25 17:01:35,63.929,19.6,1253.01
CO-2083,VE-26,2026-05-25 17:12:10,2026-05-25 17:12:10,35.531,19.6,696.41
CO-2084,VE-28,2026-05-25 17:32:02,2026-05-25 17:32:02,39.03,19.6,764.99
CO-2085,VE-28,2026-05-26 16:00:25,2026-05-26 16:00:25,34.313,18.75,643.37
CO-2086,VE-24,2026-05-26 16:00:41,2026-05-26 16:00:41,73.493,18.75,1377.99
CO-2087,VE-27,2026-05-26 17:09:49,2026-05-26 17:09:49,62.002,21.99,1363.42
CO-2088,VE-23,2026-05-26 17:38:39,2026-05-26 17:38:39,63.002,18.75,1181.29
CO-2089,VE-14,2026-05-26 17:49:41,2026-05-26 17:49:41,77.73,18.75,1457.44
CO-2090,,2026-05-27 10:49:48,2026-05-27 10:49:48,21.783,18.75,408.43
CO-2091,,2026-05-27 10:49:48,2026-05-27 10:49:48,21.783,18.75,408.43
CO-2092,VE-11,2026-05-27 15:14:30,2026-05-27 15:14:30,59.174,18.75,1109.51
CO-2093,VE-01,2026-05-27 15:31:55,2026-05-27 15:31:55,125.261,18.75,2348.64
CO-2094,VE-03,2026-05-27 15:51:13,2026-05-27 15:51:13,109.174,18.75,2047.01
CO-2095,VE-17,2026-05-27 16:39:49,2026-05-27 16:39:49,78.955,18.75,1480.41
CO-2096,VE-15,2026-05-27 16:43:27,2026-05-27 16:43:27,69.633,18.75,1305.62
CO-2097,VE-13,2026-05-27 16:59:12,2026-05-27 16:59:12,73.252,18.75,1373.48
CO-2098,VE-18,2026-05-27 17:12:55,2026-05-27 17:12:55,68.066,18.75,1276.24
CO-2099,VE-28,2026-05-27 17:13:18,2026-05-27 17:13:18,40.167,18.75,753.13
CO-2100,VE-24,2026-05-28 13:54:47,2026-05-28 13:54:47,76.36,18.75,1431.75
CO-2101,VE-26,2026-05-28 16:31:15,2026-05-28 16:31:15,75.69,18.75,1419.19
CO-2102,VE-14,2026-05-28 16:41:51,2026-05-28 16:41:51,63.063,18.75,1182.43
CO-2103,VE-25,2026-05-28 16:42:01,2026-05-28 16:42:01,55.234,18.75,1035.64
CO-2104,VE-21,2026-05-28 17:17:18,2026-05-28 17:17:18,70.866,18.75,1328.74
CO-2105,VE-28,2026-05-28 17:17:34,2026-05-28 17:17:34,38.001,18.75,712.52
CO-2106,VE-19,2026-05-28 17:45:02,2026-05-28 17:45:02,92.413,18.75,1732.74
CO-2107,VE-22,2026-05-28 18:10:24,2026-05-28 18:10:24,87.467,18.75,1640.01
CO-2108,VE-23,2026-05-28 18:19:44,2026-05-28 18:19:44,70.542,18.75,1322.66
CO-2109,VE-27,2026-05-28 18:27:26,2026-05-28 18:27:26,48.003,18.75,900.06
CO-2110,,2026-05-29 08:53:19,2026-05-29 08:53:19,16.355,18.75,306.66
CO-2111,,2026-05-29 08:53:19,2026-05-29 08:53:19,16.355,18.75,306.66
CO-2112,VE-15,2026-05-29 17:33:38,2026-05-29 17:33:38,52.513,18.75,984.62
CO-2113,VE-11,2026-05-29 18:29:00,2026-05-29 18:29:00,92.234,18.75,1729.39
CO-2114,VE-27,2026-05-30 04:46:31,2026-05-30 04:46:31,54.826,18.75,1027.99
CO-2115,VE-23,2026-05-30 12:02:40,2026-05-30 12:02:40,52.352,18.75,981.6
CO-2116,VE-28,2026-05-30 12:08:09,2026-05-30 12:08:09,37.442,18.75,702.04
CO-2117,VE-24,2026-05-30 12:42:55,2026-05-30 12:42:55,66.6,18.75,1248.75
CO-2118,VE-17,2026-05-30 12:55:34,2026-05-30 12:55:34,66.04,18.75,1238.25
CO-2119,VE-26,2026-05-30 13:02:54,2026-05-30 13:02:54,53.825,18.75,1009.22
CO-2120,VE-01,2026-06-01 14:55:02,2026-06-01 14:55:02,106.022,18.75,1987.91
CO-2121,VE-14,2026-06-01 15:48:48,2026-06-01 15:48:48,69.237,18.75,1298.19
CO-2122,VE-13,2026-06-01 16:16:29,2026-06-01 16:16:29,65.005,18.75,1218.84
CO-2123,VE-19,2026-06-01 19:28:56,2026-06-01 19:28:56,60.059,18.75,1126.11
CO-2124,VE-27,2026-06-02 13:30:17,2026-06-02 13:30:17,56.003,21.39,1197.9
CO-2125,VE-22,2026-06-02 16:20:21,2026-06-02 16:20:21,71.054,18.24,1296.02
CO-2126,VE-24,2026-06-02 16:30:42,2026-06-02 16:30:42,60.148,18.24,1097.1
CO-2127,VE-26,2026-06-02 16:31:37,2026-06-02 16:31:37,52.906,18.24,965.01
CO-2128,VE-11,2026-06-02 16:47:28,2026-06-02 16:47:28,67.461,18.24,1230.49
CO-2129,VE-18,2026-06-02 17:02:20,2026-06-02 17:02:20,67.189,18.24,1225.53
CO-2130,VE-23,2026-06-02 17:10:57,2026-06-02 17:10:57,50.167,18.24,915.05
CO-2131,VE-19,2026-06-02 17:13:34,2026-06-02 17:13:34,47.012,18.24,857.5
CO-2132,VE-03,2026-06-02 18:14:00,2026-06-02 18:14:00,102.486,18.24,1869.34
CO-2133,VE-28,2026-06-02 18:23:39,2026-06-02 18:23:39,53.334,18.24,972.81
CO-2134,VE-15,2026-06-03 16:27:21,2026-06-03 16:27:21,78.342,18.89,1479.88
CO-2135,VE-25,2026-06-03 17:51:14,2026-06-03 17:51:14,30.478,18.89,575.73
CO-2136,VE-28,2026-06-03 18:01:19,2026-06-03 18:01:19,33.408,18.89,631.08
CO-2137,VE-17,2026-06-03 18:18:55,2026-06-03 18:18:55,67.295,18.89,1271.2
CO-2138,VE-23,2026-06-04 13:54:18,2026-06-04 13:54:18,42.946,18.89,811.25
CO-2139,VE-14,2026-06-04 13:55:17,2026-06-04 13:55:17,63.584,18.89,1201.1
CO-2140,VE-24,2026-06-04 15:02:22,2026-06-04 15:02:22,56.551,18.89,1068.25
CO-2141,VE-13,2026-06-04 15:14:37,2026-06-04 15:14:37,73.906,18.89,1396.08
CO-2142,VE-21,2026-06-04 15:21:32,2026-06-04 15:21:32,78.389,18.89,1480.77
CO-2143,VE-26,2026-06-04 15:38:56,2026-06-04 15:38:56,53.547,18.89,1011.5
CO-2144,VE-19,2026-06-04 15:48:47,2026-06-04 15:48:47,78.69,18.89,1486.45
CO-2145,VE-18,2026-06-05 14:48:28,2026-06-05 14:48:28,66.092,19.37,1280.2
CO-2146,VE-25,2026-06-05 15:13:08,2026-06-05 15:13:08,34.781,19.37,673.71
CO-2147,VE-17,2026-06-05 15:18:19,2026-06-05 15:18:19,48.561,19.37,940.63
CO-2148,VE-22,2026-06-05 18:00:04,2026-06-05 18:00:04,61.655,19.37,1194.26
CO-2149,VE-27,2026-06-05 18:43:34,2026-06-05 18:43:34,53,19.37,1026.61
CO-2150,VE-24,2026-06-06 12:32:06,2026-06-06 12:32:06,55.527,19.37,1075.56
CO-2151,VE-28,2026-06-06 12:42:57,2026-06-06 12:42:57,46.947,19.37,909.36
CO-2152,VE-26,2026-06-06 13:23:31,2026-06-06 13:23:31,51.687,19.37,1001.18
CO-2153,VE-23,2026-06-06 14:18:01,2026-06-06 14:18:01,59.931,19.37,1160.86
CO-2154,VE-01,2026-06-06 16:30:22,2026-06-06 16:30:22,106.189,19.37,2056.88
CO-2155,VE-11,2026-06-08 14:33:01,2026-06-08 14:33:01,46.444,19.37,899.62
CO-2156,VE-15,2026-06-08 14:38:42,2026-06-08 14:38:42,60.676,19.37,1175.29
CO-2157,,2026-06-08 17:20:31,2026-06-08 17:20:31,17.561,19.37,340.16
CO-2158,,2026-06-08 17:20:31,2026-06-08 17:20:31,17.561,19.37,340.16
CO-2159,VE-03,2026-06-08 17:33:47,2026-06-08 17:33:47,96.047,19.37,1860.43
CO-2160,VE-28,2026-06-08 17:43:02,2026-06-08 17:43:02,42.285,19.37,819.06
CO-2161,VE-27,2026-06-08 18:22:43,2026-06-08 18:22:43,50.176,20.99,1053.19
CO-2162,VE-24,2026-06-09 17:24:58,2026-06-09 17:24:58,64.707,19.02,1230.73
CO-2163,VE-19,2026-06-09 17:36:50,2026-06-09 17:36:50,68.249,19.02,1298.1
CO-2164,VE-14,2026-06-09 17:53:54,2026-06-09 17:53:54,71.994,19.02,1369.33
CO-2165,VE-20,2026-06-09 19:18:29,2026-06-09 19:18:29,42.169,19.02,802.05
CO-2166,VE-11,2026-06-10 13:13:28,2026-06-10 13:13:28,46.234,19.02,879.37
CO-2167,VE-21,2026-06-10 16:55:16,2026-06-10 16:55:16,72.732,19.02,1383.36
CO-2168,VE-13,2026-06-10 17:15:36,2026-06-10 17:15:36,81.825,19.02,1556.31
CO-2169,VE-28,2026-06-10 17:15:54,2026-06-10 17:15:54,57.658,19.02,1096.66
CO-2170,VE-22,2026-06-10 17:21:00,2026-06-10 17:21:00,66.083,19.02,1256.9
CO-2171,VE-18,2026-06-10 23:50:05,2026-06-10 23:50:05,74.828,19.02,1423.23
CO-2172,VE-24,2026-06-11 12:31:15,2026-06-11 12:31:15,63.836,19.02,1214.16
CO-2173,VE-01,2026-06-11 16:34:21,2026-06-11 16:34:21,95.934,19.02,1824.66
CO-2174,VE-23,2026-06-11 17:05:25,2026-06-11 17:05:25,52.171,19.02,992.29
CO-2175,VE-25,2026-06-11 18:07:12,2026-06-11 18:07:12,64.064,19.02,1218.5
CO-2176,VE-27,2026-06-11 18:43:19,2026-06-11 18:43:19,53.052,20.59,1092.34
CO-2177,VE-20,2026-06-12 13:40:53,2026-06-12 13:40:53,71.417,19.61,1400.49
CO-2178,VE-28,2026-06-12 15:44:47,2026-06-12 15:44:47,48.243,19.61,946.05
CO-2179,VE-16,2026-06-12 17:11:35,2026-06-12 17:11:35,70,19.61,1372.7
CO-2180,VE-14,2026-06-12 17:52:38,2026-06-12 17:52:38,68.564,19.61,1344.54
CO-2181,VE-23,2026-06-13 11:14:18,2026-06-13 11:14:18,37.902,19.61,743.26
CO-2182,VE-15,2026-06-13 11:15:19,2026-06-13 11:15:19,43.576,19.61,854.53
CO-2183,VE-19,2026-06-13 11:34:13,2026-06-13 11:34:13,90.563,19.61,1775.94
CO-2184,VE-24,2026-06-13 11:35:05,2026-06-13 11:35:05,51.057,19.61,1001.23
CO-2185,VE-28,2026-06-15 15:25:17,2026-06-15 15:25:17,49.973,19.61,979.97
CO-2186,VE-13,2026-06-15 15:52:15,2026-06-15 15:52:15,58.21,19.61,1141.5
CO-2187,VE-17,2026-06-15 15:52:30,2026-06-15 15:52:30,39.158,19.61,767.89
CO-2188,VE-11,2026-06-15 16:00:54,2026-06-15 16:00:54,50.57,19.61,991.68
CO-2189,VE-03,2026-06-15 17:22:06,2026-06-15 17:22:06,96.11,19.61,1884.72
CO-2190,VE-16,2026-06-16 13:27:31,2026-06-16 13:27:31,64.172,19.61,1258.41
CO-2191,VE-12,2026-06-16 18:08:16,2026-06-16 18:08:16,68.828,19.61,1349.72
CO-2192,VE-23,2026-06-16 18:49:50,2026-06-16 18:49:50,49.811,19.61,976.79
CO-2193,VE-11,2026-06-17 15:00:21,2026-06-17 15:00:21,58.492,19.61,1147.03
CO-2194,VE-19,2026-06-17 15:10:39,2026-06-17 15:10:39,67.921,19.61,1331.93
CO-2195,VE-19,2026-06-17 15:27:38,2026-06-17 15:27:38,71.628,19.61,1404.63
CO-2196,VE-28,2026-06-17 16:31:59,2026-06-17 16:31:59,48.83,19.61,957.56
CO-2197,VE-15,2026-06-17 17:03:44,2026-06-17 17:03:44,75.611,19.61,1482.73
CO-2198,VE-22,2026-06-17 17:12:06,2026-06-17 17:12:06,74.466,19.61,1460.27
CO-2199,VE-14,2026-06-17 17:29:31,2026-06-17 17:29:31,66.603,19.61,1306.08
CO-2200,VE-25,2026-06-17 17:29:52,2026-06-17 17:29:52,65.409,19.61,1282.67
CO-2201,VE-01,2026-06-18 14:14:26,2026-06-18 14:14:26,110.501,19.61,2166.92
CO-2202,VE-17,2026-06-18 15:35:13,2026-06-18 15:35:13,63.375,19.61,1242.78
CO-2203,VE-13,2026-06-18 15:45:51,2026-06-18 15:45:51,63.532,19.61,1245.86
CO-2204,VE-20,2026-06-18 16:16:05,2026-06-18 16:16:05,67.301,19.61,1319.77
CO-2205,VE-18,2026-06-18 16:51:57,2026-06-18 16:51:57,72.207,19.61,1415.98
CO-2206,VE-28,2026-06-18 16:59:58,2026-06-18 16:59:58,25.093,19.61,492.07
CO-2207,VE-24,2026-06-19 14:57:19,2026-06-19 14:57:19,60.817,19.61,1192.62
CO-2208,,2026-06-19 16:57:59,2026-06-19 16:57:59,17.039,19.61,334.13
CO-2209,VE-11,2026-06-20 13:55:14,2026-06-20 13:55:14,61.845,19.61,1212.78
CO-2210,VE-23,2026-06-20 14:04:03,2026-06-20 14:04:03,47.937,19.61,940.04
CO-2211,VE-16,2026-06-20 14:17:09,2026-06-20 14:17:09,61.654,19.61,1209.03
CO-2212,VE-19,2026-06-20 21:11:43,2026-06-20 21:11:43,68.895,19.61,1351.03
CO-2213,VE-22,2026-06-22 15:15:49,2026-06-22 15:15:49,71.803,19.61,1408.06
CO-2214,VE-28,2026-06-22 17:42:03,2026-06-22 17:42:03,60.789,19.61,1192.07
CO-2215,VE-19,2026-06-22 17:51:16,2026-06-22 17:51:16,70.848,19.61,1389.33
CO-2216,VE-27,2026-06-22 18:53:51,2026-06-22 18:53:51,57,19.99,1139.43
CO-2217,,2026-06-23 07:35:42,2026-06-23 07:35:42,16.682,18.62,310.62
CO-2218,VE-16,2026-06-23 15:29:43,2026-06-23 15:29:43,52.568,18.62,978.82
CO-2219,VE-13,2026-06-23 16:11:37,2026-06-23 16:11:37,55.879,18.62,1040.47
CO-2220,VE-24,2026-06-23 16:38:13,2026-06-23 16:38:13,58.949,18.62,1097.63
CO-2221,VE-20,2026-06-23 16:54:33,2026-06-23 16:54:33,73.116,18.62,1361.42
CO-2222,VE-14,2026-06-23 17:11:04,2026-06-23 17:11:04,73.898,18.62,1375.98
CO-2223,VE-19,2026-06-24 13:05:30,2026-06-24 13:05:30,90.561,18.62,1686.25
CO-2224,VE-03,2026-06-24 13:19:14,2026-06-24 13:19:14,87.349,18.62,1626.44
CO-2225,VE-25,2026-06-24 17:05:03,2026-06-24 17:05:03,73.88,18.62,1375.65
CO-2226,VE-17,2026-06-24 17:28:50,2026-06-24 17:28:50,61.945,18.62,1153.42
CO-2227,VE-28,2026-06-24 17:51:22,2026-06-24 17:51:22,49.74,18.62,926.16
CO-2228,VE-27,2026-06-24 18:30:05,2026-06-24 18:30:05,60.205,19.99,1203.5
CO-2229,VE-11,2026-06-25 13:24:26,2026-06-25 13:24:26,62.362,18.62,1161.18
CO-2230,VE-24,2026-06-25 13:34:26,2026-06-25 13:34:26,46.002,18.62,856.56
CO-2231,VE-01,2026-06-25 18:23:33,2026-06-25 18:23:33,96.542,18.62,1797.61
CO-2232,VE-28,2026-06-25 19:08:54,2026-06-25 19:08:54,40.918,18.62,761.89
CO-2233,VE-16,2026-06-26 15:28:01,2026-06-26 15:28:01,81.272,18.62,1513.28
CO-2234,VE-19,2026-06-26 16:21:44,2026-06-26 16:21:44,56.807,18.62,1057.75
CO-2235,VE-13,2026-06-26 17:02:38,2026-06-26 17:02:38,80.992,18.62,1508.07
CO-2236,VE-22,2026-06-26 17:46:31,2026-06-26 17:46:31,93.842,18.62,1747.34
CO-2237,VE-28,2026-06-26 17:46:54,2026-06-26 17:46:54,37.439,18.62,697.11
CO-2238,VE-27,2026-06-26 18:09:17,2026-06-26 18:09:17,54.003,19.59,1057.92
CO-2239,VE-14,2026-06-26 18:36:20,2026-06-26 18:36:20,58.865,18.62,1096.07
CO-2240,VE-11,2026-06-27 12:33:54,2026-06-27 12:33:54,72.996,18.62,1359.19
CO-2241,VE-18,2026-06-27 12:34:29,2026-06-27 12:34:29,89.847,18.62,1672.95
CO-2242,VE-17,2026-06-27 14:51:13,2026-06-27 14:51:13,58.91,18.62,1096.9
CO-2243,VE-24,2026-06-27 14:59:43,2026-06-27 14:59:43,68.828,18.62,1281.58
CO-2244,,2026-06-27 15:24:48,2026-06-27 15:24:48,17.753,18.62,330.56
