vehiculo_id,placa,marca,modelo,capacidad_toneladas,edad_vehiculo,fecha_inicio,fecha_fin,dias_intervalo,viajes_realizados,peso_transportado_ton,ton_km,conductor_dominante,ruta_dominante,distancia_km,has_gps,velocidad_promedio,velocidad_maxima,excesos_velocidad,pct_parado,consumo_real,monto_despachado,precio_unitario,consumo_esperado,tipo_combustible,desviacion_absoluta,desviacion_porcentaje,z_score,estado_alerta,causa_probable
VE-01,F3F817,FREIGHTLINER,M2 112,48.05,13,2026-01-09 16:04:24,2026-01-14 19:29:56,5.14,5,201.1,9484.36,DESCONOCIDO,YERBABUENA -> MEIGGS,235.81,0,0.0,0.0,0,0.0,109.15,1359.97,12.46,101.21,DIESEL,7.94,7.84,-0.55,Normal,Comportamiento Normal
VE-01,F3F817,FREIGHTLINER,M2 112,48.05,13,2026-01-14 19:29:56,2026-01-19 19:17:32,4.99,7,288.65,12322.59,DESCONOCIDO,YERBABUENA -> MEIGGS,300.59,0,0.0,0.0,0,0.0,114.18,1422.7,12.46,103.89,DIESEL,10.29,9.91,-0.43,Normal,Comportamiento Normal
VE-01,F3F817,FREIGHTLINER,M2 112,48.05,13,2026-01-19 19:17:32,2026-01-23 17:28:46,3.92,9,390.13,11527.18,DESCONOCIDO,YERBABUENA -> MEIGGS,265.9,0,0.0,0.0,0,0.0,106.26,1340.0,12.61,102.03,DIESEL,4.23,4.15,-0.74,Normal,Comportamiento Normal
VE-01,F3F817,FREIGHTLINER,M2 112,48.05,13,2026-01-23 17:28:46,2026-01-28 14:05:46,4.86,6,259.83,12098.06,DESCONOCIDO,YERBABUENA -> MEIGGS,279.3,0,0.0,0.0,0,0.0,99.11,1279.52,12.91,100.88,DIESEL,-1.77,-1.75,-1.04,Normal,Comportamiento Normal
VE-01,F3F817,FREIGHTLINER,M2 112,48.05,13,2026-01-28 14:05:46,2026-02-04 12:03:37,6.92,6,263.44,12424.47,JHONATAN MORE,YERBABUENA -> MEIGGS,282.97,0,0.0,0.0,0,0.0,110.0,1420.1,12.91,104.28,DIESEL,5.72,5.48,-0.66,Normal,Comportamiento Normal
VE-01,F3F817,FREIGHTLINER,M2 112,48.05,13,2026-02-04 12:03:37,2026-02-10 19:15:13,6.3,7,312.87,14440.42,JHONATAN MORE,YERBABUENA -> MEIGGS,323.33,0,0.0,0.0,0,0.0,113.14,1448.23,12.8,111.69,DIESEL,1.45,1.3,-0.87,Normal,Comportamiento Normal
VE-01,F3F817,FREIGHTLINER,M2 112,48.05,13,2026-02-10 19:15:13,2026-02-17 15:44:54,6.85,7,304.14,14030.73,JHONATAN MORE,YERBABUENA -> MEIGGS,323.33,0,0.0,0.0,0,0.0,118.38,1515.2,12.8,110.98,DIESEL,7.4,6.67,-0.58,Normal,Comportamiento Normal
VE-01,F3F817,FREIGHTLINER,M2 112,48.05,13,2026-02-17 15:44:54,2026-02-21 12:32:25,3.87,7,255.11,12031.61,JHONATAN MORE,YERBABUENA -> MEIGGS,330.14,0,0.0,0.0,0,0.0,97.02,1241.8,12.8,100.82,DIESEL,-3.81,-3.78,-1.14,Normal,Comportamiento Normal
VE-01,F3F817,FREIGHTLINER,M2 112,48.05,13,2026-02-21 12:32:25,2026-02-28 13:43:28,7.05,5,211.21,9812.4,JHONATAN MORE,YERBABUENA -> MEIGGS,232.14,0,0.0,0.0,0,0.0,88.58,1146.29,12.94,101.62,DIESEL,-13.04,-12.83,-1.6,Normal,Comportamiento Normal
VE-01,F3F817,FREIGHTLINER,M2 112,48.05,13,2026-02-28 13:43:28,2026-03-05 18:14:30,5.19,7,286.1,12493.83,JHONATAN MORE,YERBABUENA -> MEIGGS,304.36,0,0.0,0.0,0,0.0,107.36,1645.83,15.33,103.89,DIESEL,3.47,3.34,-0.77,Normal,Comportamiento Normal
VE-01,F3F817,FREIGHTLINER,M2 112,48.05,13,2026-03-05 18:14:30,2026-03-10 16:38:09,4.93,8,339.32,15850.78,JHONATAN MORE,YERBABUENA -> MEIGGS,373.63,0,0.0,0.0,0,0.0,124.88,2131.72,17.07,111.89,DIESEL,13.0,11.61,-0.29,Normal,Comportamiento Normal
VE-01,F3F817,FREIGHTLINER,M2 112,48.05,13,2026-03-10 16:38:09,2026-03-14 10:18:32,3.74,6,252.78,11921.72,JHONATAN MORE,YERBABUENA -> MEIGGS,282.97,0,0.0,0.0,0,0.0,97.5,1664.29,17.07,100.74,DIESEL,-3.24,-3.22,-1.11,Normal,Comportamiento Normal
VE-01,F3F817,FREIGHTLINER,M2 112,48.05,13,2026-03-14 10:18:32,2026-03-20 18:38:41,6.35,7,310.54,13114.41,JHONATAN MORE,YERBABUENA -> MEIGGS,293.79,0,0.0,0.0,0,0.0,103.67,2114.83,20.4,105.16,DIESEL,-1.49,-1.42,-1.02,Normal,Comportamiento Normal
VE-01,F3F817,FREIGHTLINER,M2 112,48.05,13,2026-03-20 18:38:41,2026-03-25 15:30:41,4.87,8,350.07,11088.99,JHONATAN MORE,YERBABUENA -> MEIGGS,252.59,0,0.0,0.0,0,0.0,93.41,2062.54,22.08,102.17,DIESEL,-8.76,-8.57,-1.39,Normal,Comportamiento Normal
VE-01,F3F817,FREIGHTLINER,M2 112,48.05,13,2026-03-25 15:30:41,2026-03-31 19:16:46,6.16,7,305.04,14386.42,JHONATAN MORE,YERBABUENA -> MEIGGS,330.14,0,0.0,0.0,0,0.0,114.29,2521.3,22.06,110.98,DIESEL,3.32,2.99,-0.78,Normal,Comportamiento Normal
VE-01,F3F817,FREIGHTLINER,M2 112,48.05,13,2026-03-31 19:16:46,2026-04-08 17:43:47,7.94,8,343.4,14917.44,JHONATAN MORE,YERBABUENA -> MEIGGS,347.75,0,0.0,0.0,0,0.0,122.33,2637.41,21.56,112.73,DIESEL,9.6,8.52,-0.47,Normal,Comportamiento Normal
VE-01,F3F817,FREIGHTLINER,M2 112,48.05,13,2026-04-08 17:43:47,2026-04-15 12:55:16,6.8,6,251.29,10576.85,JHONATAN MORE,YERBABUENA -> MEIGGS,253.43,0,0.0,0.0,0,0.0,98.83,2090.28,21.15,103.69,DIESEL,-4.86,-4.69,-1.19,Normal,Comportamiento Normal
VE-01,F3F817,FREIGHTLINER,M2 112,48.05,13,2026-04-15 12:55:16,2026-04-22 15:42:47,7.12,7,253.23,10659.78,JHONATAN MORE,YERBABUENA -> MEIGGS,271.05,0,0.0,0.0,0,0.0,106.16,2146.66,20.22,104.09,DIESEL,2.08,1.99,-0.84,Normal,Comportamiento Normal
VE-01,F3F817,FREIGHTLINER,M2 112,48.05,13,2026-04-22 15:42:47,2026-04-28 18:58:59,6.14,8,337.51,15917.79,JHONATAN MORE,YERBABUENA -> MEIGGS,377.3,0,0.0,0.0,0,0.0,128.47,2529.52,19.69,112.6,DIESEL,15.87,14.09,-0.15,Normal,Comportamiento Normal
VE-01,F3F817,FREIGHTLINER,M2 112,48.05,13,2026-04-28 18:58:59,2026-05-06 14:39:17,7.82,8,331.8,13222.21,JHONATAN MORE,YERBABUENA -> MEIGGS,318.21,0,0.0,0.0,0,0.0,123.26,2810.37,22.8,109.54,DIESEL,13.72,12.52,-0.26,Normal,Comportamiento Normal
VE-01,F3F817,FREIGHTLINER,M2 112,48.05,13,2026-05-06 14:39:17,2026-05-11 16:52:35,5.09,7,298.72,12037.03,JHONATAN MORE,YERBABUENA -> MEIGGS,282.16,0,0.0,0.0,0,0.0,111.04,2478.48,22.32,104.16,DIESEL,6.88,6.61,-0.6,Normal,Comportamiento Normal
VE-01,F3F817,FREIGHTLINER,M2 112,48.05,13,2026-05-11 16:52:35,2026-05-16 13:55:44,4.88,6,260.06,12265.06,JHONATAN MORE,YERBABUENA -> MEIGGS,282.97,0,0.0,0.0,0,0.0,112.85,2409.33,21.35,101.47,DIESEL,11.38,11.22,-0.38,Normal,Comportamiento Normal
VE-01,F3F817,FREIGHTLINER,M2 112,48.05,13,2026-05-16 13:55:44,2026-05-21 19:39:09,5.24,7,302.95,14118.11,JHONATAN MORE,YERBABUENA -> MEIGGS,326.46,0,0.0,0.0,0,0.0,109.97,2246.63,20.43,110.56,DIESEL,-0.6,-0.54,-0.98,Normal,Comportamiento Normal
VE-01,F3F817,FREIGHTLINER,M2 112,48.05,13,2026-05-21 19:39:09,2026-05-27 15:31:55,5.83,8,346.55,15058.61,JHONATAN MORE,YERBABUENA -> MEIGGS,347.75,0,0.0,0.0,0,0.0,125.26,2348.64,18.75,110.75,DIESEL,14.51,13.1,-0.22,Normal,Comportamiento Normal
VE-01,F3F817,FREIGHTLINER,M2 112,48.05,13,2026-05-27 15:31:55,2026-06-01 14:55:02,4.97,7,293.1,12564.67,JHONATAN MORE,YERBABUENA -> MEIGGS,300.59,0,0.0,0.0,0,0.0,106.02,1987.91,18.75,104.67,DIESEL,1.36,1.3,-0.88,Normal,Comportamiento Normal
VE-01,F3F817,FREIGHTLINER,M2 112,48.05,13,2026-06-01 14:55:02,2026-06-06 16:30:22,5.07,8,340.88,11819.1,JHONATAN MORE,YERBABUENA -> MEIGGS,277.82,0,0.0,0.0,0,0.0,106.19,2056.88,19.37,104.57,DIESEL,1.62,1.54,-0.87,Normal,Comportamiento Normal
VE-01,F3F817,FREIGHTLINER,M2 112,48.05,13,2026-06-06 16:30:22,2026-06-11 16:34:21,5.0,8,0.0,0.0,Jonathan Richard More Morales,YERBABUENA -> MEIGGS,259.12,0,0.0,0.0,0,0.0,95.93,1824.66,19.02,95.84,DIESEL,0.1,0.1,-0.94,Normal,Comportamiento Normal
VE-01,F3F817,FREIGHTLINER,M2 112,48.05,13,2026-06-11 16:34:21,2026-06-18 14:14:26,6.9,7,0.0,0.0,Jonathan Richard More Morales,YERBABUENA -> MEIGGS,300.59,0,0.0,0.0,0,0.0,110.5,2166.92,19.61,96.57,DIESEL,13.93,14.43,-0.25,Normal,Comportamiento Normal
VE-01,F3F817,FREIGHTLINER,M2 112,48.05,13,2026-06-18 14:14:26,2026-06-25 18:23:33,7.17,7,0.0,0.0,Jonathan Richard More Morales,YERBABUENA -> MEIGGS,260.21,0,0.0,0.0,0,0.0,96.54,1797.61,18.62,96.87,DIESEL,-0.33,-0.34,-0.96,Normal,Comportamiento Normal
VE-03,ATN880,FREIGHTLINER,M2 112,48.05,9,2026-01-08 15:09:11,2026-01-14 17:25:23,6.09,5,215.12,9857.23,DESCONOCIDO,YERBABUENA -> MEIGGS,229.01,0,0.0,0.0,0,0.0,96.46,1201.85,12.46,90.85,DIESEL,5.61,6.17,-0.67,Normal,Comportamiento Normal
VE-03,ATN880,FREIGHTLINER,M2 112,48.05,9,2026-01-14 17:25:23,2026-01-19 19:47:53,5.1,9,391.95,13944.82,DESCONOCIDO,YERBABUENA -> MEIGGS,324.99,0,0.0,0.0,0,0.0,88.4,1101.5,12.46,97.95,DIESEL,-9.54,-9.74,-1.43,Normal,Comportamiento Normal
VE-03,ATN880,FREIGHTLINER,M2 112,48.05,9,2026-01-19 19:47:53,2026-01-24 15:37:22,4.83,6,269.67,11352.7,DESCONOCIDO,YERBABUENA -> MEIGGS,253.43,0,0.0,0.0,0,0.0,86.31,1088.33,12.61,89.37,DIESEL,-3.06,-3.43,-1.1,Normal,Comportamiento Normal
VE-03,ATN880,FREIGHTLINER,M2 112,48.05,9,2026-01-24 15:37:22,2026-01-30 16:32:13,6.04,8,347.7,13793.05,DESCONOCIDO,YERBABUENA -> MEIGGS,318.21,0,0.0,0.0,0,0.0,93.5,1207.12,12.91,97.95,DIESEL,-4.44,-4.54,-1.17,Normal,Comportamiento Normal
VE-03,ATN880,FREIGHTLINER,M2 112,48.05,9,2026-01-30 16:32:13,2026-02-05 16:49:35,6.01,9,399.05,13569.5,LUIS AQUINO,YERBABUENA -> MEIGGS,303.31,0,0.0,0.0,0,0.0,89.3,1131.49,12.67,94.14,DIESEL,-4.83,-5.13,-1.19,Normal,Comportamiento Normal
VE-03,ATN880,FREIGHTLINER,M2 112,48.05,9,2026-02-05 16:49:35,2026-02-12 17:08:31,7.01,9,389.72,14727.99,LUIS AQUINO,YERBABUENA -> MEIGGS,340.02,0,0.0,0.0,0,0.0,102.13,1307.3,12.8,99.05,DIESEL,3.09,3.11,-0.79,Normal,Comportamiento Normal
VE-03,ATN880,FREIGHTLINER,M2 112,48.05,9,2026-02-12 17:08:31,2026-02-20 17:50:04,8.03,9,338.79,15978.16,LUIS AQUINO,YERBABUENA -> MEIGGS,424.46,0,0.0,0.0,0,0.0,106.5,1363.14,12.8,100.9,DIESEL,5.59,5.54,-0.67,Normal,Comportamiento Normal
VE-03,ATN880,FREIGHTLINER,M2 112,48.05,9,2026-02-20 17:50:04,2026-02-27 13:13:19,6.81,7,256.04,11920.05,LUIS AQUINO,YERBABUENA -> MEIGGS,326.46,0,0.0,0.0,0,0.0,85.66,1108.49,12.94,90.62,DIESEL,-4.96,-5.47,-1.2,Normal,Comportamiento Normal
VE-03,ATN880,FREIGHTLINER,M2 112,48.05,9,2026-02-27 13:13:19,2026-03-06 15:38:12,7.1,8,290.25,11516.47,LUIS AQUINO,YERBABUENA -> MATERIALES,649.14,1,25.88,87.0,27,0.34,85.02,1403.61,16.51,88.77,DIESEL,-3.75,-4.23,-1.14,Normal,Comportamiento Normal
VE-03,ATN880,FREIGHTLINER,M2 112,48.05,9,2026-03-06 15:38:12,2026-03-11 16:05:55,5.02,8,342.49,15832.93,LUIS AQUINO,YERBABUENA -> MEIGGS,726.16,1,27.13,76.0,9,0.32,103.51,1766.88,17.07,96.87,DIESEL,6.63,6.85,-0.61,Normal,Comportamiento Normal
VE-03,ATN880,FREIGHTLINER,M2 112,48.05,9,2026-03-11 16:05:55,2026-03-18 14:44:04,6.94,8,328.88,13675.44,LUIS AQUINO,YERBABUENA -> MEIGGS,657.1,1,24.84,100.0,10,0.38,92.27,1882.35,20.4,94.59,DIESEL,-2.32,-2.45,-1.06,Normal,Comportamiento Normal
VE-03,ATN880,FREIGHTLINER,M2 112,48.05,9,2026-03-18 14:44:04,2026-03-25 13:37:29,6.95,9,404.34,15008.03,LUIS AQUINO,YERBABUENA -> MEIGGS,624.61,1,24.69,77.0,4,0.37,100.01,2208.31,22.08,96.91,DIESEL,3.1,3.2,-0.79,Normal,Comportamiento Normal
VE-03,ATN880,FREIGHTLINER,M2 112,48.05,9,2026-03-25 13:37:29,2026-03-28 16:18:01,3.11,6,262.99,12403.24,LUIS AQUINO,YERBABUENA -> MEIGGS,561.45,1,25.2,83.0,6,0.37,81.31,1699.4,20.9,88.32,DIESEL,-7.01,-7.93,-1.3,Normal,Comportamiento Normal
VE-03,ATN880,FREIGHTLINER,M2 112,48.05,9,2026-03-28 16:18:01,2026-04-04 20:08:19,7.16,10,394.93,16001.33,LUIS AQUINO,YERBABUENA -> MEIGGS,684.72,1,24.03,85.0,11,0.37,105.07,2144.5,20.41,97.26,DIESEL,7.81,8.03,-0.56,Normal,Comportamiento Normal
VE-03,ATN880,FREIGHTLINER,M2 112,48.05,9,2026-04-04 20:08:19,2026-04-09 15:11:56,4.79,11,349.03,9992.7,LUIS AQUINO,YERBABUENA -> MEIGGS,557.17,1,24.4,100.0,7,0.38,92.17,1987.12,21.56,91.76,DIESEL,0.41,0.44,-0.93,Normal,Comportamiento Normal
VE-03,ATN880,FREIGHTLINER,M2 112,48.05,9,2026-04-09 15:11:56,2026-04-16 16:36:37,7.06,9,341.51,13337.18,LUIS AQUINO,YERBABUENA -> MEIGGS,603.86,1,24.42,76.0,4,0.37,95.38,2069.72,21.7,94.59,DIESEL,0.79,0.83,-0.91,Normal,Comportamiento Normal
VE-03,ATN880,FREIGHTLINER,M2 112,48.05,9,2026-04-16 16:36:37,2026-04-23 16:32:39,7.0,10,431.5,16404.78,LUIS AQUINO,YERBABUENA -> MEIGGS,709.52,1,24.77,77.0,11,0.36,106.87,2160.89,20.22,96.44,DIESEL,10.43,10.82,-0.42,Normal,Comportamiento Normal
VE-03,ATN880,FREIGHTLINER,M2 112,48.05,9,2026-04-23 16:32:39,2026-04-28 18:13:12,5.07,8,348.13,15047.74,LUIS AQUINO,YERBABUENA -> MEIGGS,673.03,1,25.2,85.0,9,0.33,97.6,1921.82,19.69,96.43,DIESEL,1.18,1.22,-0.89,Normal,Comportamiento Normal
VE-03,ATN880,FREIGHTLINER,M2 112,48.05,9,2026-04-28 18:13:12,2026-05-06 14:04:14,7.83,8,330.78,13141.9,LUIS AQUINO,YERBABUENA -> MEIGGS,588.77,1,24.73,77.0,11,0.4,87.24,1989.05,22.8,93.3,DIESEL,-6.06,-6.5,-1.25,Normal,Comportamiento Normal
VE-03,ATN880,FREIGHTLINER,M2 112,48.05,9,2026-05-06 14:04:14,2026-05-11 16:52:49,5.12,8,350.15,12403.44,LUIS AQUINO,YERBABUENA -> MEIGGS,603.06,1,24.13,77.0,6,0.4,92.29,2060.0,22.32,92.26,DIESEL,0.03,0.03,-0.95,Normal,Comportamiento Normal
VE-03,ATN880,FREIGHTLINER,M2 112,48.05,9,2026-05-11 16:52:49,2026-05-15 18:23:13,4.06,8,358.41,16903.48,LUIS AQUINO,YERBABUENA -> MEIGGS,742.51,1,25.38,86.0,8,0.35,102.71,2241.2,21.82,96.17,DIESEL,6.55,6.81,-0.62,Normal,Comportamiento Normal
VE-03,ATN880,FREIGHTLINER,M2 112,48.05,9,2026-05-15 18:23:13,2026-05-21 19:23:01,6.04,9,345.97,13617.5,LUIS AQUINO,YERBABUENA -> MEIGGS,680.66,1,23.61,78.0,6,0.38,102.05,2084.86,20.43,93.9,DIESEL,8.15,8.67,-0.54,Normal,Comportamiento Normal
VE-03,ATN880,FREIGHTLINER,M2 112,48.05,9,2026-05-21 19:23:01,2026-05-27 15:51:13,5.85,10,423.71,18614.55,LUIS AQUINO,YERBABUENA -> MEIGGS,763.66,1,24.89,81.0,10,0.34,109.17,2047.01,18.75,96.43,DIESEL,12.75,13.22,-0.31,Normal,Comportamiento Normal
VE-03,ATN880,FREIGHTLINER,M2 112,48.05,9,2026-05-27 15:51:13,2026-06-02 18:14:00,6.1,9,395.3,15833.97,LUIS AQUINO,YERBABUENA -> MEIGGS,701.8,1,23.55,77.0,7,0.37,102.49,1869.34,18.24,96.97,DIESEL,5.51,5.69,-0.67,Normal,Comportamiento Normal
VE-03,ATN880,FREIGHTLINER,M2 112,48.05,9,2026-06-02 18:14:00,2026-06-08 17:33:47,5.97,9,302.85,10335.56,LUIS AQUINO,YERBABUENA -> MEIGGS,656.72,1,23.19,100.0,4,0.39,96.05,1860.43,19.37,91.14,DIESEL,4.91,5.39,-0.7,Normal,Comportamiento Normal
VE-03,ATN880,FREIGHTLINER,M2 112,48.05,9,2026-06-08 17:33:47,2026-06-15 17:22:06,6.99,9,0.0,0.0,Luis Jose Aquino Guerra,YERBABUENA -> MEIGGS,584.97,1,23.0,77.0,4,0.42,96.11,1884.72,19.61,87.32,DIESEL,8.79,10.07,-0.51,Normal,Comportamiento Normal
VE-03,ATN880,FREIGHTLINER,M2 112,48.05,9,2026-06-15 17:22:06,2026-06-24 13:19:14,8.83,9,0.0,0.0,Luis Jose Aquino Guerra,YERBABUENA -> MEIGGS,562.67,1,23.72,76.0,4,0.36,87.35,1626.44,18.62,86.54,DIESEL,0.81,0.94,-0.91,Normal,Comportamiento Normal
VE-05,BYP824,SCANIA,G410 A6X4,48.05,3,2026-01-10 00:00:00,2026-01-12 00:00:00,2.0,2,87.61,1543.42,DESCONOCIDO,SAN LORENZO -> COLLIQUE,35.23,0,0.0,0.0,0,0.0,88.9,146.69,1.65,133.67,GNV,-44.77,-33.49,-3.2,Normal,Comportamiento Normal
VE-05,BYP824,SCANIA,G410 A6X4,48.05,3,2026-01-12 00:00:00,2026-01-15 00:00:00,3.0,4,165.35,6458.71,DESCONOCIDO,YERBABUENA -> MEIGGS,159.1,0,0.0,0.0,0,0.0,219.27,361.8,1.65,166.22,GNV,53.05,31.91,1.72,Critico,Sospecha de Fuga o Extraccion Injustificada de Combustible
VE-05,BYP824,SCANIA,G410 A6X4,48.05,3,2026-01-15 00:00:00,2026-01-16 00:00:00,1.0,2,88.7,2814.76,DESCONOCIDO,YERBABUENA -> MEIGGS,64.78,0,0.0,0.0,0,0.0,115.93,191.28,1.65,142.41,GNV,-26.48,-18.59,-2.28,Normal,Comportamiento Normal
VE-05,BYP824,SCANIA,G410 A6X4,48.05,3,2026-01-16 00:00:00,2026-01-19 00:00:00,3.0,3,134.45,1872.1,DESCONOCIDO,SAN LORENZO -> COLLIQUE,42.01,0,0.0,0.0,0,0.0,121.69,200.79,1.65,135.74,GNV,-14.05,-10.35,-1.65,Normal,Comportamiento Normal
VE-05,BYP824,SCANIA,G410 A6X4,48.05,3,2026-01-19 00:00:00,2026-01-20 00:00:00,1.0,1,41.59,732.69,DESCONOCIDO,SAN LORENZO -> COLLIQUE,17.62,0,0.0,0.0,0,0.0,140.73,232.2,1.65,127.24,GNV,13.49,10.6,-0.27,Normal,Comportamiento Normal
VE-05,BYP824,SCANIA,G410 A6X4,48.05,3,2026-01-20 00:00:00,2026-01-21 00:00:00,1.0,1,45.28,797.69,DESCONOCIDO,SAN LORENZO -> COLLIQUE,17.62,0,0.0,0.0,0,0.0,102.87,169.74,1.65,127.24,GNV,-24.37,-19.15,-2.17,Normal,Comportamiento Normal
VE-05,BYP824,SCANIA,G410 A6X4,48.05,3,2026-01-22 00:00:00,2026-01-23 00:00:00,1.0,2,82.59,1454.98,DESCONOCIDO,SAN LORENZO -> COLLIQUE,35.23,0,0.0,0.0,0,0.0,94.9,156.59,1.65,134.41,GNV,-39.51,-29.39,-2.93,Normal,Comportamiento Normal
VE-05,BYP824,SCANIA,G410 A6X4,48.05,3,2026-01-24 00:00:00,2026-01-26 00:00:00,2.0,1,39.77,700.62,DESCONOCIDO,SAN LORENZO -> COLLIQUE,17.62,0,0.0,0.0,0,0.0,124.92,206.12,1.65,127.24,GNV,-2.32,-1.83,-1.06,Normal,Comportamiento Normal
VE-05,BYP824,SCANIA,G410 A6X4,48.05,3,2026-01-27 00:00:00,2026-01-28 00:00:00,1.0,1,41.3,727.58,DESCONOCIDO,SAN LORENZO -> COLLIQUE,17.62,0,0.0,0.0,0,0.0,149.93,247.38,1.65,127.24,GNV,22.69,17.83,0.19,Advertencia,Desviacion Operativa Menor / Eficiencia Conductiva
VE-05,BYP824,SCANIA,G410 A6X4,48.05,3,2026-01-30 00:00:00,2026-02-02 00:00:00,3.0,2,86.68,587.6,SAMUEL CARBAJAL,SAN LORENZO  -> OQUENDO,13.56,0,0.0,0.0,0,0.0,162.11,267.48,1.65,135.74,GNV,26.37,19.43,0.38,Advertencia,Desviacion Operativa Menor / Eficiencia Conductiva
VE-05,BYP824,SCANIA,G410 A6X4,48.05,3,2026-02-02 00:00:00,2026-02-10 00:00:00,8.0,4,38.0,473.9,SAMUEL CARBAJAL,YERBABUENA -> MEIGGS,150.29,0,0.0,0.0,0,0.0,178.63,309.02,1.73,149.47,GNV,29.16,19.51,0.52,Advertencia,Falla Mecanica / Requiere Mantenimiento Preventivo
VE-05,BYP824,SCANIA,G410 A6X4,48.05,3,2026-02-10 00:00:00,2026-02-11 00:00:00,1.0,3,115.93,2901.9,SAMUEL CARBAJAL,JICAMARCA -> ANCIETA,74.56,0,0.0,0.0,0,0.0,204.37,353.56,1.73,150.3,GNV,54.07,35.98,1.77,Critico,Falla Mecanica / Requiere Mantenimiento Preventivo
VE-05,BYP824,SCANIA,G410 A6X4,48.05,3,2026-02-11 00:00:00,2026-02-13 00:00:00,2.0,5,186.92,4473.79,SAMUEL CARBAJAL,JICAMARCA -> ANCIETA,119.73,0,0.0,0.0,0,0.0,183.32,317.14,1.73,156.42,GNV,26.9,17.2,0.4,Advertencia,Falla Mecanica / Requiere Mantenimiento Preventivo
VE-05,BYP824,SCANIA,G410 A6X4,48.05,3,2026-02-13 00:00:00,2026-02-14 00:00:00,1.0,2,75.5,2090.03,SAMUEL CARBAJAL,JICAMARCA -> COLLIQUE,55.12,0,0.0,0.0,0,0.0,158.67,261.81,1.65,135.29,GNV,23.38,17.28,0.23,Advertencia,Falla Mecanica / Requiere Mantenimiento Preventivo
VE-05,BYP824,SCANIA,G410 A6X4,48.05,3,2026-02-14 00:00:00,2026-02-16 00:00:00,2.0,2,73.77,1898.14,SAMUEL CARBAJAL,JICAMARCA -> COLLIQUE,51.46,0,0.0,0.0,0,0.0,127.76,221.02,1.73,135.29,GNV,-7.53,-5.57,-1.33,Normal,Comportamiento Normal
VE-05,BYP824,SCANIA,G410 A6X4,48.05,3,2026-02-16 00:00:00,2026-02-17 00:00:00,1.0,3,112.59,2951.0,SAMUEL CARBAJAL,JICAMARCA -> SAN JUAN,78.22,0,0.0,0.0,0,0.0,134.31,232.35,1.73,150.3,GNV,-15.99,-10.64,-1.75,Normal,Comportamiento Normal
VE-05,BYP824,SCANIA,G410 A6X4,48.05,3,2026-02-17 00:00:00,2026-02-18 00:00:00,1.0,2,81.13,1974.85,SAMUEL CARBAJAL,JICAMARCA -> ANCIETA,48.83,0,0.0,0.0,0,0.0,77.76,134.52,1.73,133.67,GNV,-55.91,-41.83,-3.76,Normal,Comportamiento Normal
VE-05,BYP824,SCANIA,G410 A6X4,48.05,3,2026-02-18 00:00:00,2026-02-20 00:00:00,2.0,6,231.25,5520.88,SAMUEL CARBAJAL,JICAMARCA -> ANCIETA,142.83,0,0.0,0.0,0,0.0,204.73,354.18,1.73,166.22,GNV,38.51,23.17,0.99,Advertencia,Desviacion Operativa Menor / Eficiencia Conductiva
VE-05,BYP824,SCANIA,G410 A6X4,48.05,3,2026-02-20 00:00:00,2026-02-21 00:00:00,1.0,2,73.31,1654.63,SAMUEL CARBAJAL,JICAMARCA -> ANCIETA,45.17,0,0.0,0.0,0,0.0,112.97,186.4,1.65,131.85,GNV,-18.88,-14.32,-1.9,Normal,Comportamiento Normal
VE-05,BYP824,SCANIA,G410 A6X4,48.05,3,2026-02-21 00:00:00,2026-02-23 00:00:00,2.0,2,78.07,973.61,SAMUEL CARBAJAL,JICAMARCA -> HUAROCHIRI,24.94,0,0.0,0.0,0,0.0,187.73,324.77,1.73,133.92,GNV,53.81,40.18,1.76,Critico,Sospecha de Fuga o Extraccion Injustificada de Combustible
VE-05,BYP824,SCANIA,G410 A6X4,48.05,3,2026-02-23 00:00:00,2026-02-24 00:00:00,1.0,3,116.17,2617.6,SAMUEL CARBAJAL,JICAMARCA -> ANCIETA,68.27,0,0.0,0.0,0,0.0,116.06,200.78,1.73,139.18,GNV,-23.12,-16.61,-2.11,Normal,Comportamiento Normal
VE-05,BYP824,SCANIA,G410 A6X4,48.05,3,2026-02-24 00:00:00,2026-02-28 00:00:00,4.0,8,299.55,7427.02,SAMUEL CARBAJAL,JICAMARCA -> COLLIQUE,199.4,0,0.0,0.0,0,0.0,92.75,153.04,1.65,170.52,GNV,-77.77,-45.61,-4.86,Normal,Comportamiento Normal
VE-05,BYP824,SCANIA,G410 A6X4,48.05,3,2026-02-28 00:00:00,2026-03-09 00:00:00,9.0,10,154.75,3232.56,SAMUEL CARBAJAL,JICAMARCA -> ANCIETA,209.33,1,24.46,84.0,40,0.29,182.32,319.06,1.75,166.9,GNV,15.42,9.24,-0.17,Normal,Comportamiento Normal
VE-05,BYP824,SCANIA,G410 A6X4,48.05,3,2026-03-09 00:00:00,2026-03-10 00:00:00,1.0,4,151.42,4357.81,DESCONOCIDO,JICAMARCA -> SAN JUAN,46.0,1,32.44,85.0,7,0.26,201.08,400.14,1.99,152.98,GNV,48.1,31.44,1.47,Critico,Exceso de Ralenti (Motor encendido sin movimiento)
VE-05,BYP824,SCANIA,G410 A6X4,48.05,3,2026-03-10 00:00:00,2026-03-12 00:00:00,2.0,3,118.66,787.39,DESCONOCIDO,JICAMARCA -> SAN ANTONIO,409.41,1,22.5,79.0,33,0.33,206.47,410.87,1.99,173.79,GNV,32.68,18.8,0.69,Advertencia,Exceso de Ralenti (Motor encendido sin movimiento)
VE-05,BYP824,SCANIA,G410 A6X4,48.05,3,2026-03-12 00:00:00,2026-03-13 00:00:00,1.0,4,151.43,3696.07,SAMUEL CARBAJAL,JICAMARCA -> SAN JUAN,81.1,1,24.32,79.0,10,0.57,153.41,274.6,1.79,156.42,GNV,-3.01,-1.92,-1.1,Normal,Comportamiento Normal
VE-05,BYP824,SCANIA,G410 A6X4,48.05,3,2026-03-13 00:00:00,2026-03-16 00:00:00,3.0,4,156.34,3160.68,SAMUEL CARBAJAL,JICAMARCA -> ANCIETA,362.6,1,25.87,86.0,70,0.35,157.37,281.69,1.79,173.79,GNV,-16.42,-9.45,-1.77,Normal,Comportamiento Normal
VE-05,BYP824,SCANIA,G410 A6X4,48.05,3,2026-03-16 00:00:00,2026-03-17 00:00:00,1.0,4,150.61,2654.74,SAMUEL CARBAJAL,JICAMARCA -> ANCIETA,143.01,1,22.19,81.0,20,0.28,194.94,348.94,1.79,155.29,GNV,39.65,25.53,1.04,Advertencia,Exceso de Ralenti (Motor encendido sin movimiento)
VE-05,BYP824,SCANIA,G410 A6X4,48.05,3,2026-03-17 00:00:00,2026-03-18 00:00:00,1.0,4,146.05,3599.54,SAMUEL CARBAJAL,JICAMARCA -> VILLA,181.35,1,19.69,77.0,3,0.28,153.23,274.28,1.79,166.22,GNV,-12.99,-7.82,-1.6,Normal,Comportamiento Normal
VE-05,BYP824,SCANIA,G410 A6X4,48.05,3,2026-03-18 00:00:00,2026-03-19 00:00:00,1.0,1,35.2,684.35,SAMUEL CARBAJAL,JICAMARCA -> ANCIETA,206.38,1,27.34,83.0,33,0.31,57.73,106.22,1.84,154.33,GNV,-96.6,-62.59,-5.8,Normal,Comportamiento Normal
VE-05,BYP824,SCANIA,G410 A6X4,48.05,3,2026-03-19 00:00:00,2026-03-20 00:00:00,1.0,4,150.54,2827.46,SAMUEL CARBAJAL,JICAMARCA -> ANCIETA,81.03,1,23.16,78.0,7,0.28,148.31,265.47,1.79,144.48,GNV,3.83,2.65,-0.76,Normal,Comportamiento Normal
VE-05,BYP824,SCANIA,G410 A6X4,48.05,3,2026-03-20 00:00:00,2026-03-23 00:00:00,3.0,5,195.25,4271.99,SAMUEL CARBAJAL,SAN LORENZO  -> COLLIQUE,297.41,1,22.82,83.0,44,0.36,168.0,300.72,1.79,176.11,GNV,-8.11,-4.6,-1.36,Normal,Comportamiento Normal
VE-05,BYP824,SCANIA,G410 A6X4,48.05,3,2026-03-23 00:00:00,2026-03-25 00:00:00,2.0,4,153.57,4290.81,SAMUEL CARBAJAL,JICAMARCA -> ANCIETA,148.59,1,26.65,83.0,31,0.38,161.69,289.42,1.79,166.22,GNV,-4.53,-2.73,-1.18,Normal,Comportamiento Normal
VE-05,BYP824,SCANIA,G410 A6X4,48.05,3,2026-03-25 00:00:00,2026-03-26 00:00:00,1.0,5,188.74,3790.51,SAMUEL CARBAJAL,JICAMARCA -> ANCIETA,261.09,1,24.99,80.0,41,0.27,174.53,303.68,1.74,176.11,GNV,-1.58,-0.89,-1.03,Normal,Comportamiento Normal
VE-05,BYP824,SCANIA,G410 A6X4,48.05,3,2026-03-26 00:00:00,2026-03-27 00:00:00,1.0,3,35.83,921.92,SAMUEL CARBAJAL,YERBABUENA -> MEIGGS,245.99,1,24.26,84.0,28,0.32,179.76,312.78,1.74,173.79,GNV,5.97,3.43,-0.65,Normal,Comportamiento Normal
VE-05,BYP824,SCANIA,G410 A6X4,48.05,3,2026-03-27 00:00:00,2026-03-30 00:00:00,3.0,4,78.86,2616.78,SAMUEL CARBAJAL,YERBABUENA -> MEIGGS,480.88,1,24.57,100.0,33,0.33,168.04,300.79,1.79,173.79,GNV,-5.75,-3.31,-1.24,Normal,Comportamiento Normal
VE-05,BYP824,SCANIA,G410 A6X4,48.05,3,2026-03-30 00:00:00,2026-03-31 00:00:00,1.0,5,189.87,3038.12,SAMUEL CARBAJAL,JICAMARCA -> ANCIETA,148.3,1,24.65,77.0,9,0.37,162.19,290.32,1.79,163.49,GNV,-1.3,-0.8,-1.01,Normal,Comportamiento Normal
VE-05,BYP824,SCANIA,G410 A6X4,48.05,3,2026-03-31 00:00:00,2026-04-03 00:00:00,3.0,7,194.6,3518.95,SAMUEL CARBAJAL,JICAMARCA -> ANCIETA,362.14,1,20.5,80.0,17,0.36,223.43,399.93,1.79,176.11,GNV,47.32,26.87,1.43,Advertencia,Exceso de Ralenti (Motor encendido sin movimiento)
VE-05,BYP824,SCANIA,G410 A6X4,48.05,3,2026-04-03 00:00:00,2026-04-04 00:00:00,1.0,3,121.94,4162.38,SAMUEL CARBAJAL,JICAMARCA -> VILLA,132.0,1,28.74,82.0,46,0.44,210.79,366.77,1.74,166.22,GNV,44.57,26.81,1.29,Advertencia,Exceso de Ralenti (Motor encendido sin movimiento)
VE-05,BYP824,SCANIA,G410 A6X4,48.05,3,2026-04-04 00:00:00,2026-04-07 00:00:00,3.0,1,38.94,686.0,SAMUEL CARBAJAL,SAN LORENZO  -> COLLIQUE,234.0,1,34.02,84.0,96,0.31,122.05,212.37,1.74,154.33,GNV,-32.28,-20.92,-2.57,Normal,Comportamiento Normal
VE-05,BYP824,SCANIA,G410 A6X4,48.05,3,2026-04-07 00:00:00,2026-04-08 00:00:00,1.0,4,163.41,3136.5,SAMUEL CARBAJAL,JICAMARCA -> ANCIETA,165.75,1,23.59,81.0,35,0.35,213.98,372.33,1.74,163.49,GNV,50.49,30.88,1.59,Critico,Exceso de Ralenti (Motor encendido sin movimiento)
VE-05,BYP824,SCANIA,G410 A6X4,48.05,3,2026-04-08 00:00:00,2026-04-09 00:00:00,1.0,4,164.58,3610.89,SAMUEL CARBAJAL,JICAMARCA -> ANCIETA,227.21,1,21.78,82.0,5,0.28,194.73,348.56,1.79,169.63,GNV,25.1,14.8,0.31,Normal,Comportamiento Normal
VE-05,BYP824,SCANIA,G410 A6X4,48.05,3,2026-04-09 00:00:00,2026-04-10 00:00:00,1.0,3,119.06,1766.27,SAMUEL CARBAJAL,JICAMARCA -> HUAROCHIRI,190.21,1,23.16,81.0,29,0.32,180.37,322.86,1.79,160.14,GNV,20.23,12.63,0.07,Normal,Comportamiento Normal
VE-05,BYP824,SCANIA,G410 A6X4,48.05,3,2026-04-10 00:00:00,2026-04-13 00:00:00,3.0,3,122.15,2356.03,SAMUEL CARBAJAL,JICAMARCA -> COLLIQUE,211.38,1,18.77,76.0,5,0.46,178.75,319.96,1.79,160.14,GNV,18.61,11.62,-0.01,Normal,Comportamiento Normal
VE-05,BYP824,SCANIA,G410 A6X4,48.05,3,2026-04-13 00:00:00,2026-04-14 00:00:00,1.0,4,150.94,3298.61,SAMUEL CARBAJAL,JICAMARCA -> ANCIETA,136.02,1,22.65,78.0,16,0.34,205.81,368.39,1.79,163.49,GNV,42.32,25.88,1.18,Advertencia,Falla Mecanica / Requiere Mantenimiento Preventivo
VE-05,BYP824,SCANIA,G410 A6X4,48.05,3,2026-04-14 00:00:00,2026-04-15 00:00:00,1.0,4,148.38,2965.28,SAMUEL CARBAJAL,JICAMARCA -> ANCIETA,217.94,1,23.72,83.0,32,0.25,133.12,238.28,1.79,163.51,GNV,-30.39,-18.59,-2.48,Normal,Comportamiento Normal
VE-05,BYP824,SCANIA,G410 A6X4,48.05,3,2026-04-15 00:00:00,2026-04-16 00:00:00,1.0,4,148.12,3566.38,SAMUEL CARBAJAL,JICAMARCA -> ANCIETA,205.32,1,21.87,84.0,18,0.29,178.16,318.9,1.79,169.63,GNV,8.53,5.03,-0.52,Normal,Comportamiento Normal
VE-05,BYP824,SCANIA,G410 A6X4,48.05,3,2026-04-16 00:00:00,2026-04-17 00:00:00,1.0,3,113.56,2073.08,SAMUEL CARBAJAL,JICAMARCA -> ANCIETA,204.52,1,25.03,85.0,36,0.27,99.17,177.51,1.79,160.14,GNV,-60.97,-38.07,-4.01,Normal,Comportamiento Normal
VE-05,BYP824,SCANIA,G410 A6X4,48.05,3,2026-04-17 00:00:00,2026-04-20 00:00:00,3.0,3,112.82,3319.92,SAMUEL CARBAJAL,JICAMARCA -> COLLIQUE,184.1,1,22.6,77.0,10,0.41,68.92,123.36,1.79,163.49,GNV,-94.57,-57.85,-5.7,Normal,Comportamiento Normal
VE-05,BYP824,SCANIA,G410 A6X4,48.05,3,2026-04-20 00:00:00,2026-04-22 00:00:00,2.0,7,264.5,6619.08,SAMUEL CARBAJAL,JICAMARCA -> SAN JUAN,427.27,1,24.78,81.0,79,0.31,165.81,296.79,1.79,176.11,GNV,-10.3,-5.85,-1.47,Normal,Comportamiento Normal
VE-05,BYP824,SCANIA,G410 A6X4,48.05,3,2026-04-22 00:00:00,2026-04-23 00:00:00,1.0,3,117.39,2005.53,SAMUEL CARBAJAL,JICAMARCA -> ANCIETA,168.6,1,25.38,80.0,47,0.42,248.77,430.37,1.73,149.99,GNV,98.78,65.86,4.02,Critico,Exceso de Ralenti (Motor encendido sin movimiento)
VE-05,BYP824,SCANIA,G410 A6X4,48.05,3,2026-04-23 00:00:00,2026-04-24 00:00:00,1.0,3,116.13,2638.5,SAMUEL CARBAJAL,JICAMARCA -> ANCIETA,150.9,1,19.43,81.0,13,0.26,136.7,244.69,1.79,149.99,GNV,-13.29,-8.86,-1.62,Normal,Comportamiento Normal
VE-05,BYP824,SCANIA,G410 A6X4,48.05,3,2026-04-24 00:00:00,2026-04-27 00:00:00,3.0,6,227.8,4120.68,SAMUEL CARBAJAL,JICAMARCA -> ANCIETA,328.17,1,21.61,81.0,30,0.42,193.91,347.09,1.79,176.11,GNV,17.8,10.11,-0.05,Normal,Comportamiento Normal
VE-05,BYP824,SCANIA,G410 A6X4,48.05,3,2026-04-27 00:00:00,2026-04-28 00:00:00,1.0,4,150.04,2917.05,SAMUEL CARBAJAL,JICAMARCA -> ANCIETA,162.83,1,20.17,84.0,23,0.25,164.34,294.16,1.79,160.1,GNV,4.24,2.65,-0.73,Normal,Comportamiento Normal
VE-05,BYP824,SCANIA,G410 A6X4,48.05,3,2026-04-28 00:00:00,2026-04-29 00:00:00,1.0,3,118.0,2683.61,SAMUEL CARBAJAL,JICAMARCA -> ANCIETA,171.57,1,20.6,77.0,10,0.31,130.46,233.52,1.79,155.29,GNV,-24.83,-15.99,-2.2,Normal,Comportamiento Normal
VE-05,BYP824,SCANIA,G410 A6X4,48.05,3,2026-04-29 00:00:00,2026-05-05 00:00:00,6.0,6,236.72,4838.04,SAMUEL CARBAJAL,JICAMARCA -> ANCIETA,236.26,1,23.57,82.0,33,0.36,212.21,379.85,1.79,176.11,GNV,36.1,20.5,0.87,Advertencia,Exceso de Ralenti (Motor encendido sin movimiento)
VE-05,BYP824,SCANIA,G410 A6X4,48.05,3,2026-05-05 00:00:00,2026-05-08 00:00:00,3.0,9,306.25,7578.7,SAMUEL CARBAJAL,JICAMARCA -> ANCIETA,489.29,1,23.56,84.0,77,0.38,197.22,343.16,1.74,176.11,GNV,21.11,11.99,0.11,Normal,Comportamiento Normal
VE-05,BYP824,SCANIA,G410 A6X4,48.05,3,2026-05-08 00:00:00,2026-05-09 00:00:00,1.0,2,75.53,1330.6,SAMUEL CARBAJAL,SAN LORENZO  -> COLLIQUE,183.96,1,21.27,85.0,16,0.37,114.99,200.08,1.74,147.4,GNV,-32.41,-21.99,-2.58,Normal,Comportamiento Normal
VE-05,BYP824,SCANIA,G410 A6X4,48.05,3,2026-05-09 00:00:00,2026-05-11 00:00:00,2.0,2,81.1,1011.39,SAMUEL CARBAJAL,JICAMARCA -> HUAROCHIRI,85.12,1,19.68,79.0,3,0.4,195.83,340.74,1.74,137.11,GNV,58.72,42.83,2.0,Critico,Exceso de Ralenti (Motor encendido sin movimiento)
VE-05,BYP824,SCANIA,G410 A6X4,48.05,3,2026-05-11 00:00:00,2026-05-18 00:00:00,7.0,8,303.66,11177.93,SAMUEL CARBAJAL,YERBABUENA -> MEIGGS,686.58,1,20.96,92.0,35,0.38,152.64,273.22,1.79,176.11,GNV,-23.47,-13.32,-2.13,Normal,Comportamiento Normal
VE-05,BYP824,SCANIA,G410 A6X4,48.05,3,2026-05-18 00:00:00,2026-05-27 00:00:00,9.0,13,479.81,23023.3,SAMUEL CARBAJAL,YERBABUENA -> MEIGGS,1333.51,1,24.55,100.0,96,0.35,186.17,323.94,1.74,176.11,GNV,10.06,5.71,-0.44,Normal,Comportamiento Normal
VE-05,BYP824,SCANIA,G410 A6X4,48.05,3,2026-05-27 00:00:00,2026-06-03 00:00:00,7.0,9,0.0,0.0,SAMUEL CARBAJAL,CHANCAY -> POLIMIX SANTA ANITA,1929.94,1,36.23,100.0,603,0.21,88.41,153.83,1.74,176.11,GNV,-87.7,-49.8,-5.36,Normal,Comportamiento Normal
VE-05,BYP824,SCANIA,G410 A6X4,48.05,3,2026-06-03 00:00:00,2026-06-06 00:00:00,3.0,4,0.0,0.0,SAMUEL CARBAJAL,CHANCAY -> POLIMIX OQUENDO,973.7,1,37.47,100.0,317,0.29,111.75,194.44,1.74,173.79,GNV,-62.04,-35.7,-4.07,Normal,Comportamiento Normal
VE-05,BYP824,SCANIA,G410 A6X4,48.05,3,2026-06-06 00:00:00,2026-06-08 00:00:00,2.0,2,0.0,0.0,Samuel Carbajal Quispe,CHANCAY -> POLIMIX OQUENDO,174.36,1,37.0,100.0,59,0.21,98.92,172.12,1.74,147.4,GNV,-48.48,-32.89,-3.38,Normal,Comportamiento Normal
VE-05,BYP824,SCANIA,G410 A6X4,48.05,3,2026-06-08 00:00:00,2026-06-11 00:00:00,3.0,2,0.0,0.0,Samuel Carbajal Quispe,CHANCAY -> POLIMIX OQUENDO,337.46,1,38.48,100.0,123,0.28,143.46,249.62,1.74,171.72,GNV,-28.26,-16.46,-2.37,Normal,Comportamiento Normal
VE-05,BYP824,SCANIA,G410 A6X4,48.05,3,2026-06-11 00:00:00,2026-06-12 00:00:00,1.0,1,0.0,0.0,Samuel Carbajal Quispe,CHANCAY -> POLIMIX SANTA ANITA,375.67,1,38.44,100.0,123,0.28,29.54,51.4,1.74,172.05,GNV,-142.51,-82.83,-8.11,Normal,Comportamiento Normal
VE-05,BYP824,SCANIA,G410 A6X4,48.05,3,2026-06-12 00:00:00,2026-06-13 00:00:00,1.0,1,0.0,0.0,Samuel Carbajal Quispe,CHANCAY -> POLIMIX SANTA ANITA,245.92,1,34.11,99.0,65,0.26,140.45,244.38,1.74,172.05,GNV,-31.6,-18.36,-2.54,Normal,Comportamiento Normal
VE-05,BYP824,SCANIA,G410 A6X4,48.05,3,2026-06-13 00:00:00,2026-06-16 00:00:00,3.0,3,0.0,0.0,Samuel Carbajal Quispe,JICAMARCA -> ANCIETA,208.59,1,34.76,100.0,75,0.31,160.55,279.36,1.74,160.14,GNV,0.41,0.25,-0.93,Normal,Comportamiento Normal
VE-05,BYP824,SCANIA,G410 A6X4,48.05,3,2026-06-16 00:00:00,2026-06-17 00:00:00,1.0,3,0.0,0.0,Samuel Carbajal Quispe,JICAMARCA -> ANCIETA,198.43,1,24.29,82.0,20,0.32,153.66,267.37,1.74,160.14,GNV,-6.48,-4.05,-1.27,Normal,Comportamiento Normal
VE-05,BYP824,SCANIA,G410 A6X4,48.05,3,2026-06-17 00:00:00,2026-06-18 00:00:00,1.0,2,0.0,0.0,Samuel Carbajal Quispe,JICAMARCA -> ANCIETA,196.28,1,23.69,82.0,19,0.28,115.36,200.73,1.74,158.07,GNV,-42.71,-27.02,-3.09,Normal,Comportamiento Normal
VE-05,BYP824,SCANIA,G410 A6X4,48.05,3,2026-06-18 00:00:00,2026-06-19 00:00:00,1.0,2,0.0,0.0,Samuel Carbajal Quispe,JICAMARCA -> COLLIQUE,130.1,1,22.53,82.0,26,0.3,121.18,210.85,1.74,135.29,GNV,-14.11,-10.43,-1.66,Normal,Comportamiento Normal
VE-05,BYP824,SCANIA,G410 A6X4,48.05,3,2026-06-19 00:00:00,2026-06-22 00:00:00,3.0,3,0.0,0.0,Samuel Carbajal Quispe,JICAMARCA -> ANCIETA,152.31,1,24.44,80.0,26,0.31,135.62,235.98,1.74,149.47,GNV,-13.85,-9.27,-1.64,Normal,Comportamiento Normal
VE-05,BYP824,SCANIA,G410 A6X4,48.05,3,2026-06-22 00:00:00,2026-06-23 00:00:00,1.0,2,0.0,0.0,Samuel Carbajal Quispe,JICAMARCA -> ANCIETA,172.26,1,24.33,82.0,17,0.3,146.26,254.49,1.74,147.4,GNV,-1.14,-0.77,-1.01,Normal,Comportamiento Normal
VE-05,BYP824,SCANIA,G410 A6X4,48.05,3,2026-06-23 00:00:00,2026-06-24 00:00:00,1.0,3,0.0,0.0,Samuel Carbajal Quispe,JICAMARCA -> ANCIETA,171.63,1,23.24,82.0,27,0.33,155.7,270.92,1.74,149.47,GNV,6.23,4.17,-0.63,Normal,Comportamiento Normal
VE-05,BYP824,SCANIA,G410 A6X4,48.05,3,2026-06-24 00:00:00,2026-06-27 00:00:00,3.0,6,0.0,0.0,Samuel Carbajal Quispe,YERBABUENA -> MEIGGS,557.29,1,23.95,85.0,47,0.3,156.44,272.21,1.74,176.11,GNV,-19.67,-11.17,-1.94,Normal,Comportamiento Normal
VE-05,BYP824,SCANIA,G410 A6X4,48.05,3,2026-06-27 00:00:00,2026-07-01 00:00:00,4.0,3,0.0,0.0,Samuel Carbajal Quispe,JICAMARCA -> SAN JUAN,430.64,1,27.88,93.0,137,0.29,173.1,301.19,1.74,173.79,GNV,-0.69,-0.4,-0.98,Normal,Comportamiento Normal
VE-05,BYP824,SCANIA,G410 A6X4,48.05,3,2026-07-01 00:00:00,2026-07-02 00:00:00,1.0,0,0.0,0.0,DESCONOCIDO,DESCONOCIDA,97.81,1,23.92,84.0,16,0.4,137.66,246.41,1.79,132.1,GNV,5.56,4.21,-0.67,Normal,Comportamiento Normal
VE-06,BYP838,SCANIA,G410 A6X4,48.05,3,2025-11-17 00:00:00,2026-01-16 00:00:00,60.0,2,87.24,1536.9,DESCONOCIDO,SAN LORENZO -> COLLIQUE,35.23,0,0.0,0.0,0,0.0,117.35,193.63,1.65,133.67,GNV,-16.32,-12.21,-1.77,Normal,Comportamiento Normal
VE-06,BYP838,SCANIA,G410 A6X4,48.05,3,2026-01-16 00:00:00,2026-01-17 00:00:00,1.0,3,133.07,1872.83,DESCONOCIDO,SAN LORENZO -> COLLIQUE,42.01,0,0.0,0.0,0,0.0,97.04,160.12,1.65,135.74,GNV,-38.7,-28.51,-2.89,Normal,Comportamiento Normal
VE-06,BYP838,SCANIA,G410 A6X4,48.05,3,2026-01-17 00:00:00,2026-01-19 00:00:00,2.0,3,133.42,2350.45,DESCONOCIDO,SAN LORENZO -> COLLIQUE,52.85,0,0.0,0.0,0,0.0,131.89,217.62,1.65,139.18,GNV,-7.29,-5.24,-1.31,Normal,Comportamiento Normal
VE-06,BYP838,SCANIA,G410 A6X4,48.05,3,2026-01-19 00:00:00,2026-01-20 00:00:00,1.0,3,130.92,1845.68,DESCONOCIDO,SAN LORENZO -> COLLIQUE,42.01,0,0.0,0.0,0,0.0,105.11,173.43,1.65,135.74,GNV,-30.63,-22.57,-2.49,Normal,Comportamiento Normal
VE-06,BYP838,SCANIA,G410 A6X4,48.05,3,2026-01-20 00:00:00,2026-01-21 00:00:00,1.0,4,170.19,2530.89,DESCONOCIDO,SAN LORENZO -> COLLIQUE,59.63,0,0.0,0.0,0,0.0,154.87,255.54,1.65,139.18,GNV,15.69,11.27,-0.16,Normal,Comportamiento Normal
VE-06,BYP838,SCANIA,G410 A6X4,48.05,3,2026-01-21 00:00:00,2026-01-22 00:00:00,1.0,2,89.38,1574.6,DESCONOCIDO,SAN LORENZO -> COLLIQUE,35.23,0,0.0,0.0,0,0.0,104.92,173.12,1.65,133.67,GNV,-28.75,-21.51,-2.39,Normal,Comportamiento Normal
VE-06,BYP838,SCANIA,G410 A6X4,48.05,3,2026-01-22 00:00:00,2026-01-26 00:00:00,4.0,2,88.55,1559.98,DESCONOCIDO,SAN LORENZO -> COLLIQUE,35.23,0,0.0,0.0,0,0.0,93.51,154.29,1.65,133.67,GNV,-40.16,-30.04,-2.97,Normal,Comportamiento Normal
VE-06,BYP838,SCANIA,G410 A6X4,48.05,3,2026-01-26 00:00:00,2026-01-27 00:00:00,1.0,1,45.66,804.39,DESCONOCIDO,SAN LORENZO -> COLLIQUE,17.62,0,0.0,0.0,0,0.0,70.61,116.51,1.65,127.24,GNV,-56.63,-44.51,-3.79,Normal,Comportamiento Normal
VE-06,BYP838,SCANIA,G410 A6X4,48.05,3,2026-01-27 00:00:00,2026-04-20 00:00:00,83.0,2,80.91,3135.31,JOSE RIOS,YERBABUENA -> MEIGGS,114.15,1,22.31,80.0,11,0.7,113.86,203.8,1.79,151.62,GNV,-37.76,-24.9,-2.85,Normal,Comportamiento Normal
VE-06,BYP838,SCANIA,G410 A6X4,48.05,3,2026-04-20 00:00:00,2026-04-21 00:00:00,1.0,3,120.36,2830.35,JOSE RIOS,JICAMARCA -> COLLIQUE,105.83,1,27.46,82.0,6,0.56,194.41,347.99,1.79,150.3,GNV,44.11,29.35,1.27,Advertencia,Exceso de Ralenti (Motor encendido sin movimiento)
VE-06,BYP838,SCANIA,G410 A6X4,48.05,3,2026-04-21 00:00:00,2026-04-22 00:00:00,1.0,2,0.0,0.0,JOSE RIOS,CHANCAY -> POLIMIX SANTA ANITA,159.81,1,23.14,76.0,10,0.44,233.55,406.38,1.74,147.4,GNV,86.15,58.44,3.38,Critico,Exceso de Ralenti (Motor encendido sin movimiento)
VE-06,BYP838,SCANIA,G410 A6X4,48.05,3,2026-04-22 00:00:00,2026-04-24 00:00:00,2.0,4,0.0,0.0,JOSE RIOS,CHANCAY -> POLIMIX SANTA ANITA,752.83,1,35.63,100.0,170,0.29,228.85,398.2,1.74,173.79,GNV,55.06,31.68,1.82,Critico,Falla Mecanica / Requiere Mantenimiento Preventivo
VE-06,BYP838,SCANIA,G410 A6X4,48.05,3,2026-04-24 00:00:00,2026-05-15 00:00:00,21.0,24,509.46,17633.94,JOSE RIOS,CHANCAY -> POLIMIX OQUENDO,3153.25,1,32.2,98.0,808,0.36,138.16,240.4,1.74,176.11,GNV,-37.95,-21.55,-2.85,Normal,Comportamiento Normal
VE-06,BYP838,SCANIA,G410 A6X4,48.05,3,2026-05-15 00:00:00,2026-05-20 00:00:00,5.0,3,0.0,0.0,JOSE RIOS,CHANCAY -> POLIMIX OQUENDO,315.24,1,26.95,91.0,48,0.46,182.04,316.75,1.74,173.79,GNV,8.25,4.75,-0.53,Normal,Comportamiento Normal
VE-06,BYP838,SCANIA,G410 A6X4,48.05,3,2026-05-20 00:00:00,2026-05-22 00:00:00,2.0,4,45.7,2155.32,JOSE RIOS,CHANCAY -> POLIMIX OQUENDO,643.78,1,33.95,93.0,157,0.32,256.74,446.73,1.74,173.79,GNV,82.95,47.73,3.22,Critico,Exceso de Ralenti (Motor encendido sin movimiento)
VE-06,BYP838,SCANIA,G410 A6X4,48.05,3,2026-05-22 00:00:00,2026-06-20 00:00:00,29.0,35,605.91,32506.52,JOSE RIOS,YERBABUENA -> MEIGGS,5392.08,1,32.63,99.0,1244,0.35,209.53,364.58,1.74,176.11,GNV,33.42,18.98,0.73,Advertencia,Exceso de Ralenti (Motor encendido sin movimiento)
VE-07,CBR846,SCANIA,G410 A6X4,48.05,3,2026-01-09 00:00:00,2026-01-21 00:00:00,12.0,18,727.94,31232.77,DESCONOCIDO,YERBABUENA -> MEIGGS,772.19,0,0.0,0.0,0,0.0,214.03,353.15,1.65,176.99,GNV,37.04,20.93,0.91,Advertencia,Desviacion Operativa Menor / Eficiencia Conductiva
VE-07,CBR846,SCANIA,G410 A6X4,48.05,3,2026-01-21 00:00:00,2026-01-23 00:00:00,2.0,4,159.0,4017.48,DESCONOCIDO,SAN LORENZO -> COLLIQUE,100.01,0,0.0,0.0,0,0.0,195.35,322.33,1.65,156.42,GNV,38.93,24.89,1.01,Advertencia,Desviacion Operativa Menor / Eficiencia Conductiva
VE-07,CBR846,SCANIA,G410 A6X4,48.05,3,2026-01-23 00:00:00,2026-01-24 00:00:00,1.0,2,83.49,3937.59,DESCONOCIDO,YERBABUENA -> MEIGGS,94.32,0,0.0,0.0,0,0.0,200.45,330.74,1.65,154.35,GNV,46.1,29.87,1.37,Advertencia,Falla Mecanica / Requiere Mantenimiento Preventivo
VE-07,CBR846,SCANIA,G410 A6X4,48.05,3,2026-01-24 00:00:00,2026-02-04 00:00:00,11.0,14,567.3,24431.78,WILSON GONZALES,YERBABUENA -> MEIGGS,601.18,0,0.0,0.0,0,0.0,197.07,325.17,1.65,176.99,GNV,20.08,11.34,0.06,Normal,Comportamiento Normal
VE-07,CBR846,SCANIA,G410 A6X4,48.05,3,2026-02-04 00:00:00,2026-02-05 00:00:00,1.0,2,83.14,3921.08,WILSON GONZALES,YERBABUENA -> MEIGGS,94.32,0,0.0,0.0,0,0.0,187.94,310.1,1.65,154.35,GNV,33.59,21.76,0.74,Advertencia,Falla Mecanica / Requiere Mantenimiento Preventivo
VE-07,CBR846,SCANIA,G410 A6X4,48.05,3,2026-02-05 00:00:00,2026-02-06 00:00:00,1.0,2,88.31,3887.72,WILSON GONZALES,YERBABUENA -> MEIGGS,87.52,0,0.0,0.0,0,0.0,173.44,286.18,1.65,154.35,GNV,19.09,12.37,0.01,Normal,Comportamiento Normal
VE-07,CBR846,SCANIA,G410 A6X4,48.05,3,2026-02-06 00:00:00,2026-02-10 00:00:00,4.0,4,170.86,8058.17,WILSON GONZALES,YERBABUENA -> MEIGGS,188.65,0,0.0,0.0,0,0.0,234.14,386.33,1.65,170.52,GNV,63.62,37.31,2.25,Critico,Falla Mecanica / Requiere Mantenimiento Preventivo
VE-07,CBR846,SCANIA,G410 A6X4,48.05,3,2026-02-10 00:00:00,2026-02-12 00:00:00,2.0,3,128.16,6044.34,WILSON GONZALES,YERBABUENA -> MEIGGS,141.49,0,0.0,0.0,0,0.0,184.44,304.33,1.65,166.22,GNV,18.22,10.96,-0.03,Normal,Comportamiento Normal
VE-07,CBR846,SCANIA,G410 A6X4,48.05,3,2026-02-12 00:00:00,2026-02-16 00:00:00,4.0,3,130.28,6144.32,WILSON GONZALES,YERBABUENA -> MEIGGS,141.49,0,0.0,0.0,0,0.0,193.51,319.29,1.65,166.22,GNV,27.29,16.42,0.42,Advertencia,Falla Mecanica / Requiere Mantenimiento Preventivo
VE-07,CBR846,SCANIA,G410 A6X4,48.05,3,2026-02-16 00:00:00,2026-03-02 00:00:00,14.0,26,982.61,25696.82,WILSON GONZALES,JICAMARCA -> COLLIQUE,18.78,1,25.3,58.0,0,0.77,201.31,332.16,1.65,152.98,GNV,48.33,31.6,1.48,Critico,Falla Mecanica / Requiere Mantenimiento Preventivo
VE-07,CBR846,SCANIA,G410 A6X4,48.05,3,2026-03-02 00:00:00,2026-03-27 00:00:00,25.0,32,1199.37,33272.41,WILSON GONZALES,JICAMARCA -> COLLIQUE,2930.74,1,25.08,90.0,227,0.48,204.92,356.56,1.74,176.11,GNV,28.81,16.36,0.5,Advertencia,Falla Mecanica / Requiere Mantenimiento Preventivo
VE-07,CBR846,SCANIA,G410 A6X4,48.05,3,2026-03-27 00:00:00,2026-04-04 00:00:00,8.0,8,341.13,16088.52,WILSON GONZALES,YERBABUENA -> MEIGGS,855.23,1,22.83,80.0,16,0.44,225.52,392.4,1.74,176.11,GNV,49.41,28.06,1.54,Advertencia,Falla Mecanica / Requiere Mantenimiento Preventivo
VE-07,CBR846,SCANIA,G410 A6X4,48.05,3,2026-04-04 00:00:00,2026-04-25 00:00:00,21.0,32,247.15,17080.48,WILSON GONZALES,CHANCAY -> POLIMIX SANTA ANITA,5840.49,1,35.42,100.0,1063,0.4,155.64,270.81,1.74,176.11,GNV,-20.47,-11.62,-1.98,Normal,Comportamiento Normal
VE-07,CBR846,SCANIA,G410 A6X4,48.05,3,2026-04-25 00:00:00,2026-05-21 00:00:00,26.0,38,117.85,12138.45,WILSON GONZALES,CHANCAY -> POLIMIX SANTA ANITA,6811.98,1,35.79,100.0,1404,0.36,249.9,434.83,1.74,176.11,GNV,73.79,41.9,2.76,Critico,Exceso de Ralenti (Motor encendido sin movimiento)
VE-07,CBR846,SCANIA,G410 A6X4,48.05,3,2026-05-21 00:00:00,2026-06-16 00:00:00,26.0,39,0.0,0.0,WILSON GONZALES,CHANCAY -> POLIMIX SANTA ANITA,7621.05,1,36.82,100.0,1617,0.36,216.41,376.55,1.74,176.11,GNV,40.3,22.89,1.08,Advertencia,Exceso de Ralenti (Motor encendido sin movimiento)
VE-08,CBR854,SCANIA,G410 A6X4,48.05,3,2025-08-04 00:00:00,2026-06-08 00:00:00,308.0,204,7532.08,310741.93,ROBERT PANIAGUA,YERBABUENA -> MEIGGS,8994.18,0,0.0,0.0,0,0.0,83.79,145.79,1.74,176.99,GNV,-93.2,-52.66,-5.63,Normal,Comportamiento Normal
VE-08,CBR854,SCANIA,G410 A6X4,48.05,3,2026-06-08 00:00:00,2026-06-17 00:00:00,9.0,13,0.0,0.0,Robert Martin Paniagua Rosales,YERBABUENA -> MEIGGS,757.9,0,0.0,0.0,0,0.0,83.79,145.79,1.74,176.99,GNV,-93.2,-52.66,-5.63,Normal,Comportamiento Normal
VE-09,CBR872,SCANIA,G410 A6X4,48.05,3,2026-01-10 00:00:00,2026-01-13 00:00:00,3.0,3,123.46,5822.67,DESCONOCIDO,YERBABUENA -> MEIGGS,141.49,0,0.0,0.0,0,0.0,160.85,265.4,1.65,166.22,GNV,-5.37,-3.23,-1.22,Normal,Comportamiento Normal
VE-09,CBR872,SCANIA,G410 A6X4,48.05,3,2026-01-13 00:00:00,2026-01-16 00:00:00,3.0,6,240.89,11360.96,DESCONOCIDO,YERBABUENA -> MEIGGS,282.97,0,0.0,0.0,0,0.0,190.06,313.6,1.65,176.99,GNV,13.07,7.38,-0.29,Normal,Comportamiento Normal
VE-09,CBR872,SCANIA,G410 A6X4,48.05,3,2026-01-16 00:00:00,2026-01-17 00:00:00,1.0,2,79.56,2599.97,DESCONOCIDO,YERBABUENA -> MEIGGS,64.78,0,0.0,0.0,0,0.0,180.4,297.66,1.65,137.11,GNV,43.29,31.57,1.23,Critico,Sospecha de Fuga o Extraccion Injustificada de Combustible
VE-09,CBR872,SCANIA,G410 A6X4,48.05,3,2026-01-17 00:00:00,2026-01-20 00:00:00,3.0,5,204.74,8473.92,DESCONOCIDO,YERBABUENA -> MEIGGS,206.27,0,0.0,0.0,0,0.0,225.6,372.24,1.65,170.52,GNV,55.08,32.3,1.82,Critico,Sospecha de Fuga o Extraccion Injustificada de Combustible
VE-09,CBR872,SCANIA,G410 A6X4,48.05,3,2026-01-20 00:00:00,2026-01-21 00:00:00,1.0,2,75.09,3541.43,DESCONOCIDO,YERBABUENA -> MEIGGS,94.32,0,0.0,0.0,0,0.0,183.02,301.98,1.65,152.53,GNV,30.49,19.99,0.58,Advertencia,Falla Mecanica / Requiere Mantenimiento Preventivo
VE-09,CBR872,SCANIA,G410 A6X4,48.05,3,2026-01-21 00:00:00,2026-01-22 00:00:00,1.0,2,81.07,2690.09,DESCONOCIDO,YERBABUENA -> MEIGGS,64.78,0,0.0,0.0,0,0.0,160.34,264.56,1.65,142.41,GNV,17.93,12.59,-0.05,Normal,Comportamiento Normal
VE-09,CBR872,SCANIA,G410 A6X4,48.05,3,2026-01-22 00:00:00,2026-01-24 00:00:00,2.0,4,160.78,5273.5,DESCONOCIDO,SAN LORENZO -> COLLIQUE,129.56,0,0.0,0.0,0,0.0,135.49,223.56,1.65,156.42,GNV,-20.93,-13.38,-2.0,Normal,Comportamiento Normal
VE-09,CBR872,SCANIA,G410 A6X4,48.05,3,2026-01-24 00:00:00,2026-01-26 00:00:00,2.0,2,79.89,2644.19,DESCONOCIDO,YERBABUENA -> MEIGGS,64.78,0,0.0,0.0,0,0.0,186.97,308.5,1.65,142.41,GNV,44.56,31.29,1.29,Critico,Sospecha de Fuga o Extraccion Injustificada de Combustible
VE-09,CBR872,SCANIA,G410 A6X4,48.05,3,2026-01-26 00:00:00,2026-01-28 00:00:00,2.0,3,122.66,5784.94,DESCONOCIDO,YERBABUENA -> MEIGGS,141.49,0,0.0,0.0,0,0.0,197.84,326.44,1.65,166.22,GNV,31.62,19.02,0.64,Advertencia,Desviacion Operativa Menor / Eficiencia Conductiva
VE-09,CBR872,SCANIA,G410 A6X4,48.05,3,2026-01-29 00:00:00,2026-01-31 00:00:00,2.0,3,130.53,6156.11,DESCONOCIDO,YERBABUENA -> MEIGGS,141.49,0,0.0,0.0,0,0.0,177.34,292.61,1.65,166.22,GNV,11.12,6.69,-0.39,Normal,Comportamiento Normal
VE-09,CBR872,SCANIA,G410 A6X4,48.05,3,2026-01-31 00:00:00,2026-02-03 00:00:00,3.0,3,128.85,2576.44,JOSE ALAMO VELIZ,SAN LORENZO  -> OQUENDO,60.72,0,0.0,0.0,0,0.0,134.92,222.62,1.65,139.18,GNV,-4.26,-3.06,-1.16,Normal,Comportamiento Normal
VE-09,CBR872,SCANIA,G410 A6X4,48.05,3,2026-02-03 00:00:00,2026-02-04 00:00:00,1.0,1,42.75,2016.19,JOSE ALAMO VELIZ,YERBABUENA -> MEIGGS,47.16,0,0.0,0.0,0,0.0,104.17,171.88,1.65,125.17,GNV,-21.0,-16.78,-2.0,Normal,Comportamiento Normal
VE-09,CBR872,SCANIA,G410 A6X4,48.05,3,2026-02-04 00:00:00,2026-02-06 00:00:00,2.0,3,126.43,5962.74,JOSE ALAMO VELIZ,YERBABUENA -> MEIGGS,141.49,0,0.0,0.0,0,0.0,210.62,347.52,1.65,166.22,GNV,44.4,26.71,1.28,Advertencia,Sospecha de Fuga o Extraccion Injustificada de Combustible
VE-09,CBR872,SCANIA,G410 A6X4,48.05,3,2026-02-06 00:00:00,2026-02-07 00:00:00,1.0,1,42.21,1835.71,JOSE ALAMO VELIZ,YERBABUENA -> MATERIALES,43.49,0,0.0,0.0,0,0.0,71.09,117.3,1.65,125.17,GNV,-54.08,-43.21,-3.67,Normal,Comportamiento Normal
VE-09,CBR872,SCANIA,G410 A6X4,48.05,3,2026-02-07 00:00:00,2026-02-09 00:00:00,2.0,1,44.15,2082.22,JOSE ALAMO VELIZ,YERBABUENA -> MEIGGS,47.16,0,0.0,0.0,0,0.0,64.06,105.7,1.65,125.17,GNV,-61.11,-48.82,-4.02,Normal,Comportamiento Normal
VE-09,CBR872,SCANIA,G410 A6X4,48.05,3,2026-02-09 00:00:00,2026-02-11 00:00:00,2.0,3,133.82,5998.03,JOSE ALAMO VELIZ,YERBABUENA -> MEIGGS,134.68,0,0.0,0.0,0,0.0,201.1,331.81,1.65,166.22,GNV,34.88,20.98,0.8,Advertencia,Desviacion Operativa Menor / Eficiencia Conductiva
VE-09,CBR872,SCANIA,G410 A6X4,48.05,3,2026-02-11 00:00:00,2026-02-16 00:00:00,5.0,4,169.78,8007.24,JOSE ALAMO VELIZ,YERBABUENA -> MEIGGS,188.65,0,0.0,0.0,0,0.0,96.68,159.52,1.65,170.52,GNV,-73.84,-43.3,-4.66,Normal,Comportamiento Normal
VE-09,CBR872,SCANIA,G410 A6X4,48.05,3,2026-02-16 00:00:00,2026-02-17 00:00:00,1.0,1,39.4,1858.2,JOSE ALAMO VELIZ,YERBABUENA -> MEIGGS,47.16,0,0.0,0.0,0,0.0,100.04,165.07,1.65,125.17,GNV,-25.13,-20.08,-2.21,Normal,Comportamiento Normal
VE-09,CBR872,SCANIA,G410 A6X4,48.05,3,2026-02-17 00:00:00,2026-02-18 00:00:00,1.0,2,80.42,3792.8,JOSE ALAMO VELIZ,YERBABUENA -> MEIGGS,94.32,0,0.0,0.0,0,0.0,166.1,274.06,1.65,154.35,GNV,11.75,7.61,-0.36,Normal,Comportamiento Normal
VE-09,CBR872,SCANIA,G410 A6X4,48.05,3,2026-02-18 00:00:00,2026-02-20 00:00:00,2.0,4,160.01,7546.46,JOSE ALAMO VELIZ,YERBABUENA -> MEIGGS,188.65,0,0.0,0.0,0,0.0,182.51,301.14,1.65,170.52,GNV,11.99,7.03,-0.35,Normal,Comportamiento Normal
VE-09,CBR872,SCANIA,G410 A6X4,48.05,3,2026-02-20 00:00:00,2026-02-23 00:00:00,3.0,2,80.01,3625.06,JOSE ALAMO VELIZ,YERBABUENA -> MEIGGS,90.65,0,0.0,0.0,0,0.0,144.84,238.99,1.65,154.35,GNV,-9.51,-6.16,-1.43,Normal,Comportamiento Normal
VE-09,CBR872,SCANIA,G410 A6X4,48.05,3,2026-02-23 00:00:00,2026-02-26 00:00:00,3.0,4,164.64,7764.82,JOSE ALAMO VELIZ,YERBABUENA -> MEIGGS,188.65,0,0.0,0.0,0,0.0,203.93,336.48,1.65,170.52,GNV,33.41,19.59,0.73,Advertencia,Desviacion Operativa Menor / Eficiencia Conductiva
VE-09,CBR872,SCANIA,G410 A6X4,48.05,3,2026-02-26 00:00:00,2026-02-27 00:00:00,1.0,1,38.85,1832.26,JOSE ALAMO VELIZ,YERBABUENA -> MEIGGS,47.16,0,0.0,0.0,0,0.0,193.73,319.65,1.65,125.17,GNV,68.56,54.77,2.5,Critico,Sospecha de Fuga o Extraccion Injustificada de Combustible
VE-09,CBR872,SCANIA,G410 A6X4,48.05,3,2026-02-27 00:00:00,2026-03-02 00:00:00,3.0,3,123.6,4077.04,JOSE ALAMO VELIZ,YERBABUENA -> MEIGGS,101.1,0,0.0,0.0,0,0.0,172.94,285.35,1.65,156.42,GNV,16.52,10.56,-0.12,Normal,Comportamiento Normal
VE-09,CBR872,SCANIA,G410 A6X4,48.05,3,2026-03-02 00:00:00,2026-03-10 00:00:00,8.0,3,117.94,5562.34,JOSE ALAMO VELIZ,YERBABUENA -> MEIGGS,200.82,1,25.37,77.0,3,0.0,189.37,331.4,1.75,170.52,GNV,18.85,11.05,-0.0,Normal,Comportamiento Normal
VE-09,CBR872,SCANIA,G410 A6X4,48.05,3,2026-03-10 00:00:00,2026-03-12 00:00:00,2.0,3,118.06,5568.0,JOSE ALAMO VELIZ,YERBABUENA -> MEIGGS,284.1,1,27.18,79.0,9,0.0,193.17,318.73,1.65,174.68,GNV,18.49,10.58,-0.02,Normal,Comportamiento Normal
VE-09,CBR872,SCANIA,G410 A6X4,48.05,3,2026-03-12 00:00:00,2026-03-14 00:00:00,2.0,8,123.38,5818.9,CARLOS NIETO,YERBABUENA -> MEIGGS,286.88,1,27.56,79.0,12,0.0,181.7,334.33,1.84,176.99,GNV,4.71,2.66,-0.71,Normal,Comportamiento Normal
VE-09,CBR872,SCANIA,G410 A6X4,48.05,3,2026-03-14 00:00:00,2026-03-16 00:00:00,2.0,2,77.17,1359.5,JOSE ALAMO VELIZ,SAN LORENZO  -> COLLIQUE,94.12,1,28.27,84.0,9,0.0,150.56,277.03,1.84,135.29,GNV,15.27,11.28,-0.18,Normal,Comportamiento Normal
VE-09,CBR872,SCANIA,G410 A6X4,48.05,3,2026-03-16 00:00:00,2026-03-18 00:00:00,2.0,3,77.63,2537.01,JOSE ALAMO VELIZ,YERBABUENA -> MEIGGS,170.13,1,24.15,84.0,7,0.0,131.45,236.61,1.8,149.47,GNV,-18.02,-12.06,-1.85,Normal,Comportamiento Normal
VE-09,CBR872,SCANIA,G410 A6X4,48.05,3,2026-03-18 00:00:00,2026-03-20 00:00:00,2.0,4,169.99,8017.14,JOSE ALAMO VELIZ,YERBABUENA -> MEIGGS,312.14,1,26.02,76.0,6,0.0,211.34,388.87,1.84,174.68,GNV,36.66,20.99,0.89,Advertencia,Desviacion Operativa Menor / Eficiencia Conductiva
VE-09,CBR872,SCANIA,G410 A6X4,48.05,3,2026-03-20 00:00:00,2026-03-21 00:00:00,1.0,0,0.0,0.0,DESCONOCIDO,DESCONOCIDA,186.8,1,27.0,71.0,1,0.0,189.49,348.66,1.84,158.71,GNV,30.78,19.4,0.6,Advertencia,Desviacion Operativa Menor / Eficiencia Conductiva
VE-09,CBR872,SCANIA,G410 A6X4,48.05,3,2026-03-21 00:00:00,2026-03-23 00:00:00,2.0,2,79.21,2609.76,JOSE ALAMO VELIZ,YERBABUENA -> MEIGGS,19.18,1,16.35,67.0,0,0.0,111.89,194.69,1.74,131.85,GNV,-19.96,-15.14,-1.95,Normal,Comportamiento Normal
VE-09,CBR872,SCANIA,G410 A6X4,48.05,3,2026-03-23 00:00:00,2026-03-24 00:00:00,1.0,1,0.0,0.0,JOSE ALAMO VELIZ,CHANCAY -> POLIMIX SANTA ANITA,120.0,1,24.52,78.0,2,0.0,166.96,290.51,1.74,132.1,GNV,34.86,26.39,0.8,Advertencia,Sospecha de Fuga o Extraccion Injustificada de Combustible
VE-09,CBR872,SCANIA,G410 A6X4,48.05,3,2026-03-24 00:00:00,2026-03-25 00:00:00,1.0,1,0.0,0.0,JOSE ALAMO VELIZ,CHANCAY -> POLIMIX SANTA ANITA,206.76,1,36.95,90.0,24,0.0,146.19,254.37,1.74,158.71,GNV,-12.52,-7.89,-1.58,Normal,Comportamiento Normal
VE-09,CBR872,SCANIA,G410 A6X4,48.05,3,2026-03-25 00:00:00,2026-03-27 00:00:00,2.0,4,154.96,7308.29,JOSE ALAMO VELIZ,YERBABUENA -> MEIGGS,394.67,1,30.9,93.0,25,0.0,209.55,364.62,1.74,174.68,GNV,34.87,19.96,0.8,Advertencia,Estilo de Conduccion Agresivo (Excesos de Velocidad)
VE-09,CBR872,SCANIA,G410 A6X4,48.05,3,2026-03-27 00:00:00,2026-03-28 00:00:00,1.0,2,78.84,3718.29,JOSE ALAMO VELIZ,YERBABUENA -> MEIGGS,187.05,1,26.18,76.0,7,0.0,194.27,338.03,1.74,168.45,GNV,25.82,15.33,0.35,Advertencia,Desviacion Operativa Menor / Eficiencia Conductiva
VE-09,CBR872,SCANIA,G410 A6X4,48.05,3,2026-03-28 00:00:00,2026-03-30 00:00:00,2.0,1,0.0,0.0,JOSE ALAMO VELIZ,YERBABUENA -> MEIGGS,186.95,1,27.07,84.0,2,0.0,186.88,325.17,1.74,158.71,GNV,28.17,17.75,0.47,Advertencia,Falla Mecanica / Requiere Mantenimiento Preventivo
VE-09,CBR872,SCANIA,G410 A6X4,48.05,3,2026-03-30 00:00:00,2026-03-31 00:00:00,1.0,2,83.43,3934.76,JOSE ALAMO VELIZ,YERBABUENA -> MEIGGS,150.95,1,28.96,76.0,4,0.0,160.71,279.64,1.74,164.15,GNV,-3.44,-2.1,-1.12,Normal,Comportamiento Normal
VE-09,CBR872,SCANIA,G410 A6X4,48.05,3,2026-03-31 00:00:00,2026-04-04 00:00:00,4.0,5,200.53,7213.5,JOSE ALAMO VELIZ,YERBABUENA -> MEIGGS,318.19,1,25.02,81.0,8,0.0,194.29,338.06,1.74,176.99,GNV,17.3,9.77,-0.08,Normal,Comportamiento Normal
VE-09,CBR872,SCANIA,G410 A6X4,48.05,3,2026-04-04 00:00:00,2026-04-06 00:00:00,2.0,2,43.09,2032.23,JOSE ALAMO VELIZ,YERBABUENA -> MEIGGS,185.18,1,28.01,84.0,9,0.0,173.52,301.92,1.74,158.96,GNV,14.56,9.16,-0.22,Normal,Comportamiento Normal
VE-09,CBR872,SCANIA,G410 A6X4,48.05,3,2026-04-06 00:00:00,2026-04-07 00:00:00,1.0,3,122.5,2158.07,JOSE ALAMO VELIZ,SAN LORENZO  -> COLLIQUE,168.21,1,27.65,77.0,5,0.0,123.72,215.27,1.74,149.99,GNV,-26.27,-17.52,-2.27,Normal,Comportamiento Normal
VE-09,CBR872,SCANIA,G410 A6X4,48.05,3,2026-04-07 00:00:00,2026-04-16 00:00:00,9.0,13,514.68,18617.36,JOSE ALAMO VELIZ,YERBABUENA -> MEIGGS,895.16,1,25.77,90.0,33,0.0,220.02,382.83,1.74,176.99,GNV,43.03,24.31,1.21,Advertencia,Estilo de Conduccion Agresivo (Excesos de Velocidad)
VE-09,CBR872,SCANIA,G410 A6X4,48.05,3,2026-04-16 00:00:00,2026-04-20 00:00:00,4.0,4,163.69,6532.58,JOSE ALAMO VELIZ,YERBABUENA -> MEIGGS,298.91,1,25.23,76.0,9,0.0,206.49,359.29,1.74,174.68,GNV,31.81,18.21,0.65,Advertencia,Desviacion Operativa Menor / Eficiencia Conductiva
VE-09,CBR872,SCANIA,G410 A6X4,48.05,3,2026-04-20 00:00:00,2026-04-21 00:00:00,1.0,2,74.0,2386.49,JOSE ALAMO VELIZ,YERBABUENA -> MEIGGS,120.29,1,26.7,79.0,5,0.0,106.53,185.36,1.74,135.29,GNV,-28.76,-21.26,-2.39,Normal,Comportamiento Normal
VE-09,CBR872,SCANIA,G410 A6X4,48.05,3,2026-04-21 00:00:00,2026-04-23 00:00:00,2.0,5,76.77,4148.56,JOSE ALAMO VELIZ,CHANCAY -> POLIMIX OQUENDO,340.78,1,29.37,76.0,4,0.0,179.28,311.95,1.74,176.99,GNV,2.29,1.29,-0.83,Normal,Comportamiento Normal
VE-09,CBR872,SCANIA,G410 A6X4,48.05,3,2026-04-23 00:00:00,2026-04-25 00:00:00,2.0,4,120.64,7304.82,JOSE ALAMO VELIZ,YERBABUENA -> MEIGGS,429.09,1,30.04,100.0,69,0.0,192.81,335.49,1.74,174.68,GNV,18.13,10.38,-0.04,Normal,Comportamiento Normal
VE-09,CBR872,SCANIA,G410 A6X4,48.05,3,2026-04-25 00:00:00,2026-04-27 00:00:00,2.0,2,82.76,3903.16,JOSE ALAMO VELIZ,YERBABUENA -> MEIGGS,209.39,1,36.28,92.0,66,0.0,185.93,323.52,1.74,168.45,GNV,17.48,10.38,-0.07,Normal,Comportamiento Normal
VE-09,CBR872,SCANIA,G410 A6X4,48.05,3,2026-04-27 00:00:00,2026-04-28 00:00:00,1.0,2,78.56,3705.08,JOSE ALAMO VELIZ,YERBABUENA -> MEIGGS,187.73,1,26.17,77.0,5,0.0,170.7,297.02,1.74,168.45,GNV,2.25,1.34,-0.83,Normal,Comportamiento Normal
VE-09,CBR872,SCANIA,G410 A6X4,48.05,3,2026-04-28 00:00:00,2026-04-29 00:00:00,1.0,2,0.0,0.0,JOSE ALAMO VELIZ,CHANCAY -> POLIMIX SANTA ANITA,187.45,1,25.55,100.0,7,0.0,181.88,316.47,1.74,158.96,GNV,22.92,14.42,0.2,Normal,Comportamiento Normal
VE-09,CBR872,SCANIA,G410 A6X4,48.05,3,2026-04-29 00:00:00,2026-04-30 00:00:00,1.0,1,0.0,0.0,JOSE ALAMO VELIZ,CHANCAY -> POLIMIX OQUENDO,367.42,1,38.76,97.0,67,0.0,253.85,441.7,1.74,172.93,GNV,80.92,46.79,3.12,Critico,Estilo de Conduccion Agresivo (Excesos de Velocidad)
VE-09,CBR872,SCANIA,G410 A6X4,48.05,3,2026-04-30 00:00:00,2026-05-02 00:00:00,2.0,1,0.0,0.0,JOSE ALAMO VELIZ,CHANCAY -> POLIMIX SANTA ANITA,172.81,1,37.28,79.0,23,0.0,119.3,207.58,1.74,146.47,GNV,-27.17,-18.55,-2.31,Normal,Comportamiento Normal
VE-09,CBR872,SCANIA,G410 A6X4,48.05,3,2026-05-02 00:00:00,2026-05-04 00:00:00,2.0,2,0.0,0.0,JOSE ALAMO VELIZ,CHANCAY -> POLIMIX SANTA ANITA,210.22,1,42.22,88.0,78,0.0,156.06,271.54,1.74,158.96,GNV,-2.9,-1.82,-1.09,Normal,Comportamiento Normal
VE-09,CBR872,SCANIA,G410 A6X4,48.05,3,2026-05-04 00:00:00,2026-05-05 00:00:00,1.0,0,0.0,0.0,DESCONOCIDO,DESCONOCIDA,368.14,1,42.19,89.0,128,0.0,225.18,391.81,1.74,172.93,GNV,52.25,30.21,1.68,Critico,Estilo de Conduccion Agresivo (Excesos de Velocidad)
VE-09,CBR872,SCANIA,G410 A6X4,48.05,3,2026-05-05 00:00:00,2026-05-07 00:00:00,2.0,3,86.83,4095.11,JOSE ALAMO VELIZ,YERBABUENA -> MEIGGS,256.12,1,33.44,79.0,14,0.0,210.1,365.57,1.74,174.68,GNV,35.42,20.28,0.83,Advertencia,Desviacion Operativa Menor / Eficiencia Conductiva
VE-09,CBR872,SCANIA,G410 A6X4,48.05,3,2026-05-07 00:00:00,2026-05-08 00:00:00,1.0,2,78.56,3705.08,JOSE ALAMO VELIZ,YERBABUENA -> MEIGGS,186.8,1,27.72,93.0,15,0.0,173.26,301.47,1.74,168.45,GNV,4.81,2.86,-0.71,Normal,Comportamiento Normal
VE-09,CBR872,SCANIA,G410 A6X4,48.05,3,2026-05-08 00:00:00,2026-05-09 00:00:00,1.0,3,110.08,3074.7,JOSE ALAMO VELIZ,SAN LORENZO -> COLLIQUE,188.62,1,25.46,83.0,4,0.0,189.31,329.4,1.74,167.79,GNV,21.52,12.82,0.13,Normal,Comportamiento Normal
VE-09,CBR872,SCANIA,G410 A6X4,48.05,3,2026-05-09 00:00:00,2026-05-11 00:00:00,2.0,2,0.0,0.0,JOSE ALAMO VELIZ,CHANCAY -> POLIMIX SANTA ANITA,122.03,1,24.37,77.0,4,0.0,118.61,206.38,1.74,135.29,GNV,-16.68,-12.33,-1.79,Normal,Comportamiento Normal
VE-09,CBR872,SCANIA,G410 A6X4,48.05,3,2026-05-11 00:00:00,2026-05-12 00:00:00,1.0,2,0.0,0.0,JOSE ALAMO VELIZ,CHANCAY -> POLIMIX OQUENDO,400.95,1,42.78,100.0,115,0.0,228.0,396.72,1.74,172.61,GNV,55.39,32.09,1.84,Critico,Estilo de Conduccion Agresivo (Excesos de Velocidad)
VE-09,CBR872,SCANIA,G410 A6X4,48.05,3,2026-05-12 00:00:00,2026-05-13 00:00:00,1.0,2,41.45,3720.39,JOSE ALAMO VELIZ,CHANCAY -> POLIMIX OQUENDO,380.72,1,40.75,98.0,131,0.0,176.97,307.93,1.74,172.61,GNV,4.36,2.53,-0.73,Normal,Comportamiento Normal
VE-09,CBR872,SCANIA,G410 A6X4,48.05,3,2026-05-13 00:00:00,2026-05-14 00:00:00,1.0,1,0.0,0.0,JOSE ALAMO VELIZ,CHANCAY -> POLIMIX SANTA ANITA,266.11,1,34.39,77.0,42,0.0,202.54,352.42,1.74,172.93,GNV,29.61,17.12,0.54,Advertencia,Desviacion Operativa Menor / Eficiencia Conductiva
VE-09,CBR872,SCANIA,G410 A6X4,48.05,3,2026-05-14 00:00:00,2026-05-15 00:00:00,1.0,3,36.58,3283.28,JOSE ALAMO VELIZ,CHANCAY -> POLIMIX OQUENDO,209.01,1,39.51,83.0,28,0.0,252.25,438.92,1.74,167.79,GNV,84.46,50.34,3.3,Critico,Sospecha de Fuga o Extraccion Injustificada de Combustible
VE-09,CBR872,SCANIA,G410 A6X4,48.05,3,2026-05-15 00:00:00,2026-05-18 00:00:00,3.0,3,0.0,0.0,JOSE ALAMO VELIZ,CHANCAY -> POLIMIX SANTA ANITA,571.12,1,37.75,90.0,111,0.0,176.25,306.68,1.74,174.68,GNV,1.57,0.9,-0.87,Normal,Comportamiento Normal
VE-09,CBR872,SCANIA,G410 A6X4,48.05,3,2026-05-18 00:00:00,2026-05-19 00:00:00,1.0,2,0.0,0.0,JOSE ALAMO VELIZ,CHANCAY -> POLIMIX SANTA ANITA,375.76,1,42.05,90.0,139,0.0,231.24,402.36,1.74,172.61,GNV,58.63,33.97,2.0,Critico,Estilo de Conduccion Agresivo (Excesos de Velocidad)
VE-09,CBR872,SCANIA,G410 A6X4,48.05,3,2026-05-19 00:00:00,2026-05-21 00:00:00,2.0,4,41.21,1943.56,JOSE ALAMO VELIZ,YERBABUENA -> MEIGGS,765.02,1,39.62,92.0,137,0.0,125.88,219.03,1.74,174.68,GNV,-48.8,-27.94,-3.4,Normal,Comportamiento Normal
VE-09,CBR872,SCANIA,G410 A6X4,48.05,3,2026-05-21 00:00:00,2026-05-22 00:00:00,1.0,2,0.0,0.0,JOSE ALAMO VELIZ,CHANCAY -> POLIMIX OQUENDO,191.34,1,24.15,69.0,0,0.0,185.3,322.42,1.74,158.96,GNV,26.34,16.57,0.38,Advertencia,Desviacion Operativa Menor / Eficiencia Conductiva
VE-09,CBR872,SCANIA,G410 A6X4,48.05,3,2026-05-22 00:00:00,2026-05-25 00:00:00,3.0,3,0.0,0.0,JOSE ALAMO VELIZ,CHANCAY -> POLIMIX OQUENDO,556.79,1,39.65,89.0,104,0.0,176.29,306.74,1.74,174.68,GNV,1.61,0.92,-0.87,Normal,Comportamiento Normal
VE-09,CBR872,SCANIA,G410 A6X4,48.05,3,2026-05-25 00:00:00,2026-05-26 00:00:00,1.0,2,0.0,0.0,JOSE ALAMO VELIZ,CHANCAY -> POLIMIX OQUENDO,344.42,1,39.16,81.0,44,0.0,232.79,405.05,1.74,172.61,GNV,60.18,34.86,2.08,Critico,Sospecha de Fuga o Extraccion Injustificada de Combustible
VE-09,CBR872,SCANIA,G410 A6X4,48.05,3,2026-05-26 00:00:00,2026-05-27 00:00:00,1.0,2,38.57,5028.45,JOSE ALAMO VELIZ,YERBABUENA -> MEIGGS,379.44,1,40.4,91.0,115,0.0,164.05,285.45,1.74,172.61,GNV,-8.56,-4.96,-1.38,Normal,Comportamiento Normal
VE-09,CBR872,SCANIA,G410 A6X4,48.05,3,2026-05-27 00:00:00,2026-05-29 00:00:00,2.0,2,0.0,0.0,JOSE ALAMO VELIZ,CHANCAY -> POLIMIX OQUENDO,328.99,1,34.21,87.0,71,0.0,242.85,422.56,1.74,172.61,GNV,70.24,40.69,2.58,Critico,Estilo de Conduccion Agresivo (Excesos de Velocidad)
VE-09,CBR872,SCANIA,G410 A6X4,48.05,3,2026-05-29 00:00:00,2026-06-01 00:00:00,3.0,3,42.54,2006.29,JOSE ALAMO VELIZ,YERBABUENA -> MEIGGS,467.53,1,35.91,89.0,94,0.0,103.61,180.28,1.74,174.68,GNV,-71.07,-40.69,-4.52,Normal,Comportamiento Normal
VE-09,CBR872,SCANIA,G410 A6X4,48.05,3,2026-06-01 00:00:00,2026-06-02 00:00:00,1.0,2,0.0,0.0,JOSE ALAMO VELIZ,CHANCAY -> POLIMIX OQUENDO,383.03,1,41.34,93.0,127,0.0,143.55,249.78,1.74,172.61,GNV,-29.06,-16.84,-2.41,Normal,Comportamiento Normal
VE-09,CBR872,SCANIA,G410 A6X4,48.05,3,2026-06-02 00:00:00,2026-06-03 00:00:00,1.0,2,0.0,0.0,JOSE ALAMO VELIZ,CHANCAY -> POLIMIX OQUENDO,380.78,1,38.42,86.0,77,0.0,215.37,374.74,1.74,172.61,GNV,42.76,24.77,1.2,Advertencia,Estilo de Conduccion Agresivo (Excesos de Velocidad)
VE-09,CBR872,SCANIA,G410 A6X4,48.05,3,2026-06-03 00:00:00,2026-06-04 00:00:00,1.0,2,0.0,0.0,JOSE ALAMO VELIZ,CHANCAY -> POLIMIX OQUENDO,342.11,1,39.07,90.0,73,0.0,143.86,250.32,1.74,172.61,GNV,-28.75,-16.66,-2.39,Normal,Comportamiento Normal
VE-09,CBR872,SCANIA,G410 A6X4,48.05,3,2026-06-04 00:00:00,2026-06-06 00:00:00,2.0,2,0.0,0.0,JOSE ALAMO VELIZ,CHANCAY -> POLIMIX OQUENDO,553.32,1,37.76,83.0,64,0.0,125.43,218.25,1.74,172.61,GNV,-47.18,-27.33,-3.32,Normal,Comportamiento Normal
VE-09,CBR872,SCANIA,G410 A6X4,48.05,3,2026-06-06 00:00:00,2026-06-08 00:00:00,2.0,2,0.0,0.0,JOSE ALAMO VELIZ,CHANCAY -> POLIMIX SANTA ANITA,205.4,1,36.87,90.0,42,0.0,147.28,256.27,1.74,158.96,GNV,-11.68,-7.35,-1.53,Normal,Comportamiento Normal
VE-09,CBR872,SCANIA,G410 A6X4,48.05,3,2026-06-08 00:00:00,2026-06-09 00:00:00,1.0,2,0.0,0.0,JOSE ALAMO VELIZ,CHANCAY -> POLIMIX OQUENDO,380.09,1,43.66,100.0,140,0.0,167.74,291.87,1.74,172.61,GNV,-4.87,-2.82,-1.19,Normal,Comportamiento Normal
VE-09,CBR872,SCANIA,G410 A6X4,48.05,3,2026-06-09 00:00:00,2026-06-10 00:00:00,1.0,2,0.0,0.0,Jose Luis Alamo Veliz,CHANCAY -> POLIMIX OQUENDO,347.72,1,40.3,94.0,148,0.0,145.9,253.87,1.74,172.61,GNV,-26.71,-15.47,-2.29,Normal,Comportamiento Normal
VE-09,CBR872,SCANIA,G410 A6X4,48.05,3,2026-06-10 00:00:00,2026-06-11 00:00:00,1.0,2,0.0,0.0,Jose Luis Alamo Veliz,CHANCAY -> POLIMIX OQUENDO,339.75,1,42.41,89.0,131,0.0,144.26,251.01,1.74,172.61,GNV,-28.35,-16.42,-2.37,Normal,Comportamiento Normal
VE-09,CBR872,SCANIA,G410 A6X4,48.05,3,2026-06-11 00:00:00,2026-06-12 00:00:00,1.0,2,0.0,0.0,Jose Luis Alamo Veliz,CHANCAY -> POLIMIX SANTA ANITA,375.44,1,39.73,89.0,100,0.0,105.34,183.29,1.74,172.61,GNV,-67.27,-38.97,-4.33,Normal,Comportamiento Normal
VE-09,CBR872,SCANIA,G410 A6X4,48.05,3,2026-06-12 00:00:00,2026-06-13 00:00:00,1.0,1,0.0,0.0,Jose Luis Alamo Veliz,CHANCAY -> POLIMIX SANTA ANITA,403.61,1,40.66,100.0,88,0.0,167.77,291.92,1.74,172.93,GNV,-5.16,-2.99,-1.21,Normal,Comportamiento Normal
VE-09,CBR872,SCANIA,G410 A6X4,48.05,3,2026-06-13 00:00:00,2026-06-15 00:00:00,2.0,2,0.0,0.0,Jose Luis Alamo Veliz,CHANCAY -> POLIMIX OQUENDO,242.68,1,39.19,87.0,69,0.0,128.5,223.59,1.74,172.61,GNV,-44.11,-25.55,-3.16,Normal,Comportamiento Normal
VE-09,CBR872,SCANIA,G410 A6X4,48.05,3,2026-06-15 00:00:00,2026-06-16 00:00:00,1.0,0,0.0,0.0,DESCONOCIDO,DESCONOCIDA,336.59,1,41.29,100.0,109,0.0,71.95,125.19,1.74,172.93,GNV,-100.98,-58.39,-6.02,Normal,Comportamiento Normal
VE-09,CBR872,SCANIA,G410 A6X4,48.05,3,2026-06-16 00:00:00,2026-06-17 00:00:00,1.0,2,0.0,0.0,Jose Luis Alamo Veliz,CHANCAY -> POLIMIX SANTA ANITA,49.13,1,30.46,69.0,0,0.0,111.1,193.31,1.74,135.29,GNV,-24.19,-17.88,-2.16,Normal,Comportamiento Normal
VE-09,CBR872,SCANIA,G410 A6X4,48.05,3,2026-06-17 00:00:00,2026-06-18 00:00:00,1.0,2,0.0,0.0,Jose Luis Alamo Veliz,CHANCAY -> POLIMIX OQUENDO,337.32,1,38.64,97.0,109,0.0,166.63,289.94,1.74,172.61,GNV,-5.98,-3.46,-1.25,Normal,Comportamiento Normal
VE-09,CBR872,SCANIA,G410 A6X4,48.05,3,2026-06-18 00:00:00,2026-06-19 00:00:00,1.0,2,0.0,0.0,Jose Luis Alamo Veliz,CHANCAY -> POLIMIX OQUENDO,373.55,1,38.02,92.0,89,0.0,194.41,338.27,1.74,172.61,GNV,21.8,12.63,0.15,Normal,Comportamiento Normal
VE-09,CBR872,SCANIA,G410 A6X4,48.05,3,2026-06-19 00:00:00,2026-06-20 00:00:00,1.0,1,0.0,0.0,Jose Luis Alamo Veliz,CHANCAY -> POLIMIX SANTA ANITA,245.81,1,35.6,96.0,42,0.0,151.57,263.73,1.74,172.93,GNV,-21.36,-12.35,-2.02,Normal,Comportamiento Normal
VE-09,CBR872,SCANIA,G410 A6X4,48.05,3,2026-06-20 00:00:00,2026-06-22 00:00:00,2.0,2,0.0,0.0,Jose Luis Alamo Veliz,CHANCAY -> POLIMIX OQUENDO,205.7,1,41.04,93.0,72,0.0,131.49,228.79,1.74,158.96,GNV,-27.47,-17.28,-2.33,Normal,Comportamiento Normal
VE-09,CBR872,SCANIA,G410 A6X4,48.05,3,2026-06-22 00:00:00,2026-06-23 00:00:00,1.0,2,0.0,0.0,Jose Luis Alamo Veliz,CHANCAY -> POLIMIX OQUENDO,378.28,1,43.01,92.0,141,0.0,121.53,211.46,1.74,172.61,GNV,-51.08,-29.59,-3.51,Normal,Comportamiento Normal
VE-09,CBR872,SCANIA,G410 A6X4,48.05,3,2026-06-23 00:00:00,2026-06-24 00:00:00,1.0,1,0.0,0.0,Jose Luis Alamo Veliz,CHANCAY -> POLIMIX OQUENDO,340.1,1,41.36,98.0,130,0.0,151.66,263.89,1.74,172.93,GNV,-21.27,-12.3,-2.02,Normal,Comportamiento Normal
VE-09,CBR872,SCANIA,G410 A6X4,48.05,3,2026-06-24 00:00:00,2026-06-25 00:00:00,1.0,1,0.0,0.0,Jose Luis Alamo Veliz,CHANCAY -> POLIMIX SANTA ANITA,214.4,1,37.31,89.0,49,0.0,142.01,247.1,1.74,158.71,GNV,-16.7,-10.52,-1.79,Normal,Comportamiento Normal
VE-09,CBR872,SCANIA,G410 A6X4,48.05,3,2026-06-25 00:00:00,2026-06-26 00:00:00,1.0,2,0.0,0.0,Jose Luis Alamo Veliz,CHANCAY -> POLIMIX SANTA ANITA,207.25,1,37.56,91.0,48,0.0,161.05,280.23,1.74,158.96,GNV,2.09,1.32,-0.84,Normal,Comportamiento Normal
VE-09,CBR872,SCANIA,G410 A6X4,48.05,3,2026-06-26 00:00:00,2026-06-27 00:00:00,1.0,1,0.0,0.0,Jose Luis Alamo Veliz,CHANCAY -> POLIMIX SANTA ANITA,377.57,1,37.2,90.0,107,0.0,156.91,273.02,1.74,172.93,GNV,-16.02,-9.27,-1.75,Normal,Comportamiento Normal
VE-09,CBR872,SCANIA,G410 A6X4,48.05,3,2026-06-27 00:00:00,2026-07-01 00:00:00,4.0,2,0.0,0.0,Jose Luis Alamo Veliz,CHANCAY -> POLIMIX SANTA ANITA,464.68,1,39.56,100.0,173,0.0,224.28,390.25,1.74,172.61,GNV,51.67,29.93,1.65,Advertencia,Estilo de Conduccion Agresivo (Excesos de Velocidad)
VE-10,CBR796,SCANIA,G410 A6X4,48.05,3,2026-01-10 00:00:00,2026-01-12 00:00:00,2.0,2,78.68,1386.1,DESCONOCIDO,SAN LORENZO -> COLLIQUE,35.23,0,0.0,0.0,0,0.0,82.59,136.27,1.65,133.92,GNV,-51.33,-38.33,-3.53,Normal,Comportamiento Normal
VE-10,CBR796,SCANIA,G410 A6X4,48.05,3,2026-01-12 00:00:00,2026-01-13 00:00:00,1.0,3,119.44,4495.87,DESCONOCIDO,YERBABUENA -> MEIGGS,111.94,0,0.0,0.0,0,0.0,194.26,320.53,1.65,156.42,GNV,37.84,24.19,0.95,Advertencia,Desviacion Operativa Menor / Eficiencia Conductiva
VE-10,CBR796,SCANIA,G410 A6X4,48.05,3,2026-01-13 00:00:00,2026-01-15 00:00:00,2.0,4,159.35,7515.33,DESCONOCIDO,YERBABUENA -> MEIGGS,188.65,0,0.0,0.0,0,0.0,207.6,342.54,1.65,170.52,GNV,37.08,21.75,0.92,Advertencia,Desviacion Operativa Menor / Eficiencia Conductiva
VE-10,CBR796,SCANIA,G410 A6X4,48.05,3,2026-01-15 00:00:00,2026-01-16 00:00:00,1.0,2,81.26,3832.42,DESCONOCIDO,YERBABUENA -> MEIGGS,94.32,0,0.0,0.0,0,0.0,162.28,267.76,1.65,154.35,GNV,7.93,5.14,-0.55,Normal,Comportamiento Normal
VE-10,CBR796,SCANIA,G410 A6X4,48.05,3,2026-01-16 00:00:00,2026-01-17 00:00:00,1.0,3,119.14,2098.88,DESCONOCIDO,SAN LORENZO -> COLLIQUE,52.85,0,0.0,0.0,0,0.0,126.43,208.61,1.65,139.18,GNV,-12.75,-9.16,-1.59,Normal,Comportamiento Normal
VE-10,CBR796,SCANIA,G410 A6X4,48.05,3,2026-01-17 00:00:00,2026-01-19 00:00:00,2.0,3,119.06,4438.06,DESCONOCIDO,YERBABUENA -> MEIGGS,111.94,0,0.0,0.0,0,0.0,213.01,351.47,1.65,156.42,GNV,56.59,36.18,1.9,Critico,Sospecha de Fuga o Extraccion Injustificada de Combustible
VE-10,CBR796,SCANIA,G410 A6X4,48.05,3,2026-01-19 00:00:00,2026-01-20 00:00:00,1.0,3,122.07,4647.98,DESCONOCIDO,YERBABUENA -> MEIGGS,111.94,0,0.0,0.0,0,0.0,194.85,321.5,1.65,156.42,GNV,38.43,24.57,0.98,Advertencia,Desviacion Operativa Menor / Eficiencia Conductiva
VE-10,CBR796,SCANIA,G410 A6X4,48.05,3,2026-01-20 00:00:00,2026-01-21 00:00:00,1.0,2,79.22,3736.21,DESCONOCIDO,YERBABUENA -> MEIGGS,94.32,0,0.0,0.0,0,0.0,168.39,277.84,1.65,152.53,GNV,15.86,10.4,-0.15,Normal,Comportamiento Normal
VE-10,CBR796,SCANIA,G410 A6X4,48.05,3,2026-01-21 00:00:00,2026-01-22 00:00:00,1.0,2,79.85,2604.19,DESCONOCIDO,YERBABUENA -> MEIGGS,64.78,0,0.0,0.0,0,0.0,122.83,202.67,1.65,137.11,GNV,-14.28,-10.42,-1.67,Normal,Comportamiento Normal
VE-10,CBR796,SCANIA,G410 A6X4,48.05,3,2026-01-22 00:00:00,2026-01-23 00:00:00,1.0,2,80.76,1422.74,DESCONOCIDO,SAN LORENZO -> COLLIQUE,35.23,0,0.0,0.0,0,0.0,92.9,153.28,1.65,134.41,GNV,-41.51,-30.88,-3.03,Normal,Comportamiento Normal
VE-10,CBR796,SCANIA,G410 A6X4,48.05,3,2026-01-23 00:00:00,2026-01-24 00:00:00,1.0,2,82.63,3897.03,DESCONOCIDO,YERBABUENA -> MEIGGS,94.32,0,0.0,0.0,0,0.0,169.77,280.12,1.65,154.35,GNV,15.42,9.99,-0.17,Normal,Comportamiento Normal
VE-10,CBR796,SCANIA,G410 A6X4,48.05,3,2026-01-24 00:00:00,2026-01-26 00:00:00,2.0,2,79.82,2621.09,DESCONOCIDO,SAN LORENZO -> COLLIQUE,64.78,0,0.0,0.0,0,0.0,131.14,216.38,1.65,137.11,GNV,-5.97,-4.36,-1.25,Normal,Comportamiento Normal
VE-10,CBR796,SCANIA,G410 A6X4,48.05,3,2026-01-26 00:00:00,2026-01-27 00:00:00,1.0,2,80.21,3782.9,DESCONOCIDO,YERBABUENA -> MEIGGS,94.32,0,0.0,0.0,0,0.0,173.71,286.62,1.65,154.35,GNV,19.36,12.54,0.03,Normal,Comportamiento Normal
VE-10,CBR796,SCANIA,G410 A6X4,48.05,3,2026-01-27 00:00:00,2026-01-28 00:00:00,1.0,2,77.13,2548.29,DESCONOCIDO,YERBABUENA -> MEIGGS,64.78,0,0.0,0.0,0,0.0,133.83,220.82,1.65,135.29,GNV,-1.46,-1.08,-1.02,Normal,Comportamiento Normal
VE-10,CBR796,SCANIA,G410 A6X4,48.05,3,2026-01-28 00:00:00,2026-01-30 00:00:00,2.0,2,82.67,3898.92,DESCONOCIDO,YERBABUENA -> MEIGGS,94.32,0,0.0,0.0,0,0.0,167.9,277.04,1.65,154.35,GNV,13.55,8.78,-0.27,Normal,Comportamiento Normal
VE-10,CBR796,SCANIA,G410 A6X4,48.05,3,2026-01-30 00:00:00,2026-01-31 00:00:00,1.0,1,42.86,2021.38,DESCONOCIDO,YERBABUENA -> MEIGGS,47.16,0,0.0,0.0,0,0.0,96.23,158.78,1.65,125.17,GNV,-28.94,-23.12,-2.4,Normal,Comportamiento Normal
VE-10,CBR796,SCANIA,G410 A6X4,48.05,3,2026-01-31 00:00:00,2026-02-02 00:00:00,2.0,1,47.57,1919.86,GUSTAVO PERNALETE,YERBABUENA -> OQUENDO,40.36,0,0.0,0.0,0,0.0,91.68,151.27,1.65,125.17,GNV,-33.49,-26.76,-2.63,Normal,Comportamiento Normal
VE-10,CBR796,SCANIA,G410 A6X4,48.05,3,2026-02-02 00:00:00,2026-02-03 00:00:00,1.0,4,81.09,3824.4,GUSTAVO PERNALETE,YERBABUENA -> MEIGGS,188.65,0,0.0,0.0,0,0.0,157.3,259.55,1.65,170.52,GNV,-13.22,-7.75,-1.61,Normal,Comportamiento Normal
VE-10,CBR796,SCANIA,G410 A6X4,48.05,3,2026-02-03 00:00:00,2026-02-04 00:00:00,1.0,2,42.09,1985.07,GUSTAVO PERNALETE,YERBABUENA -> MEIGGS,94.32,0,0.0,0.0,0,0.0,106.85,176.3,1.65,135.29,GNV,-28.44,-21.02,-2.38,Normal,Comportamiento Normal
VE-10,CBR796,SCANIA,G410 A6X4,48.05,3,2026-02-04 00:00:00,2026-02-05 00:00:00,1.0,2,86.5,4079.55,GUSTAVO PERNALETE,YERBABUENA -> MEIGGS,94.32,0,0.0,0.0,0,0.0,173.92,286.97,1.65,154.35,GNV,19.57,12.68,0.04,Normal,Comportamiento Normal
VE-10,CBR796,SCANIA,G410 A6X4,48.05,3,2026-02-05 00:00:00,2026-02-06 00:00:00,1.0,1,41.66,1964.79,GUSTAVO PERNALETE,YERBABUENA -> MEIGGS,47.16,0,0.0,0.0,0,0.0,148.31,244.71,1.65,125.17,GNV,23.14,18.48,0.21,Advertencia,Desviacion Operativa Menor / Eficiencia Conductiva
VE-10,CBR796,SCANIA,G410 A6X4,48.05,3,2026-02-06 00:00:00,2026-02-07 00:00:00,1.0,1,47.57,1919.86,GUSTAVO PERNALETE,YERBABUENA -> OQUENDO,40.36,0,0.0,0.0,0,0.0,51.95,85.72,1.65,125.17,GNV,-73.22,-58.5,-4.63,Normal,Comportamiento Normal
VE-10,CBR796,SCANIA,G410 A6X4,48.05,3,2026-02-07 00:00:00,2026-02-09 00:00:00,2.0,1,46.5,1876.67,GUSTAVO PERNALETE,YERBABUENA -> OQUENDO,40.36,0,0.0,0.0,0,0.0,57.74,95.27,1.65,125.17,GNV,-67.43,-53.87,-4.34,Normal,Comportamiento Normal
VE-10,CBR796,SCANIA,G410 A6X4,48.05,3,2026-02-09 00:00:00,2026-02-10 00:00:00,1.0,2,87.18,4111.62,GUSTAVO PERNALETE,YERBABUENA -> MEIGGS,94.32,0,0.0,0.0,0,0.0,169.71,280.02,1.65,154.35,GNV,15.36,9.95,-0.18,Normal,Comportamiento Normal
VE-10,CBR796,SCANIA,G410 A6X4,48.05,3,2026-02-10 00:00:00,2026-02-11 00:00:00,1.0,1,47.57,1919.86,GUSTAVO PERNALETE,YERBABUENA -> OQUENDO,40.36,0,0.0,0.0,0,0.0,98.07,161.82,1.65,125.17,GNV,-27.1,-21.65,-2.31,Normal,Comportamiento Normal
VE-10,CBR796,SCANIA,G410 A6X4,48.05,3,2026-02-11 00:00:00,2026-02-12 00:00:00,1.0,1,44.61,2103.92,GUSTAVO PERNALETE,YERBABUENA -> MEIGGS,47.16,0,0.0,0.0,0,0.0,88.46,145.96,1.65,125.17,GNV,-36.71,-29.33,-2.79,Normal,Comportamiento Normal
VE-10,CBR796,SCANIA,G410 A6X4,48.05,3,2026-02-12 00:00:00,2026-02-13 00:00:00,1.0,2,38.69,1824.71,GUSTAVO PERNALETE,YERBABUENA -> MEIGGS,94.32,0,0.0,0.0,0,0.0,92.43,152.51,1.65,135.29,GNV,-42.86,-31.68,-3.1,Normal,Comportamiento Normal
VE-10,CBR796,SCANIA,G410 A6X4,48.05,3,2026-02-13 00:00:00,2026-02-16 00:00:00,3.0,1,44.29,2088.82,GUSTAVO PERNALETE,YERBABUENA -> MEIGGS,47.16,0,0.0,0.0,0,0.0,133.76,220.7,1.65,125.17,GNV,8.59,6.86,-0.52,Normal,Comportamiento Normal
VE-10,CBR796,SCANIA,G410 A6X4,48.05,3,2026-02-16 00:00:00,2026-02-17 00:00:00,1.0,2,92.0,4036.65,GUSTAVO PERNALETE,YERBABUENA -> OQUENDO,87.52,0,0.0,0.0,0,0.0,119.56,197.27,1.65,154.35,GNV,-34.79,-22.54,-2.7,Normal,Comportamiento Normal
VE-10,CBR796,SCANIA,G410 A6X4,48.05,3,2026-02-17 00:00:00,2026-02-18 00:00:00,1.0,2,79.57,3752.71,GUSTAVO PERNALETE,YERBABUENA -> MEIGGS,94.32,0,0.0,0.0,0,0.0,161.1,265.81,1.65,154.35,GNV,6.75,4.37,-0.61,Normal,Comportamiento Normal
VE-10,CBR796,SCANIA,G410 A6X4,48.05,3,2026-02-18 00:00:00,2026-02-19 00:00:00,1.0,2,40.74,1921.4,GUSTAVO PERNALETE,YERBABUENA -> MEIGGS,94.32,0,0.0,0.0,0,0.0,156.2,257.73,1.65,135.29,GNV,20.91,15.45,0.1,Advertencia,Desviacion Operativa Menor / Eficiencia Conductiva
VE-10,CBR796,SCANIA,G410 A6X4,48.05,3,2026-02-19 00:00:00,2026-02-20 00:00:00,1.0,2,80.86,3813.55,GUSTAVO PERNALETE,YERBABUENA -> MEIGGS,94.32,0,0.0,0.0,0,0.0,126.21,208.25,1.65,154.35,GNV,-28.14,-18.23,-2.36,Normal,Comportamiento Normal
VE-10,CBR796,SCANIA,G410 A6X4,48.05,3,2026-02-20 00:00:00,2026-02-21 00:00:00,1.0,1,40.66,1917.62,GUSTAVO PERNALETE,YERBABUENA -> MEIGGS,47.16,0,0.0,0.0,0,0.0,92.46,152.56,1.65,125.17,GNV,-32.71,-26.13,-2.59,Normal,Comportamiento Normal
VE-10,CBR796,SCANIA,G410 A6X4,48.05,3,2026-02-21 00:00:00,2026-02-23 00:00:00,2.0,1,42.11,1831.36,GUSTAVO PERNALETE,YERBABUENA -> MATERIALES,43.49,0,0.0,0.0,0,0.0,80.42,132.69,1.65,125.17,GNV,-44.75,-35.75,-3.2,Normal,Comportamiento Normal
VE-10,CBR796,SCANIA,G410 A6X4,48.05,3,2026-02-23 00:00:00,2026-02-25 00:00:00,2.0,2,42.85,2020.91,GUSTAVO PERNALETE,YERBABUENA -> MEIGGS,94.32,0,0.0,0.0,0,0.0,187.63,309.59,1.65,135.29,GNV,52.34,38.68,1.68,Critico,Sospecha de Fuga o Extraccion Injustificada de Combustible
VE-10,CBR796,SCANIA,G410 A6X4,48.05,3,2026-02-25 00:00:00,2026-02-26 00:00:00,1.0,2,89.21,4207.36,GUSTAVO PERNALETE,YERBABUENA -> MEIGGS,94.32,0,0.0,0.0,0,0.0,96.47,159.18,1.65,154.35,GNV,-57.88,-37.5,-3.86,Normal,Comportamiento Normal
VE-10,CBR796,SCANIA,G410 A6X4,48.05,3,2026-02-26 00:00:00,2026-02-27 00:00:00,1.0,1,41.43,1953.94,GUSTAVO PERNALETE,YERBABUENA -> MEIGGS,47.16,0,0.0,0.0,0,0.0,84.15,138.85,1.65,125.17,GNV,-41.02,-32.77,-3.01,Normal,Comportamiento Normal
VE-10,CBR796,SCANIA,G410 A6X4,48.05,3,2026-02-27 00:00:00,2026-02-28 00:00:00,1.0,1,41.42,1953.47,DESCONOCIDO,YERBABUENA -> MEIGGS,47.16,0,0.0,0.0,0,0.0,99.26,163.78,1.65,125.17,GNV,-25.91,-20.7,-2.25,Normal,Comportamiento Normal
VE-10,CBR796,SCANIA,G410 A6X4,48.05,3,2026-02-28 00:00:00,2026-03-02 00:00:00,2.0,1,41.49,1956.77,GUSTAVO PERNALETE,YERBABUENA -> MEIGGS,47.16,0,0.0,0.0,0,0.0,87.51,144.39,1.65,125.17,GNV,-37.66,-30.09,-2.84,Normal,Comportamiento Normal
VE-10,CBR796,SCANIA,G410 A6X4,48.05,3,2026-03-02 00:00:00,2026-03-10 00:00:00,8.0,6,173.84,8047.81,GUSTAVO PERNALETE,YERBABUENA -> MEIGGS,270.13,1,24.78,70.0,0,0.0,145.93,240.78,1.65,176.99,GNV,-31.06,-17.55,-2.51,Normal,Comportamiento Normal
VE-10,CBR796,SCANIA,G410 A6X4,48.05,3,2026-03-10 00:00:00,2026-03-11 00:00:00,1.0,2,72.08,3014.42,GUSTAVO PERNALETE,YERBABUENA -> OQUENDO,182.14,1,27.81,77.0,6,0.0,127.41,210.23,1.65,157.51,GNV,-30.1,-19.11,-2.46,Normal,Comportamiento Normal
VE-10,CBR796,SCANIA,G410 A6X4,48.05,3,2026-03-11 00:00:00,2026-03-12 00:00:00,1.0,1,40.88,1928.0,GUSTAVO PERNALETE,YERBABUENA -> MEIGGS,113.33,1,23.53,77.0,3,0.0,94.75,156.34,1.65,128.61,GNV,-33.86,-26.33,-2.65,Normal,Comportamiento Normal
VE-10,CBR796,SCANIA,G410 A6X4,48.05,3,2026-03-12 00:00:00,2026-03-14 00:00:00,2.0,3,115.95,5468.48,GUSTAVO PERNALETE,YERBABUENA -> MEIGGS,281.77,1,26.73,82.0,14,0.0,177.67,326.91,1.84,174.68,GNV,2.99,1.71,-0.8,Normal,Comportamiento Normal
VE-10,CBR796,SCANIA,G410 A6X4,48.05,3,2026-03-14 00:00:00,2026-03-16 00:00:00,2.0,1,40.06,1742.21,GUSTAVO PERNALETE,YERBABUENA -> MATERIALES,97.41,1,25.45,70.0,0,0.0,85.57,157.45,1.84,128.61,GNV,-43.04,-33.47,-3.11,Normal,Comportamiento Normal
VE-10,CBR796,SCANIA,G410 A6X4,48.05,3,2026-03-16 00:00:00,2026-03-17 00:00:00,1.0,2,41.64,4589.29,GUSTAVO PERNALETE,CHANCAY -> POLIMIX SANTA ANITA,101.2,1,25.42,78.0,1,0.0,144.36,265.62,1.84,152.53,GNV,-8.17,-5.36,-1.36,Normal,Comportamiento Normal
VE-10,CBR796,SCANIA,G410 A6X4,48.05,3,2026-03-17 00:00:00,2026-03-18 00:00:00,1.0,2,0.0,0.0,GUSTAVO PERNALETE,CHANCAY -> POLIMIX SANTA ANITA,362.02,1,39.56,76.0,5,0.0,162.87,299.68,1.84,172.61,GNV,-9.74,-5.64,-1.44,Normal,Comportamiento Normal
VE-10,CBR796,SCANIA,G410 A6X4,48.05,3,2026-03-18 00:00:00,2026-03-19 00:00:00,1.0,2,0.0,0.0,GUSTAVO PERNALETE,CHANCAY -> POLIMIX SANTA ANITA,398.37,1,39.85,79.0,30,0.0,162.73,299.42,1.84,172.61,GNV,-9.88,-5.72,-1.44,Normal,Comportamiento Normal
VE-10,CBR796,SCANIA,G410 A6X4,48.05,3,2026-03-19 00:00:00,2026-03-20 00:00:00,1.0,2,85.84,4048.42,GUSTAVO PERNALETE,YERBABUENA -> MEIGGS,396.43,1,40.09,78.0,29,0.0,210.3,386.95,1.84,172.61,GNV,37.69,21.84,0.95,Advertencia,Desviacion Operativa Menor / Eficiencia Conductiva
VE-10,CBR796,SCANIA,G410 A6X4,48.05,3,2026-03-20 00:00:00,2026-03-21 00:00:00,1.0,2,78.76,2571.69,GUSTAVO PERNALETE,YERBABUENA -> MEIGGS,224.24,1,27.25,74.0,2,0.0,128.75,236.9,1.84,158.96,GNV,-30.21,-19.0,-2.47,Normal,Comportamiento Normal
VE-10,CBR796,SCANIA,G410 A6X4,48.05,3,2026-03-21 00:00:00,2026-03-27 00:00:00,6.0,2,80.97,3818.74,GUSTAVO PERNALETE,YERBABUENA -> MEIGGS,167.87,1,18.61,71.0,1,0.0,228.33,397.29,1.74,164.15,GNV,64.18,39.1,2.28,Critico,Sospecha de Fuga o Extraccion Injustificada de Combustible
VE-10,CBR796,SCANIA,G410 A6X4,48.05,3,2026-03-27 00:00:00,2026-03-28 00:00:00,1.0,2,77.08,3635.28,GUSTAVO PERNALETE,YERBABUENA -> MEIGGS,186.26,1,25.99,77.0,5,0.0,175.12,304.71,1.74,168.45,GNV,6.67,3.96,-0.61,Normal,Comportamiento Normal
VE-10,CBR796,SCANIA,G410 A6X4,48.05,3,2026-03-28 00:00:00,2026-03-30 00:00:00,2.0,2,84.49,3984.75,GUSTAVO PERNALETE,YERBABUENA -> MEIGGS,185.43,1,25.91,76.0,2,0.0,196.76,342.36,1.74,168.45,GNV,28.31,16.81,0.47,Advertencia,Desviacion Operativa Menor / Eficiencia Conductiva
VE-10,CBR796,SCANIA,G410 A6X4,48.05,3,2026-03-30 00:00:00,2026-03-31 00:00:00,1.0,2,41.47,1955.83,GUSTAVO PERNALETE,YERBABUENA -> MEIGGS,188.02,1,25.8,79.0,3,0.0,155.58,270.71,1.74,158.96,GNV,-3.38,-2.13,-1.12,Normal,Comportamiento Normal
VE-10,CBR796,SCANIA,G410 A6X4,48.05,3,2026-03-31 00:00:00,2026-04-01 00:00:00,1.0,3,119.65,3313.91,GUSTAVO PERNALETE,YERBABUENA -> MEIGGS,160.97,1,24.62,70.0,0,0.0,143.26,249.27,1.74,163.49,GNV,-20.23,-12.38,-1.96,Normal,Comportamiento Normal
VE-10,CBR796,SCANIA,G410 A6X4,48.05,3,2026-04-01 00:00:00,2026-04-04 00:00:00,3.0,2,85.32,4023.9,GUSTAVO PERNALETE,YERBABUENA -> MEIGGS,135.2,1,23.3,82.0,1,0.0,168.5,293.19,1.74,164.15,GNV,4.35,2.65,-0.73,Normal,Comportamiento Normal
VE-10,CBR796,SCANIA,G410 A6X4,48.05,3,2026-04-04 00:00:00,2026-04-06 00:00:00,2.0,2,79.05,2460.69,GUSTAVO PERNALETE,YERBABUENA -> MEIGGS,184.13,1,27.66,77.0,15,0.0,128.41,223.43,1.74,147.4,GNV,-18.99,-12.88,-1.9,Normal,Comportamiento Normal
VE-10,CBR796,SCANIA,G410 A6X4,48.05,3,2026-04-06 00:00:00,2026-04-07 00:00:00,1.0,2,76.18,2485.17,GUSTAVO PERNALETE,YERBABUENA -> MEIGGS,109.83,1,25.51,73.0,1,0.0,131.73,229.21,1.74,135.29,GNV,-3.56,-2.63,-1.13,Normal,Comportamiento Normal
VE-10,CBR796,SCANIA,G410 A6X4,48.05,3,2026-04-07 00:00:00,2026-04-08 00:00:00,1.0,3,112.36,1979.43,GUSTAVO PERNALETE,SAN LORENZO  -> COLLIQUE,114.11,1,25.35,77.0,4,0.0,131.41,228.65,1.74,139.18,GNV,-7.77,-5.58,-1.34,Normal,Comportamiento Normal
VE-10,CBR796,SCANIA,G410 A6X4,48.05,3,2026-04-08 00:00:00,2026-04-09 00:00:00,1.0,2,78.68,2576.78,GUSTAVO PERNALETE,YERBABUENA -> MEIGGS,113.4,1,21.49,72.0,1,0.0,116.35,202.45,1.74,135.29,GNV,-18.94,-14.0,-1.9,Normal,Comportamiento Normal
VE-10,CBR796,SCANIA,G410 A6X4,48.05,3,2026-04-09 00:00:00,2026-04-10 00:00:00,1.0,1,42.32,1995.91,GUSTAVO PERNALETE,YERBABUENA -> MEIGGS,111.42,1,25.84,84.0,2,0.0,100.61,175.06,1.74,128.61,GNV,-28.0,-21.77,-2.36,Normal,Comportamiento Normal
VE-10,CBR796,SCANIA,G410 A6X4,48.05,3,2026-04-10 00:00:00,2026-04-11 00:00:00,1.0,2,76.87,1797.19,GUSTAVO PERNALETE,YERBABUENA -> COLLIQUE,94.07,1,25.2,69.0,0,0.0,93.75,163.12,1.74,135.29,GNV,-41.54,-30.71,-3.04,Normal,Comportamiento Normal
VE-10,CBR796,SCANIA,G410 A6X4,48.05,3,2026-04-11 00:00:00,2026-04-14 00:00:00,3.0,3,118.91,4368.35,GUSTAVO PERNALETE,YERBABUENA -> MEIGGS,78.82,1,21.28,83.0,5,0.0,189.59,329.89,1.74,156.42,GNV,33.17,21.21,0.72,Advertencia,Desviacion Operativa Menor / Eficiencia Conductiva
VE-10,CBR796,SCANIA,G410 A6X4,48.05,3,2026-04-14 00:00:00,2026-04-15 00:00:00,1.0,1,41.48,1956.3,GUSTAVO PERNALETE,YERBABUENA -> MEIGGS,190.97,1,25.83,84.0,2,0.0,99.08,172.4,1.74,155.22,GNV,-56.14,-36.17,-3.77,Normal,Comportamiento Normal
VE-10,CBR796,SCANIA,G410 A6X4,48.05,3,2026-04-15 00:00:00,2026-04-16 00:00:00,1.0,3,116.4,2050.61,GUSTAVO PERNALETE,SAN LORENZO  -> COLLIQUE,93.91,1,25.25,76.0,2,0.0,122.87,213.79,1.74,139.18,GNV,-16.31,-11.72,-1.77,Normal,Comportamiento Normal
VE-10,CBR796,SCANIA,G410 A6X4,48.05,3,2026-04-16 00:00:00,2026-04-17 00:00:00,1.0,4,147.48,999.76,GUSTAVO PERNALETE,SAN LORENZO  -> OQUENDO,111.82,1,22.13,87.0,6,0.0,102.31,178.02,1.74,139.18,GNV,-36.87,-26.49,-2.8,Normal,Comportamiento Normal
VE-10,CBR796,SCANIA,G410 A6X4,48.05,3,2026-04-17 00:00:00,2026-04-18 00:00:00,1.0,1,37.5,1768.59,GUSTAVO PERNALETE,YERBABUENA -> MEIGGS,86.45,1,18.87,76.0,4,0.0,86.24,150.06,1.74,128.61,GNV,-42.37,-32.95,-3.08,Normal,Comportamiento Normal
VE-10,CBR796,SCANIA,G410 A6X4,48.05,3,2026-04-18 00:00:00,2026-04-20 00:00:00,2.0,2,81.38,2729.53,GUSTAVO PERNALETE,SAN LORENZO  -> COLLIQUE,93.95,1,25.74,82.0,1,0.0,110.45,192.18,1.74,142.41,GNV,-31.96,-22.44,-2.55,Normal,Comportamiento Normal
VE-10,CBR796,SCANIA,G410 A6X4,48.05,3,2026-04-20 00:00:00,2026-04-21 00:00:00,1.0,2,79.31,2632.2,GUSTAVO PERNALETE,YERBABUENA -> MEIGGS,112.48,1,25.43,75.0,1,0.0,119.17,207.36,1.74,135.29,GNV,-16.12,-11.92,-1.76,Normal,Comportamiento Normal
VE-10,CBR796,SCANIA,G410 A6X4,48.05,3,2026-04-21 00:00:00,2026-04-22 00:00:00,1.0,2,0.0,0.0,GUSTAVO PERNALETE,SAN LORENZO  -> ,112.6,1,24.14,76.0,3,0.0,218.07,379.44,1.74,135.29,GNV,82.78,61.18,3.21,Critico,Sospecha de Fuga o Extraccion Injustificada de Combustible
VE-10,CBR796,SCANIA,G410 A6X4,48.05,3,2026-04-22 00:00:00,2026-04-23 00:00:00,1.0,3,40.2,0.0,GUSTAVO PERNALETE,SAN LORENZO  -> ,241.81,1,31.27,77.0,1,0.0,217.52,378.48,1.74,174.68,GNV,42.84,24.52,1.2,Advertencia,Desviacion Operativa Menor / Eficiencia Conductiva
VE-10,CBR796,SCANIA,G410 A6X4,48.05,3,2026-04-23 00:00:00,2026-04-24 00:00:00,1.0,2,0.0,0.0,GUSTAVO PERNALETE,CHANCAY -> POLIMIX SANTA ANITA,260.46,1,35.06,76.0,5,0.0,231.16,402.22,1.74,172.61,GNV,58.55,33.92,1.99,Critico,Falla Mecanica / Requiere Mantenimiento Preventivo
VE-10,CBR796,SCANIA,G410 A6X4,48.05,3,2026-04-24 00:00:00,2026-04-25 00:00:00,1.0,2,39.25,3522.92,GUSTAVO PERNALETE,CHANCAY -> POLIMIX OQUENDO,369.84,1,38.32,78.0,36,0.0,166.85,290.32,1.74,172.61,GNV,-5.76,-3.34,-1.24,Normal,Comportamiento Normal
VE-10,CBR796,SCANIA,G410 A6X4,48.05,3,2026-04-25 00:00:00,2026-04-27 00:00:00,2.0,2,80.48,3795.63,GUSTAVO PERNALETE,YERBABUENA -> MEIGGS,203.31,1,34.56,80.0,21,0.0,180.69,314.4,1.74,168.45,GNV,12.24,7.27,-0.33,Normal,Comportamiento Normal
VE-10,CBR796,SCANIA,G410 A6X4,48.05,3,2026-04-27 00:00:00,2026-04-28 00:00:00,1.0,3,115.97,4381.26,GUSTAVO PERNALETE,YERBABUENA -> MEIGGS,187.25,1,25.72,82.0,3,0.0,185.49,322.75,1.74,170.52,GNV,14.97,8.78,-0.2,Normal,Comportamiento Normal
VE-10,CBR796,SCANIA,G410 A6X4,48.05,3,2026-04-28 00:00:00,2026-04-29 00:00:00,1.0,2,0.0,0.0,GUSTAVO PERNALETE,CHANCAY -> POLIMIX SANTA ANITA,194.18,1,24.51,78.0,3,0.0,216.06,375.94,1.74,158.96,GNV,57.1,35.92,1.92,Critico,Sospecha de Fuga o Extraccion Injustificada de Combustible
VE-10,CBR796,SCANIA,G410 A6X4,48.05,3,2026-04-29 00:00:00,2026-04-30 00:00:00,1.0,1,0.0,0.0,GUSTAVO PERNALETE,CHANCAY -> POLIMIX SANTA ANITA,369.33,1,39.35,80.0,45,0.0,169.35,294.67,1.74,172.93,GNV,-3.58,-2.07,-1.13,Normal,Comportamiento Normal
VE-10,CBR796,SCANIA,G410 A6X4,48.05,3,2026-04-30 00:00:00,2026-05-02 00:00:00,2.0,1,0.0,0.0,GUSTAVO PERNALETE,CHANCAY -> POLIMIX SANTA ANITA,200.26,1,42.35,79.0,44,0.0,131.59,228.97,1.74,158.71,GNV,-27.12,-17.09,-2.31,Normal,Comportamiento Normal
VE-10,CBR796,SCANIA,G410 A6X4,48.05,3,2026-05-02 00:00:00,2026-05-04 00:00:00,2.0,2,0.0,0.0,GUSTAVO PERNALETE,CHANCAY -> POLIMIX SANTA ANITA,202.97,1,45.65,97.0,68,0.0,263.94,459.25,1.74,158.96,GNV,104.98,66.04,4.33,Critico,Estilo de Conduccion Agresivo (Excesos de Velocidad)
VE-10,CBR796,SCANIA,G410 A6X4,48.05,3,2026-05-04 00:00:00,2026-05-06 00:00:00,2.0,2,0.0,0.0,GUSTAVO PERNALETE,CHANCAY -> POLIMIX SANTA ANITA,370.0,1,41.21,83.0,111,0.0,263.11,457.81,1.74,172.61,GNV,90.5,52.43,3.6,Critico,Estilo de Conduccion Agresivo (Excesos de Velocidad)
VE-10,CBR796,SCANIA,G410 A6X4,48.05,3,2026-05-06 00:00:00,2026-05-07 00:00:00,1.0,2,79.99,2721.88,GUSTAVO PERNALETE,YERBABUENA -> MEIGGS,370.71,1,41.04,97.0,108,0.0,127.36,221.61,1.74,172.61,GNV,-45.25,-26.22,-3.22,Normal,Comportamiento Normal
VE-10,CBR796,SCANIA,G410 A6X4,48.05,3,2026-05-07 00:00:00,2026-05-09 00:00:00,2.0,4,156.47,6349.25,GUSTAVO PERNALETE,YERBABUENA -> MEIGGS,301.55,1,25.51,100.0,4,0.0,101.86,177.24,1.74,174.68,GNV,-72.82,-41.69,-4.61,Normal,Comportamiento Normal
VE-10,CBR796,SCANIA,G410 A6X4,48.05,3,2026-05-09 00:00:00,2026-05-11 00:00:00,2.0,2,0.0,0.0,GUSTAVO PERNALETE,CHANCAY -> POLIMIX SANTA ANITA,117.32,1,23.82,76.0,1,0.0,254.24,442.38,1.74,135.29,GNV,118.95,87.92,5.03,Critico,Sospecha de Fuga o Extraccion Injustificada de Combustible
VE-10,CBR796,SCANIA,G410 A6X4,48.05,3,2026-05-11 00:00:00,2026-05-12 00:00:00,1.0,2,0.0,0.0,GUSTAVO PERNALETE,CHANCAY -> POLIMIX OQUENDO,368.08,1,41.92,81.0,64,0.0,151.3,263.26,1.74,172.61,GNV,-21.31,-12.35,-2.02,Normal,Comportamiento Normal
VE-10,CBR796,SCANIA,G410 A6X4,48.05,3,2026-05-12 00:00:00,2026-05-13 00:00:00,1.0,2,40.16,3604.6,GUSTAVO PERNALETE,CHANCAY -> POLIMIX OQUENDO,374.95,1,39.8,93.0,85,0.0,218.27,379.79,1.74,172.61,GNV,45.66,26.45,1.35,Advertencia,Estilo de Conduccion Agresivo (Excesos de Velocidad)
VE-10,CBR796,SCANIA,G410 A6X4,48.05,3,2026-05-13 00:00:00,2026-05-14 00:00:00,1.0,2,0.0,0.0,GUSTAVO PERNALETE,CHANCAY -> POLIMIX SANTA ANITA,268.08,1,34.23,84.0,43,0.0,260.62,453.48,1.74,172.61,GNV,88.01,50.99,3.48,Critico,Sospecha de Fuga o Extraccion Injustificada de Combustible
VE-10,CBR796,SCANIA,G410 A6X4,48.05,3,2026-05-14 00:00:00,2026-05-15 00:00:00,1.0,3,37.8,3392.78,GUSTAVO PERNALETE,CHANCAY -> POLIMIX OQUENDO,369.2,1,39.89,91.0,73,0.0,224.03,389.81,1.74,174.68,GNV,49.35,28.25,1.53,Advertencia,Falla Mecanica / Requiere Mantenimiento Preventivo
VE-10,CBR796,SCANIA,G410 A6X4,48.05,3,2026-05-15 00:00:00,2026-05-18 00:00:00,3.0,3,0.0,0.0,GUSTAVO PERNALETE,CHANCAY -> POLIMIX SANTA ANITA,572.96,1,38.73,93.0,141,0.0,260.35,453.01,1.74,174.68,GNV,85.67,49.04,3.36,Critico,Falla Mecanica / Requiere Mantenimiento Preventivo
VE-10,CBR796,SCANIA,G410 A6X4,48.05,3,2026-05-18 00:00:00,2026-05-19 00:00:00,1.0,2,0.0,0.0,GUSTAVO PERNALETE,CHANCAY -> POLIMIX SANTA ANITA,369.13,1,41.56,87.0,90,0.0,238.91,415.7,1.74,172.61,GNV,66.3,38.41,2.38,Critico,Falla Mecanica / Requiere Mantenimiento Preventivo
VE-10,CBR796,SCANIA,G410 A6X4,48.05,3,2026-05-19 00:00:00,2026-05-20 00:00:00,1.0,2,39.87,4394.21,GUSTAVO PERNALETE,CHANCAY -> POLIMIX SANTA ANITA,357.83,1,41.56,92.0,81,0.0,208.19,362.25,1.74,172.61,GNV,35.58,20.61,0.84,Advertencia,Falla Mecanica / Requiere Mantenimiento Preventivo
VE-10,CBR796,SCANIA,G410 A6X4,48.05,3,2026-05-20 00:00:00,2026-05-22 00:00:00,2.0,2,0.0,0.0,GUSTAVO PERNALETE,CHANCAY -> POLIMIX OQUENDO,272.74,1,34.16,92.0,29,0.0,128.04,222.79,1.74,172.61,GNV,-44.57,-25.82,-3.19,Normal,Comportamiento Normal
VE-10,CBR796,SCANIA,G410 A6X4,48.05,3,2026-05-22 00:00:00,2026-05-23 00:00:00,1.0,1,44.63,2104.86,GUSTAVO PERNALETE,YERBABUENA -> MEIGGS,350.73,1,39.28,99.0,106,0.0,106.86,185.94,1.74,169.45,GNV,-62.59,-36.94,-4.09,Normal,Comportamiento Normal
VE-10,CBR796,SCANIA,G410 A6X4,48.05,3,2026-05-23 00:00:00,2026-05-25 00:00:00,2.0,2,39.44,4346.82,GUSTAVO PERNALETE,CHANCAY -> POLIMIX SANTA ANITA,95.14,1,25.29,65.0,0,0.0,214.08,372.5,1.74,152.53,GNV,61.55,40.35,2.15,Critico,Sospecha de Fuga o Extraccion Injustificada de Combustible
VE-10,CBR796,SCANIA,G410 A6X4,48.05,3,2026-05-25 00:00:00,2026-05-26 00:00:00,1.0,2,0.0,0.0,GUSTAVO PERNALETE,CHANCAY -> POLIMIX OQUENDO,287.76,1,36.98,83.0,50,0.0,237.55,413.34,1.74,172.61,GNV,64.94,37.62,2.32,Critico,Sospecha de Fuga o Extraccion Injustificada de Combustible
VE-10,CBR796,SCANIA,G410 A6X4,48.05,3,2026-05-26 00:00:00,2026-05-28 00:00:00,2.0,3,0.0,0.0,GUSTAVO PERNALETE,CHANCAY -> POLIMIX VILLA,750.96,1,39.48,88.0,147,0.0,157.84,274.64,1.74,174.68,GNV,-16.84,-9.64,-1.79,Normal,Comportamiento Normal
VE-10,CBR796,SCANIA,G410 A6X4,48.05,3,2026-05-28 00:00:00,2026-05-29 00:00:00,1.0,2,0.0,0.0,GUSTAVO PERNALETE,CHANCAY -> POLIMIX OQUENDO,254.67,1,35.97,80.0,31,0.0,236.77,411.98,1.74,172.61,GNV,64.16,37.17,2.28,Critico,Sospecha de Fuga o Extraccion Injustificada de Combustible
VE-10,CBR796,SCANIA,G410 A6X4,48.05,3,2026-05-29 00:00:00,2026-05-30 00:00:00,1.0,1,42.37,1998.27,GUSTAVO PERNALETE,YERBABUENA -> MEIGGS,331.83,1,40.5,89.0,93,0.0,139.36,242.49,1.74,169.45,GNV,-30.09,-17.76,-2.46,Normal,Comportamiento Normal
VE-10,CBR796,SCANIA,G410 A6X4,48.05,3,2026-05-30 00:00:00,2026-06-01 00:00:00,2.0,2,0.0,0.0,GUSTAVO PERNALETE,CHANCAY -> POLIMIX OQUENDO,134.51,1,29.73,85.0,11,0.0,125.79,218.87,1.74,147.4,GNV,-21.61,-14.66,-2.03,Normal,Comportamiento Normal
VE-10,CBR796,SCANIA,G410 A6X4,48.05,3,2026-06-01 00:00:00,2026-06-02 00:00:00,1.0,2,0.0,0.0,GUSTAVO PERNALETE,CHANCAY -> POLIMIX OQUENDO,373.59,1,41.5,85.0,89,0.0,153.39,266.9,1.74,172.61,GNV,-19.22,-11.13,-1.91,Normal,Comportamiento Normal
VE-10,CBR796,SCANIA,G410 A6X4,48.05,3,2026-06-02 00:00:00,2026-06-03 00:00:00,1.0,2,0.0,0.0,GUSTAVO PERNALETE,CHANCAY -> POLIMIX VILLA,374.51,1,40.46,92.0,137,0.0,160.26,278.85,1.74,172.61,GNV,-12.35,-7.15,-1.57,Normal,Comportamiento Normal
VE-10,CBR796,SCANIA,G410 A6X4,48.05,3,2026-06-03 00:00:00,2026-06-04 00:00:00,1.0,1,0.0,0.0,GUSTAVO PERNALETE,CHANCAY -> POLIMIX SANTA ANITA,405.26,1,42.17,90.0,108,0.0,105.1,182.87,1.74,172.93,GNV,-67.83,-39.22,-4.36,Normal,Comportamiento Normal
VE-10,CBR796,SCANIA,G410 A6X4,48.05,3,2026-06-04 00:00:00,2026-06-05 00:00:00,1.0,2,0.0,0.0,GUSTAVO PERNALETE,CHANCAY -> POLIMIX OQUENDO,212.59,1,37.6,86.0,51,0.0,154.23,268.36,1.74,158.96,GNV,-4.73,-2.97,-1.19,Normal,Comportamiento Normal
VE-10,CBR796,SCANIA,G410 A6X4,48.05,3,2026-06-05 00:00:00,2026-06-08 00:00:00,3.0,3,0.0,0.0,GUSTAVO PERNALETE,CHANCAY -> POLIMIX OQUENDO,547.16,1,39.54,84.0,93,0.0,158.98,276.63,1.74,174.68,GNV,-15.7,-8.99,-1.74,Normal,Comportamiento Normal
VE-10,CBR796,SCANIA,G410 A6X4,48.05,3,2026-06-08 00:00:00,2026-06-09 00:00:00,1.0,2,0.0,0.0,GUSTAVO PERNALETE,CHANCAY -> POLIMIX OQUENDO,376.8,1,43.95,92.0,160,0.0,130.02,226.23,1.74,172.61,GNV,-42.59,-24.67,-3.09,Normal,Comportamiento Normal
VE-10,CBR796,SCANIA,G410 A6X4,48.05,3,2026-06-09 00:00:00,2026-06-10 00:00:00,1.0,2,0.0,0.0,Gustavo Alfonso Pernalete Crespo,CHANCAY -> POLIMIX OQUENDO,347.62,1,40.3,90.0,123,0.0,83.71,145.66,1.74,172.61,GNV,-88.9,-51.5,-5.42,Normal,Comportamiento Normal
VE-10,CBR796,SCANIA,G410 A6X4,48.05,3,2026-06-10 00:00:00,2026-06-11 00:00:00,1.0,2,0.0,0.0,Gustavo Alfonso Pernalete Crespo,CHANCAY -> POLIMIX OQUENDO,334.7,1,40.73,92.0,94,0.0,79.95,139.11,1.74,172.61,GNV,-92.66,-53.68,-5.6,Normal,Comportamiento Normal
VE-10,CBR796,SCANIA,G410 A6X4,48.05,3,2026-06-11 00:00:00,2026-06-12 00:00:00,1.0,2,0.0,0.0,Gustavo Alfonso Pernalete Crespo,CHANCAY -> POLIMIX OQUENDO,371.62,1,41.32,92.0,92,0.0,169.22,294.44,1.74,172.61,GNV,-3.39,-1.96,-1.12,Normal,Comportamiento Normal
VE-10,CBR796,SCANIA,G410 A6X4,48.05,3,2026-06-12 00:00:00,2026-06-13 00:00:00,1.0,1,0.0,0.0,Gustavo Alfonso Pernalete Crespo,YERBABUENA -> MEIGGS,371.64,1,39.65,84.0,71,0.0,145.23,252.7,1.74,172.93,GNV,-27.7,-16.02,-2.34,Normal,Comportamiento Normal
VE-10,CBR796,SCANIA,G410 A6X4,48.05,3,2026-06-13 00:00:00,2026-06-15 00:00:00,2.0,2,0.0,0.0,Gustavo Alfonso Pernalete Crespo,CHANCAY -> POLIMIX OQUENDO,175.53,1,29.87,79.0,17,0.0,125.81,218.91,1.74,147.4,GNV,-21.59,-14.65,-2.03,Normal,Comportamiento Normal
VE-10,CBR796,SCANIA,G410 A6X4,48.05,3,2026-06-15 00:00:00,2026-06-17 00:00:00,2.0,2,0.0,0.0,Gustavo Alfonso Pernalete Crespo,CHANCAY -> POLIMIX SANTA ANITA,382.51,1,41.06,87.0,111,0.0,83.79,145.79,1.74,172.61,GNV,-88.82,-51.46,-5.41,Normal,Comportamiento Normal
VE-10,CBR796,SCANIA,G410 A6X4,48.05,3,2026-06-17 00:00:00,2026-06-18 00:00:00,1.0,2,0.0,0.0,Gustavo Alfonso Pernalete Crespo,SAN LORENZO  -> COLLIQUE,335.07,1,40.84,90.0,124,0.0,222.56,387.25,1.74,172.61,GNV,49.95,28.94,1.56,Advertencia,Estilo de Conduccion Agresivo (Excesos de Velocidad)
VE-10,CBR796,SCANIA,G410 A6X4,48.05,3,2026-06-18 00:00:00,2026-06-19 00:00:00,1.0,2,0.0,0.0,Gustavo Alfonso Pernalete Crespo,CHANCAY -> POLIMIX OQUENDO,272.01,1,37.1,92.0,64,0.0,83.79,145.79,1.74,172.61,GNV,-88.82,-51.46,-5.41,Normal,Comportamiento Normal
VE-10,CBR796,SCANIA,G410 A6X4,48.05,3,2026-06-19 00:00:00,2026-06-20 00:00:00,1.0,1,0.0,0.0,Gustavo Alfonso Pernalete Crespo,CHANCAY -> POLIMIX SANTA ANITA,373.32,1,39.71,87.0,121,0.0,203.29,353.72,1.74,172.93,GNV,30.36,17.55,0.58,Advertencia,Estilo de Conduccion Agresivo (Excesos de Velocidad)
VE-10,CBR796,SCANIA,G410 A6X4,48.05,3,2026-06-20 00:00:00,2026-06-22 00:00:00,2.0,1,0.0,0.0,Gustavo Alfonso Pernalete Crespo,CHANCAY -> POLIMIX SANTA ANITA,244.39,1,39.81,88.0,61,0.0,142.07,247.2,1.74,172.93,GNV,-30.86,-17.85,-2.5,Normal,Comportamiento Normal
VE-10,CBR796,SCANIA,G410 A6X4,48.05,3,2026-06-22 00:00:00,2026-06-23 00:00:00,1.0,2,0.0,0.0,Gustavo Alfonso Pernalete Crespo,CHANCAY -> POLIMIX OQUENDO,202.32,1,45.91,90.0,77,0.0,127.71,222.22,1.74,158.96,GNV,-31.25,-19.66,-2.52,Normal,Comportamiento Normal
VE-10,CBR796,SCANIA,G410 A6X4,48.05,3,2026-06-23 00:00:00,2026-06-24 00:00:00,1.0,1,0.0,0.0,Gustavo Alfonso Pernalete Crespo,CHANCAY -> POLIMIX OQUENDO,334.91,1,41.41,92.0,118,0.0,167.33,291.15,1.74,172.93,GNV,-5.6,-3.24,-1.23,Normal,Comportamiento Normal
VE-10,CBR796,SCANIA,G410 A6X4,48.05,3,2026-06-24 00:00:00,2026-06-25 00:00:00,1.0,2,0.0,0.0,Gustavo Alfonso Pernalete Crespo,CHANCAY -> POLIMIX SANTA ANITA,220.59,1,39.94,88.0,69,0.0,233.72,406.67,1.74,158.96,GNV,74.76,47.03,2.81,Critico,Estilo de Conduccion Agresivo (Excesos de Velocidad)
VE-10,CBR796,SCANIA,G410 A6X4,48.05,3,2026-06-25 00:00:00,2026-06-26 00:00:00,1.0,2,0.0,0.0,Gustavo Alfonso Pernalete Crespo,CHANCAY -> POLIMIX OQUENDO,290.39,1,34.03,89.0,55,0.0,142.19,247.41,1.74,172.61,GNV,-30.42,-17.62,-2.48,Normal,Comportamiento Normal
VE-10,CBR796,SCANIA,G410 A6X4,48.05,3,2026-06-26 00:00:00,2026-06-27 00:00:00,1.0,1,0.0,0.0,Gustavo Alfonso Pernalete Crespo,CHANCAY -> POLIMIX SANTA ANITA,373.32,1,40.67,87.0,131,0.0,145.12,252.51,1.74,172.93,GNV,-27.81,-16.08,-2.35,Normal,Comportamiento Normal
VE-10,CBR796,SCANIA,G410 A6X4,48.05,3,2026-06-27 00:00:00,2026-06-30 00:00:00,3.0,2,0.0,0.0,Gustavo Alfonso Pernalete Crespo,CHANCAY -> POLIMIX OQUENDO,202.58,1,41.99,83.0,43,0.0,126.24,219.66,1.74,158.96,GNV,-32.72,-20.58,-2.59,Normal,Comportamiento Normal
VE-11,C9T788,MERCEDES BENZ,ACTROS 4144 K,38.75,15,2026-01-09 17:06:11,2026-02-02 14:03:35,23.87,4,68.72,888.1,PEDRO MINAYA,COLLIQUE -> SAN LORENZO ,39.44,0,0.0,0.0,0,0.0,53.38,689.15,12.91,59.56,DIESEL,-6.17,-10.37,-1.26,Normal,Comportamiento Normal
VE-11,C9T788,MERCEDES BENZ,ACTROS 4144 K,38.75,15,2026-02-02 14:03:35,2026-02-04 13:47:36,1.99,4,110.69,5220.41,PEDRO MINAYA,YERBABUENA -> MEIGGS,150.4,0,0.0,0.0,0,0.0,61.62,795.46,12.91,59.43,DIESEL,2.19,3.68,-0.84,Normal,Comportamiento Normal
VE-11,C9T788,MERCEDES BENZ,ACTROS 4144 K,38.75,15,2026-02-04 13:47:36,2026-02-06 15:22:09,2.07,4,148.56,6746.0,PEDRO MINAYA,YERBABUENA -> MEIGGS,181.85,0,0.0,0.0,0,0.0,74.48,943.65,12.67,64.65,DIESEL,9.82,15.19,-0.45,Advertencia,Desviacion Operativa Menor / Eficiencia Conductiva
VE-11,C9T788,MERCEDES BENZ,ACTROS 4144 K,38.75,15,2026-02-06 15:22:09,2026-02-10 16:14:04,4.04,6,172.83,4312.6,PEDRO MINAYA,SAN LORENZO  -> MEIGGS,128.83,0,0.0,0.0,0,0.0,60.34,772.36,12.8,61.98,DIESEL,-1.64,-2.65,-1.03,Normal,Comportamiento Normal
VE-11,C9T788,MERCEDES BENZ,ACTROS 4144 K,38.75,15,2026-02-10 16:14:04,2026-02-13 12:41:22,2.85,4,108.1,5098.26,PEDRO MINAYA,YERBABUENA -> MEIGGS,145.48,0,0.0,0.0,0,0.0,59.33,759.48,12.8,59.59,DIESEL,-0.25,-0.43,-0.96,Normal,Comportamiento Normal
VE-11,C9T788,MERCEDES BENZ,ACTROS 4144 K,38.75,15,2026-02-13 12:41:22,2026-02-17 12:43:08,4.0,3,105.61,4980.82,PEDRO MINAYA,YERBABUENA -> MEIGGS,141.49,0,0.0,0.0,0,0.0,56.02,717.07,12.8,60.42,DIESEL,-4.4,-7.28,-1.17,Normal,Comportamiento Normal
VE-11,C9T788,MERCEDES BENZ,ACTROS 4144 K,38.75,15,2026-02-17 12:43:08,2026-02-19 17:55:51,2.22,5,149.96,7072.48,PEDRO MINAYA,YERBABUENA -> MEIGGS,192.64,0,0.0,0.0,0,0.0,76.78,982.75,12.8,66.88,DIESEL,9.89,14.79,-0.45,Normal,Comportamiento Normal
VE-11,C9T788,MERCEDES BENZ,ACTROS 4144 K,38.75,15,2026-02-19 17:55:51,2026-02-21 16:23:25,1.94,3,112.1,5286.91,PEDRO MINAYA,YERBABUENA -> MEIGGS,141.49,0,0.0,0.0,0,0.0,59.16,757.21,12.8,59.67,DIESEL,-0.51,-0.85,-0.97,Normal,Comportamiento Normal
VE-11,C9T788,MERCEDES BENZ,ACTROS 4144 K,38.75,15,2026-02-21 16:23:25,2026-02-26 12:20:40,4.83,3,108.95,4999.2,PEDRO MINAYA,YERBABUENA -> MEIGGS,137.81,0,0.0,0.0,0,0.0,57.86,748.71,12.94,61.08,DIESEL,-3.22,-5.27,-1.11,Normal,Comportamiento Normal
VE-11,C9T788,MERCEDES BENZ,ACTROS 4144 K,38.75,15,2026-02-26 12:20:40,2026-03-02 17:21:04,4.21,5,180.97,5765.39,PEDRO MINAYA,YERBABUENA -> MEIGGS,114.99,1,22.45,77.0,2,0.0,65.67,849.8,12.94,58.47,DIESEL,7.2,12.32,-0.59,Normal,Comportamiento Normal
VE-11,C9T788,MERCEDES BENZ,ACTROS 4144 K,38.75,15,2026-03-02 17:21:04,2026-03-05 17:05:33,2.99,4,147.11,6800.02,PEDRO MINAYA,YERBABUENA -> MEIGGS,354.49,1,24.81,77.0,5,0.0,74.39,1140.34,15.33,70.6,DIESEL,3.78,5.36,-0.76,Normal,Comportamiento Normal
VE-11,C9T788,MERCEDES BENZ,ACTROS 4144 K,38.75,15,2026-03-05 17:05:33,2026-03-07 15:13:39,1.92,4,148.81,7018.24,PEDRO MINAYA,YERBABUENA -> MEIGGS,360.74,1,25.9,77.0,8,0.0,76.46,1262.31,16.51,72.17,DIESEL,4.29,5.94,-0.73,Normal,Comportamiento Normal
VE-11,C9T788,MERCEDES BENZ,ACTROS 4144 K,38.75,15,2026-03-07 15:13:39,2026-03-10 15:51:24,3.03,5,146.77,6922.03,PEDRO MINAYA,YERBABUENA -> MEIGGS,375.38,1,26.34,78.0,9,0.0,73.64,1257.05,17.07,74.68,DIESEL,-1.03,-1.39,-1.0,Normal,Comportamiento Normal
VE-11,C9T788,MERCEDES BENZ,ACTROS 4144 K,38.75,15,2026-03-10 15:51:24,2026-03-12 11:41:38,1.83,2,71.01,3349.0,PEDRO MINAYA,YERBABUENA -> MEIGGS,226.3,1,25.86,76.0,2,0.0,44.52,759.94,17.07,45.1,DIESEL,-0.58,-1.28,-0.98,Normal,Comportamiento Normal
VE-11,C9T788,MERCEDES BENZ,ACTROS 4144 K,38.75,15,2026-03-12 11:41:38,2026-03-18 14:39:39,6.12,3,110.87,5228.9,PEDRO MINAYA,YERBABUENA -> MEIGGS,207.95,1,21.61,76.0,1,0.0,39.65,808.78,20.4,51.46,DIESEL,-11.81,-22.95,-1.54,Normal,Comportamiento Normal
VE-11,C9T788,MERCEDES BENZ,ACTROS 4144 K,38.75,15,2026-03-18 14:39:39,2026-03-20 18:12:59,2.15,3,111.67,5266.63,PEDRO MINAYA,YERBABUENA -> MEIGGS,284.72,1,24.47,78.0,2,0.0,59.05,1204.58,20.4,56.83,DIESEL,2.22,3.91,-0.84,Normal,Comportamiento Normal
VE-11,C9T788,MERCEDES BENZ,ACTROS 4144 K,38.75,15,2026-03-20 18:12:59,2026-03-25 13:41:08,4.81,6,208.96,6059.73,PEDRO MINAYA,YERBABUENA -> MEIGGS,292.3,1,23.65,76.0,1,0.0,63.08,1392.74,22.08,60.37,DIESEL,2.71,4.49,-0.81,Normal,Comportamiento Normal
VE-11,C9T788,MERCEDES BENZ,ACTROS 4144 K,38.75,15,2026-03-25 13:41:08,2026-03-27 19:12:59,2.23,4,148.69,7012.58,PEDRO MINAYA,YERBABUENA -> MEIGGS,403.13,1,24.59,77.0,10,0.0,82.65,1727.43,20.9,75.79,DIESEL,6.86,9.05,-0.6,Normal,Comportamiento Normal
VE-11,C9T788,MERCEDES BENZ,ACTROS 4144 K,38.75,15,2026-03-27 19:12:59,2026-03-30 17:08:05,2.91,4,107.11,5051.57,PEDRO MINAYA,YERBABUENA -> MEIGGS,369.46,1,25.69,76.0,10,0.0,77.45,1618.66,20.9,70.69,DIESEL,6.76,9.57,-0.61,Normal,Comportamiento Normal
VE-11,C9T788,MERCEDES BENZ,ACTROS 4144 K,38.75,15,2026-03-30 17:08:05,2026-04-01 17:06:01,2.0,5,183.64,8660.91,PEDRO MINAYA,YERBABUENA -> MEIGGS,378.81,1,24.07,77.0,6,0.0,76.6,1635.37,21.35,74.06,DIESEL,2.54,3.42,-0.82,Normal,Comportamiento Normal
VE-11,C9T788,MERCEDES BENZ,ACTROS 4144 K,38.75,15,2026-04-01 17:06:01,2026-04-06 12:27:52,4.81,4,106.45,4007.62,PEDRO MINAYA,YERBABUENA -> MEIGGS,281.79,1,24.77,77.0,9,0.0,58.03,1184.31,20.41,56.11,DIESEL,1.92,3.42,-0.85,Normal,Comportamiento Normal
VE-11,C9T788,MERCEDES BENZ,ACTROS 4144 K,38.75,15,2026-04-06 12:27:52,2026-04-08 16:58:37,2.19,4,146.44,5211.21,PEDRO MINAYA,YERBABUENA -> MEIGGS,295.64,1,23.14,79.0,6,0.0,63.47,1368.43,21.56,58.69,DIESEL,4.78,8.14,-0.71,Normal,Comportamiento Normal
VE-11,C9T788,MERCEDES BENZ,ACTROS 4144 K,38.75,15,2026-04-08 16:58:37,2026-04-11 10:56:05,2.75,4,144.43,5191.59,PEDRO MINAYA,YERBABUENA -> MEIGGS,279.03,1,23.15,79.0,13,0.0,57.05,1129.06,19.79,57.81,DIESEL,-0.76,-1.31,-0.99,Normal,Comportamiento Normal
VE-11,C9T788,MERCEDES BENZ,ACTROS 4144 K,38.75,15,2026-04-11 10:56:05,2026-04-15 16:27:42,4.23,3,107.83,3756.09,PEDRO MINAYA,YERBABUENA -> MEIGGS,228.7,1,23.85,77.0,4,0.0,44.41,939.33,21.15,51.32,DIESEL,-6.91,-13.46,-1.3,Normal,Comportamiento Normal
VE-11,C9T788,MERCEDES BENZ,ACTROS 4144 K,38.75,15,2026-04-15 16:27:42,2026-04-17 14:09:05,1.9,7,213.93,4231.08,PEDRO MINAYA,YERBABUENA -> MEIGGS,237.89,1,20.58,76.0,1,0.0,49.26,1068.96,21.7,54.6,DIESEL,-5.34,-9.78,-1.22,Normal,Comportamiento Normal
VE-11,C9T788,MERCEDES BENZ,ACTROS 4144 K,38.75,15,2026-04-17 14:09:05,2026-04-20 16:35:01,3.1,5,171.15,5287.95,PEDRO MINAYA,YERBABUENA -> MEIGGS,296.51,1,24.11,78.0,11,0.0,60.65,1300.88,21.45,57.96,DIESEL,2.69,4.64,-0.81,Normal,Comportamiento Normal
VE-11,C9T788,MERCEDES BENZ,ACTROS 4144 K,38.75,15,2026-04-20 16:35:01,2026-04-24 18:39:46,4.09,5,144.28,5728.84,PEDRO MINAYA,YERBABUENA -> MEIGGS,322.5,1,24.52,78.0,11,0.0,61.46,1242.72,20.22,61.85,DIESEL,-0.39,-0.64,-0.97,Normal,Comportamiento Normal
VE-11,C9T788,MERCEDES BENZ,ACTROS 4144 K,38.75,15,2026-04-24 18:39:46,2026-04-27 17:47:04,2.96,5,139.8,5127.96,PEDRO MINAYA,YERBABUENA -> MEIGGS,308.13,1,22.28,76.0,7,0.0,64.36,1318.74,20.49,58.44,DIESEL,5.92,10.13,-0.65,Normal,Comportamiento Normal
VE-11,C9T788,MERCEDES BENZ,ACTROS 4144 K,38.75,15,2026-04-27 17:47:04,2026-04-30 11:59:21,2.76,5,174.33,5320.63,PEDRO MINAYA,YERBABUENA -> MEIGGS,302.08,1,23.05,76.0,2,0.0,59.02,1210.48,20.51,58.64,DIESEL,0.38,0.64,-0.93,Normal,Comportamiento Normal
VE-11,C9T788,MERCEDES BENZ,ACTROS 4144 K,38.75,15,2026-04-30 11:59:21,2026-05-06 15:44:42,6.16,4,151.17,5647.36,PEDRO MINAYA,YERBABUENA -> MEIGGS,297.48,1,22.77,83.0,10,0.0,58.0,1322.45,22.8,58.66,DIESEL,-0.66,-1.12,-0.98,Normal,Comportamiento Normal
VE-11,C9T788,MERCEDES BENZ,ACTROS 4144 K,38.75,15,2026-05-06 15:44:42,2026-05-09 14:37:21,2.95,7,209.88,5958.39,PEDRO MINAYA,YERBABUENA -> MEIGGS,364.04,1,23.14,86.0,7,0.0,77.94,1739.55,22.32,71.4,DIESEL,6.53,9.15,-0.62,Normal,Comportamiento Normal
VE-11,C9T788,MERCEDES BENZ,ACTROS 4144 K,38.75,15,2026-05-09 14:37:21,2026-05-13 17:05:33,4.1,4,148.52,7004.56,PEDRO MINAYA,YERBABUENA -> MEIGGS,375.51,1,25.07,76.0,2,0.0,72.02,1571.39,21.82,71.99,DIESEL,0.03,0.04,-0.95,Normal,Comportamiento Normal
VE-11,C9T788,MERCEDES BENZ,ACTROS 4144 K,38.75,15,2026-05-13 17:05:33,2026-05-15 17:46:51,2.03,3,109.57,5167.59,PEDRO MINAYA,YERBABUENA -> MEIGGS,278.86,1,25.19,77.0,3,0.0,52.64,1148.52,21.82,56.32,DIESEL,-3.69,-6.54,-1.13,Normal,Comportamiento Normal
VE-11,C9T788,MERCEDES BENZ,ACTROS 4144 K,38.75,15,2026-05-15 17:46:51,2026-05-21 16:58:09,5.97,5,180.44,7443.69,PEDRO MINAYA,YERBABUENA -> MEIGGS,367.81,1,23.82,77.0,6,0.0,73.15,1494.45,20.43,70.05,DIESEL,3.1,4.42,-0.79,Normal,Comportamiento Normal
VE-11,C9T788,MERCEDES BENZ,ACTROS 4144 K,38.75,15,2026-05-21 16:58:09,2026-05-25 17:01:35,4.0,4,141.84,5442.31,PEDRO MINAYA,YERBABUENA -> MEIGGS,324.91,1,25.36,91.0,9,0.0,63.93,1253.01,19.6,61.57,DIESEL,2.36,3.83,-0.83,Normal,Comportamiento Normal
VE-11,C9T788,MERCEDES BENZ,ACTROS 4144 K,38.75,15,2026-05-25 17:01:35,2026-05-27 15:14:30,1.93,4,147.23,5887.47,PEDRO MINAYA,YERBABUENA -> MEIGGS,276.65,1,25.51,77.0,6,0.0,59.17,1109.51,18.75,59.92,DIESEL,-0.75,-1.25,-0.99,Normal,Comportamiento Normal
VE-11,C9T788,MERCEDES BENZ,ACTROS 4144 K,38.75,15,2026-05-27 15:14:30,2026-05-29 18:29:00,2.14,6,186.3,8786.36,PEDRO MINAYA,YERBABUENA -> MEIGGS,471.99,1,25.1,76.0,5,0.0,92.23,1729.39,18.75,76.12,DIESEL,16.11,21.16,-0.14,Advertencia,Desviacion Operativa Menor / Eficiencia Conductiva
VE-11,C9T788,MERCEDES BENZ,ACTROS 4144 K,38.75,15,2026-05-29 18:29:00,2026-06-02 16:47:28,3.93,6,224.66,7289.66,PEDRO MINAYA,YERBABUENA -> MEIGGS,327.58,1,22.97,79.0,4,0.0,67.46,1230.49,18.24,64.76,DIESEL,2.7,4.18,-0.81,Normal,Comportamiento Normal
VE-11,C9T788,MERCEDES BENZ,ACTROS 4144 K,38.75,15,2026-06-02 16:47:28,2026-06-08 14:33:01,5.91,7,69.94,2204.17,PEDRO MINAYA,SAN LORENZO  -> COLLIQUE,200.44,1,19.76,72.0,1,0.0,46.44,899.62,19.37,52.85,DIESEL,-6.41,-12.12,-1.27,Normal,Comportamiento Normal
VE-11,C9T788,MERCEDES BENZ,ACTROS 4144 K,38.75,15,2026-06-08 14:33:01,2026-06-10 13:13:28,1.94,3,0.0,0.0,Pedro Pablo Minaya Sanchez,SAN LORENZO  -> MEIGGS,260.97,1,24.56,77.0,3,0.0,46.23,879.37,19.02,52.73,DIESEL,-6.5,-12.32,-1.27,Normal,Comportamiento Normal
VE-11,C9T788,MERCEDES BENZ,ACTROS 4144 K,38.75,15,2026-06-10 13:13:28,2026-06-15 16:00:54,5.12,6,0.0,0.0,Pedro Pablo Minaya Sanchez,YERBABUENA -> MEIGGS,215.87,1,21.55,76.0,5,0.0,50.57,991.68,19.61,52.23,DIESEL,-1.66,-3.18,-1.03,Normal,Comportamiento Normal
VE-11,C9T788,MERCEDES BENZ,ACTROS 4144 K,38.75,15,2026-06-15 16:00:54,2026-06-17 15:00:21,1.96,4,0.0,0.0,Pedro Pablo Minaya Sanchez,YERBABUENA -> MEIGGS,285.5,1,25.05,86.0,6,0.0,58.49,1147.03,19.61,54.8,DIESEL,3.69,6.73,-0.76,Normal,Comportamiento Normal
VE-11,C9T788,MERCEDES BENZ,ACTROS 4144 K,38.75,15,2026-06-17 15:00:21,2026-06-20 13:55:14,2.95,7,0.0,0.0,Pedro Pablo Minaya Sanchez,YERBABUENA -> MEIGGS,285.27,1,23.16,77.0,5,0.0,61.84,1212.78,19.61,54.99,DIESEL,6.85,12.46,-0.6,Normal,Comportamiento Normal
VE-11,C9T788,MERCEDES BENZ,ACTROS 4144 K,38.75,15,2026-06-20 13:55:14,2026-06-25 13:24:26,4.98,7,0.0,0.0,Pedro Pablo Minaya Sanchez,YERBABUENA -> MEIGGS,313.87,1,22.17,71.0,1,0.0,62.36,1161.18,18.62,56.27,DIESEL,6.09,10.83,-0.64,Normal,Comportamiento Normal
VE-11,C9T788,MERCEDES BENZ,ACTROS 4144 K,38.75,15,2026-06-25 13:24:26,2026-06-27 12:33:54,1.96,4,0.0,0.0,Pedro Pablo Minaya Sanchez,YERBABUENA -> MEIGGS,368.73,1,24.76,76.0,6,0.0,73.0,1359.19,18.62,67.98,DIESEL,5.01,7.37,-0.7,Normal,Comportamiento Normal
VE-12,C9W737,MERCEDES BENZ,ACTROS 4144 K,38.75,15,2025-12-30 18:24:51,2026-02-19 17:49:08,50.98,67,2016.91,19738.93,JOHNNY NARVAEZ,JICAMARCA -> SAN ANTONIO,716.21,0,0.0,0.0,0,0.0,59.14,757.06,12.8,74.37,DIESEL,-15.22,-20.47,-1.71,Normal,Comportamiento Normal
VE-12,C9W737,MERCEDES BENZ,ACTROS 4144 K,38.75,15,2026-02-19 17:49:08,2026-02-21 16:11:23,1.93,4,124.35,2360.66,JOHNNY NARVAEZ,JICAMARCA -> HUAROCHIRI,74.06,0,0.0,0.0,0,0.0,69.59,890.8,12.8,56.85,DIESEL,12.74,22.42,-0.31,Advertencia,Desviacion Operativa Menor / Eficiencia Conductiva
VE-12,C9W737,MERCEDES BENZ,ACTROS 4144 K,38.75,15,2026-02-21 16:11:23,2026-03-05 11:54:37,11.82,3,67.66,1056.19,JOHNNY NARVAEZ,JICAMARCA -> SAN ANTONIO,42.16,1,24.2,78.0,8,0.73,43.0,659.13,15.33,46.47,DIESEL,-3.48,-7.48,-1.12,Normal,Comportamiento Normal
VE-12,C9W737,MERCEDES BENZ,ACTROS 4144 K,38.75,15,2026-03-05 11:54:37,2026-03-19 16:31:56,14.19,37,854.5,14414.89,JOHNNY NARVAEZ,JICAMARCA -> HUAROCHIRI,1932.04,1,23.12,84.0,136,0.3,53.82,1098.03,20.4,70.55,DIESEL,-16.73,-23.71,-1.79,Normal,Comportamiento Normal
VE-12,C9W737,MERCEDES BENZ,ACTROS 4144 K,38.75,15,2026-03-19 16:31:56,2026-04-08 15:34:41,19.96,37,858.61,20403.78,JOHNNY NARVAEZ,JICAMARCA -> HUAROCHIRI,2047.34,1,23.24,88.0,158,0.32,68.05,1467.07,21.56,71.03,DIESEL,-2.99,-4.2,-1.1,Normal,Comportamiento Normal
VE-12,C9W737,MERCEDES BENZ,ACTROS 4144 K,38.75,15,2026-04-08 15:34:41,2026-05-19 17:13:57,41.07,87,2249.79,42030.91,JOHNNY NARVAEZ,JICAMARCA -> HUAROCHIRI,4871.65,1,21.82,85.0,234,0.29,38.13,778.93,20.43,72.06,DIESEL,-33.93,-47.09,-2.65,Normal,Comportamiento Normal
VE-12,C9W737,MERCEDES BENZ,ACTROS 4144 K,38.75,15,2026-05-19 17:13:57,2026-05-25 13:14:48,5.83,5,168.87,4628.29,JOHNNY NARVAEZ,JICAMARCA -> SAN JUAN,327.08,1,23.59,78.0,20,0.52,60.74,1190.41,19.6,56.33,DIESEL,4.4,7.82,-0.73,Normal,Comportamiento Normal
VE-12,C9W737,MERCEDES BENZ,ACTROS 4144 K,38.75,15,2026-05-25 13:14:48,2026-06-16 18:08:16,22.2,46,636.61,15108.2,JOHNNY NARVAEZ,JICAMARCA -> HUAROCHIRI,2672.13,1,23.11,88.0,128,0.32,68.83,1349.72,19.61,71.03,DIESEL,-2.2,-3.1,-1.06,Normal,Comportamiento Normal
VE-13,D8B795,MERCEDES BENZ,ACTROS 4144 K,38.75,15,2026-01-09 17:47:19,2026-01-12 15:50:11,2.92,1,34.17,1379.05,DESCONOCIDO,YERBABUENA -> OQUENDO,40.36,0,0.0,0.0,0,0.0,42.76,533.63,12.48,52.2,DIESEL,-9.44,-18.08,-1.42,Normal,Comportamiento Normal
VE-13,D8B795,MERCEDES BENZ,ACTROS 4144 K,38.75,15,2026-01-12 15:50:11,2026-01-14 17:43:22,2.08,5,179.11,5512.24,DESCONOCIDO,YERBABUENA -> MEIGGS,158.04,0,0.0,0.0,0,0.0,63.95,796.78,12.46,63.75,DIESEL,0.19,0.31,-0.94,Normal,Comportamiento Normal
VE-13,D8B795,MERCEDES BENZ,ACTROS 4144 K,38.75,15,2026-01-14 17:43:22,2026-01-21 19:27:15,7.07,5,171.36,7001.86,DESCONOCIDO,YERBABUENA -> MEIGGS,206.27,0,0.0,0.0,0,0.0,81.23,1024.26,12.61,67.99,DIESEL,13.24,19.48,-0.28,Advertencia,Desviacion Operativa Menor / Eficiencia Conductiva
VE-13,D8B795,MERCEDES BENZ,ACTROS 4144 K,38.75,15,2026-01-21 19:27:15,2026-01-26 10:46:45,4.64,7,216.65,2236.68,DESCONOCIDO,SAN LORENZO -> COLLIQUE,73.73,0,0.0,0.0,0,0.0,70.36,887.25,12.61,60.66,DIESEL,9.7,16.0,-0.46,Advertencia,Desviacion Operativa Menor / Eficiencia Conductiva
VE-13,D8B795,MERCEDES BENZ,ACTROS 4144 K,38.75,15,2026-01-26 10:46:45,2026-01-30 19:11:24,4.35,6,198.51,1388.29,DESCONOCIDO,SAN LORENZO -> MATERIALES,42.37,0,0.0,0.0,0,0.0,56.03,723.33,12.91,59.33,DIESEL,-3.3,-5.57,-1.11,Normal,Comportamiento Normal
VE-13,D8B795,MERCEDES BENZ,ACTROS 4144 K,38.75,15,2026-01-30 19:11:24,2026-02-05 16:26:27,5.89,14,431.94,4085.2,DANIEL VASQUEZ,SAN LORENZO  -> OQUENDO,123.0,0,0.0,0.0,0,0.0,65.3,827.38,12.67,72.2,DIESEL,-6.9,-9.55,-1.29,Normal,Comportamiento Normal
VE-13,D8B795,MERCEDES BENZ,ACTROS 4144 K,38.75,15,2026-02-05 16:26:27,2026-02-11 16:20:45,6.0,17,349.27,3317.4,DANIEL VASQUEZ,SAN LORENZO  -> OQUENDO,140.3,0,0.0,0.0,0,0.0,65.08,833.02,12.8,71.71,DIESEL,-6.63,-9.24,-1.28,Normal,Comportamiento Normal
VE-13,D8B795,MERCEDES BENZ,ACTROS 4144 K,38.75,15,2026-02-11 16:20:45,2026-02-17 13:59:18,5.9,12,137.15,2119.38,DANIEL VASQUEZ,COLLIQUE -> SAN LORENZO ,127.67,0,0.0,0.0,0,0.0,59.06,755.96,12.8,61.63,DIESEL,-2.57,-4.18,-1.08,Normal,Comportamiento Normal
VE-13,D8B795,MERCEDES BENZ,ACTROS 4144 K,38.75,15,2026-02-17 13:59:18,2026-02-21 13:25:06,3.98,11,239.24,3866.17,DANIEL VASQUEZ,COLLIQUE -> SAN LORENZO ,172.36,0,0.0,0.0,0,0.0,64.56,826.43,12.8,64.08,DIESEL,0.49,0.76,-0.92,Normal,Comportamiento Normal
VE-13,D8B795,MERCEDES BENZ,ACTROS 4144 K,38.75,15,2026-02-21 13:25:06,2026-02-27 16:13:57,6.12,17,334.01,3353.74,DANIEL VASQUEZ,SAN LORENZO  -> MEIGGS,143.18,0,0.0,0.0,0,0.0,77.0,996.38,12.94,72.69,DIESEL,4.31,5.93,-0.73,Normal,Comportamiento Normal
VE-13,D8B795,MERCEDES BENZ,ACTROS 4144 K,38.75,15,2026-02-27 16:13:57,2026-03-05 17:35:10,6.06,8,200.58,1326.23,DANIEL VASQUEZ,SAN LORENZO -> MEIGGS,175.89,1,20.16,82.0,14,0.45,48.43,742.48,15.33,53.04,DIESEL,-4.61,-8.69,-1.18,Normal,Comportamiento Normal
VE-13,D8B795,MERCEDES BENZ,ACTROS 4144 K,38.75,15,2026-03-05 17:35:10,2026-03-27 17:23:20,21.99,15,273.43,3871.06,SAMUEL CARBAJAL,JICAMARCA -> ANCIETA,592.2,1,24.49,78.0,26,0.32,49.76,1040.07,20.9,65.54,DIESEL,-15.78,-24.07,-1.74,Normal,Comportamiento Normal
VE-13,D8B795,MERCEDES BENZ,ACTROS 4144 K,38.75,15,2026-03-27 17:23:20,2026-04-01 18:17:34,5.04,10,312.08,11310.43,EDSON SANTOS,YERBABUENA -> MEIGGS,678.81,1,22.46,78.0,10,0.36,63.15,1348.32,21.35,70.93,DIESEL,-7.77,-10.96,-1.34,Normal,Comportamiento Normal
VE-13,D8B795,MERCEDES BENZ,ACTROS 4144 K,38.75,15,2026-04-01 18:17:34,2026-04-06 16:51:43,4.94,4,138.61,6537.18,DESCONOCIDO,YERBABUENA -> MEIGGS,386.15,1,25.04,91.0,5,0.28,69.71,1422.86,20.41,67.64,DIESEL,2.07,3.06,-0.84,Normal,Comportamiento Normal
VE-13,D8B795,MERCEDES BENZ,ACTROS 4144 K,38.75,15,2026-04-06 16:51:43,2026-04-21 20:36:47,15.16,17,503.24,13737.34,EDSON SANTOS,YERBABUENA -> MEIGGS,253.6,1,19.1,77.0,5,0.51,55.3,1118.06,20.22,66.45,DIESEL,-11.15,-16.79,-1.51,Normal,Comportamiento Normal
VE-13,D8B795,MERCEDES BENZ,ACTROS 4144 K,38.75,15,2026-04-21 20:36:47,2026-04-24 17:35:11,2.87,13,414.88,4085.12,JOSE PULGAR,SAN LORENZO  -> MEIGGS,284.04,1,17.66,78.0,4,0.45,68.06,1376.17,20.22,65.9,DIESEL,2.16,3.27,-0.84,Normal,Comportamiento Normal
VE-13,D8B795,MERCEDES BENZ,ACTROS 4144 K,38.75,15,2026-04-24 17:35:11,2026-04-28 17:16:44,3.99,12,336.81,2914.67,JOSE PULGAR,SAN LORENZO  -> MEIGGS,286.23,1,17.47,76.0,1,0.5,69.31,1364.73,19.69,69.31,DIESEL,0.0,0.0,-0.95,Normal,Comportamiento Normal
VE-13,D8B795,MERCEDES BENZ,ACTROS 4144 K,38.75,15,2026-04-28 17:16:44,2026-05-04 16:26:21,5.97,14,345.92,4885.07,JOSE PULGAR,SAN LORENZO  -> MEIGGS,368.7,1,19.25,83.0,9,0.45,79.5,1708.5,21.49,75.94,DIESEL,3.56,4.69,-0.77,Normal,Comportamiento Normal
VE-13,D8B795,MERCEDES BENZ,ACTROS 4144 K,38.75,15,2026-05-04 16:26:21,2026-05-07 17:19:23,3.04,10,270.58,5011.2,JOSE PULGAR,SAN LORENZO  -> MEIGGS,234.68,1,19.23,74.0,2,0.44,53.27,1245.94,23.39,58.37,DIESEL,-5.11,-8.75,-1.2,Normal,Comportamiento Normal
VE-13,D8B795,MERCEDES BENZ,ACTROS 4144 K,38.75,15,2026-05-07 17:19:23,2026-05-11 17:22:41,4.0,11,275.68,4016.21,JOSE PULGAR,SAN LORENZO  -> MEIGGS,302.54,1,17.78,77.0,3,0.45,67.94,1516.49,22.32,64.33,DIESEL,3.61,5.61,-0.77,Normal,Comportamiento Normal
VE-13,D8B795,MERCEDES BENZ,ACTROS 4144 K,38.75,15,2026-05-11 17:22:41,2026-05-13 15:13:10,1.91,6,100.88,1014.71,JOSE PULGAR,SAN LORENZO  -> MEIGGS,265.99,1,21.86,82.0,6,0.4,52.47,1144.94,21.82,53.46,DIESEL,-0.99,-1.84,-1.0,Normal,Comportamiento Normal
VE-13,D8B795,MERCEDES BENZ,ACTROS 4144 K,38.75,15,2026-05-13 15:13:10,2026-05-16 13:44:16,2.94,11,251.23,2605.68,JOSE PULGAR,SAN LORENZO  -> MATERIALES,256.59,1,17.6,77.0,5,0.49,60.19,1285.06,21.35,54.55,DIESEL,5.64,10.34,-0.66,Normal,Comportamiento Normal
VE-13,D8B795,MERCEDES BENZ,ACTROS 4144 K,38.75,15,2026-05-16 13:44:16,2026-05-20 15:57:14,4.09,10,213.36,2918.11,JOSE PULGAR,SAN LORENZO  -> MATERIALES,307.68,1,18.82,74.0,1,0.44,65.99,1348.2,20.43,60.28,DIESEL,5.71,9.47,-0.66,Normal,Comportamiento Normal
VE-13,D8B795,MERCEDES BENZ,ACTROS 4144 K,38.75,15,2026-05-20 15:57:14,2026-05-23 12:50:33,2.87,12,266.38,2763.96,JOSE PULGAR,SAN LORENZO  -> MEIGGS,231.0,1,15.84,69.0,0,0.5,55.91,1095.86,19.6,56.07,DIESEL,-0.16,-0.29,-0.96,Normal,Comportamiento Normal
VE-13,D8B795,MERCEDES BENZ,ACTROS 4144 K,38.75,15,2026-05-23 12:50:33,2026-05-27 16:59:12,4.17,11,386.78,4185.83,JOSE PULGAR,SAN LORENZO  -> COLLIQUE,308.13,1,18.14,77.0,7,0.49,73.25,1373.48,18.75,69.79,DIESEL,3.46,4.95,-0.77,Normal,Comportamiento Normal
VE-13,D8B795,MERCEDES BENZ,ACTROS 4144 K,38.75,15,2026-05-27 16:59:12,2026-06-01 16:16:29,4.97,14,363.93,3831.38,JOSE PULGAR,SAN LORENZO  -> MEIGGS,270.68,1,16.85,82.0,8,0.54,65.0,1218.84,18.75,69.08,DIESEL,-4.07,-5.89,-1.15,Normal,Comportamiento Normal
VE-13,D8B795,MERCEDES BENZ,ACTROS 4144 K,38.75,15,2026-06-01 16:16:29,2026-06-04 15:14:37,2.96,13,356.45,2953.81,JOSE PULGAR,SAN LORENZO  -> MEIGGS,298.48,1,18.29,80.0,6,0.51,73.91,1396.08,18.89,64.04,DIESEL,9.86,15.4,-0.45,Advertencia,Exceso de Ralenti (Motor encendido sin movimiento)
VE-13,D8B795,MERCEDES BENZ,ACTROS 4144 K,38.75,15,2026-06-04 15:14:37,2026-06-10 17:15:36,6.08,11,66.88,421.75,JOSE PULGAR,SAN LORENZO  -> MATERIALES,384.26,1,18.97,94.0,17,0.5,81.82,1556.31,19.02,67.8,DIESEL,14.03,20.69,-0.24,Advertencia,Exceso de Ralenti (Motor encendido sin movimiento)
VE-13,D8B795,MERCEDES BENZ,ACTROS 4144 K,38.75,15,2026-06-10 17:15:36,2026-06-15 15:52:15,4.94,12,0.0,0.0,Jose Antonio Pulgar Noguera,SAN LORENZO  -> COLLIQUE,244.22,1,18.25,72.0,2,0.5,58.21,1141.5,19.61,51.46,DIESEL,6.75,13.12,-0.61,Normal,Comportamiento Normal
VE-13,D8B795,MERCEDES BENZ,ACTROS 4144 K,38.75,15,2026-06-15 15:52:15,2026-06-18 15:45:51,3.0,11,0.0,0.0,Jose Antonio Pulgar Noguera,MATERIALES -> SAN LORENZO ,249.73,1,17.43,100.0,3,0.47,63.53,1245.86,19.61,52.04,DIESEL,11.49,22.08,-0.37,Advertencia,Falla Mecanica / Requiere Mantenimiento Preventivo
VE-13,D8B795,MERCEDES BENZ,ACTROS 4144 K,38.75,15,2026-06-18 15:45:51,2026-06-23 16:11:37,5.02,9,0.0,0.0,Jose Antonio Pulgar Noguera,SAN LORENZO  -> MEIGGS,249.61,1,19.84,91.0,10,0.47,55.88,1040.47,18.62,54.41,DIESEL,1.46,2.69,-0.87,Normal,Comportamiento Normal
VE-13,D8B795,MERCEDES BENZ,ACTROS 4144 K,38.75,15,2026-06-23 16:11:37,2026-06-26 17:02:38,3.04,10,0.0,0.0,Jose Antonio Pulgar Noguera,SAN LORENZO  -> COLLIQUE,341.0,1,19.45,97.0,17,0.46,80.99,1508.07,18.62,61.9,DIESEL,19.1,30.85,0.01,Critico,Exceso de Ralenti (Motor encendido sin movimiento)
VE-14,D8D861,MERCEDES BENZ,ACTROS 4144 K,38.75,15,2026-01-10 15:07:42,2026-01-14 16:37:31,4.06,7,255.66,4689.55,DESCONOCIDO,SAN LORENZO -> MEIGGS,130.68,0,0.0,0.0,0,0.0,69.78,869.4,12.46,65.53,DIESEL,4.24,6.47,-0.73,Normal,Comportamiento Normal
VE-14,D8D861,MERCEDES BENZ,ACTROS 4144 K,38.75,15,2026-01-14 16:37:31,2026-01-17 15:00:01,2.93,7,244.4,7216.85,DESCONOCIDO,YERBABUENA -> MEIGGS,201.12,0,0.0,0.0,0,0.0,73.74,918.74,12.46,67.07,DIESEL,6.66,9.93,-0.61,Normal,Comportamiento Normal
VE-14,D8D861,MERCEDES BENZ,ACTROS 4144 K,38.75,15,2026-01-17 15:00:01,2026-01-20 16:27:22,3.06,6,209.31,6102.35,DESCONOCIDO,YERBABUENA -> MEIGGS,172.01,0,0.0,0.0,0,0.0,63.41,799.55,12.61,64.02,DIESEL,-0.62,-0.96,-0.98,Normal,Comportamiento Normal
VE-14,D8D861,MERCEDES BENZ,ACTROS 4144 K,38.75,15,2026-01-20 16:27:22,2026-01-23 17:29:22,3.04,10,343.24,3864.93,DESCONOCIDO,SAN LORENZO -> COLLIQUE,112.62,0,0.0,0.0,0,0.0,70.63,890.68,12.61,65.77,DIESEL,4.86,7.39,-0.7,Normal,Comportamiento Normal
VE-14,D8D861,MERCEDES BENZ,ACTROS 4144 K,38.75,15,2026-01-23 17:29:22,2026-01-27 15:32:35,3.92,6,205.43,2526.14,DESCONOCIDO,SAN LORENZO -> COLLIQUE,74.67,0,0.0,0.0,0,0.0,59.83,772.42,12.91,60.49,DIESEL,-0.66,-1.09,-0.98,Normal,Comportamiento Normal
VE-14,D8D861,MERCEDES BENZ,ACTROS 4144 K,38.75,15,2026-01-27 15:32:35,2026-01-31 13:14:56,3.9,7,254.54,4869.52,DESCONOCIDO,SAN LORENZO -> MEIGGS,135.61,0,0.0,0.0,0,0.0,60.83,785.29,12.91,65.53,DIESEL,-4.71,-7.18,-1.18,Normal,Comportamiento Normal
VE-14,D8D861,MERCEDES BENZ,ACTROS 4144 K,38.75,15,2026-01-31 13:14:56,2026-02-04 13:12:22,4.0,10,250.79,3165.46,CELSO NOA,COLLIQUE -> SAN LORENZO ,148.94,0,0.0,0.0,0,0.0,59.9,773.3,12.91,65.53,DIESEL,-5.64,-8.6,-1.23,Normal,Comportamiento Normal
VE-14,D8D861,MERCEDES BENZ,ACTROS 4144 K,38.75,15,2026-02-04 13:12:22,2026-02-10 16:49:17,6.15,15,283.84,2218.95,CELSO NOA,SAN LORENZO  -> MEIGGS,116.02,0,0.0,0.0,0,0.0,63.23,809.34,12.8,64.16,DIESEL,-0.93,-1.45,-0.99,Normal,Comportamiento Normal
VE-14,D8D861,MERCEDES BENZ,ACTROS 4144 K,38.75,15,2026-02-10 16:49:17,2026-02-18 17:25:17,8.02,14,314.31,3244.84,CELSO NOA,SAN LORENZO  -> MEIGGS,120.23,0,0.0,0.0,0,0.0,80.4,1029.08,12.8,71.94,DIESEL,8.46,11.76,-0.52,Normal,Comportamiento Normal
VE-14,D8D861,MERCEDES BENZ,ACTROS 4144 K,38.75,15,2026-02-18 17:25:17,2026-02-21 12:08:18,2.78,4,151.41,7140.86,CELSO NOA,YERBABUENA -> MEIGGS,188.65,0,0.0,0.0,0,0.0,51.55,659.87,12.8,66.48,DIESEL,-14.93,-22.45,-1.7,Normal,Comportamiento Normal
VE-14,D8D861,MERCEDES BENZ,ACTROS 4144 K,38.75,15,2026-02-21 12:08:18,2026-02-27 12:07:08,6.0,5,145.82,5547.79,CELSO NOA,YERBABUENA -> MEIGGS,154.39,0,0.0,0.0,0,0.0,57.9,749.19,12.94,64.3,DIESEL,-6.4,-9.96,-1.27,Normal,Comportamiento Normal
VE-14,D8D861,MERCEDES BENZ,ACTROS 4144 K,38.75,15,2026-02-27 12:07:08,2026-03-03 16:06:40,4.17,5,175.78,3829.19,DESCONOCIDO,YERBABUENA -> MEIGGS,238.55,1,24.22,76.0,5,0.38,56.87,769.49,13.53,56.37,DIESEL,0.5,0.89,-0.92,Normal,Comportamiento Normal
VE-14,D8D861,MERCEDES BENZ,ACTROS 4144 K,38.75,15,2026-03-03 16:06:40,2026-03-05 16:24:11,2.01,7,209.45,4731.05,CELSO NOA,SAN LORENZO  -> MEIGGS,291.97,1,23.64,78.0,3,0.41,54.39,833.8,15.33,56.79,DIESEL,-2.4,-4.23,-1.07,Normal,Comportamiento Normal
VE-14,D8D861,MERCEDES BENZ,ACTROS 4144 K,38.75,15,2026-03-05 16:24:11,2026-03-07 14:52:46,1.94,4,149.55,6638.11,CELSO NOA,YERBABUENA -> MATERIALES,356.39,1,27.0,76.0,11,0.32,61.63,1017.58,16.51,68.28,DIESEL,-6.65,-9.74,-1.28,Normal,Comportamiento Normal
VE-14,D8D861,MERCEDES BENZ,ACTROS 4144 K,38.75,15,2026-03-07 14:52:46,2026-03-09 17:54:27,2.13,3,111.35,5251.54,CELSO NOA,YERBABUENA -> MEIGGS,280.6,1,28.13,76.0,2,0.29,48.04,793.21,16.51,55.12,DIESEL,-7.08,-12.84,-1.3,Normal,Comportamiento Normal
VE-14,D8D861,MERCEDES BENZ,ACTROS 4144 K,38.75,15,2026-03-09 17:54:27,2026-03-12 11:08:26,2.72,8,244.85,6201.31,CELSO NOA,YERBABUENA -> MEIGGS,371.58,1,24.89,77.0,15,0.41,69.41,1184.78,17.07,71.8,DIESEL,-2.39,-3.33,-1.07,Normal,Comportamiento Normal
VE-14,D8D861,MERCEDES BENZ,ACTROS 4144 K,38.75,15,2026-03-12 11:08:26,2026-03-17 18:03:03,5.29,14,353.96,6202.5,CELSO NOA,SAN LORENZO  -> MEIGGS,422.94,1,21.7,86.0,11,0.45,82.58,1684.61,20.4,77.58,DIESEL,5.0,6.44,-0.7,Normal,Comportamiento Normal
VE-14,D8D861,MERCEDES BENZ,ACTROS 4144 K,38.75,15,2026-03-17 18:03:03,2026-03-19 17:31:58,1.98,4,137.87,4144.88,CELSO NOA,YERBABUENA -> MEIGGS,271.55,1,23.98,69.0,0,0.38,48.78,995.21,20.4,55.57,DIESEL,-6.79,-12.21,-1.29,Normal,Comportamiento Normal
VE-14,D8D861,MERCEDES BENZ,ACTROS 4144 K,38.75,15,2026-03-19 17:31:58,2026-03-23 17:02:43,3.98,9,292.63,5967.37,CELSO NOA,YERBABUENA -> MEIGGS,359.19,1,22.06,77.0,8,0.41,71.22,1452.89,20.4,73.63,DIESEL,-2.41,-3.27,-1.07,Normal,Comportamiento Normal
VE-14,D8D861,MERCEDES BENZ,ACTROS 4144 K,38.75,15,2026-03-23 17:02:43,2026-03-27 16:49:16,3.99,11,280.03,5433.52,CELSO NOA,MATERIALES -> SAN LORENZO ,353.16,1,21.82,76.0,5,0.44,71.99,1504.61,20.9,70.93,DIESEL,1.06,1.5,-0.89,Normal,Comportamiento Normal
VE-14,D8D861,MERCEDES BENZ,ACTROS 4144 K,38.75,15,2026-03-27 16:49:16,2026-03-30 17:25:50,3.03,4,142.21,6706.97,CELSO NOA,YERBABUENA -> MEIGGS,369.52,1,25.48,100.0,11,0.34,68.0,1421.18,20.9,71.86,DIESEL,-3.86,-5.37,-1.14,Normal,Comportamiento Normal
VE-14,D8D861,MERCEDES BENZ,ACTROS 4144 K,38.75,15,2026-03-30 17:25:50,2026-04-01 19:17:40,2.08,10,314.37,4880.18,CELSO NOA,SAN LORENZO  -> MEIGGS,308.27,1,21.66,94.0,3,0.46,64.54,1377.99,21.35,65.37,DIESEL,-0.83,-1.27,-0.99,Normal,Comportamiento Normal
VE-14,D8D861,MERCEDES BENZ,ACTROS 4144 K,38.75,15,2026-04-01 19:17:40,2026-04-06 15:52:17,4.86,5,176.04,5721.57,CELSO NOA,YERBABUENA -> MEIGGS,314.61,1,25.45,80.0,13,0.39,61.52,1255.66,20.41,61.33,DIESEL,0.2,0.32,-0.94,Normal,Comportamiento Normal
VE-14,D8D861,MERCEDES BENZ,ACTROS 4144 K,38.75,15,2026-04-06 15:52:17,2026-04-09 17:31:19,3.07,12,412.33,4513.1,CELSO NOA,SAN LORENZO  -> MATERIALES,297.32,1,19.65,88.0,6,0.49,64.14,1382.79,21.56,66.43,DIESEL,-2.29,-3.45,-1.06,Normal,Comportamiento Normal
VE-14,D8D861,MERCEDES BENZ,ACTROS 4144 K,38.75,15,2026-04-09 17:31:19,2026-04-14 18:20:27,5.03,6,185.74,5835.81,CELSO NOA,YERBABUENA -> MEIGGS,332.07,1,24.38,84.0,3,0.4,60.82,1286.34,21.15,61.29,DIESEL,-0.47,-0.76,-0.97,Normal,Comportamiento Normal
VE-14,D8D861,MERCEDES BENZ,ACTROS 4144 K,38.75,15,2026-04-14 18:20:27,2026-04-18 14:30:33,3.84,7,212.96,4078.29,CELSO NOA,SAN LORENZO  -> MEIGGS,327.41,1,23.73,91.0,11,0.42,60.02,1287.34,21.45,61.21,DIESEL,-1.2,-1.95,-1.01,Normal,Comportamiento Normal
VE-14,D8D861,MERCEDES BENZ,ACTROS 4144 K,38.75,15,2026-04-18 14:30:33,2026-04-23 15:15:53,5.03,8,252.44,5467.77,CELSO NOA,SAN LORENZO  -> MEIGGS,342.34,1,22.25,72.0,1,0.48,67.01,1354.86,20.22,68.83,DIESEL,-1.82,-2.65,-1.04,Normal,Comportamiento Normal
VE-14,D8D861,MERCEDES BENZ,ACTROS 4144 K,38.75,15,2026-04-23 15:15:53,2026-04-27 17:32:42,4.1,13,353.44,4608.34,CELSO NOA,SAN LORENZO  -> MATERIALES,312.91,1,20.5,78.0,6,0.48,68.63,1406.17,20.49,69.67,DIESEL,-1.04,-1.5,-1.0,Normal,Comportamiento Normal
VE-14,D8D861,MERCEDES BENZ,ACTROS 4144 K,38.75,15,2026-04-27 17:32:42,2026-04-30 11:42:27,2.76,5,182.45,6424.62,CELSO NOA,YERBABUENA -> MEIGGS,339.82,1,24.38,83.0,8,0.42,63.2,1296.31,20.51,65.04,DIESEL,-1.83,-2.82,-1.04,Normal,Comportamiento Normal
VE-14,D8D861,MERCEDES BENZ,ACTROS 4144 K,38.75,15,2026-04-30 11:42:27,2026-05-05 14:58:48,5.14,10,285.98,3545.3,CELSO NOA,SAN LORENZO  -> MEIGGS,259.11,1,21.41,82.0,8,0.5,54.44,1241.32,22.8,57.48,DIESEL,-3.03,-5.28,-1.1,Normal,Comportamiento Normal
VE-14,D8D861,MERCEDES BENZ,ACTROS 4144 K,38.75,15,2026-05-05 14:58:48,2026-05-08 17:30:39,3.11,9,281.91,5966.69,CELSO NOA,SAN LORENZO  -> COLLIQUE,386.11,1,21.99,97.0,8,0.41,77.08,1720.49,22.32,72.97,DIESEL,4.11,5.64,-0.74,Normal,Comportamiento Normal
VE-14,D8D861,MERCEDES BENZ,ACTROS 4144 K,38.75,15,2026-05-08 17:30:39,2026-05-13 16:44:03,4.97,8,273.77,4662.3,CELSO NOA,SAN LORENZO  -> MATERIALES,311.7,1,22.83,79.0,4,0.44,59.2,1291.68,21.82,61.06,DIESEL,-1.86,-3.04,-1.04,Normal,Comportamiento Normal
VE-14,D8D861,MERCEDES BENZ,ACTROS 4144 K,38.75,15,2026-05-13 16:44:03,2026-05-16 13:18:26,2.86,6,174.16,5651.69,CELSO NOA,YERBABUENA -> MEIGGS,291.82,1,22.82,77.0,1,0.52,58.59,1250.9,21.35,57.67,DIESEL,0.92,1.6,-0.9,Normal,Comportamiento Normal
VE-14,D8D861,MERCEDES BENZ,ACTROS 4144 K,38.75,15,2026-05-16 13:18:26,2026-05-19 18:39:10,3.22,5,184.07,5823.79,CELSO NOA,YERBABUENA -> MEIGGS,314.46,1,24.9,90.0,13,0.41,60.83,1242.68,20.43,61.29,DIESEL,-0.47,-0.76,-0.97,Normal,Comportamiento Normal
VE-14,D8D861,MERCEDES BENZ,ACTROS 4144 K,38.75,15,2026-05-19 18:39:10,2026-05-22 17:56:24,2.97,9,279.65,5973.81,CELSO NOA,SAN LORENZO  -> MEIGGS,372.84,1,22.45,71.0,1,0.44,73.53,1441.13,19.6,73.7,DIESEL,-0.18,-0.24,-0.96,Normal,Comportamiento Normal
VE-14,D8D861,MERCEDES BENZ,ACTROS 4144 K,38.75,15,2026-05-22 17:56:24,2026-05-26 17:49:41,4.0,9,246.1,7565.9,CELSO NOA,YERBABUENA -> MEIGGS,404.4,1,24.47,77.0,8,0.39,77.73,1457.44,18.75,72.09,DIESEL,5.64,7.82,-0.66,Normal,Comportamiento Normal
VE-14,D8D861,MERCEDES BENZ,ACTROS 4144 K,38.75,15,2026-05-26 17:49:41,2026-05-28 16:41:51,1.95,4,145.42,6858.36,CELSO NOA,YERBABUENA -> MEIGGS,374.5,1,26.17,77.0,7,0.32,63.06,1182.43,18.75,70.36,DIESEL,-7.3,-10.37,-1.31,Normal,Comportamiento Normal
VE-14,D8D861,MERCEDES BENZ,ACTROS 4144 K,38.75,15,2026-05-28 16:41:51,2026-06-01 15:48:48,3.96,6,207.95,6121.64,CELSO NOA,YERBABUENA -> MEIGGS,369.4,1,24.24,86.0,7,0.45,69.24,1298.19,18.75,71.34,DIESEL,-2.1,-2.95,-1.05,Normal,Comportamiento Normal
VE-14,D8D861,MERCEDES BENZ,ACTROS 4144 K,38.75,15,2026-06-01 15:48:48,2026-06-04 13:55:17,2.92,9,279.15,4619.31,CELSO NOA,SAN LORENZO  -> MATERIALES,319.3,1,21.33,88.0,10,0.43,63.58,1201.1,18.89,62.76,DIESEL,0.83,1.32,-0.91,Normal,Comportamiento Normal
VE-14,D8D861,MERCEDES BENZ,ACTROS 4144 K,38.75,15,2026-06-04 13:55:17,2026-06-09 17:53:54,5.17,8,72.79,1979.95,CELSO NOA,YERBABUENA -> MEIGGS,356.18,1,21.55,76.0,2,0.46,71.99,1369.33,19.02,66.73,DIESEL,5.26,7.89,-0.68,Normal,Comportamiento Normal
VE-14,D8D861,MERCEDES BENZ,ACTROS 4144 K,38.75,15,2026-06-09 17:53:54,2026-06-12 17:52:38,3.0,10,0.0,0.0,Celso Noa Fernandez,SAN LORENZO  -> MEIGGS,349.34,1,21.61,74.0,3,0.47,68.56,1344.54,19.61,62.02,DIESEL,6.54,10.54,-0.62,Normal,Comportamiento Normal
VE-14,D8D861,MERCEDES BENZ,ACTROS 4144 K,38.75,15,2026-06-12 17:52:38,2026-06-17 17:29:31,4.98,12,0.0,0.0,Celso Noa Fernandez,SAN LORENZO  -> MATERIALES,307.02,1,19.96,84.0,7,0.51,66.6,1306.08,19.61,53.75,DIESEL,12.86,23.92,-0.3,Advertencia,Exceso de Ralenti (Motor encendido sin movimiento)
VE-14,D8D861,MERCEDES BENZ,ACTROS 4144 K,38.75,15,2026-06-17 17:29:31,2026-06-23 17:11:04,5.99,14,0.0,0.0,Celso Noa Fernandez,SAN LORENZO  -> MATERIALES,317.23,1,19.1,100.0,4,0.54,73.9,1375.98,18.62,55.67,DIESEL,18.23,32.74,-0.03,Critico,Falla Mecanica / Requiere Mantenimiento Preventivo
VE-14,D8D861,MERCEDES BENZ,ACTROS 4144 K,38.75,15,2026-06-23 17:11:04,2026-06-26 18:36:20,3.06,6,0.0,0.0,Celso Noa Fernandez,MATERIALES -> SAN LORENZO ,289.76,1,23.6,78.0,4,0.45,58.86,1096.07,18.62,54.35,DIESEL,4.52,8.31,-0.72,Normal,Comportamiento Normal
VE-15,D8E728,MERCEDES BENZ,ACTROS 4144 K,38.75,15,2026-01-10 11:17:02,2026-01-14 14:22:14,4.13,10,365.82,4449.86,DESCONOCIDO,SAN LORENZO -> COLLIQUE,122.19,0,0.0,0.0,0,0.0,78.85,982.46,12.46,72.24,DIESEL,6.6,9.14,-0.62,Normal,Comportamiento Normal
VE-15,D8E728,MERCEDES BENZ,ACTROS 4144 K,38.75,15,2026-01-14 14:22:14,2026-01-16 15:33:35,2.05,5,180.75,2324.28,DESCONOCIDO,SAN LORENZO -> COLLIQUE,63.62,0,0.0,0.0,0,0.0,47.66,593.82,12.46,55.31,DIESEL,-7.65,-13.83,-1.33,Normal,Comportamiento Normal
VE-15,D8E728,MERCEDES BENZ,ACTROS 4144 K,38.75,15,2026-01-16 15:33:35,2026-01-20 18:50:02,4.14,11,389.26,5619.38,DESCONOCIDO,SAN LORENZO -> COLLIQUE,158.69,0,0.0,0.0,0,0.0,87.75,1106.5,12.61,73.17,DIESEL,14.58,19.93,-0.22,Advertencia,Desviacion Operativa Menor / Eficiencia Conductiva
VE-15,D8E728,MERCEDES BENZ,ACTROS 4144 K,38.75,15,2026-01-20 18:50:02,2026-01-22 18:07:38,1.97,6,203.6,2559.55,DESCONOCIDO,SAN LORENZO -> COLLIQUE,74.67,0,0.0,0.0,0,0.0,54.9,692.25,12.61,55.78,DIESEL,-0.89,-1.59,-0.99,Normal,Comportamiento Normal
VE-15,D8E728,MERCEDES BENZ,ACTROS 4144 K,38.75,15,2026-01-22 18:07:38,2026-01-26 15:47:20,3.9,10,346.91,3638.71,DESCONOCIDO,SAN LORENZO -> COLLIQUE,107.65,0,0.0,0.0,0,0.0,74.15,934.99,12.61,70.39,DIESEL,3.76,5.34,-0.76,Normal,Comportamiento Normal
VE-15,D8E728,MERCEDES BENZ,ACTROS 4144 K,38.75,15,2026-01-26 15:47:20,2026-01-28 13:15:59,1.89,5,170.08,1524.25,DESCONOCIDO,SAN LORENZO -> OQUENDO,44.08,0,0.0,0.0,0,0.0,40.6,524.16,12.91,54.28,DIESEL,-13.68,-25.21,-1.64,Normal,Comportamiento Normal
VE-15,D8E728,MERCEDES BENZ,ACTROS 4144 K,38.75,15,2026-01-28 13:15:59,2026-02-02 15:13:57,5.08,11,324.16,2250.45,JUAN PABLITO MORALES,SAN LORENZO -> MEIGGS,80.74,0,0.0,0.0,0,0.0,61.65,795.91,12.91,65.81,DIESEL,-4.16,-6.32,-1.16,Normal,Comportamiento Normal
VE-15,D8E728,MERCEDES BENZ,ACTROS 4144 K,38.75,15,2026-02-02 15:13:57,2026-02-05 15:29:06,3.01,12,236.88,1376.68,JUAN PABLITO MORALES,SAN LORENZO  -> MEIGGS,68.87,0,0.0,0.0,0,0.0,44.09,558.57,12.67,53.97,DIESEL,-9.88,-18.31,-1.44,Normal,Comportamiento Normal
VE-15,D8E728,MERCEDES BENZ,ACTROS 4144 K,38.75,15,2026-02-05 15:29:06,2026-02-10 16:06:27,5.03,14,348.01,3356.12,JUAN PABLITO MORALES,SAN LORENZO  -> MEIGGS,116.19,0,0.0,0.0,0,0.0,65.18,834.25,12.8,70.02,DIESEL,-4.85,-6.92,-1.19,Normal,Comportamiento Normal
VE-15,D8E728,MERCEDES BENZ,ACTROS 4144 K,38.75,15,2026-02-10 16:06:27,2026-02-16 13:41:52,5.9,10,208.86,1277.41,JUAN PABLITO MORALES,SAN LORENZO  -> MEIGGS,61.11,0,0.0,0.0,0,0.0,44.38,568.03,12.8,58.14,DIESEL,-13.76,-23.67,-1.64,Normal,Comportamiento Normal
VE-15,D8E728,MERCEDES BENZ,ACTROS 4144 K,38.75,15,2026-02-16 13:41:52,2026-02-19 14:35:20,3.04,10,168.45,1501.94,JUAN PABLITO MORALES,MATERIALES -> SAN LORENZO ,74.38,0,0.0,0.0,0,0.0,49.25,630.41,12.8,54.13,DIESEL,-4.88,-9.01,-1.19,Normal,Comportamiento Normal
VE-15,D8E728,MERCEDES BENZ,ACTROS 4144 K,38.75,15,2026-02-19 14:35:20,2026-02-26 17:05:33,7.1,15,243.54,1810.05,JUAN PABLITO MORALES,SAN LORENZO  -> MEIGGS,99.24,0,0.0,0.0,0,0.0,67.44,872.73,12.94,62.07,DIESEL,5.38,8.66,-0.68,Normal,Comportamiento Normal
VE-15,D8E728,MERCEDES BENZ,ACTROS 4144 K,38.75,15,2026-02-26 17:05:33,2026-03-02 16:00:09,3.95,16,267.91,1898.56,JUAN PABLITO MORALES,SAN LORENZO  -> MEIGGS,103.89,0,0.0,0.0,0,0.0,61.21,792.02,12.94,61.55,DIESEL,-0.34,-0.56,-0.97,Normal,Comportamiento Normal
VE-15,D8E728,MERCEDES BENZ,ACTROS 4144 K,38.75,15,2026-03-02 16:00:09,2026-03-05 13:07:15,2.88,12,279.27,1787.82,JUAN PABLITO MORALES,SAN LORENZO  -> MEIGGS,67.57,0,0.0,0.0,0,0.0,51.97,796.65,15.33,56.97,DIESEL,-5.0,-8.78,-1.2,Normal,Comportamiento Normal
VE-15,D8E728,MERCEDES BENZ,ACTROS 4144 K,38.75,15,2026-03-05 13:07:15,2026-03-09 16:10:20,4.13,10,167.38,827.65,JUAN PABLITO MORALES,SAN LORENZO  -> MEIGGS,49.73,0,0.0,0.0,0,0.0,46.01,759.67,16.51,57.56,DIESEL,-11.55,-20.07,-1.53,Normal,Comportamiento Normal
VE-15,D8E728,MERCEDES BENZ,ACTROS 4144 K,38.75,15,2026-03-09 16:10:20,2026-03-12 14:27:54,2.93,12,226.18,1857.38,JUAN PABLITO MORALES,MATERIALES -> SAN LORENZO ,87.28,0,0.0,0.0,0,0.0,61.66,1052.59,17.07,54.36,DIESEL,7.3,13.43,-0.58,Normal,Comportamiento Normal
VE-15,D8E728,MERCEDES BENZ,ACTROS 4144 K,38.75,15,2026-03-12 14:27:54,2026-03-16 16:19:35,4.08,11,270.99,2057.75,JUAN PABLITO MORALES,SAN LORENZO  -> MEIGGS,72.28,0,0.0,0.0,0,0.0,47.34,808.04,17.07,61.04,DIESEL,-13.71,-22.45,-1.64,Normal,Comportamiento Normal
VE-15,D8E728,MERCEDES BENZ,ACTROS 4144 K,38.75,15,2026-03-16 16:19:35,2026-03-19 16:59:19,3.03,12,243.83,2485.78,JUAN PABLITO MORALES,MATERIALES -> SAN LORENZO ,119.47,0,0.0,0.0,0,0.0,67.0,1366.74,20.4,60.31,DIESEL,6.68,11.08,-0.61,Normal,Comportamiento Normal
VE-15,D8E728,MERCEDES BENZ,ACTROS 4144 K,38.75,15,2026-03-19 16:59:19,2026-03-24 14:58:54,4.92,12,308.24,2734.27,JUAN PABLITO MORALES,SAN LORENZO  -> MATERIALES,121.76,0,0.0,0.0,0,0.0,62.44,1378.7,22.08,66.14,DIESEL,-3.7,-5.59,-1.13,Normal,Comportamiento Normal
VE-15,D8E728,MERCEDES BENZ,ACTROS 4144 K,38.75,15,2026-03-24 14:58:54,2026-03-27 16:25:40,3.06,7,140.22,1352.96,JUAN PABLITO MORALES,SAN LORENZO  -> COLLIQUE,78.66,0,0.0,0.0,0,0.0,44.08,921.38,20.9,53.87,DIESEL,-9.78,-18.16,-1.44,Normal,Comportamiento Normal
VE-15,D8E728,MERCEDES BENZ,ACTROS 4144 K,38.75,15,2026-03-27 16:25:40,2026-03-30 16:42:27,3.01,8,209.29,2620.35,JUAN PABLITO MORALES,SAN LORENZO  -> COLLIQUE,96.28,0,0.0,0.0,0,0.0,53.4,1116.0,20.9,55.65,DIESEL,-2.25,-4.05,-1.06,Normal,Comportamiento Normal
VE-15,D8E728,MERCEDES BENZ,ACTROS 4144 K,38.75,15,2026-03-30 16:42:27,2026-04-07 18:14:24,8.06,14,279.55,2411.87,JUAN PABLITO MORALES,SAN LORENZO  -> MEIGGS,120.2,0,0.0,0.0,0,0.0,53.8,1159.88,21.56,65.78,DIESEL,-11.98,-18.22,-1.55,Normal,Comportamiento Normal
VE-15,D8E728,MERCEDES BENZ,ACTROS 4144 K,38.75,15,2026-04-07 18:14:24,2026-04-10 11:41:20,2.73,12,291.85,2922.99,JUAN PABLITO MORALES,SAN LORENZO  -> MATERIALES,119.47,0,0.0,0.0,0,0.0,65.08,1287.87,19.79,63.53,DIESEL,1.55,2.44,-0.87,Normal,Comportamiento Normal
VE-15,D8E728,MERCEDES BENZ,ACTROS 4144 K,38.75,15,2026-04-10 11:41:20,2026-04-15 16:21:03,5.19,13,273.69,1929.3,JUAN PABLITO MORALES,MATERIALES -> SAN LORENZO ,127.23,0,0.0,0.0,0,0.0,73.69,1558.63,21.15,63.98,DIESEL,9.71,15.18,-0.46,Advertencia,Desviacion Operativa Menor / Eficiencia Conductiva
VE-15,D8E728,MERCEDES BENZ,ACTROS 4144 K,38.75,15,2026-04-15 16:21:03,2026-04-20 17:37:17,5.05,15,305.1,2718.87,JUAN PABLITO MORALES,MATERIALES -> SAN LORENZO ,118.46,0,0.0,0.0,0,0.0,70.97,1522.31,21.45,66.26,DIESEL,4.71,7.11,-0.71,Normal,Comportamiento Normal
VE-15,D8E728,MERCEDES BENZ,ACTROS 4144 K,38.75,15,2026-04-20 17:37:17,2026-04-23 16:47:28,2.97,15,351.91,2622.48,JUAN PABLITO MORALES,SAN LORENZO  -> MEIGGS,102.04,0,0.0,0.0,0,0.0,60.8,1229.36,20.22,62.26,DIESEL,-1.46,-2.35,-1.02,Normal,Comportamiento Normal
VE-15,D8E728,MERCEDES BENZ,ACTROS 4144 K,38.75,15,2026-04-23 16:47:28,2026-04-27 15:25:56,3.94,13,304.7,2559.3,JUAN PABLITO MORALES,SAN LORENZO  -> MATERIALES,118.53,0,0.0,0.0,0,0.0,65.42,1340.44,20.49,65.48,DIESEL,-0.06,-0.1,-0.95,Normal,Comportamiento Normal
VE-15,D8E728,MERCEDES BENZ,ACTROS 4144 K,38.75,15,2026-04-27 15:25:56,2026-04-29 12:31:12,1.88,6,172.62,1372.83,JUAN PABLITO MORALES,SAN LORENZO  -> MATERIALES,43.64,0,0.0,0.0,0,0.0,43.48,856.22,19.69,54.28,DIESEL,-10.8,-19.89,-1.49,Normal,Comportamiento Normal
VE-15,D8E728,MERCEDES BENZ,ACTROS 4144 K,38.75,15,2026-04-29 12:31:12,2026-05-05 14:34:52,6.09,17,390.22,3916.94,JUAN PABLITO MORALES,MATERIALES -> SAN LORENZO ,164.53,0,0.0,0.0,0,0.0,86.97,1982.89,22.8,73.18,DIESEL,13.79,18.85,-0.25,Advertencia,Desviacion Operativa Menor / Eficiencia Conductiva
VE-15,D8E728,MERCEDES BENZ,ACTROS 4144 K,38.75,15,2026-05-05 14:34:52,2026-05-08 17:01:11,3.1,13,305.18,3116.89,JUAN PABLITO MORALES,SAN LORENZO  -> COLLIQUE,139.7,0,0.0,0.0,0,0.0,74.57,1664.34,22.32,67.49,DIESEL,7.08,10.49,-0.59,Normal,Comportamiento Normal
VE-15,D8E728,MERCEDES BENZ,ACTROS 4144 K,38.75,15,2026-05-08 17:01:11,2026-05-12 16:34:28,3.98,13,268.1,2351.94,JUAN PABLITO MORALES,MATERIALES -> SAN LORENZO ,127.23,0,0.0,0.0,0,0.0,67.01,1493.63,22.29,64.41,DIESEL,2.59,4.03,-0.82,Normal,Comportamiento Normal
VE-15,D8E728,MERCEDES BENZ,ACTROS 4144 K,38.75,15,2026-05-12 16:34:28,2026-05-14 17:32:45,2.04,9,236.49,2070.02,JUAN PABLITO MORALES,SAN LORENZO  -> MEIGGS,69.23,0,0.0,0.0,0,0.0,45.84,1000.29,21.82,54.53,DIESEL,-8.69,-15.94,-1.38,Normal,Comportamiento Normal
VE-15,D8E728,MERCEDES BENZ,ACTROS 4144 K,38.75,15,2026-05-14 17:32:45,2026-05-18 17:28:13,4.0,12,287.52,2075.57,JUAN PABLITO MORALES,SAN LORENZO  -> MATERIALES,100.91,0,0.0,0.0,0,0.0,63.91,1364.39,21.35,61.66,DIESEL,2.25,3.65,-0.83,Normal,Comportamiento Normal
VE-15,D8E728,MERCEDES BENZ,ACTROS 4144 K,38.75,15,2026-05-18 17:28:13,2026-05-21 15:51:50,2.93,12,301.88,3371.2,JUAN PABLITO MORALES,SAN LORENZO  -> MEIGGS,118.31,0,0.0,0.0,0,0.0,72.58,1482.75,20.43,61.98,DIESEL,10.6,17.1,-0.42,Advertencia,Desviacion Operativa Menor / Eficiencia Conductiva
VE-15,D8E728,MERCEDES BENZ,ACTROS 4144 K,38.75,15,2026-05-21 15:51:50,2026-05-23 12:09:00,1.85,7,172.87,1986.89,JUAN PABLITO MORALES,SAN LORENZO  -> MEIGGS,69.96,0,0.0,0.0,0,0.0,43.12,845.19,19.6,54.6,DIESEL,-11.47,-21.02,-1.52,Normal,Comportamiento Normal
VE-15,D8E728,MERCEDES BENZ,ACTROS 4144 K,38.75,15,2026-05-23 12:09:00,2026-05-27 16:43:27,4.19,13,239.86,2257.89,JUAN PABLITO MORALES,MATERIALES -> SAN LORENZO ,127.23,0,0.0,0.0,0,0.0,69.63,1305.62,18.75,63.54,DIESEL,6.09,9.58,-0.64,Normal,Comportamiento Normal
VE-15,D8E728,MERCEDES BENZ,ACTROS 4144 K,38.75,15,2026-05-27 16:43:27,2026-05-29 17:33:38,2.03,8,248.08,2962.51,JUAN PABLITO MORALES,SAN LORENZO  -> MEIGGS,85.44,0,0.0,0.0,0,0.0,52.51,984.62,18.75,59.45,DIESEL,-6.94,-11.67,-1.3,Normal,Comportamiento Normal
VE-15,D8E728,MERCEDES BENZ,ACTROS 4144 K,38.75,15,2026-05-29 17:33:38,2026-06-03 16:27:21,4.95,16,326.2,2323.37,JUAN PABLITO MORALES,SAN LORENZO  -> MATERIALES,132.95,0,0.0,0.0,0,0.0,78.34,1479.88,18.89,69.42,DIESEL,8.92,12.85,-0.5,Normal,Comportamiento Normal
VE-15,D8E728,MERCEDES BENZ,ACTROS 4144 K,38.75,15,2026-06-03 16:27:21,2026-06-08 14:38:42,4.92,14,197.41,1442.31,JUAN PABLITO MORALES,SAN LORENZO  -> MEIGGS,108.89,0,0.0,0.0,0,0.0,60.68,1175.29,19.37,59.08,DIESEL,1.59,2.69,-0.87,Normal,Comportamiento Normal
VE-15,D8E728,MERCEDES BENZ,ACTROS 4144 K,38.75,15,2026-06-08 14:38:42,2026-06-13 11:15:19,4.86,4,0.0,0.0,Juan Pablito Morales Gutierrez,SAN LORENZO  -> COLLIQUE,61.77,0,0.0,0.0,0,0.0,43.58,854.53,19.61,58.61,DIESEL,-15.03,-25.65,-1.7,Normal,Comportamiento Normal
VE-15,D8E728,MERCEDES BENZ,ACTROS 4144 K,38.75,15,2026-06-13 11:15:19,2026-06-17 17:03:44,4.24,10,0.0,0.0,Juan Pablito Morales Gutierrez,MATERIALES -> SAN LORENZO ,90.8,0,0.0,0.0,0,0.0,75.61,1482.73,19.61,58.3,DIESEL,17.31,29.7,-0.08,Advertencia,Sospecha de Fuga o Extraccion Injustificada de Combustible
VE-16,AFX735,MERCEDES BENZ,ACTROS 4144 K,38.75,13,2026-01-10 13:18:28,2026-01-13 16:22:09,3.13,3,107.96,5091.65,DESCONOCIDO,YERBABUENA -> MEIGGS,141.49,0,0.0,0.0,0,0.0,50.57,630.09,12.46,61.66,DIESEL,-11.09,-17.98,-1.51,Normal,Comportamiento Normal
VE-16,AFX735,MERCEDES BENZ,ACTROS 4144 K,38.75,13,2026-01-13 16:22:09,2026-01-15 17:45:45,2.06,4,138.98,6554.63,DESCONOCIDO,YERBABUENA -> MEIGGS,188.65,0,0.0,0.0,0,0.0,66.44,827.9,12.46,64.08,DIESEL,2.36,3.68,-0.83,Normal,Comportamiento Normal
VE-16,AFX735,MERCEDES BENZ,ACTROS 4144 K,38.75,13,2026-01-15 17:45:45,2026-01-17 16:47:53,1.96,4,140.36,6619.72,DESCONOCIDO,YERBABUENA -> MEIGGS,188.65,0,0.0,0.0,0,0.0,62.78,782.28,12.46,62.51,DIESEL,0.27,0.44,-0.93,Normal,Comportamiento Normal
VE-16,AFX735,MERCEDES BENZ,ACTROS 4144 K,38.75,13,2026-01-17 16:47:53,2026-01-21 17:36:29,4.03,4,137.6,6489.55,DESCONOCIDO,YERBABUENA -> MEIGGS,188.65,0,0.0,0.0,0,0.0,65.09,820.77,12.61,66.16,DIESEL,-1.07,-1.62,-1.0,Normal,Comportamiento Normal
VE-16,AFX735,MERCEDES BENZ,ACTROS 4144 K,38.75,13,2026-01-21 17:36:29,2026-01-23 17:43:41,2.0,6,209.95,4158.4,DESCONOCIDO,SAN LORENZO -> COLLIQUE,119.57,0,0.0,0.0,0,0.0,49.88,629.01,12.61,60.46,DIESEL,-10.58,-17.5,-1.48,Normal,Comportamiento Normal
VE-16,AFX735,MERCEDES BENZ,ACTROS 4144 K,38.75,13,2026-01-23 17:43:41,2026-01-27 17:27:57,3.99,6,211.6,7932.11,DESCONOCIDO,YERBABUENA -> MEIGGS,220.21,0,0.0,0.0,0,0.0,78.01,1007.1,12.91,68.41,DIESEL,9.6,14.03,-0.47,Normal,Comportamiento Normal
VE-16,AFX735,MERCEDES BENZ,ACTROS 4144 K,38.75,13,2026-01-27 17:27:57,2026-01-30 17:35:39,3.01,3,109.67,5172.3,DESCONOCIDO,YERBABUENA -> MEIGGS,141.49,0,0.0,0.0,0,0.0,50.17,647.72,12.91,59.81,DIESEL,-9.64,-16.11,-1.43,Normal,Comportamiento Normal
VE-16,AFX735,MERCEDES BENZ,ACTROS 4144 K,38.75,13,2026-01-30 17:35:39,2026-02-03 16:50:38,3.97,8,248.9,5849.66,PLACIDO ARANGO,YERBABUENA -> MEIGGS,167.01,0,0.0,0.0,0,0.0,66.16,854.15,12.91,68.16,DIESEL,-2.0,-2.93,-1.05,Normal,Comportamiento Normal
VE-16,AFX735,MERCEDES BENZ,ACTROS 4144 K,38.75,13,2026-02-03 16:50:38,2026-02-06 20:19:06,3.14,5,113.27,5342.09,PLACIDO ARANGO,YERBABUENA -> MEIGGS,157.18,0,0.0,0.0,0,0.0,73.57,932.11,12.67,65.87,DIESEL,7.69,11.68,-0.56,Normal,Comportamiento Normal
VE-16,AFX735,MERCEDES BENZ,ACTROS 4144 K,38.75,13,2026-02-06 20:19:06,2026-02-11 12:17:31,4.67,4,151.55,6748.68,PLACIDO ARANGO,YERBABUENA -> MEIGGS,178.17,0,0.0,0.0,0,0.0,57.41,734.81,12.8,66.81,DIESEL,-9.41,-14.08,-1.42,Normal,Comportamiento Normal
VE-16,AFX735,MERCEDES BENZ,ACTROS 4144 K,38.75,13,2026-02-11 12:17:31,2026-02-18 17:38:03,7.22,4,147.42,6952.68,PLACIDO ARANGO,YERBABUENA -> MEIGGS,188.65,0,0.0,0.0,0,0.0,68.76,880.14,12.8,70.83,DIESEL,-2.07,-2.93,-1.05,Normal,Comportamiento Normal
VE-16,AFX735,MERCEDES BENZ,ACTROS 4144 K,38.75,13,2026-02-18 17:38:03,2026-02-20 17:30:01,1.99,4,143.92,6787.62,PLACIDO ARANGO,YERBABUENA -> MEIGGS,188.65,0,0.0,0.0,0,0.0,65.18,834.24,12.8,64.55,DIESEL,0.62,0.96,-0.92,Normal,Comportamiento Normal
VE-16,AFX735,MERCEDES BENZ,ACTROS 4144 K,38.75,13,2026-02-20 17:30:01,2026-02-25 18:59:17,5.06,4,106.98,4916.57,PLACIDO ARANGO,YERBABUENA -> MEIGGS,184.98,0,0.0,0.0,0,0.0,67.03,867.34,12.94,63.42,DIESEL,3.61,5.69,-0.77,Normal,Comportamiento Normal
VE-16,AFX735,MERCEDES BENZ,ACTROS 4144 K,38.75,13,2026-02-25 18:59:17,2026-02-27 11:55:14,1.71,4,145.27,6851.28,PLACIDO ARANGO,YERBABUENA -> MEIGGS,188.65,0,0.0,0.0,0,0.0,49.57,641.45,12.94,58.81,DIESEL,-9.24,-15.71,-1.41,Normal,Comportamiento Normal
VE-16,AFX735,MERCEDES BENZ,ACTROS 4144 K,38.75,13,2026-02-27 11:55:14,2026-03-04 17:10:02,5.22,6,154.0,6964.99,PLACIDO ARANGO,YERBABUENA -> MATERIALES,277.43,1,23.68,67.0,0,0.31,64.16,868.13,13.53,64.32,DIESEL,-0.16,-0.25,-0.96,Normal,Comportamiento Normal
VE-16,AFX735,MERCEDES BENZ,ACTROS 4144 K,38.75,13,2026-03-04 17:10:02,2026-03-06 15:53:08,1.95,4,142.05,6570.89,PLACIDO ARANGO,YERBABUENA -> MEIGGS,366.47,1,23.78,75.0,1,0.29,64.41,1063.48,16.51,69.47,DIESEL,-5.06,-7.28,-1.2,Normal,Comportamiento Normal
VE-16,AFX735,MERCEDES BENZ,ACTROS 4144 K,38.75,13,2026-03-06 15:53:08,2026-03-09 15:32:31,2.99,4,144.61,6449.34,PLACIDO ARANGO,YERBABUENA -> MEIGGS,353.27,1,23.86,62.0,0,0.27,58.25,961.66,16.51,66.32,DIESEL,-8.07,-12.17,-1.35,Normal,Comportamiento Normal
VE-16,AFX735,MERCEDES BENZ,ACTROS 4144 K,38.75,13,2026-03-09 15:32:31,2026-03-11 14:47:19,1.97,6,74.45,3511.24,ROBERT PANIAGUA,YERBABUENA -> MEIGGS,377.83,1,24.27,85.0,1,0.3,62.48,1066.5,17.07,68.57,DIESEL,-6.1,-8.89,-1.25,Normal,Comportamiento Normal
VE-16,AFX735,MERCEDES BENZ,ACTROS 4144 K,38.75,13,2026-03-11 14:47:19,2026-03-13 16:49:43,2.08,4,105.38,4969.98,PLACIDO ARANGO,YERBABUENA -> MEIGGS,304.09,1,23.13,63.0,0,0.32,52.56,897.28,17.07,56.28,DIESEL,-3.72,-6.6,-1.13,Normal,Comportamiento Normal
VE-16,AFX735,MERCEDES BENZ,ACTROS 4144 K,38.75,13,2026-03-13 16:49:43,2026-03-17 18:09:17,4.06,5,175.18,5259.68,PLACIDO ARANGO,YERBABUENA -> MEIGGS,338.12,1,20.58,59.0,0,0.4,63.68,1299.13,20.4,64.46,DIESEL,-0.77,-1.2,-0.99,Normal,Comportamiento Normal
VE-16,AFX735,MERCEDES BENZ,ACTROS 4144 K,38.75,13,2026-03-17 18:09:17,2026-03-19 16:37:47,1.94,4,139.86,5155.72,PLACIDO ARANGO,YERBABUENA -> MEIGGS,295.5,1,21.86,60.0,0,0.36,54.51,1111.98,20.4,56.49,DIESEL,-1.98,-3.5,-1.05,Normal,Comportamiento Normal
VE-16,AFX735,MERCEDES BENZ,ACTROS 4144 K,38.75,13,2026-03-19 16:37:47,2026-03-21 12:43:57,1.84,4,142.02,5310.37,PLACIDO ARANGO,YERBABUENA -> MEIGGS,294.38,1,22.67,62.0,0,0.33,52.66,1074.26,20.4,54.9,DIESEL,-2.24,-4.08,-1.06,Normal,Comportamiento Normal
VE-16,AFX735,MERCEDES BENZ,ACTROS 4144 K,38.75,13,2026-03-21 12:43:57,2026-03-26 17:37:34,5.2,6,211.93,6376.67,PLACIDO ARANGO,YERBABUENA -> MEIGGS,350.02,1,20.67,67.0,0,0.41,68.89,1521.16,22.08,70.14,DIESEL,-1.24,-1.77,-1.01,Normal,Comportamiento Normal
VE-16,AFX735,MERCEDES BENZ,ACTROS 4144 K,38.75,13,2026-03-26 17:37:34,2026-03-28 15:43:48,1.92,4,141.92,6693.29,PLACIDO ARANGO,YERBABUENA -> MEIGGS,92.5,1,23.18,62.0,0,0.34,69.5,1452.59,20.9,57.19,DIESEL,12.31,21.53,-0.33,Advertencia,Exceso de Ralenti (Motor encendido sin movimiento)
VE-16,AFX735,MERCEDES BENZ,ACTROS 4144 K,38.75,13,2026-03-28 15:43:48,2026-03-31 18:44:14,3.13,4,141.4,6668.77,PLACIDO ARANGO,YERBABUENA -> MEIGGS,379.79,1,22.6,64.0,0,0.32,70.71,1559.91,22.06,72.25,DIESEL,-1.54,-2.13,-1.03,Normal,Comportamiento Normal
VE-16,AFX735,MERCEDES BENZ,ACTROS 4144 K,38.75,13,2026-03-31 18:44:14,2026-04-04 15:26:53,3.86,5,142.45,6718.29,PLACIDO ARANGO,YERBABUENA -> MEIGGS,375.23,1,24.17,78.0,1,0.3,67.89,1385.55,20.41,71.08,DIESEL,-3.19,-4.49,-1.11,Normal,Comportamiento Normal
VE-16,AFX735,MERCEDES BENZ,ACTROS 4144 K,38.75,13,2026-04-04 15:26:53,2026-04-08 17:31:09,4.09,7,218.29,7281.94,PLACIDO ARANGO,YERBABUENA -> MEIGGS,421.77,1,21.56,97.0,1,0.37,80.23,1729.74,21.56,76.09,DIESEL,4.14,5.45,-0.74,Normal,Comportamiento Normal
VE-16,AFX735,MERCEDES BENZ,ACTROS 4144 K,38.75,13,2026-04-08 17:31:09,2026-04-11 11:07:04,2.73,5,181.66,3924.77,PLACIDO ARANGO,SAN LORENZO  -> MEIGGS,231.43,1,19.85,67.0,0,0.4,46.3,916.24,19.79,53.46,DIESEL,-7.16,-13.4,-1.31,Normal,Comportamiento Normal
VE-16,AFX735,MERCEDES BENZ,ACTROS 4144 K,38.75,13,2026-04-11 11:07:04,2026-04-14 18:37:01,3.31,4,109.35,5157.21,PLACIDO ARANGO,YERBABUENA -> MEIGGS,283.69,1,22.93,64.0,0,0.32,48.32,1022.05,21.15,57.71,DIESEL,-9.38,-16.26,-1.42,Normal,Comportamiento Normal
VE-16,AFX735,MERCEDES BENZ,ACTROS 4144 K,38.75,13,2026-04-14 18:37:01,2026-04-17 17:30:09,2.95,6,104.34,1959.58,PLACIDO ARANGO,SAN LORENZO  -> MEIGGS,276.94,1,19.94,67.0,0,0.44,55.14,1196.65,21.7,54.72,DIESEL,0.43,0.78,-0.93,Normal,Comportamiento Normal
VE-16,AFX735,MERCEDES BENZ,ACTROS 4144 K,38.75,13,2026-04-17 17:30:09,2026-04-22 18:07:58,5.03,6,206.42,6796.8,PLACIDO ARANGO,YERBABUENA -> MEIGGS,392.73,1,22.22,81.0,1,0.36,70.73,1430.08,20.22,73.39,DIESEL,-2.66,-3.63,-1.08,Normal,Comportamiento Normal
VE-16,AFX735,MERCEDES BENZ,ACTROS 4144 K,38.75,13,2026-04-22 18:07:58,2026-04-24 16:46:51,1.94,5,174.78,4798.41,PLACIDO ARANGO,YERBABUENA -> MEIGGS,293.19,1,21.12,65.0,0,0.39,54.75,1107.09,20.22,55.79,DIESEL,-1.03,-1.85,-1.0,Normal,Comportamiento Normal
VE-16,AFX735,MERCEDES BENZ,ACTROS 4144 K,38.75,13,2026-04-24 16:46:51,2026-04-28 17:18:21,4.02,8,281.66,6451.28,PLACIDO ARANGO,YERBABUENA -> MEIGGS,359.65,1,19.78,64.0,0,0.39,69.0,1358.51,19.69,72.24,DIESEL,-3.24,-4.49,-1.11,Normal,Comportamiento Normal
VE-16,AFX735,MERCEDES BENZ,ACTROS 4144 K,38.75,13,2026-04-28 17:18:21,2026-05-04 18:14:40,6.04,4,113.77,5365.67,PLACIDO ARANGO,YERBABUENA -> MEIGGS,411.19,1,23.61,89.0,3,0.34,69.0,1482.9,21.49,71.58,DIESEL,-2.58,-3.61,-1.08,Normal,Comportamiento Normal
VE-16,AFX735,MERCEDES BENZ,ACTROS 4144 K,38.75,13,2026-05-04 18:14:40,2026-05-07 16:35:23,2.93,7,245.79,6391.55,PLACIDO ARANGO,YERBABUENA -> MEIGGS,357.85,1,20.79,65.0,0,0.43,68.46,1601.23,23.39,70.26,DIESEL,-1.8,-2.56,-1.04,Normal,Comportamiento Normal
VE-16,AFX735,MERCEDES BENZ,ACTROS 4144 K,38.75,13,2026-05-07 16:35:23,2026-05-09 17:30:09,2.04,5,142.79,5363.3,PLACIDO ARANGO,YERBABUENA -> MEIGGS,336.08,1,21.7,64.0,0,0.36,61.41,1370.69,22.32,61.67,DIESEL,-0.26,-0.42,-0.96,Normal,Comportamiento Normal
VE-16,AFX735,MERCEDES BENZ,ACTROS 4144 K,38.75,13,2026-05-09 17:30:09,2026-05-13 15:41:58,3.92,9,308.06,6175.47,PLACIDO ARANGO,SAN LORENZO  -> MEIGGS,376.02,1,20.88,66.0,0,0.41,72.63,1584.79,21.82,76.12,DIESEL,-3.49,-4.59,-1.12,Normal,Comportamiento Normal
VE-16,AFX735,MERCEDES BENZ,ACTROS 4144 K,38.75,13,2026-05-13 15:41:58,2026-05-16 13:44:23,2.92,4,111.13,5241.16,PLACIDO ARANGO,YERBABUENA -> MEIGGS,379.07,1,23.18,76.0,1,0.34,63.67,1359.4,21.35,70.82,DIESEL,-7.15,-10.09,-1.31,Normal,Comportamiento Normal
VE-16,AFX735,MERCEDES BENZ,ACTROS 4144 K,38.75,13,2026-05-16 13:44:23,2026-05-19 17:15:48,3.15,4,142.41,6716.4,PLACIDO ARANGO,YERBABUENA -> MEIGGS,374.23,1,23.5,89.0,2,0.31,64.15,1310.54,20.43,71.08,DIESEL,-6.93,-9.75,-1.3,Normal,Comportamiento Normal
VE-16,AFX735,MERCEDES BENZ,ACTROS 4144 K,38.75,13,2026-05-19 17:15:48,2026-06-12 17:11:35,24.0,12,321.7,8371.21,PLACIDO ARANGO,YERBABUENA -> MEIGGS,329.15,1,18.48,61.0,0,0.47,70.0,1372.7,19.61,74.4,DIESEL,-4.4,-5.92,-1.17,Normal,Comportamiento Normal
VE-16,AFX735,MERCEDES BENZ,ACTROS 4144 K,38.75,13,2026-06-12 17:11:35,2026-06-16 13:27:31,3.84,3,0.0,0.0,Placido Arango Pacheco,YERBABUENA -> MEIGGS,342.11,1,23.06,100.0,2,0.36,64.17,1258.41,19.61,64.83,DIESEL,-0.66,-1.01,-0.98,Normal,Comportamiento Normal
VE-16,AFX735,MERCEDES BENZ,ACTROS 4144 K,38.75,13,2026-06-16 13:27:31,2026-06-20 14:17:09,4.03,5,0.0,0.0,Placido Arango Pacheco,YERBABUENA -> MEIGGS,315.98,1,19.27,64.0,0,0.42,61.65,1209.03,19.61,59.54,DIESEL,2.11,3.55,-0.84,Normal,Comportamiento Normal
VE-16,AFX735,MERCEDES BENZ,ACTROS 4144 K,38.75,13,2026-06-20 14:17:09,2026-06-23 15:29:43,3.05,4,0.0,0.0,Placido Arango Pacheco,YERBABUENA -> MEIGGS,293.07,1,22.28,64.0,0,0.38,52.57,978.82,18.62,55.35,DIESEL,-2.78,-5.03,-1.09,Normal,Comportamiento Normal
VE-16,AFX735,MERCEDES BENZ,ACTROS 4144 K,38.75,13,2026-06-23 15:29:43,2026-06-26 15:28:01,3.0,6,0.0,0.0,Placido Arango Pacheco,YERBABUENA -> MEIGGS,463.5,1,22.68,63.0,0,0.31,81.27,1513.28,18.62,72.07,DIESEL,9.2,12.76,-0.49,Normal,Comportamiento Normal
VE-17,ABL875,MERCEDES BENZ,ACTROS 4144 K,38.75,12,2026-01-10 12:09:42,2026-01-16 12:56:56,6.03,2,72.68,2322.76,DESCONOCIDO,YERBABUENA -> MEIGGS,64.78,0,0.0,0.0,0,0.0,79.94,996.02,12.46,62.53,DIESEL,17.41,27.84,-0.07,Advertencia,Sospecha de Fuga o Extraccion Injustificada de Combustible
VE-17,ABL875,MERCEDES BENZ,ACTROS 4144 K,38.75,12,2026-01-16 12:56:56,2026-01-20 18:24:39,4.23,3,109.03,1452.88,DESCONOCIDO,SAN LORENZO -> COLLIQUE,39.22,0,0.0,0.0,0,0.0,95.14,1355.69,14.25,61.76,DIESEL,33.37,54.03,0.73,Critico,Sospecha de Fuga o Extraccion Injustificada de Combustible
VE-17,ABL875,MERCEDES BENZ,ACTROS 4144 K,38.75,12,2026-02-12 18:22:47,2026-02-20 19:34:25,8.05,4,159.56,7525.24,CELSO FLORES,YERBABUENA -> MEIGGS,188.65,0,0.0,0.0,0,0.0,94.4,1208.29,12.8,71.41,DIESEL,22.99,32.2,0.21,Critico,Falla Mecanica / Requiere Mantenimiento Preventivo
VE-17,ABL875,MERCEDES BENZ,ACTROS 4144 K,38.75,12,2026-02-20 19:34:25,2026-02-23 17:56:46,2.93,1,40.16,1746.56,CELSO FLORES,YERBABUENA -> MATERIALES,43.49,0,0.0,0.0,0,0.0,38.28,490.05,12.8,52.86,DIESEL,-14.58,-27.58,-1.68,Normal,Comportamiento Normal
VE-17,ABL875,MERCEDES BENZ,ACTROS 4144 K,38.75,12,2026-02-23 17:56:46,2026-02-26 17:22:08,2.98,3,37.93,1788.87,CELSO FLORES,PORTILLO -> FLOR DE NIEVE,73.95,0,0.0,0.0,0,0.0,50.2,715.36,14.25,55.86,DIESEL,-5.66,-10.14,-1.23,Normal,Comportamiento Normal
VE-17,ABL875,MERCEDES BENZ,ACTROS 4144 K,38.75,12,2026-02-26 17:22:08,2026-03-02 18:31:13,4.05,4,0.0,0.0,CELSO FLORES,PORTILLO -> FLOR DE NIEVE,231.18,1,27.12,77.0,9,0.19,70.36,1002.7,14.25,55.76,DIESEL,14.6,26.18,-0.21,Advertencia,Sospecha de Fuga o Extraccion Injustificada de Combustible
VE-17,ABL875,MERCEDES BENZ,ACTROS 4144 K,38.75,12,2026-03-02 18:31:13,2026-03-05 18:04:52,2.98,6,75.66,3568.31,CELSO FLORES,PORTILLO -> FLOR DE NIEVE,319.5,1,22.61,62.0,0,0.26,57.96,984.69,16.99,57.79,DIESEL,0.16,0.28,-0.94,Normal,Comportamiento Normal
VE-17,ABL875,MERCEDES BENZ,ACTROS 4144 K,38.75,12,2026-03-05 18:04:52,2026-03-10 14:25:02,4.85,6,0.0,0.0,CELSO FLORES,PORTILLO -> FLOR DE NIEVE,393.76,1,23.0,62.0,0,0.33,70.63,1376.58,19.49,70.44,DIESEL,0.19,0.26,-0.94,Normal,Comportamiento Normal
VE-17,ABL875,MERCEDES BENZ,ACTROS 4144 K,38.75,12,2026-03-10 14:25:02,2026-03-23 21:04:51,13.28,4,0.0,0.0,CELSO FLORES,PORTILLO -> FLOR DE NIEVE,429.59,1,24.18,72.0,3,0.41,75.55,1541.24,20.4,72.47,DIESEL,3.08,4.25,-0.79,Normal,Comportamiento Normal
VE-17,ABL875,MERCEDES BENZ,ACTROS 4144 K,38.75,12,2026-03-23 21:04:51,2026-03-25 17:06:07,1.83,4,0.0,0.0,CELSO FLORES,PORTILLO -> FLOR DE NIEVE,308.74,1,26.12,78.0,20,0.28,50.85,1133.51,22.29,54.28,DIESEL,-3.42,-6.31,-1.12,Normal,Comportamiento Normal
VE-17,ABL875,MERCEDES BENZ,ACTROS 4144 K,38.75,12,2026-03-25 17:06:07,2026-03-31 13:05:18,5.83,8,0.0,0.0,CELSO FLORES,PORTILLO -> FLOR DE NIEVE,459.63,1,28.84,88.0,102,0.41,79.95,1814.0,22.69,72.66,DIESEL,7.29,10.03,-0.58,Normal,Comportamiento Normal
VE-17,ABL875,MERCEDES BENZ,ACTROS 4144 K,38.75,12,2026-03-31 13:05:18,2026-04-02 16:04:39,2.12,4,0.0,0.0,CELSO FLORES,PORTILLO -> FLOR DE NIEVE,416.95,1,26.13,77.0,25,0.28,65.08,1389.44,21.35,71.56,DIESEL,-6.48,-9.06,-1.27,Normal,Comportamiento Normal
VE-17,ABL875,MERCEDES BENZ,ACTROS 4144 K,38.75,12,2026-04-02 16:04:39,2026-04-09 15:40:04,6.98,5,156.06,4328.77,CELSO FLORES,YERBABUENA -> MEIGGS,320.73,1,20.59,73.0,1,0.41,64.96,1400.58,21.56,64.31,DIESEL,0.65,1.01,-0.92,Normal,Comportamiento Normal
VE-17,ABL875,MERCEDES BENZ,ACTROS 4144 K,38.75,12,2026-04-09 15:40:04,2026-04-14 17:35:24,5.08,7,114.6,2861.7,CELSO FLORES,PORTILLO -> ,428.58,1,25.12,78.0,26,0.33,73.96,1737.27,23.49,71.96,DIESEL,2.0,2.78,-0.85,Normal,Comportamiento Normal
VE-17,ABL875,MERCEDES BENZ,ACTROS 4144 K,38.75,12,2026-04-14 17:35:24,2026-04-17 17:27:47,2.99,9,0.0,0.0,CELSO FLORES,PORTILLO -> ,427.81,1,23.91,77.0,3,0.31,69.45,1631.45,23.49,72.17,DIESEL,-2.72,-3.76,-1.08,Normal,Comportamiento Normal
VE-17,ABL875,MERCEDES BENZ,ACTROS 4144 K,38.75,12,2026-04-17 17:27:47,2026-04-20 17:55:41,3.02,4,0.0,0.0,CELSO FLORES,PORTILLO -> ,370.07,1,26.89,78.0,26,0.29,64.0,1471.31,22.99,69.26,DIESEL,-5.27,-7.6,-1.21,Normal,Comportamiento Normal
VE-17,ABL875,MERCEDES BENZ,ACTROS 4144 K,38.75,12,2026-04-20 17:55:41,2026-04-23 17:23:56,2.98,7,0.0,0.0,CELSO FLORES,PORTILLO -> ,316.09,1,24.55,67.0,0,0.31,50.82,1168.47,22.99,55.2,DIESEL,-4.38,-7.93,-1.17,Normal,Comportamiento Normal
VE-17,ABL875,MERCEDES BENZ,ACTROS 4144 K,38.75,12,2026-04-23 17:23:56,2026-05-14 17:35:01,21.01,8,33.0,294.23,JOHAN HERNANDEZ,SAN LORENZO  -> COLLIQUE,127.15,1,26.78,85.0,47,0.63,30.02,655.01,21.82,52.35,DIESEL,-22.33,-42.66,-2.07,Normal,Comportamiento Normal
VE-17,ABL875,MERCEDES BENZ,ACTROS 4144 K,38.75,12,2026-05-14 17:35:01,2026-05-20 19:33:30,6.08,13,353.72,3557.37,JOHAN HERNANDEZ,SAN LORENZO  -> MEIGGS,314.51,1,17.76,83.0,9,0.54,83.45,1704.84,20.43,72.73,DIESEL,10.72,14.73,-0.41,Normal,Comportamiento Normal
VE-17,ABL875,MERCEDES BENZ,ACTROS 4144 K,38.75,12,2026-05-20 19:33:30,2026-05-23 13:01:55,2.73,9,323.32,3330.8,DESCONOCIDO,SAN LORENZO -> COLLIQUE,295.94,1,19.71,87.0,14,0.47,69.1,1354.4,19.6,64.33,DIESEL,4.77,7.42,-0.71,Normal,Comportamiento Normal
VE-17,ABL875,MERCEDES BENZ,ACTROS 4144 K,38.75,12,2026-05-23 13:01:55,2026-05-27 16:39:49,4.15,13,283.73,3234.51,JOHAN HERNANDEZ,COLLIQUE -> SAN LORENZO ,343.71,1,18.92,95.0,13,0.45,78.96,1480.41,18.75,71.29,DIESEL,7.67,10.76,-0.56,Normal,Comportamiento Normal
VE-17,ABL875,MERCEDES BENZ,ACTROS 4144 K,38.75,12,2026-05-27 16:39:49,2026-05-30 12:55:34,2.84,7,259.55,2612.6,DESCONOCIDO,SAN LORENZO -> MEIGGS,292.22,1,20.1,86.0,12,0.43,66.04,1238.25,18.75,59.5,DIESEL,6.54,10.99,-0.62,Normal,Comportamiento Normal
VE-17,ABL875,MERCEDES BENZ,ACTROS 4144 K,38.75,12,2026-05-30 12:55:34,2026-06-03 18:18:55,4.22,16,395.7,3299.54,JOHAN HERNANDEZ,SAN LORENZO  -> MEIGGS,274.91,1,17.29,100.0,6,0.52,67.3,1271.2,18.89,72.28,DIESEL,-4.98,-6.89,-1.2,Normal,Comportamiento Normal
VE-17,ABL875,MERCEDES BENZ,ACTROS 4144 K,38.75,12,2026-06-03 18:18:55,2026-06-05 15:18:19,1.87,8,223.41,2326.71,JOHAN HERNANDEZ,SAN LORENZO  -> MEIGGS,210.63,1,18.41,80.0,10,0.51,48.56,940.63,19.37,48.94,DIESEL,-0.38,-0.77,-0.97,Normal,Comportamiento Normal
VE-17,ABL875,MERCEDES BENZ,ACTROS 4144 K,38.75,12,2026-06-05 15:18:19,2026-06-15 15:52:30,10.02,4,0.0,0.0,Manuel Alejandro Matheuz Flores,MATERIALES -> SAN LORENZO ,177.05,1,19.18,77.0,3,0.64,39.16,767.89,19.61,54.57,DIESEL,-15.41,-28.24,-1.72,Normal,Comportamiento Normal
VE-17,ABL875,MERCEDES BENZ,ACTROS 4144 K,38.75,12,2026-06-15 15:52:30,2026-06-18 15:35:13,2.99,0,0.0,0.0,DESCONOCIDO,DESCONOCIDA,279.15,1,18.87,74.0,3,0.51,63.38,1242.78,19.61,48.46,DIESEL,14.91,30.78,-0.2,Critico,Exceso de Ralenti (Motor encendido sin movimiento)
VE-17,ABL875,MERCEDES BENZ,ACTROS 4144 K,38.75,12,2026-06-18 15:35:13,2026-06-24 17:28:50,6.08,2,0.0,0.0,Manuel Alejandro Matheuz Flores,COLLIQUE -> SAN LORENZO ,287.45,1,18.35,72.0,1,0.48,61.94,1153.42,18.62,56.86,DIESEL,5.09,8.94,-0.69,Normal,Comportamiento Normal
VE-17,ABL875,MERCEDES BENZ,ACTROS 4144 K,38.75,12,2026-06-24 17:28:50,2026-06-27 14:51:13,2.89,10,0.0,0.0,Manuel Alejandro Matheuz Flores,MATERIALES -> SAN LORENZO ,269.77,1,17.25,76.0,1,0.49,58.91,1096.9,18.62,53.54,DIESEL,5.37,10.03,-0.68,Normal,Comportamiento Normal
VE-18,ABN852,MERCEDES BENZ,ACTROS 4144 K,38.75,12,2026-01-10 11:17:38,2026-01-14 14:42:51,4.14,10,389.7,3942.36,DESCONOCIDO,SAN LORENZO -> COLLIQUE,102.77,0,0.0,0.0,0,0.0,72.61,904.7,12.46,72.71,DIESEL,-0.1,-0.14,-0.95,Normal,Comportamiento Normal
VE-18,ABN852,MERCEDES BENZ,ACTROS 4144 K,38.75,12,2026-01-14 14:42:51,2026-01-17 16:36:18,3.08,8,299.48,4055.67,DESCONOCIDO,SAN LORENZO -> COLLIQUE,108.63,0,0.0,0.0,0,0.0,72.13,898.7,12.46,67.53,DIESEL,4.6,6.81,-0.72,Normal,Comportamiento Normal
VE-18,ABN852,MERCEDES BENZ,ACTROS 4144 K,38.75,12,2026-01-17 16:36:18,2026-01-21 16:28:04,3.99,12,442.05,4939.12,DESCONOCIDO,SAN LORENZO -> COLLIQUE,135.95,0,0.0,0.0,0,0.0,82.17,1036.16,12.61,74.21,DIESEL,7.96,10.73,-0.55,Normal,Comportamiento Normal
VE-18,ABN852,MERCEDES BENZ,ACTROS 4144 K,38.75,12,2026-01-21 16:28:04,2026-01-26 17:07:18,5.03,10,375.8,3715.76,DESCONOCIDO,SAN LORENZO -> COLLIQUE,100.07,0,0.0,0.0,0,0.0,67.2,847.35,12.61,73.46,DIESEL,-6.27,-8.53,-1.26,Normal,Comportamiento Normal
VE-18,ABN852,MERCEDES BENZ,ACTROS 4144 K,38.75,12,2026-01-26 17:07:18,2026-02-03 13:13:01,7.84,13,364.96,3137.03,JACKSON TORRES,SAN LORENZO -> MATERIALES,110.19,0,0.0,0.0,0,0.0,80.3,1036.62,12.91,74.9,DIESEL,5.4,7.2,-0.68,Normal,Comportamiento Normal
VE-18,ABN852,MERCEDES BENZ,ACTROS 4144 K,38.75,12,2026-02-03 13:13:01,2026-02-11 16:15:29,8.13,23,452.43,3562.39,JACKSON TORRES,SAN LORENZO  -> OQUENDO,181.39,0,0.0,0.0,0,0.0,83.84,1073.1,12.8,76.41,DIESEL,7.43,9.72,-0.57,Normal,Comportamiento Normal
VE-18,ABN852,MERCEDES BENZ,ACTROS 4144 K,38.75,12,2026-02-11 16:15:29,2026-02-25 15:01:50,13.95,18,403.04,3649.61,JACKSON TORRES,SAN LORENZO  -> MEIGGS,130.12,0,0.0,0.0,0,0.0,81.69,1057.02,12.94,76.22,DIESEL,5.47,7.17,-0.67,Normal,Comportamiento Normal
VE-18,ABN852,MERCEDES BENZ,ACTROS 4144 K,38.75,12,2026-02-25 15:01:50,2026-03-10 18:54:43,13.16,20,435.71,3190.09,JACKSON TORRES,MEIGGS -> SAN LORENZO ,390.13,1,26.15,93.0,142,0.46,65.19,1112.81,17.07,78.39,DIESEL,-13.2,-16.84,-1.61,Normal,Comportamiento Normal
VE-18,ABN852,MERCEDES BENZ,ACTROS 4144 K,38.75,12,2026-03-10 18:54:43,2026-03-14 14:50:29,3.83,6,136.6,1339.2,JACKSON TORRES,SAN LORENZO  -> MEIGGS,422.58,1,25.0,89.0,103,0.45,80.23,1369.49,17.07,72.77,DIESEL,7.46,10.25,-0.57,Normal,Comportamiento Normal
VE-18,ABN852,MERCEDES BENZ,ACTROS 4144 K,38.75,12,2026-03-14 14:50:29,2026-03-21 13:46:55,6.96,17,440.36,4216.65,JACKSON TORRES,SAN LORENZO  -> MEIGGS,331.52,1,18.95,95.0,19,0.53,79.42,1620.07,20.4,75.35,DIESEL,4.07,5.4,-0.74,Normal,Comportamiento Normal
VE-18,ABN852,MERCEDES BENZ,ACTROS 4144 K,38.75,12,2026-03-21 13:46:55,2026-03-27 17:10:40,6.14,18,484.28,4321.64,JACKSON TORRES,SAN LORENZO  -> COLLIQUE,377.89,1,19.86,84.0,25,0.49,89.32,1866.81,20.9,81.15,DIESEL,8.17,10.07,-0.54,Normal,Comportamiento Normal
VE-18,ABN852,MERCEDES BENZ,ACTROS 4144 K,38.75,12,2026-03-27 17:10:40,2026-04-04 13:30:28,7.85,21,442.91,4108.54,JACKSON TORRES,SAN LORENZO  -> MEIGGS,340.35,1,19.64,86.0,23,0.51,82.05,1674.7,20.41,79.0,DIESEL,3.05,3.87,-0.79,Normal,Comportamiento Normal
VE-18,ABN852,MERCEDES BENZ,ACTROS 4144 K,38.75,12,2026-04-04 13:30:28,2026-04-10 12:11:31,5.95,15,389.62,2998.86,JACKSON TORRES,SAN LORENZO  -> MATERIALES,309.77,1,18.72,87.0,10,0.5,72.67,1438.14,19.79,71.57,DIESEL,1.1,1.54,-0.89,Normal,Comportamiento Normal
VE-18,ABN852,MERCEDES BENZ,ACTROS 4144 K,38.75,12,2026-04-10 12:11:31,2026-04-17 13:56:48,7.07,15,412.64,3708.59,JACKSON TORRES,SAN LORENZO  -> MEIGGS,336.22,1,19.27,93.0,24,0.48,80.01,1736.26,21.7,76.24,DIESEL,3.77,4.95,-0.76,Normal,Comportamiento Normal
VE-18,ABN852,MERCEDES BENZ,ACTROS 4144 K,38.75,12,2026-04-17 13:56:48,2026-04-22 13:38:06,4.99,19,439.35,4218.65,JACKSON TORRES,SAN LORENZO  -> MEIGGS,340.38,1,20.19,83.0,20,0.48,80.28,1623.3,20.22,78.1,DIESEL,2.18,2.79,-0.84,Normal,Comportamiento Normal
VE-18,ABN852,MERCEDES BENZ,ACTROS 4144 K,38.75,12,2026-04-22 13:38:06,2026-04-25 15:07:08,3.06,16,365.38,2870.73,JACKSON TORRES,SAN LORENZO  -> MATERIALES,266.13,1,19.39,85.0,17,0.47,66.2,1356.38,20.49,64.92,DIESEL,1.27,1.96,-0.88,Normal,Comportamiento Normal
VE-18,ABN852,MERCEDES BENZ,ACTROS 4144 K,38.75,12,2026-04-25 15:07:08,2026-05-04 15:56:38,9.03,14,370.88,4452.68,JACKSON TORRES,SAN LORENZO  -> COLLIQUE,388.71,1,21.03,89.0,30,0.49,88.05,1892.19,21.49,82.62,DIESEL,5.43,6.57,-0.67,Normal,Comportamiento Normal
VE-18,ABN852,MERCEDES BENZ,ACTROS 4144 K,38.75,12,2026-05-04 15:56:38,2026-05-13 17:00:03,9.04,18,449.02,3921.01,JACKSON TORRES,SAN LORENZO  -> MATERIALES,396.16,1,20.02,91.0,24,0.45,92.77,2024.29,21.82,80.71,DIESEL,12.06,14.94,-0.34,Normal,Comportamiento Normal
VE-18,ABN852,MERCEDES BENZ,ACTROS 4144 K,38.75,12,2026-05-13 17:00:03,2026-05-18 16:25:54,4.98,15,392.0,2961.33,JACKSON TORRES,SAN LORENZO  -> MEIGGS,289.64,1,19.66,91.0,21,0.47,69.24,1478.21,21.35,71.23,DIESEL,-1.99,-2.79,-1.05,Normal,Comportamiento Normal
VE-18,ABN852,MERCEDES BENZ,ACTROS 4144 K,38.75,12,2026-05-18 16:25:54,2026-05-23 12:44:01,4.85,16,455.07,3736.58,JACKSON TORRES,SAN LORENZO  -> MEIGGS,306.92,1,19.05,84.0,14,0.5,75.16,1473.21,19.6,70.81,DIESEL,4.36,6.16,-0.73,Normal,Comportamiento Normal
VE-18,ABN852,MERCEDES BENZ,ACTROS 4144 K,38.75,12,2026-05-23 12:44:01,2026-05-27 17:12:55,4.19,15,402.34,3385.11,JACKSON TORRES,SAN LORENZO  -> MEIGGS,289.92,1,19.71,84.0,12,0.46,68.07,1276.24,18.75,70.47,DIESEL,-2.4,-3.41,-1.07,Normal,Comportamiento Normal
VE-18,ABN852,MERCEDES BENZ,ACTROS 4144 K,38.75,12,2026-05-27 17:12:55,2026-06-02 17:02:20,5.99,12,405.4,3949.97,JACKSON TORRES,SAN LORENZO  -> MEIGGS,282.98,1,20.72,85.0,21,0.49,67.19,1225.53,18.24,71.6,DIESEL,-4.41,-6.16,-1.17,Normal,Comportamiento Normal
VE-18,ABN852,MERCEDES BENZ,ACTROS 4144 K,38.75,12,2026-06-02 17:02:20,2026-06-05 14:48:28,2.91,14,329.38,2782.68,JACKSON TORRES,SAN LORENZO  -> MEIGGS,274.47,1,20.04,100.0,16,0.45,66.09,1280.2,19.37,63.17,DIESEL,2.93,4.63,-0.8,Normal,Comportamiento Normal
VE-18,ABN852,MERCEDES BENZ,ACTROS 4144 K,38.75,12,2026-06-05 14:48:28,2026-06-10 23:50:05,5.38,11,0.0,0.0,Jackson Enrique Torres Quintero,SAN LORENZO  -> MATERIALES,301.99,1,20.11,85.0,14,0.49,74.83,1423.23,19.02,58.23,DIESEL,16.6,28.5,-0.11,Advertencia,Exceso de Ralenti (Motor encendido sin movimiento)
VE-18,ABN852,MERCEDES BENZ,ACTROS 4144 K,38.75,12,2026-06-10 23:50:05,2026-06-18 16:51:57,7.71,15,0.0,0.0,Jackson Enrique Torres Quintero,SAN LORENZO  -> MATERIALES,294.96,1,19.74,85.0,18,0.54,72.21,1415.98,19.61,58.54,DIESEL,13.67,23.34,-0.26,Advertencia,Exceso de Ralenti (Motor encendido sin movimiento)
VE-18,ABN852,MERCEDES BENZ,ACTROS 4144 K,38.75,12,2026-06-18 16:51:57,2026-06-27 12:34:29,8.82,13,0.0,0.0,Jackson Enrique Torres Quintero,SAN LORENZO  -> COLLIQUE,382.56,1,21.62,96.0,40,0.5,89.85,1672.95,18.62,72.95,DIESEL,16.89,23.16,-0.1,Advertencia,Falla Mecanica / Requiere Mantenimiento Preventivo
VE-19,AHJ786,MERCEDES BENZ,ACTROS 4144 K,38.75,12,2026-01-10 10:55:57,2026-01-13 18:35:14,3.32,6,229.48,5839.17,REINALDO MENDEZ,OQUENDO -> VILLA,152.9,0,0.0,0.0,0,0.0,62.32,776.53,12.46,71.0,DIESEL,-8.68,-12.22,-1.38,Normal,Comportamiento Normal
VE-19,AHJ786,MERCEDES BENZ,ACTROS 4144 K,38.75,12,2026-01-13 18:35:14,2026-01-14 13:58:50,0.81,3,112.91,3134.73,REINALDO MENDEZ,OQUENDO -> VILLA,83.14,0,0.0,0.0,0,0.0,63.82,795.15,12.46,53.2,DIESEL,10.62,19.96,-0.41,Advertencia,Desviacion Operativa Menor / Eficiencia Conductiva
VE-19,AHJ786,MERCEDES BENZ,ACTROS 4144 K,38.75,12,2026-01-14 13:58:50,2026-01-16 15:49:39,2.08,4,120.68,3886.74,REINALDO MENDEZ,OQUENDO -> VILLA,136.35,0,0.0,0.0,0,0.0,85.33,1063.17,12.46,65.47,DIESEL,19.86,30.34,0.05,Critico,Sospecha de Fuga o Extraccion Injustificada de Combustible
VE-19,AHJ786,MERCEDES BENZ,ACTROS 4144 K,38.75,12,2026-01-16 15:49:39,2026-01-18 12:47:28,1.87,5,184.15,3207.36,REINALDO MENDEZ,OQUENDO -> COLLIQUE,84.51,0,0.0,0.0,0,0.0,85.34,1063.32,12.46,62.61,DIESEL,22.73,36.3,0.19,Critico,Falla Mecanica / Requiere Mantenimiento Preventivo
VE-19,AHJ786,MERCEDES BENZ,ACTROS 4144 K,38.75,12,2026-01-18 12:47:28,2026-01-19 18:00:14,1.22,4,150.47,3200.87,REINALDO MENDEZ,OQUENDO -> VILLA,87.13,0,0.0,0.0,0,0.0,28.0,348.92,12.46,54.93,DIESEL,-26.93,-49.02,-2.3,Normal,Comportamiento Normal
VE-19,AHJ786,MERCEDES BENZ,ACTROS 4144 K,38.75,12,2026-01-19 18:00:14,2026-01-21 21:02:21,2.13,7,248.05,4681.45,REINALDO MENDEZ,SAN LORENZO -> COLLIQUE,131.28,0,0.0,0.0,0,0.0,93.49,1178.93,12.61,70.59,DIESEL,22.91,32.45,0.2,Critico,Sospecha de Fuga o Extraccion Injustificada de Combustible
VE-19,AHJ786,MERCEDES BENZ,ACTROS 4144 K,38.75,12,2026-01-21 21:02:21,2026-01-23 16:10:17,1.8,3,36.18,1431.88,REINALDO MENDEZ,OQUENDO -> VILLA,118.73,0,0.0,0.0,0,0.0,78.64,991.65,12.61,59.39,DIESEL,19.25,32.4,0.02,Critico,Sospecha de Fuga o Extraccion Injustificada de Combustible
VE-19,AHJ786,MERCEDES BENZ,ACTROS 4144 K,38.75,12,2026-01-23 16:10:17,2026-01-24 16:51:41,1.03,1,0.0,0.0,REINALDO MENDEZ,OQUENDO -> VILLA,39.58,0,0.0,0.0,0,0.0,68.14,859.31,12.61,52.86,DIESEL,15.29,28.92,-0.18,Advertencia,Falla Mecanica / Requiere Mantenimiento Preventivo
VE-19,AHJ786,MERCEDES BENZ,ACTROS 4144 K,38.75,12,2026-01-24 16:51:41,2026-01-31 11:10:09,6.76,18,574.1,3544.69,REINALDO MENDEZ,SAN LORENZO -> MEIGGS,112.87,0,0.0,0.0,0,0.0,92.1,1188.99,12.91,78.72,DIESEL,13.38,17.0,-0.28,Advertencia,Falla Mecanica / Requiere Mantenimiento Preventivo
VE-19,AHJ786,MERCEDES BENZ,ACTROS 4144 K,38.75,12,2026-01-31 11:10:09,2026-02-05 15:44:34,5.19,16,243.84,2097.01,REINALDO MENDEZ,SAN LORENZO  -> MEIGGS,215.41,0,0.0,0.0,0,0.0,91.36,1157.49,12.67,72.91,DIESEL,18.44,25.29,-0.02,Advertencia,Falla Mecanica / Requiere Mantenimiento Preventivo
VE-19,AHJ786,MERCEDES BENZ,ACTROS 4144 K,38.75,12,2026-02-05 15:44:34,2026-02-06 15:56:58,1.01,2,0.0,0.0,REINALDO MENDEZ,OQUENDO -> VILLA,79.15,0,0.0,0.0,0,0.0,34.71,439.73,12.67,50.3,DIESEL,-15.6,-31.01,-1.73,Normal,Comportamiento Normal
VE-19,AHJ786,MERCEDES BENZ,ACTROS 4144 K,38.75,12,2026-02-06 15:56:58,2026-02-07 23:35:42,1.32,1,0.0,0.0,REINALDO MENDEZ,OQUENDO -> VILLA,39.58,0,0.0,0.0,0,0.0,63.28,801.71,12.67,53.68,DIESEL,9.6,17.88,-0.47,Advertencia,Desviacion Operativa Menor / Eficiencia Conductiva
VE-19,AHJ786,MERCEDES BENZ,ACTROS 4144 K,38.75,12,2026-02-07 23:35:42,2026-02-10 19:31:54,2.83,6,181.14,2071.55,REINALDO MENDEZ,COLLIQUE -> SAN LORENZO ,61.04,0,0.0,0.0,0,0.0,42.21,540.28,12.8,61.34,DIESEL,-19.13,-31.19,-1.91,Normal,Comportamiento Normal
VE-19,AHJ786,MERCEDES BENZ,ACTROS 4144 K,38.75,12,2026-02-10 19:31:54,2026-02-11 21:08:01,1.07,2,0.0,0.0,REINALDO MENDEZ,OQUENDO -> VILLA,79.15,0,0.0,0.0,0,0.0,49.73,636.6,12.8,52.86,DIESEL,-3.12,-5.91,-1.1,Normal,Comportamiento Normal
VE-19,AHJ786,MERCEDES BENZ,ACTROS 4144 K,38.75,12,2026-02-11 21:08:01,2026-02-12 18:07:18,0.87,2,0.0,0.0,REINALDO MENDEZ,OQUENDO -> VILLA,79.15,0,0.0,0.0,0,0.0,37.32,477.64,12.8,50.3,DIESEL,-12.99,-25.82,-1.6,Normal,Comportamiento Normal
VE-19,AHJ786,MERCEDES BENZ,ACTROS 4144 K,38.75,12,2026-02-12 18:07:18,2026-02-13 20:47:13,1.11,2,0.0,0.0,REINALDO MENDEZ,OQUENDO -> VILLA,79.15,0,0.0,0.0,0,0.0,70.0,895.96,12.8,52.86,DIESEL,17.14,32.43,-0.09,Critico,Sospecha de Fuga o Extraccion Injustificada de Combustible
VE-19,AHJ786,MERCEDES BENZ,ACTROS 4144 K,38.75,12,2026-02-13 20:47:13,2026-02-16 19:38:26,2.95,4,0.0,0.0,REINALDO MENDEZ,OQUENDO -> VILLA,158.31,0,0.0,0.0,0,0.0,53.93,690.29,12.8,62.82,DIESEL,-8.89,-14.15,-1.39,Normal,Comportamiento Normal
VE-19,AHJ786,MERCEDES BENZ,ACTROS 4144 K,38.75,12,2026-02-16 19:38:26,2026-02-18 19:50:36,2.01,4,0.0,0.0,REINALDO MENDEZ,OQUENDO -> VILLA,158.31,0,0.0,0.0,0,0.0,78.13,1000.03,12.8,63.07,DIESEL,15.06,23.88,-0.19,Advertencia,Desviacion Operativa Menor / Eficiencia Conductiva
VE-19,AHJ786,MERCEDES BENZ,ACTROS 4144 K,38.75,12,2026-02-18 19:50:36,2026-02-19 18:01:32,0.92,2,0.0,0.0,REINALDO MENDEZ,OQUENDO -> VILLA,79.15,0,0.0,0.0,0,0.0,46.74,598.28,12.8,50.3,DIESEL,-3.56,-7.08,-1.13,Normal,Comportamiento Normal
VE-19,AHJ786,MERCEDES BENZ,ACTROS 4144 K,38.75,12,2026-02-19 18:01:32,2026-02-20 18:28:10,1.02,2,0.0,0.0,REINALDO MENDEZ,OQUENDO -> VILLA,79.15,0,0.0,0.0,0,0.0,49.97,639.58,12.8,50.3,DIESEL,-0.34,-0.67,-0.96,Normal,Comportamiento Normal
VE-19,AHJ786,MERCEDES BENZ,ACTROS 4144 K,38.75,12,2026-02-20 18:28:10,2026-02-25 17:09:06,4.95,3,0.0,0.0,REINALDO MENDEZ,OQUENDO -> VILLA,118.73,0,0.0,0.0,0,0.0,73.61,952.47,12.94,68.93,DIESEL,4.68,6.79,-0.71,Normal,Comportamiento Normal
VE-19,AHJ786,MERCEDES BENZ,ACTROS 4144 K,38.75,12,2026-02-25 17:09:06,2026-02-27 21:57:11,2.2,3,104.95,418.52,DESCONOCIDO,SAN LORENZO -> MEIGGS,11.96,0,0.0,0.0,0,0.0,56.65,733.04,12.94,61.78,DIESEL,-5.13,-8.31,-1.21,Normal,Comportamiento Normal
VE-19,AHJ786,MERCEDES BENZ,ACTROS 4144 K,38.75,12,2026-02-27 21:57:11,2026-03-02 21:13:48,2.97,2,0.0,0.0,REINALDO MENDEZ,OQUENDO -> VILLA,28.04,1,19.56,53.0,0,0.52,33.27,430.57,12.94,46.53,DIESEL,-13.26,-28.49,-1.61,Normal,Comportamiento Normal
VE-19,AHJ786,MERCEDES BENZ,ACTROS 4144 K,38.75,12,2026-03-02 21:13:48,2026-03-03 17:58:22,0.86,2,0.0,0.0,REINALDO MENDEZ,OQUENDO -> VILLA,324.03,1,38.76,95.0,154,0.28,47.8,646.76,13.53,52.12,DIESEL,-4.32,-8.28,-1.16,Normal,Comportamiento Normal
VE-19,AHJ786,MERCEDES BENZ,ACTROS 4144 K,38.75,12,2026-03-03 17:58:22,2026-03-05 19:19:48,2.06,1,37.13,1751.14,REINALDO MENDEZ,YERBABUENA -> MEIGGS,443.76,1,34.19,93.0,186,0.37,82.03,1257.46,15.33,73.45,DIESEL,8.58,11.67,-0.52,Normal,Comportamiento Normal
VE-19,AHJ786,MERCEDES BENZ,ACTROS 4144 K,38.75,12,2026-03-05 19:19:48,2026-03-06 17:40:29,0.93,3,75.99,3447.95,REINALDO MENDEZ,OQUENDO -> VILLA,183.36,1,26.0,87.0,8,0.32,34.3,566.23,16.51,44.19,DIESEL,-9.89,-22.39,-1.45,Normal,Comportamiento Normal
VE-19,AHJ786,MERCEDES BENZ,ACTROS 4144 K,38.75,12,2026-03-06 17:40:29,2026-03-07 14:58:14,0.89,1,0.0,0.0,REINALDO MENDEZ,OQUENDO -> VILLA,414.47,1,37.05,96.0,156,0.25,67.71,1117.88,16.51,65.56,DIESEL,2.15,3.28,-0.84,Normal,Comportamiento Normal
VE-19,AHJ786,MERCEDES BENZ,ACTROS 4144 K,38.75,12,2026-03-07 14:58:14,2026-03-09 15:50:09,2.04,3,73.58,3470.21,REINALDO MENDEZ,YERBABUENA -> MEIGGS,461.19,1,31.62,89.0,81,0.32,74.51,1230.16,16.51,76.12,DIESEL,-1.61,-2.12,-1.03,Normal,Comportamiento Normal
VE-19,AHJ786,MERCEDES BENZ,ACTROS 4144 K,38.75,12,2026-03-09 15:50:09,2026-03-10 16:33:25,1.03,1,0.0,0.0,REINALDO MENDEZ,VILLA -> OQUENDO,198.94,1,38.39,90.0,95,0.39,36.39,621.23,17.07,43.73,DIESEL,-7.34,-16.78,-1.32,Normal,Comportamiento Normal
VE-19,AHJ786,MERCEDES BENZ,ACTROS 4144 K,38.75,12,2026-03-10 16:33:25,2026-03-13 14:00:58,2.89,6,71.71,3382.02,REINALDO MENDEZ,OQUENDO -> VILLA,378.62,1,28.69,88.0,25,0.39,73.66,1257.36,17.07,73.56,DIESEL,0.1,0.14,-0.94,Normal,Comportamiento Normal
VE-19,AHJ786,MERCEDES BENZ,ACTROS 4144 K,38.75,12,2026-03-13 14:00:58,2026-03-17 18:26:42,4.18,10,259.53,5028.61,REINALDO MENDEZ,SAN LORENZO  -> MEIGGS,354.93,1,21.62,78.0,19,0.46,73.53,1500.0,20.4,74.99,DIESEL,-1.46,-1.94,-1.02,Normal,Comportamiento Normal
VE-19,AHJ786,MERCEDES BENZ,ACTROS 4144 K,38.75,12,2026-03-17 18:26:42,2026-03-20 19:27:28,3.04,10,220.85,6400.14,REINALDO MENDEZ,YERBABUENA -> MEIGGS,376.27,1,23.06,84.0,6,0.48,84.6,1725.94,20.4,77.19,DIESEL,7.41,9.6,-0.58,Normal,Comportamiento Normal
VE-19,AHJ786,MERCEDES BENZ,ACTROS 4144 K,38.75,12,2026-03-20 19:27:28,2026-03-25 18:05:17,4.94,16,364.61,4463.97,REINALDO MENDEZ,SAN LORENZO  -> COLLIQUE,317.74,1,20.6,79.0,12,0.49,79.2,1748.76,22.08,77.16,DIESEL,2.05,2.65,-0.85,Normal,Comportamiento Normal
VE-19,AHJ786,MERCEDES BENZ,ACTROS 4144 K,38.75,12,2026-03-25 18:05:17,2026-03-28 15:34:20,2.9,9,255.02,7779.91,REINALDO MENDEZ,YERBABUENA -> MEIGGS,442.36,1,24.9,87.0,25,0.39,87.85,1836.0,20.9,78.12,DIESEL,9.72,12.44,-0.46,Normal,Comportamiento Normal
VE-19,AHJ786,MERCEDES BENZ,ACTROS 4144 K,38.75,12,2026-03-28 15:34:20,2026-04-01 12:53:50,3.89,10,291.32,5589.51,REINALDO MENDEZ,YERBABUENA -> MEIGGS,388.18,1,22.68,83.0,19,0.43,83.97,1792.67,21.35,79.46,DIESEL,4.51,5.67,-0.72,Normal,Comportamiento Normal
VE-19,AHJ786,MERCEDES BENZ,ACTROS 4144 K,38.75,12,2026-04-01 12:53:50,2026-04-06 12:46:34,4.99,6,109.23,5151.55,REINALDO MENDEZ,YERBABUENA -> MEIGGS,372.11,1,26.75,85.0,16,0.35,75.83,1547.65,20.41,74.63,DIESEL,1.2,1.61,-0.89,Normal,Comportamiento Normal
VE-19,AHJ786,MERCEDES BENZ,ACTROS 4144 K,38.75,12,2026-04-06 12:46:34,2026-04-09 14:52:46,3.09,17,350.19,3709.11,REINALDO MENDEZ,MATERIALES -> SAN LORENZO ,290.74,1,19.99,90.0,10,0.46,73.54,1585.61,21.56,68.94,DIESEL,4.6,6.67,-0.72,Normal,Comportamiento Normal
VE-19,AHJ786,MERCEDES BENZ,ACTROS 4144 K,38.75,12,2026-04-09 14:52:46,2026-04-14 08:44:51,4.74,17,409.74,5775.47,REINALDO MENDEZ,SAN LORENZO  -> COLLIQUE,352.42,1,22.28,85.0,15,0.49,84.11,1778.99,21.15,80.67,DIESEL,3.45,4.27,-0.77,Normal,Comportamiento Normal
VE-19,AHJ786,MERCEDES BENZ,ACTROS 4144 K,38.75,12,2026-04-14 08:44:51,2026-04-16 18:09:50,2.39,5,78.36,2150.43,REINALDO MENDEZ,POLIMIX SANTA ANITA -> ,382.07,1,23.17,79.0,17,0.47,78.41,1701.58,21.7,75.21,DIESEL,3.21,4.26,-0.79,Normal,Comportamiento Normal
VE-19,AHJ786,MERCEDES BENZ,ACTROS 4144 K,38.75,12,2026-04-16 18:09:50,2026-04-17 20:02:31,1.08,2,0.0,0.0,REINALDO MENDEZ,OQUENDO -> VILLA,200.7,1,24.86,77.0,6,0.36,38.03,825.23,21.7,43.73,DIESEL,-5.7,-13.04,-1.23,Normal,Comportamiento Normal
VE-19,AHJ786,MERCEDES BENZ,ACTROS 4144 K,38.75,12,2026-04-17 20:02:31,2026-04-20 18:10:45,2.92,8,180.78,3273.22,REINALDO MENDEZ,MEIGGS -> SAN LORENZO ,379.36,1,27.7,100.0,80,0.43,77.52,1662.76,21.45,74.34,DIESEL,3.17,4.27,-0.79,Normal,Comportamiento Normal
VE-19,AHJ786,MERCEDES BENZ,ACTROS 4144 K,38.75,12,2026-04-20 18:10:45,2026-04-22 16:09:00,1.92,6,38.77,0.0,REINALDO MENDEZ,POLIMIX SANTA ANITA -> ,443.06,1,27.87,90.0,124,0.39,80.42,1626.11,20.22,74.08,DIESEL,6.34,8.56,-0.63,Normal,Comportamiento Normal
VE-19,AHJ786,MERCEDES BENZ,ACTROS 4144 K,38.75,12,2026-04-22 16:09:00,2026-04-25 12:12:28,2.84,16,366.25,3135.63,REINALDO MENDEZ,SAN LORENZO  -> MEIGGS,387.99,1,22.78,84.0,61,0.47,83.7,1714.91,20.49,79.29,DIESEL,4.4,5.55,-0.73,Normal,Comportamiento Normal
VE-19,AHJ786,MERCEDES BENZ,ACTROS 4144 K,38.75,12,2026-04-25 12:12:28,2026-04-29 18:10:57,4.25,6,110.66,2038.79,REINALDO MENDEZ,OQUENDO -> VILLA,342.7,1,26.43,87.0,69,0.48,66.69,1313.13,19.69,67.57,DIESEL,-0.88,-1.3,-0.99,Normal,Comportamiento Normal
VE-19,AHJ786,MERCEDES BENZ,ACTROS 4144 K,38.75,12,2026-04-29 18:10:57,2026-05-03 00:36:58,3.27,8,145.24,2833.66,REINALDO MENDEZ,MEIGGS -> SAN LORENZO ,397.73,1,27.14,82.0,67,0.43,74.6,1603.09,21.49,75.32,DIESEL,-0.73,-0.97,-0.98,Normal,Comportamiento Normal
VE-19,AHJ786,MERCEDES BENZ,ACTROS 4144 K,38.75,12,2026-05-03 00:36:58,2026-05-04 19:06:17,1.77,5,106.5,1264.98,REINALDO MENDEZ,MATERIALES -> SAN LORENZO ,119.78,1,17.4,84.0,4,0.5,28.17,605.42,21.49,44.5,DIESEL,-16.33,-36.69,-1.77,Normal,Comportamiento Normal
VE-19,AHJ786,MERCEDES BENZ,ACTROS 4144 K,38.75,12,2026-05-04 19:06:17,2026-05-06 21:24:17,2.1,5,71.03,3349.95,REINALDO MENDEZ,OQUENDO -> VILLA,300.33,1,27.12,88.0,57,0.35,57.42,1309.27,22.8,59.36,DIESEL,-1.93,-3.26,-1.05,Normal,Comportamiento Normal
VE-19,AHJ786,MERCEDES BENZ,ACTROS 4144 K,38.75,12,2026-05-06 21:24:17,2026-05-08 18:10:16,1.87,5,151.05,5535.49,REINALDO MENDEZ,YERBABUENA -> MEIGGS,394.92,1,27.62,90.0,68,0.38,70.69,1577.82,22.32,72.62,DIESEL,-1.93,-2.66,-1.04,Normal,Comportamiento Normal
VE-19,AHJ786,MERCEDES BENZ,ACTROS 4144 K,38.75,12,2026-05-08 18:10:16,2026-05-11 17:13:00,2.96,7,180.93,4378.13,REINALDO MENDEZ,SAN LORENZO  -> MATERIALES,347.62,1,25.74,88.0,64,0.42,70.65,1576.97,22.32,67.16,DIESEL,3.49,5.2,-0.77,Normal,Comportamiento Normal
VE-19,AHJ786,MERCEDES BENZ,ACTROS 4144 K,38.75,12,2026-05-11 17:13:00,2026-05-13 22:27:04,2.22,6,110.14,3637.59,REINALDO MENDEZ,OQUENDO -> VILLA,339.49,1,29.49,91.0,90,0.33,66.58,1452.73,21.82,65.5,DIESEL,1.08,1.65,-0.89,Normal,Comportamiento Normal
VE-19,AHJ786,MERCEDES BENZ,ACTROS 4144 K,38.75,12,2026-05-13 22:27:04,2026-05-16 13:28:04,2.63,10,270.63,8080.02,REINALDO MENDEZ,YERBABUENA -> MEIGGS,432.5,1,26.59,91.0,75,0.43,85.2,1819.08,21.35,78.65,DIESEL,6.56,8.34,-0.62,Normal,Comportamiento Normal
VE-19,AHJ786,MERCEDES BENZ,ACTROS 4144 K,38.75,12,2026-05-16 13:28:04,2026-05-19 16:02:38,3.11,10,176.58,2082.14,REINALDO MENDEZ,OQUENDO -> VILLA,300.16,1,23.94,89.0,51,0.49,60.93,1244.72,20.43,57.51,DIESEL,3.42,5.94,-0.78,Normal,Comportamiento Normal
VE-19,AHJ786,MERCEDES BENZ,ACTROS 4144 K,38.75,12,2026-05-19 16:02:38,2026-05-23 16:03:08,4.0,11,249.63,3433.31,REINALDO MENDEZ,SAN LORENZO  -> COLLIQUE,349.74,1,22.6,89.0,52,0.48,85.5,1675.8,19.6,73.11,DIESEL,12.39,16.94,-0.33,Advertencia,Exceso de Ralenti (Motor encendido sin movimiento)
VE-19,AHJ786,MERCEDES BENZ,ACTROS 4144 K,38.75,12,2026-05-23 16:03:08,2026-05-28 17:45:02,5.07,18,472.51,4440.56,REINALDO MENDEZ,SAN LORENZO  -> MEIGGS,371.45,1,19.84,87.0,6,0.51,92.41,1732.74,18.75,81.69,DIESEL,10.72,13.12,-0.41,Normal,Comportamiento Normal
VE-19,AHJ786,MERCEDES BENZ,ACTROS 4144 K,38.75,12,2026-05-28 17:45:02,2026-06-01 19:28:56,4.07,10,183.24,1573.27,REINALDO MENDEZ,MATERIALES -> SAN LORENZO ,267.23,1,23.81,92.0,68,0.5,60.06,1126.11,18.75,56.93,DIESEL,3.13,5.5,-0.79,Normal,Comportamiento Normal
VE-19,AHJ786,MERCEDES BENZ,ACTROS 4144 K,38.75,12,2026-06-01 19:28:56,2026-06-02 17:13:34,0.91,3,38.14,671.91,REINALDO MENDEZ,SAN LORENZO  -> COLLIQUE,271.06,1,31.98,89.0,100,0.39,47.01,857.5,18.24,48.71,DIESEL,-1.7,-3.48,-1.03,Normal,Comportamiento Normal
VE-19,AHJ786,MERCEDES BENZ,ACTROS 4144 K,38.75,12,2026-06-02 17:13:34,2026-06-04 15:48:47,1.94,4,76.84,668.21,REINALDO MENDEZ,SAN LORENZO  -> COLLIQUE,410.48,1,30.41,100.0,147,0.39,78.69,1486.45,18.89,73.39,DIESEL,5.3,7.22,-0.68,Normal,Comportamiento Normal
VE-19,AHJ786,MERCEDES BENZ,ACTROS 4144 K,38.75,12,2026-06-04 15:48:47,2026-06-09 17:36:50,5.08,12,72.4,645.53,Reinaldo Jonas Mendez Hidalgo,SAN LORENZO  -> MEIGGS,293.55,1,19.27,81.0,11,0.57,68.25,1298.1,19.02,58.64,DIESEL,9.6,16.38,-0.47,Advertencia,Exceso de Ralenti (Motor encendido sin movimiento)
VE-19,AHJ786,MERCEDES BENZ,ACTROS 4144 K,38.75,12,2026-06-09 17:36:50,2026-06-13 11:34:13,3.75,14,0.0,0.0,Reinaldo Jonas Mendez Hidalgo,SAN LORENZO  -> OQUENDO,382.23,1,20.63,96.0,16,0.52,90.56,1775.94,19.61,72.37,DIESEL,18.19,25.14,-0.03,Advertencia,Exceso de Ralenti (Motor encendido sin movimiento)
VE-19,AHJ786,MERCEDES BENZ,ACTROS 4144 K,38.75,12,2026-06-13 11:34:13,2026-06-17 15:10:39,4.15,13,0.0,0.0,Reinaldo Jonas Mendez Hidalgo,SAN LORENZO  -> COLLIQUE,270.29,1,20.96,81.0,11,0.56,67.92,1331.93,19.61,58.0,DIESEL,9.92,17.1,-0.45,Advertencia,Falla Mecanica / Requiere Mantenimiento Preventivo
VE-19,AHJ786,MERCEDES BENZ,ACTROS 4144 K,38.75,12,2026-06-17 15:10:39,2026-06-17 15:27:38,0.01,0,0.0,0.0,DESCONOCIDO,DESCONOCIDA,7.34,1,30.16,76.0,1,0.16,71.63,1404.63,19.61,43.84,DIESEL,27.78,63.37,0.45,Critico,Falla Mecanica / Requiere Mantenimiento Preventivo
VE-19,AHJ786,MERCEDES BENZ,ACTROS 4144 K,38.75,12,2026-06-17 15:27:38,2026-06-20 21:11:43,3.24,11,0.0,0.0,Reinaldo Jonas Mendez Hidalgo,SAN LORENZO  -> MEIGGS,343.48,1,25.51,83.0,56,0.5,68.9,1351.03,19.61,64.79,DIESEL,4.1,6.33,-0.74,Normal,Comportamiento Normal
VE-19,AHJ786,MERCEDES BENZ,ACTROS 4144 K,38.75,12,2026-06-20 21:11:43,2026-06-22 17:51:16,1.86,3,0.0,0.0,Reinaldo Jonas Mendez Hidalgo,OQUENDO -> VILLA,350.33,1,35.92,90.0,163,0.38,70.85,1389.33,19.61,64.49,DIESEL,6.36,9.86,-0.63,Normal,Comportamiento Normal
VE-19,AHJ786,MERCEDES BENZ,ACTROS 4144 K,38.75,12,2026-06-22 17:51:16,2026-06-24 13:05:30,1.8,3,0.0,0.0,Reinaldo Jonas Mendez Hidalgo,OQUENDO -> VILLA,501.0,1,36.21,91.0,289,0.4,90.56,1686.25,18.62,72.45,DIESEL,18.11,25.0,-0.04,Advertencia,Exceso de Ralenti (Motor encendido sin movimiento)
VE-19,AHJ786,MERCEDES BENZ,ACTROS 4144 K,38.75,12,2026-06-24 13:05:30,2026-06-26 16:21:44,2.14,9,0.0,0.0,Reinaldo Jonas Mendez Hidalgo,SAN LORENZO  -> MEIGGS,263.41,1,21.78,88.0,13,0.52,56.81,1057.75,18.62,53.44,DIESEL,3.37,6.31,-0.78,Normal,Comportamiento Normal
VE-20,AJA905,MERCEDES BENZ,ACTROS 4144 K,38.75,12,2026-01-09 16:23:23,2026-01-13 18:16:29,4.08,6,218.36,2376.38,DESCONOCIDO,SAN LORENZO -> COLLIQUE,64.81,0,0.0,0.0,0,0.0,69.39,864.55,12.46,62.01,DIESEL,7.37,11.89,-0.58,Normal,Comportamiento Normal
VE-20,AJA905,MERCEDES BENZ,ACTROS 4144 K,38.75,12,2026-01-13 18:16:29,2026-01-16 13:37:49,2.81,8,293.45,3988.33,DESCONOCIDO,SAN LORENZO -> COLLIQUE,108.63,0,0.0,0.0,0,0.0,77.16,961.45,12.46,65.8,DIESEL,11.37,17.27,-0.38,Advertencia,Desviacion Operativa Menor / Eficiencia Conductiva
VE-20,AJA905,MERCEDES BENZ,ACTROS 4144 K,38.75,12,2026-01-16 13:37:49,2026-01-19 19:30:49,3.25,6,206.72,2654.33,DESCONOCIDO,SAN LORENZO -> COLLIQUE,78.44,0,0.0,0.0,0,0.0,69.11,861.17,12.46,62.17,DIESEL,6.94,11.17,-0.6,Normal,Comportamiento Normal
VE-20,AJA905,MERCEDES BENZ,ACTROS 4144 K,38.75,12,2026-01-19 19:30:49,2026-02-02 18:23:58,13.95,13,349.92,4860.82,JOHAN HERNANDEZ,SAN LORENZO -> COLLIQUE,166.43,0,0.0,0.0,0,0.0,72.35,934.05,12.91,76.22,DIESEL,-3.87,-5.07,-1.14,Normal,Comportamiento Normal
VE-20,AJA905,MERCEDES BENZ,ACTROS 4144 K,38.75,12,2026-02-02 18:23:58,2026-02-07 14:24:00,4.83,10,183.56,1815.95,JOHAN HERNANDEZ,SAN LORENZO  -> MEIGGS,94.28,0,0.0,0.0,0,0.0,62.0,785.58,12.67,61.51,DIESEL,0.5,0.81,-0.92,Normal,Comportamiento Normal
VE-20,AJA905,MERCEDES BENZ,ACTROS 4144 K,38.75,12,2026-02-07 14:24:00,2026-02-13 18:09:20,6.16,12,249.1,2348.04,JOHAN HERNANDEZ,SAN LORENZO  -> MEIGGS,91.2,0,0.0,0.0,0,0.0,58.82,752.83,12.8,66.4,DIESEL,-7.59,-11.43,-1.33,Normal,Comportamiento Normal
VE-20,AJA905,MERCEDES BENZ,ACTROS 4144 K,38.75,12,2026-02-13 18:09:20,2026-02-19 12:17:55,5.76,13,245.29,2563.37,JOHAN HERNANDEZ,SAN LORENZO  -> MEIGGS,106.24,0,0.0,0.0,0,0.0,67.95,869.72,12.8,66.88,DIESEL,1.06,1.59,-0.89,Normal,Comportamiento Normal
VE-20,AJA905,MERCEDES BENZ,ACTROS 4144 K,38.75,12,2026-02-19 12:17:55,2026-02-26 16:50:05,7.19,13,174.74,2455.41,JOHAN HERNANDEZ,MATERIALES -> SAN LORENZO ,135.93,0,0.0,0.0,0,0.0,89.36,1156.31,12.94,65.64,DIESEL,23.72,36.13,0.24,Critico,Sospecha de Fuga o Extraccion Injustificada de Combustible
VE-20,AJA905,MERCEDES BENZ,ACTROS 4144 K,38.75,12,2026-02-26 16:50:05,2026-03-04 16:58:30,6.01,17,351.01,3031.77,JOHAN HERNANDEZ,SAN LORENZO  -> MEIGGS,178.11,1,17.1,85.0,3,0.48,83.8,1133.84,13.53,73.71,DIESEL,10.09,13.69,-0.44,Normal,Comportamiento Normal
VE-20,AJA905,MERCEDES BENZ,ACTROS 4144 K,38.75,12,2026-03-04 16:58:30,2026-03-10 13:39:36,5.86,11,201.03,1593.04,JOHAN HERNANDEZ,SAN LORENZO  -> MEIGGS,295.74,1,20.55,87.0,25,0.42,62.59,1068.36,17.07,61.03,DIESEL,1.55,2.55,-0.87,Normal,Comportamiento Normal
VE-20,AJA905,MERCEDES BENZ,ACTROS 4144 K,38.75,12,2026-03-10 13:39:36,2026-03-13 16:31:44,3.12,9,296.77,1342.0,DESCONOCIDO,SAN LORENZO -> MEIGGS,277.72,1,18.69,87.0,14,0.46,65.53,1118.53,17.07,62.55,DIESEL,2.98,4.76,-0.8,Normal,Comportamiento Normal
VE-20,AJA905,MERCEDES BENZ,ACTROS 4144 K,38.75,12,2026-03-13 16:31:44,2026-03-20 19:33:13,7.13,10,281.55,2555.18,JOHAN HERNANDEZ,SAN LORENZO  -> MEIGGS,304.23,1,21.33,88.0,31,0.47,67.91,1385.36,20.4,65.63,DIESEL,2.28,3.48,-0.83,Normal,Comportamiento Normal
VE-20,AJA905,MERCEDES BENZ,ACTROS 4144 K,38.75,12,2026-03-20 19:33:13,2026-03-25 16:09:55,4.86,9,247.39,2704.76,JOHAN HERNANDEZ,SAN LORENZO  -> MEIGGS,277.51,1,20.79,86.0,22,0.43,64.44,1422.84,22.08,63.98,DIESEL,0.46,0.72,-0.92,Normal,Comportamiento Normal
VE-20,AJA905,MERCEDES BENZ,ACTROS 4144 K,38.75,12,2026-03-25 16:09:55,2026-03-28 16:26:46,3.01,12,347.75,3434.73,JOHAN HERNANDEZ,SAN LORENZO  -> MEIGGS,272.04,1,18.51,82.0,12,0.48,69.77,1458.19,20.9,65.05,DIESEL,4.72,7.25,-0.71,Normal,Comportamiento Normal
VE-20,AJA905,MERCEDES BENZ,ACTROS 4144 K,38.75,12,2026-03-28 16:26:46,2026-03-31 19:32:38,3.13,7,176.82,2623.28,JOHAN HERNANDEZ,COLLIQUE -> SAN LORENZO ,219.23,1,18.5,88.0,11,0.53,54.53,1202.84,22.06,52.86,DIESEL,1.67,3.15,-0.86,Normal,Comportamiento Normal
VE-20,AJA905,MERCEDES BENZ,ACTROS 4144 K,38.75,12,2026-03-31 19:32:38,2026-04-06 17:49:09,5.93,13,278.54,3307.55,JOHAN HERNANDEZ,SAN LORENZO  -> MEIGGS,294.48,1,19.65,87.0,16,0.5,73.03,1490.62,20.41,63.71,DIESEL,9.32,14.63,-0.48,Normal,Comportamiento Normal
VE-20,AJA905,MERCEDES BENZ,ACTROS 4144 K,38.75,12,2026-04-06 17:49:09,2026-04-09 15:48:08,2.92,11,340.78,3287.99,JOHAN HERNANDEZ,SAN LORENZO  -> MEIGGS,213.54,1,19.08,83.0,11,0.45,52.24,1126.27,21.56,60.96,DIESEL,-8.72,-14.31,-1.39,Normal,Comportamiento Normal
VE-20,AJA905,MERCEDES BENZ,ACTROS 4144 K,38.75,12,2026-04-09 15:48:08,2026-04-14 18:17:40,5.1,10,178.52,2373.83,JOHAN HERNANDEZ,SAN LORENZO  -> MEIGGS,216.67,1,19.13,77.0,5,0.46,55.33,1170.21,21.15,57.55,DIESEL,-2.22,-3.86,-1.06,Normal,Comportamiento Normal
VE-20,AJA905,MERCEDES BENZ,ACTROS 4144 K,38.75,12,2026-04-14 18:17:40,2026-04-17 16:16:09,2.92,13,314.32,3386.52,JOHAN HERNANDEZ,SAN LORENZO  -> MEIGGS,319.83,1,17.94,79.0,17,0.49,74.8,1623.2,21.7,68.5,DIESEL,6.3,9.19,-0.63,Normal,Comportamiento Normal
VE-20,AJA905,MERCEDES BENZ,ACTROS 4144 K,38.75,12,2026-04-17 16:16:09,2026-04-23 10:07:52,5.74,13,282.09,3079.75,JOHAN HERNANDEZ,SAN LORENZO  -> MATERIALES,233.84,1,18.74,77.0,8,0.5,55.56,1123.34,20.22,60.36,DIESEL,-4.8,-7.95,-1.19,Normal,Comportamiento Normal
VE-20,AJA905,MERCEDES BENZ,ACTROS 4144 K,38.75,12,2026-04-23 10:07:52,2026-04-28 18:35:31,5.35,7,183.11,2085.89,JOHAN HERNANDEZ,SAN LORENZO  -> COLLIQUE,238.12,1,18.12,88.0,7,0.48,55.61,1095.04,19.69,57.73,DIESEL,-2.12,-3.67,-1.05,Normal,Comportamiento Normal
VE-20,AJA905,MERCEDES BENZ,ACTROS 4144 K,38.75,12,2026-04-28 18:35:31,2026-05-02 15:05:41,3.85,10,318.12,3911.97,JOHAN HERNANDEZ,SAN LORENZO  -> MEIGGS,259.83,1,20.67,92.0,14,0.5,65.52,1407.92,21.49,68.27,DIESEL,-2.75,-4.03,-1.09,Normal,Comportamiento Normal
VE-20,AJA905,MERCEDES BENZ,ACTROS 4144 K,38.75,12,2026-05-02 15:05:41,2026-05-05 17:23:51,3.1,9,182.3,2018.73,JOHAN HERNANDEZ,SAN LORENZO  -> MEIGGS,246.0,1,19.34,88.0,14,0.45,57.99,1322.15,22.8,54.72,DIESEL,3.27,5.97,-0.78,Normal,Comportamiento Normal
VE-20,AJA905,MERCEDES BENZ,ACTROS 4144 K,38.75,12,2026-05-05 17:23:51,2026-05-08 18:20:44,3.04,8,206.68,1568.25,JOHAN HERNANDEZ,SAN LORENZO  -> MEIGGS,195.19,1,16.99,87.0,9,0.51,47.76,1066.09,22.32,52.16,DIESEL,-4.39,-8.42,-1.17,Normal,Comportamiento Normal
VE-20,AJA905,MERCEDES BENZ,ACTROS 4144 K,38.75,12,2026-05-08 18:20:44,2026-05-12 16:15:49,3.91,13,280.49,3128.88,JOHAN HERNANDEZ,SAN LORENZO  -> COLLIQUE,277.22,1,18.56,90.0,12,0.51,70.8,1578.13,22.29,61.49,DIESEL,9.31,15.14,-0.48,Advertencia,Exceso de Ralenti (Motor encendido sin movimiento)
VE-20,AJA905,MERCEDES BENZ,ACTROS 4144 K,38.75,12,2026-05-12 16:15:49,2026-06-09 19:18:29,28.13,30,291.9,2929.45,JOHAN HERNANDEZ,SAN LORENZO  -> COLLIQUE,150.53,1,19.14,77.0,9,0.61,42.17,802.05,19.02,63.43,DIESEL,-21.26,-33.51,-2.02,Normal,Comportamiento Normal
VE-20,AJA905,MERCEDES BENZ,ACTROS 4144 K,38.75,12,2026-06-09 19:18:29,2026-06-12 13:40:53,2.77,8,0.0,0.0,Johan Alejandro Hernandez Gonzales,SAN LORENZO  -> COLLIQUE,287.28,1,18.99,84.0,10,0.51,71.42,1400.49,19.61,51.6,DIESEL,19.82,38.4,0.05,Critico,Exceso de Ralenti (Motor encendido sin movimiento)
VE-20,AJA905,MERCEDES BENZ,ACTROS 4144 K,38.75,12,2026-06-12 13:40:53,2026-06-18 16:16:05,6.11,10,0.0,0.0,Johan Alejandro Hernandez Gonzales,SAN LORENZO  -> OQUENDO,278.64,1,20.05,79.0,13,0.5,67.3,1319.77,19.61,57.29,DIESEL,10.01,17.47,-0.45,Advertencia,Exceso de Ralenti (Motor encendido sin movimiento)
VE-20,AJA905,MERCEDES BENZ,ACTROS 4144 K,38.75,12,2026-06-18 16:16:05,2026-06-23 16:54:33,5.03,12,0.0,0.0,Johan Alejandro Hernandez Gonzales,SAN LORENZO  -> MEIGGS,296.91,1,19.96,86.0,25,0.48,73.12,1361.42,18.62,59.86,DIESEL,13.26,22.15,-0.28,Advertencia,Falla Mecanica / Requiere Mantenimiento Preventivo
VE-21,AJC805,MERCEDES BENZ,ACTROS 4144 K,38.75,12,2026-01-08 18:12:13,2026-01-12 16:20:40,3.92,3,119.93,1570.9,DESCONOCIDO,SAN LORENZO -> COLLIQUE,39.22,0,0.0,0.0,0,0.0,58.26,727.05,12.48,60.98,DIESEL,-2.73,-4.47,-1.08,Normal,Comportamiento Normal
VE-21,AJC805,MERCEDES BENZ,ACTROS 4144 K,38.75,12,2026-01-12 16:20:40,2026-01-16 13:26:07,3.88,11,421.55,4541.16,DESCONOCIDO,SAN LORENZO -> COLLIQUE,117.59,0,0.0,0.0,0,0.0,76.16,948.89,12.46,72.55,DIESEL,3.61,4.97,-0.77,Normal,Comportamiento Normal
VE-21,AJC805,MERCEDES BENZ,ACTROS 4144 K,38.75,12,2026-01-16 13:26:07,2026-01-20 17:56:45,4.19,9,338.78,4409.35,DESCONOCIDO,SAN LORENZO -> COLLIQUE,117.66,0,0.0,0.0,0,0.0,67.92,856.43,12.61,72.52,DIESEL,-4.6,-6.34,-1.18,Normal,Comportamiento Normal
VE-21,AJC805,MERCEDES BENZ,ACTROS 4144 K,38.75,12,2026-01-20 17:56:45,2026-02-06 14:01:30,16.84,13,214.95,3106.96,MANUEL MATHEUZ,SAN LORENZO -> COLLIQUE,137.24,0,0.0,0.0,0,0.0,67.12,850.39,12.67,65.19,DIESEL,1.92,2.95,-0.85,Normal,Comportamiento Normal
VE-21,AJC805,MERCEDES BENZ,ACTROS 4144 K,38.75,12,2026-02-06 14:01:30,2026-02-13 13:43:15,6.99,17,434.88,3144.82,MANUEL MATHEUZ,SAN LORENZO  -> MEIGGS,111.53,0,0.0,0.0,0,0.0,59.6,762.91,12.8,73.2,DIESEL,-13.59,-18.57,-1.63,Normal,Comportamiento Normal
VE-21,AJC805,MERCEDES BENZ,ACTROS 4144 K,38.75,12,2026-02-13 13:43:15,2026-02-21 12:25:06,7.95,14,289.09,1780.88,MANUEL MATHEUZ,MATERIALES -> SAN LORENZO ,90.98,0,0.0,0.0,0,0.0,63.6,814.07,12.8,66.66,DIESEL,-3.06,-4.6,-1.1,Normal,Comportamiento Normal
VE-21,AJC805,MERCEDES BENZ,ACTROS 4144 K,38.75,12,2026-02-21 12:25:06,2026-03-02 16:03:06,9.15,22,582.81,3573.37,MANUEL MATHEUZ,SAN LORENZO  -> MEIGGS,81.55,1,17.53,96.0,1,0.45,82.76,1070.98,12.94,71.38,DIESEL,11.39,15.95,-0.38,Advertencia,Exceso de Ralenti (Motor encendido sin movimiento)
VE-21,AJC805,MERCEDES BENZ,ACTROS 4144 K,38.75,12,2026-03-02 16:03:06,2026-03-09 15:20:47,6.97,20,534.91,3288.29,MANUEL MATHEUZ,SAN LORENZO  -> MEIGGS,369.22,1,17.9,100.0,11,0.44,75.9,1253.14,16.51,78.57,DIESEL,-2.66,-3.39,-1.08,Normal,Comportamiento Normal
VE-21,AJC805,MERCEDES BENZ,ACTROS 4144 K,38.75,12,2026-03-09 15:20:47,2026-03-13 14:46:18,3.98,17,411.05,3102.16,MANUEL MATHEUZ,SAN LORENZO  -> MEIGGS,312.31,1,16.96,76.0,6,0.46,69.3,1182.93,17.07,71.83,DIESEL,-2.53,-3.53,-1.08,Normal,Comportamiento Normal
VE-21,AJC805,MERCEDES BENZ,ACTROS 4144 K,38.75,12,2026-03-13 14:46:18,2026-03-19 16:43:50,6.08,16,407.44,4257.13,MANUEL MATHEUZ,SAN LORENZO  -> MEIGGS,344.42,1,17.88,76.0,2,0.48,72.69,1482.96,20.4,78.2,DIESEL,-5.5,-7.04,-1.22,Normal,Comportamiento Normal
VE-21,AJC805,MERCEDES BENZ,ACTROS 4144 K,38.75,12,2026-03-19 16:43:50,2026-03-25 16:27:22,5.99,19,503.32,3784.27,MANUEL MATHEUZ,SAN LORENZO  -> MEIGGS,309.33,1,16.11,81.0,1,0.48,74.92,1654.28,22.08,73.36,DIESEL,1.57,2.14,-0.87,Normal,Comportamiento Normal
VE-21,AJC805,MERCEDES BENZ,ACTROS 4144 K,38.75,12,2026-03-25 16:27:22,2026-03-28 15:02:00,2.94,10,264.35,3155.14,MANUEL MATHEUZ,SAN LORENZO  -> COLLIQUE,296.13,1,19.62,77.0,6,0.45,64.29,1343.7,20.9,60.88,DIESEL,3.41,5.6,-0.78,Normal,Comportamiento Normal
VE-21,AJC805,MERCEDES BENZ,ACTROS 4144 K,38.75,12,2026-03-28 15:02:00,2026-04-01 19:06:18,4.17,17,438.45,3507.26,MANUEL MATHEUZ,SAN LORENZO  -> MEIGGS,292.92,1,15.89,88.0,2,0.48,70.44,1503.79,21.35,72.68,DIESEL,-2.25,-3.09,-1.06,Normal,Comportamiento Normal
VE-21,AJC805,MERCEDES BENZ,ACTROS 4144 K,38.75,12,2026-04-01 19:06:18,2026-04-08 17:47:57,6.95,19,488.37,3929.04,MANUEL MATHEUZ,SAN LORENZO  -> MEIGGS,368.62,1,18.48,79.0,5,0.46,82.72,1783.34,21.56,79.03,DIESEL,3.69,4.67,-0.76,Normal,Comportamiento Normal
VE-21,AJC805,MERCEDES BENZ,ACTROS 4144 K,38.75,12,2026-04-08 17:47:57,2026-04-13 17:56:56,5.01,16,454.48,4129.78,MANUEL MATHEUZ,SAN LORENZO  -> MEIGGS,336.89,1,17.72,68.0,0,0.45,68.24,1390.79,20.38,74.15,DIESEL,-5.91,-7.97,-1.24,Normal,Comportamiento Normal
VE-21,AJC805,MERCEDES BENZ,ACTROS 4144 K,38.75,12,2026-04-13 17:56:56,2026-04-20 17:16:09,6.97,20,445.13,3373.38,MANUEL MATHEUZ,MATERIALES -> SAN LORENZO ,332.12,1,17.06,68.0,0,0.48,72.36,1552.1,21.45,75.84,DIESEL,-3.48,-4.59,-1.12,Normal,Comportamiento Normal
VE-21,AJC805,MERCEDES BENZ,ACTROS 4144 K,38.75,12,2026-04-20 17:16:09,2026-04-24 16:21:17,3.96,18,483.26,3759.23,MANUEL MATHEUZ,SAN LORENZO  -> MEIGGS,316.03,1,16.54,81.0,5,0.47,72.23,1460.47,20.22,72.32,DIESEL,-0.09,-0.13,-0.95,Normal,Comportamiento Normal
VE-21,AJC805,MERCEDES BENZ,ACTROS 4144 K,38.75,12,2026-04-24 16:21:17,2026-04-29 14:11:12,4.91,16,408.7,3433.97,MANUEL MATHEUZ,MATERIALES -> SAN LORENZO ,304.52,1,16.8,70.0,0,0.48,64.51,1270.18,19.69,71.97,DIESEL,-7.46,-10.37,-1.32,Normal,Comportamiento Normal
VE-21,AJC805,MERCEDES BENZ,ACTROS 4144 K,38.75,12,2026-04-29 14:11:12,2026-05-05 16:33:52,6.1,10,303.31,3360.94,MANUEL MATHEUZ,SAN LORENZO  -> COLLIQUE,280.06,1,19.48,77.0,4,0.45,59.12,1347.84,22.8,66.79,DIESEL,-7.67,-11.48,-1.33,Normal,Comportamiento Normal
VE-21,AJC805,MERCEDES BENZ,ACTROS 4144 K,38.75,12,2026-05-05 16:33:52,2026-05-09 15:10:44,3.94,14,321.23,3261.49,MANUEL MATHEUZ,MATERIALES -> SAN LORENZO ,321.59,1,17.49,77.0,1,0.45,72.09,1609.03,22.32,72.32,DIESEL,-0.23,-0.32,-0.96,Normal,Comportamiento Normal
VE-21,AJC805,MERCEDES BENZ,ACTROS 4144 K,38.75,12,2026-05-09 15:10:44,2026-05-14 17:28:31,5.1,15,398.84,3507.43,MANUEL MATHEUZ,SAN LORENZO  -> MEIGGS,301.12,1,18.44,69.0,0,0.49,64.3,1403.07,21.82,71.72,DIESEL,-7.42,-10.34,-1.32,Normal,Comportamiento Normal
VE-21,AJC805,MERCEDES BENZ,ACTROS 4144 K,38.75,12,2026-05-14 17:28:31,2026-05-20 17:03:03,5.98,17,421.55,3402.5,MANUEL MATHEUZ,SAN LORENZO  -> MATERIALES,366.0,1,17.99,81.0,3,0.46,81.75,1670.13,20.43,77.74,DIESEL,4.01,5.16,-0.75,Normal,Comportamiento Normal
VE-21,AJC805,MERCEDES BENZ,ACTROS 4144 K,38.75,12,2026-05-20 17:03:03,2026-05-23 15:17:37,2.93,10,258.39,3080.86,MANUEL MATHEUZ,MATERIALES -> SAN LORENZO ,249.33,1,17.11,76.0,2,0.45,53.44,1047.4,19.6,60.66,DIESEL,-7.22,-11.91,-1.31,Normal,Comportamiento Normal
VE-21,AJC805,MERCEDES BENZ,ACTROS 4144 K,38.75,12,2026-05-23 15:17:37,2026-05-28 17:17:18,5.08,17,441.3,3642.6,MANUEL MATHEUZ,MATERIALES -> SAN LORENZO ,328.65,1,17.46,71.0,1,0.46,70.87,1328.74,18.75,73.79,DIESEL,-2.93,-3.97,-1.09,Normal,Comportamiento Normal
VE-21,AJC805,MERCEDES BENZ,ACTROS 4144 K,38.75,12,2026-05-28 17:17:18,2026-06-04 15:21:32,6.92,16,436.24,4308.77,MANUEL MATHEUZ,SAN LORENZO  -> MEIGGS,363.39,1,17.72,76.0,1,0.48,78.39,1480.77,18.89,78.22,DIESEL,0.17,0.21,-0.94,Normal,Comportamiento Normal
VE-21,AJC805,MERCEDES BENZ,ACTROS 4144 K,38.75,12,2026-06-04 15:21:32,2026-06-10 16:55:16,6.07,13,37.88,337.75,Manuel Alejandro Matheuz Flores,MATERIALES -> SAN LORENZO ,322.25,1,17.19,74.0,1,0.48,72.73,1383.36,19.02,64.78,DIESEL,7.95,12.28,-0.55,Normal,Comportamiento Normal
VE-22,AKE789,MERCEDES BENZ,ACTROS 4144 K,38.75,11,2026-01-09 17:29:07,2026-01-13 15:37:04,3.92,6,229.14,2791.97,DESCONOCIDO,SAN LORENZO -> COLLIQUE,73.4,0,0.0,0.0,0,0.0,64.54,804.16,12.46,62.2,DIESEL,2.34,3.76,-0.83,Normal,Comportamiento Normal
VE-22,AKE789,MERCEDES BENZ,ACTROS 4144 K,38.75,11,2026-01-13 15:37:04,2026-01-16 13:04:46,2.89,9,330.98,4107.29,DESCONOCIDO,SAN LORENZO -> COLLIQUE,112.62,0,0.0,0.0,0,0.0,66.21,824.94,12.46,68.42,DIESEL,-2.22,-3.24,-1.06,Normal,Comportamiento Normal
VE-22,AKE789,MERCEDES BENZ,ACTROS 4144 K,38.75,11,2026-01-16 13:04:46,2026-01-20 16:56:48,4.16,12,420.22,4890.01,DESCONOCIDO,SAN LORENZO -> COLLIQUE,139.93,0,0.0,0.0,0,0.0,83.75,1056.13,12.61,74.34,DIESEL,9.41,12.66,-0.48,Normal,Comportamiento Normal
VE-22,AKE789,MERCEDES BENZ,ACTROS 4144 K,38.75,11,2026-01-20 16:56:48,2026-01-24 15:36:38,3.94,14,484.2,5674.44,DESCONOCIDO,SAN LORENZO -> COLLIQUE,167.49,0,0.0,0.0,0,0.0,93.17,1174.87,12.61,75.08,DIESEL,18.09,24.1,-0.04,Advertencia,Desviacion Operativa Menor / Eficiencia Conductiva
VE-22,AKE789,MERCEDES BENZ,ACTROS 4144 K,38.75,11,2026-01-24 15:36:38,2026-01-31 15:25:05,6.99,10,355.7,2671.09,DESCONOCIDO,SAN LORENZO -> MEIGGS,75.6,0,0.0,0.0,0,0.0,65.87,850.33,12.91,71.56,DIESEL,-5.7,-7.96,-1.23,Normal,Comportamiento Normal
VE-22,AKE789,MERCEDES BENZ,ACTROS 4144 K,38.75,11,2026-01-31 15:25:05,2026-02-05 16:22:02,5.04,18,311.89,2040.91,JOSE YANA,SAN LORENZO  -> MEIGGS,110.59,0,0.0,0.0,0,0.0,57.44,727.76,12.67,66.52,DIESEL,-9.08,-13.65,-1.4,Normal,Comportamiento Normal
VE-22,AKE789,MERCEDES BENZ,ACTROS 4144 K,38.75,11,2026-02-05 16:22:02,2026-02-13 13:15:01,7.87,26,498.4,3474.32,JOSE YANA,SAN LORENZO  -> MEIGGS,161.37,0,0.0,0.0,0,0.0,82.12,1051.19,12.8,76.41,DIESEL,5.71,7.48,-0.66,Normal,Comportamiento Normal
VE-22,AKE789,MERCEDES BENZ,ACTROS 4144 K,38.75,11,2026-02-13 13:15:01,2026-02-19 14:36:29,6.06,19,320.87,2575.32,JOSE YANA,SAN LORENZO  -> MEIGGS,124.55,0,0.0,0.0,0,0.0,67.05,858.27,12.8,70.94,DIESEL,-3.89,-5.48,-1.14,Normal,Comportamiento Normal
VE-22,AKE789,MERCEDES BENZ,ACTROS 4144 K,38.75,11,2026-02-19 14:36:29,2026-02-26 18:33:26,7.16,17,319.77,2561.52,JOSE YANA,MEIGGS -> SAN LORENZO ,112.47,0,0.0,0.0,0,0.0,74.13,959.28,12.94,71.33,DIESEL,2.81,3.93,-0.81,Normal,Comportamiento Normal
VE-22,AKE789,MERCEDES BENZ,ACTROS 4144 K,38.75,11,2026-02-26 18:33:26,2026-03-03 15:04:17,4.85,21,384.34,2522.13,JOSE YANA,SAN LORENZO  -> MEIGGS,172.84,1,17.7,98.0,1,0.46,70.19,949.74,13.53,67.54,DIESEL,2.65,3.92,-0.81,Normal,Comportamiento Normal
VE-22,AKE789,MERCEDES BENZ,ACTROS 4144 K,38.75,11,2026-03-03 15:04:17,2026-03-09 17:06:10,6.08,20,341.59,2592.12,JOSE YANA,SAN LORENZO  -> MEIGGS,380.72,1,17.49,80.0,6,0.46,83.19,1373.53,16.51,79.62,DIESEL,3.57,4.49,-0.77,Normal,Comportamiento Normal
VE-22,AKE789,MERCEDES BENZ,ACTROS 4144 K,38.75,11,2026-03-09 17:06:10,2026-03-13 16:47:39,3.99,21,437.31,3331.48,JOSE YANA,SAN LORENZO  -> MEIGGS,355.86,1,17.98,100.0,7,0.5,78.26,1335.86,17.07,77.56,DIESEL,0.7,0.9,-0.91,Normal,Comportamiento Normal
VE-22,AKE789,MERCEDES BENZ,ACTROS 4144 K,38.75,11,2026-03-13 16:47:39,2026-03-18 14:20:22,4.9,17,347.15,2608.16,JOSE YANA,OQUENDO -> SAN LORENZO ,285.77,1,17.91,81.0,7,0.51,71.71,1462.84,20.4,68.51,DIESEL,3.2,4.67,-0.79,Normal,Comportamiento Normal
VE-22,AKE789,MERCEDES BENZ,ACTROS 4144 K,38.75,11,2026-03-18 14:20:22,2026-03-24 17:39:26,6.14,24,423.9,2921.03,JOSE YANA,MEIGGS -> SAN LORENZO ,367.96,1,17.22,81.0,6,0.48,86.79,1916.41,22.08,81.21,DIESEL,5.58,6.87,-0.67,Normal,Comportamiento Normal
VE-22,AKE789,MERCEDES BENZ,ACTROS 4144 K,38.75,11,2026-03-24 17:39:26,2026-03-28 16:36:15,3.96,23,417.14,2815.96,JOSE YANA,OQUENDO -> SAN LORENZO ,317.7,1,17.22,100.0,7,0.52,82.25,1719.05,20.9,74.91,DIESEL,7.34,9.8,-0.58,Normal,Comportamiento Normal
VE-22,AKE789,MERCEDES BENZ,ACTROS 4144 K,38.75,11,2026-03-28 16:36:15,2026-04-01 17:28:21,4.04,19,409.99,3225.41,JOSE YANA,MEIGGS -> SAN LORENZO ,289.68,1,15.6,74.0,2,0.5,74.04,1580.73,21.35,72.81,DIESEL,1.23,1.68,-0.89,Normal,Comportamiento Normal
VE-22,AKE789,MERCEDES BENZ,ACTROS 4144 K,38.75,11,2026-04-01 17:28:21,2026-04-07 19:55:08,6.1,15,287.09,2382.92,JOSE YANA,SAN LORENZO  -> MEIGGS,245.65,1,17.95,85.0,7,0.5,57.19,1233.06,21.56,60.42,DIESEL,-3.23,-5.34,-1.11,Normal,Comportamiento Normal
VE-22,AKE789,MERCEDES BENZ,ACTROS 4144 K,38.75,11,2026-04-07 19:55:08,2026-04-10 13:15:15,2.72,18,370.74,2806.49,JOSE YANA,OQUENDO -> SAN LORENZO ,267.93,1,18.49,75.0,4,0.48,64.0,1266.56,19.79,62.59,DIESEL,1.41,2.25,-0.88,Normal,Comportamiento Normal
VE-22,AKE789,MERCEDES BENZ,ACTROS 4144 K,38.75,11,2026-04-10 13:15:15,2026-04-14 17:32:01,4.18,21,465.37,2695.07,JOSE YANA,SAN LORENZO  -> MEIGGS,279.61,1,16.88,83.0,5,0.46,65.72,1389.96,21.15,70.54,DIESEL,-4.82,-6.84,-1.19,Normal,Comportamiento Normal
VE-22,AKE789,MERCEDES BENZ,ACTROS 4144 K,38.75,11,2026-04-14 17:32:01,2026-04-17 16:55:29,2.97,17,388.37,2494.68,JOSE YANA,OQUENDO -> SAN LORENZO ,243.68,1,16.98,77.0,3,0.52,58.29,1264.85,21.7,62.25,DIESEL,-3.96,-6.36,-1.15,Normal,Comportamiento Normal
VE-22,AKE789,MERCEDES BENZ,ACTROS 4144 K,38.75,11,2026-04-17 16:55:29,2026-04-23 18:28:35,6.06,23,458.86,3204.26,JOSE YANA,SAN LORENZO  -> MEIGGS,342.28,1,17.1,74.0,3,0.5,84.85,1715.67,20.22,79.92,DIESEL,4.93,6.17,-0.7,Normal,Comportamiento Normal
VE-22,AKE789,MERCEDES BENZ,ACTROS 4144 K,38.75,11,2026-04-23 18:28:35,2026-04-28 18:08:10,4.99,24,464.63,3335.45,JOSE YANA,OQUENDO -> SAN LORENZO ,342.6,1,16.73,74.0,2,0.48,83.85,1651.09,19.69,78.72,DIESEL,5.13,6.52,-0.69,Normal,Comportamiento Normal
VE-22,AKE789,MERCEDES BENZ,ACTROS 4144 K,38.75,11,2026-04-28 18:08:10,2026-05-04 15:36:20,5.89,19,321.99,1933.8,JOSE YANA,MEIGGS -> SAN LORENZO ,278.05,1,17.84,72.0,2,0.48,66.96,1439.08,21.49,67.59,DIESEL,-0.62,-0.92,-0.98,Normal,Comportamiento Normal
VE-22,AKE789,MERCEDES BENZ,ACTROS 4144 K,38.75,11,2026-05-04 15:36:20,2026-05-08 17:21:49,4.07,16,353.11,3050.28,JOSE YANA,OQUENDO -> SAN LORENZO ,301.9,1,18.28,85.0,5,0.48,73.24,1634.63,22.32,70.42,DIESEL,2.81,3.99,-0.81,Normal,Comportamiento Normal
VE-22,AKE789,MERCEDES BENZ,ACTROS 4144 K,38.75,11,2026-05-08 17:21:49,2026-05-12 16:19:55,3.96,17,277.23,1761.43,JOSE YANA,OQUENDO -> SAN LORENZO ,264.14,1,18.26,82.0,6,0.48,62.04,1382.83,22.29,62.06,DIESEL,-0.02,-0.03,-0.95,Normal,Comportamiento Normal
VE-22,AKE789,MERCEDES BENZ,ACTROS 4144 K,38.75,11,2026-05-12 16:19:55,2026-05-16 12:50:53,3.85,20,402.22,3987.12,JOSE YANA,MEIGGS -> SAN LORENZO ,360.36,1,18.73,79.0,6,0.45,85.79,1831.7,21.35,76.97,DIESEL,8.83,11.47,-0.5,Normal,Comportamiento Normal
VE-22,AKE789,MERCEDES BENZ,ACTROS 4144 K,38.75,11,2026-05-16 12:50:53,2026-05-20 19:22:59,4.27,14,373.66,2927.55,JOSE YANA,SAN LORENZO  -> MEIGGS,256.26,1,18.14,80.0,8,0.49,60.02,1226.29,20.43,69.45,DIESEL,-9.42,-13.57,-1.42,Normal,Comportamiento Normal
VE-22,AKE789,MERCEDES BENZ,ACTROS 4144 K,38.75,11,2026-05-20 19:22:59,2026-05-23 12:38:50,2.72,14,316.89,2798.04,JOSE YANA,OQUENDO -> SAN LORENZO ,249.63,1,16.83,76.0,1,0.5,62.13,1217.71,19.6,62.96,DIESEL,-0.83,-1.31,-0.99,Normal,Comportamiento Normal
VE-22,AKE789,MERCEDES BENZ,ACTROS 4144 K,38.75,11,2026-05-23 12:38:50,2026-05-28 18:10:24,5.23,21,495.51,3988.41,JOSE YANA,SAN LORENZO  -> MEIGGS,381.88,1,18.72,81.0,8,0.53,87.47,1640.01,18.75,80.25,DIESEL,7.21,8.99,-0.59,Normal,Comportamiento Normal
VE-22,AKE789,MERCEDES BENZ,ACTROS 4144 K,38.75,11,2026-05-28 18:10:24,2026-06-02 16:20:21,4.92,14,430.03,3925.52,JOSE YANA,OQUENDO -> MATERIALES,289.03,1,18.27,76.0,2,0.52,71.05,1296.02,18.24,70.44,DIESEL,0.62,0.88,-0.92,Normal,Comportamiento Normal
VE-22,AKE789,MERCEDES BENZ,ACTROS 4144 K,38.75,11,2026-06-02 16:20:21,2026-06-05 18:00:04,3.07,17,381.83,2462.54,JOSE YANA,SAN LORENZO  -> MEIGGS,242.51,1,17.14,85.0,3,0.56,61.66,1194.26,19.37,63.15,DIESEL,-1.5,-2.37,-1.02,Normal,Comportamiento Normal
VE-22,AKE789,MERCEDES BENZ,ACTROS 4144 K,38.75,11,2026-06-05 18:00:04,2026-06-10 17:21:00,4.97,16,0.0,0.0,JOSE YANA,OQUENDO -> SAN LORENZO ,256.03,1,16.86,85.0,6,0.55,66.08,1256.9,19.02,59.42,DIESEL,6.66,11.22,-0.61,Normal,Comportamiento Normal
VE-22,AKE789,MERCEDES BENZ,ACTROS 4144 K,38.75,11,2026-06-10 17:21:00,2026-06-17 17:12:06,6.99,21,0.0,0.0,Jose Noel Yana Quispe,SAN LORENZO  -> MEIGGS,402.32,1,17.55,79.0,6,0.54,74.47,1460.27,19.61,72.66,DIESEL,1.8,2.48,-0.86,Normal,Comportamiento Normal
VE-22,AKE789,MERCEDES BENZ,ACTROS 4144 K,38.75,11,2026-06-17 17:12:06,2026-06-22 15:15:49,4.92,10,0.0,0.0,Jose Noel Yana Quispe,OQUENDO -> SAN LORENZO ,186.12,1,18.0,72.0,1,0.56,71.8,1408.06,19.61,52.63,DIESEL,19.17,36.42,0.02,Critico,Exceso de Ralenti (Motor encendido sin movimiento)
VE-22,AKE789,MERCEDES BENZ,ACTROS 4144 K,38.75,11,2026-06-22 15:15:49,2026-06-26 17:46:31,4.1,14,0.0,0.0,Jose Noel Yana Quispe,SAN LORENZO  -> MEIGGS,392.15,1,18.59,86.0,9,0.51,93.84,1747.34,18.62,70.76,DIESEL,23.08,32.61,0.21,Critico,Exceso de Ralenti (Motor encendido sin movimiento)
VE-23,AWW871,SCANIA,G480 B8X4,38.75,8,2025-12-30 18:43:45,2026-01-07 12:20:56,7.73,4,0.0,0.0,RICARDO SANCHEZ,HOSPITAL SERGIO BERNALES -> MINERA LOS PRIMOS,52.07,0,0.0,0.0,0,0.0,43.99,574.9,13.07,63.13,DIESEL,-19.14,-30.32,-1.91,Normal,Comportamiento Normal
VE-23,AWW871,SCANIA,G480 B8X4,38.75,8,2026-01-07 12:20:56,2026-01-09 12:17:47,2.0,4,0.0,0.0,RICARDO SANCHEZ,HOSPITAL SERGIO BERNALES -> MINERA LOS PRIMOS,52.07,0,0.0,0.0,0,0.0,62.48,816.61,13.07,56.02,DIESEL,6.46,11.54,-0.62,Normal,Comportamiento Normal
VE-23,AWW871,SCANIA,G480 B8X4,38.75,8,2026-01-09 12:17:47,2026-01-12 15:46:00,3.14,4,0.0,0.0,RICARDO SANCHEZ,HOSPITAL SERGIO BERNALES -> MINERA LOS PRIMOS,52.07,0,0.0,0.0,0,0.0,69.9,913.57,13.07,60.8,DIESEL,9.09,14.96,-0.49,Normal,Comportamiento Normal
VE-23,AWW871,SCANIA,G480 B8X4,38.75,8,2026-01-12 15:46:00,2026-01-14 11:24:14,1.82,4,0.0,0.0,RICARDO SANCHEZ,HOSPITAL SERGIO BERNALES -> MINERA LOS PRIMOS,52.07,0,0.0,0.0,0,0.0,52.37,652.51,12.46,53.62,DIESEL,-1.25,-2.34,-1.01,Normal,Comportamiento Normal
VE-23,AWW871,SCANIA,G480 B8X4,38.75,8,2026-01-14 11:24:14,2026-01-16 14:08:56,2.11,4,0.0,0.0,RICARDO SANCHEZ,HOSPITAL SERGIO BERNALES -> MINERA LOS PRIMOS,52.07,0,0.0,0.0,0,0.0,66.49,867.71,13.05,56.02,DIESEL,10.47,18.7,-0.42,Advertencia,Desviacion Operativa Menor / Eficiencia Conductiva
VE-23,AWW871,SCANIA,G480 B8X4,38.75,8,2026-01-16 14:08:56,2026-01-19 17:17:48,3.13,3,112.98,5328.41,DESCONOCIDO,YERBABUENA -> MEIGGS,141.49,0,0.0,0.0,0,0.0,66.0,822.4,12.46,65.89,DIESEL,0.12,0.18,-0.94,Normal,Comportamiento Normal
VE-23,AWW871,SCANIA,G480 B8X4,38.75,8,2026-01-19 17:17:48,2026-01-21 17:36:21,2.01,4,143.93,5181.99,DESCONOCIDO,YERBABUENA -> MEIGGS,145.48,0,0.0,0.0,0,0.0,62.8,791.93,12.61,60.94,DIESEL,1.87,3.06,-0.85,Normal,Comportamiento Normal
VE-23,AWW871,SCANIA,G480 B8X4,38.75,8,2026-01-21 17:36:21,2026-01-23 16:20:23,1.95,5,189.1,3754.57,DESCONOCIDO,SAN LORENZO -> COLLIQUE,96.16,0,0.0,0.0,0,0.0,51.87,654.06,12.61,56.28,DIESEL,-4.41,-7.84,-1.17,Normal,Comportamiento Normal
VE-23,AWW871,SCANIA,G480 B8X4,38.75,8,2026-01-23 16:20:23,2026-01-27 16:52:16,4.02,6,231.7,5770.32,DESCONOCIDO,YERBABUENA -> MEIGGS,153.45,0,0.0,0.0,0,0.0,64.99,838.98,12.91,66.2,DIESEL,-1.21,-1.83,-1.01,Normal,Comportamiento Normal
VE-23,AWW871,SCANIA,G480 B8X4,38.75,8,2026-01-27 16:52:16,2026-01-30 13:05:42,2.84,3,35.18,1659.17,RICARDO SANCHEZ,HOSPITAL SERGIO BERNALES -> MINERA LOS PRIMOS,73.2,0,0.0,0.0,0,0.0,76.07,1026.89,13.5,55.76,DIESEL,20.3,36.41,0.07,Critico,Sospecha de Fuga o Extraccion Injustificada de Combustible
VE-23,AWW871,SCANIA,G480 B8X4,38.75,8,2026-01-30 13:05:42,2026-02-02 17:05:34,3.17,4,0.0,0.0,RICARDO SANCHEZ,HOSPITAL SERGIO BERNALES -> MINERA LOS PRIMOS,52.07,0,0.0,0.0,0,0.0,67.24,907.77,13.5,60.8,DIESEL,6.44,10.59,-0.62,Normal,Comportamiento Normal
VE-23,AWW871,SCANIA,G480 B8X4,38.75,8,2026-02-02 17:05:34,2026-02-05 16:04:16,2.96,3,75.62,3566.42,RICARDO SANCHEZ,YERBABUENA -> MEIGGS,103.24,0,0.0,0.0,0,0.0,47.13,597.15,12.67,55.56,DIESEL,-8.43,-15.17,-1.37,Normal,Comportamiento Normal
VE-23,AWW871,SCANIA,G480 B8X4,38.75,8,2026-02-05 16:04:16,2026-02-10 13:29:25,4.89,7,38.21,1802.08,RICARDO SANCHEZ,HOSPITAL SERGIO BERNALES -> MINERA LOS PRIMOS,125.26,0,0.0,0.0,0,0.0,66.06,845.5,12.8,62.43,DIESEL,3.63,5.81,-0.77,Normal,Comportamiento Normal
VE-23,AWW871,SCANIA,G480 B8X4,38.75,8,2026-02-10 13:29:25,2026-02-13 12:51:06,2.97,3,108.86,4881.47,RICARDO SANCHEZ,YERBABUENA -> MEIGGS,134.68,0,0.0,0.0,0,0.0,53.79,688.51,12.8,59.17,DIESEL,-5.38,-9.09,-1.22,Normal,Comportamiento Normal
VE-23,AWW871,SCANIA,G480 B8X4,38.75,8,2026-02-13 12:51:06,2026-03-04 06:50:28,18.75,2,77.24,3642.83,DESCONOCIDO,YERBABUENA -> MEIGGS,62.47,1,38.83,73.0,2,0.28,43.89,644.73,14.69,52.6,DIESEL,-8.71,-16.56,-1.39,Normal,Comportamiento Normal
VE-23,AWW871,SCANIA,G480 B8X4,38.75,8,2026-03-04 06:50:28,2026-03-05 18:24:58,1.48,2,0.0,0.0,MIGUEL CHUCHON VASQUEZ,PORTILLO -> FLOR DE NIEVE,283.07,1,21.92,77.0,3,0.29,46.7,793.5,16.99,47.55,DIESEL,-0.85,-1.78,-0.99,Normal,Comportamiento Normal
VE-23,AWW871,SCANIA,G480 B8X4,38.75,8,2026-03-05 18:24:58,2026-03-07 15:59:26,1.9,4,0.0,0.0,MIGUEL CHUCHON VASQUEZ,PORTILLO -> FLOR DE NIEVE,331.91,1,21.81,79.0,1,0.26,57.71,1038.13,17.99,57.85,DIESEL,-0.14,-0.25,-0.96,Normal,Comportamiento Normal
VE-23,AWW871,SCANIA,G480 B8X4,38.75,8,2026-03-07 15:59:26,2026-03-11 11:48:21,3.83,6,0.0,0.0,MIGUEL CHUCHON VASQUEZ,PORTILLO -> FLOR DE NIEVE,340.27,1,23.0,70.0,0,0.24,64.74,1261.88,19.49,64.47,DIESEL,0.28,0.43,-0.93,Normal,Comportamiento Normal
VE-23,AWW871,SCANIA,G480 B8X4,38.75,8,2026-03-11 11:48:21,2026-03-12 21:07:28,1.39,2,0.0,0.0,MIGUEL CHUCHON VASQUEZ,PORTILLO -> FLOR DE NIEVE,308.21,1,24.53,72.0,2,0.23,54.29,1058.13,19.49,51.07,DIESEL,3.22,6.31,-0.79,Normal,Comportamiento Normal
VE-23,AWW871,SCANIA,G480 B8X4,38.75,8,2026-03-12 21:07:28,2026-04-18 15:19:24,36.76,9,184.41,1772.01,MIGUEL CHUCHON VASQUEZ,PORTILLO -> FLOR DE NIEVE,343.2,1,21.03,78.0,10,0.47,74.61,1600.36,21.45,68.0,DIESEL,6.61,9.72,-0.62,Normal,Comportamiento Normal
VE-23,AWW871,SCANIA,G480 B8X4,38.75,8,2026-04-18 15:19:24,2026-04-22 16:24:06,4.04,7,230.45,3904.05,ANGEL COUSIN,SAN LORENZO  -> MEIGGS,214.62,1,17.93,66.0,0,0.46,49.01,990.98,20.22,56.6,DIESEL,-7.59,-13.41,-1.33,Normal,Comportamiento Normal
VE-23,AWW871,SCANIA,G480 B8X4,38.75,8,2026-04-22 16:24:06,2026-04-25 15:39:13,2.97,9,190.06,2050.47,ANGEL COUSIN,SAN LORENZO  -> MATERIALES,271.75,1,17.19,67.0,0,0.42,62.28,1276.01,20.49,56.95,DIESEL,5.32,9.34,-0.68,Normal,Comportamiento Normal
VE-23,AWW871,SCANIA,G480 B8X4,38.75,8,2026-04-25 15:39:13,2026-04-28 17:40:03,3.08,5,74.63,1935.89,ANGEL COUSIN,YERBABUENA -> MEIGGS,312.56,1,21.89,76.0,2,0.35,59.04,1162.6,19.69,56.8,DIESEL,2.25,3.96,-0.83,Normal,Comportamiento Normal
VE-23,AWW871,SCANIA,G480 B8X4,38.75,8,2026-04-28 17:40:03,2026-05-04 16:01:41,5.93,6,106.72,781.21,ANGEL COUSIN,YERBABUENA -> MEIGGS,275.57,1,19.97,70.0,0,0.38,56.78,1220.25,21.49,59.88,DIESEL,-3.1,-5.18,-1.1,Normal,Comportamiento Normal
VE-23,AWW871,SCANIA,G480 B8X4,38.75,8,2026-05-04 16:01:41,2026-05-07 17:05:25,3.04,6,108.75,1442.63,ANGEL COUSIN,SAN LORENZO  -> MEIGGS,284.44,1,20.23,76.0,2,0.37,58.77,1374.63,23.39,55.08,DIESEL,3.69,6.7,-0.76,Normal,Comportamiento Normal
VE-23,AWW871,SCANIA,G480 B8X4,38.75,8,2026-05-07 17:05:25,2026-05-11 12:07:11,3.79,9,223.66,2834.09,ANGEL COUSIN,YERBABUENA -> MEIGGS,339.98,1,19.27,76.0,2,0.37,70.82,1580.59,22.32,67.56,DIESEL,3.26,4.82,-0.78,Normal,Comportamiento Normal
VE-23,AWW871,SCANIA,G480 B8X4,38.75,8,2026-05-11 12:07:11,2026-05-13 17:12:38,2.21,7,108.84,1108.81,ANGEL COUSIN,SAN LORENZO  -> MEIGGS,300.23,1,20.45,82.0,7,0.37,64.72,1412.08,21.82,55.44,DIESEL,9.28,16.74,-0.48,Advertencia,Exceso de Ralenti (Motor encendido sin movimiento)
VE-23,AWW871,SCANIA,G480 B8X4,38.75,8,2026-05-13 17:12:38,2026-05-15 18:34:22,2.06,6,145.28,4462.16,ANGEL COUSIN,YERBABUENA -> MEIGGS,262.48,1,19.96,90.0,1,0.37,57.0,1243.74,21.82,56.34,DIESEL,0.66,1.18,-0.91,Normal,Comportamiento Normal
VE-23,AWW871,SCANIA,G480 B8X4,38.75,8,2026-05-15 18:34:22,2026-05-19 17:34:00,3.96,3,110.75,5223.24,ANGEL COUSIN,YERBABUENA -> MEIGGS,282.66,1,22.74,100.0,1,0.29,52.7,1076.6,20.43,56.73,DIESEL,-4.03,-7.11,-1.15,Normal,Comportamiento Normal
VE-23,AWW871,SCANIA,G480 B8X4,38.75,8,2026-05-19 17:34:00,2026-05-21 15:39:06,1.92,7,180.31,2405.44,ANGEL COUSIN,SAN LORENZO  -> MATERIALES,199.22,1,16.49,76.0,1,0.44,50.69,1035.56,20.43,55.79,DIESEL,-5.11,-9.15,-1.2,Normal,Comportamiento Normal
VE-23,AWW871,SCANIA,G480 B8X4,38.75,8,2026-05-21 15:39:06,2026-05-23 11:24:24,1.82,3,107.86,2011.18,ANGEL COUSIN,SAN LORENZO  -> MEIGGS,211.24,1,22.9,71.0,1,0.39,36.54,716.18,19.6,46.93,DIESEL,-10.39,-22.13,-1.47,Normal,Comportamiento Normal
VE-23,AWW871,SCANIA,G480 B8X4,38.75,8,2026-05-23 11:24:24,2026-05-26 17:38:39,3.26,5,145.35,4188.88,ANGEL COUSIN,YERBABUENA -> MEIGGS,316.06,1,21.42,68.0,0,0.32,63.0,1181.29,18.75,60.32,DIESEL,2.68,4.44,-0.81,Normal,Comportamiento Normal
VE-23,AWW871,SCANIA,G480 B8X4,38.75,8,2026-05-26 17:38:39,2026-05-28 18:19:44,2.03,5,184.13,8684.02,ANGEL COUSIN,YERBABUENA -> MEIGGS,363.45,1,22.87,78.0,2,0.28,70.54,1322.66,18.75,74.2,DIESEL,-3.65,-4.93,-1.13,Normal,Comportamiento Normal
VE-23,AWW871,SCANIA,G480 B8X4,38.75,8,2026-05-28 18:19:44,2026-05-30 12:02:40,1.74,3,116.52,5495.37,ANGEL COUSIN,YERBABUENA -> MEIGGS,290.09,1,21.9,69.0,0,0.26,52.35,981.6,18.75,55.62,DIESEL,-3.27,-5.87,-1.11,Normal,Comportamiento Normal
VE-23,AWW871,SCANIA,G480 B8X4,38.75,8,2026-05-30 12:02:40,2026-06-02 17:10:57,3.21,7,218.3,3779.72,ANGEL COUSIN,SAN LORENZO  -> MEIGGS,203.02,1,17.94,68.0,0,0.4,50.17,915.05,18.24,56.6,DIESEL,-6.43,-11.36,-1.27,Normal,Comportamiento Normal
VE-23,AWW871,SCANIA,G480 B8X4,38.75,8,2026-06-02 17:10:57,2026-06-04 13:54:18,1.86,5,180.64,3294.47,ANGEL COUSIN,SAN LORENZO  -> MATERIALES,198.61,1,19.52,71.0,1,0.41,42.95,811.25,18.89,51.78,DIESEL,-8.83,-17.06,-1.39,Normal,Comportamiento Normal
VE-23,AWW871,SCANIA,G480 B8X4,38.75,8,2026-06-04 13:54:18,2026-06-06 14:18:01,2.02,3,112.94,5326.52,ANGEL COUSIN,YERBABUENA -> MEIGGS,299.17,1,22.76,79.0,2,0.32,59.93,1160.86,19.37,59.47,DIESEL,0.47,0.78,-0.92,Normal,Comportamiento Normal
VE-23,AWW871,SCANIA,G480 B8X4,38.75,8,2026-06-06 14:18:01,2026-06-11 17:05:25,5.12,5,0.0,0.0,Angel Cousin Alvarado,YERBABUENA -> MEIGGS,222.82,1,20.19,77.0,1,0.37,52.17,992.29,19.02,56.23,DIESEL,-4.06,-7.22,-1.15,Normal,Comportamiento Normal
VE-23,AWW871,SCANIA,G480 B8X4,38.75,8,2026-06-11 17:05:25,2026-06-13 11:14:18,1.76,5,0.0,0.0,Angel Cousin Alvarado,COLLIQUE -> SAN LORENZO ,148.16,1,17.52,81.0,2,0.46,37.9,743.26,19.61,47.11,DIESEL,-9.21,-19.55,-1.41,Normal,Comportamiento Normal
VE-23,AWW871,SCANIA,G480 B8X4,38.75,8,2026-06-13 11:14:18,2026-06-16 18:49:50,3.32,4,0.0,0.0,Angel Cousin Alvarado,YERBABUENA -> MEIGGS,256.78,1,22.82,65.0,0,0.34,49.81,976.79,19.61,56.54,DIESEL,-6.73,-11.9,-1.29,Normal,Comportamiento Normal
VE-23,AWW871,SCANIA,G480 B8X4,38.75,8,2026-06-16 18:49:50,2026-06-20 14:04:03,3.8,6,0.0,0.0,Angel Cousin Alvarado,MINERA LOS PRIMOS -> HOSPITAL SERGIO BERNALES,209.53,1,17.84,72.0,1,0.48,47.94,940.04,19.61,55.02,DIESEL,-7.08,-12.87,-1.3,Normal,Comportamiento Normal
VE-24,AWH708,MERCEDES BENZ,ACTROS 4144 K,38.75,8,2026-01-09 17:28:27,2026-01-13 16:03:17,3.94,4,140.98,4003.61,DESCONOCIDO,YERBABUENA -> OQUENDO,109.13,0,0.0,0.0,0,0.0,66.02,822.61,12.46,62.11,DIESEL,3.91,6.29,-0.75,Normal,Comportamiento Normal
VE-24,AWH708,MERCEDES BENZ,ACTROS 4144 K,38.75,8,2026-01-13 16:03:17,2026-01-16 16:20:17,3.01,2,75.41,3556.52,DESCONOCIDO,YERBABUENA -> MEIGGS,94.32,0,0.0,0.0,0,0.0,42.92,534.75,12.46,52.56,DIESEL,-9.64,-18.35,-1.43,Normal,Comportamiento Normal
VE-24,AWH708,MERCEDES BENZ,ACTROS 4144 K,38.75,8,2026-01-16 16:20:17,2026-01-19 16:55:56,3.02,6,215.9,5435.71,DESCONOCIDO,SAN LORENZO -> COLLIQUE,151.16,0,0.0,0.0,0,0.0,61.18,762.33,12.46,63.51,DIESEL,-2.33,-3.67,-1.06,Normal,Comportamiento Normal
VE-24,AWH708,MERCEDES BENZ,ACTROS 4144 K,38.75,8,2026-01-19 16:55:56,2026-01-21 16:47:14,1.99,4,151.0,7121.53,DESCONOCIDO,YERBABUENA -> MEIGGS,188.65,0,0.0,0.0,0,0.0,77.78,980.81,12.61,66.91,DIESEL,10.87,16.25,-0.4,Advertencia,Desviacion Operativa Menor / Eficiencia Conductiva
VE-24,AWH708,MERCEDES BENZ,ACTROS 4144 K,38.75,8,2026-01-21 16:47:14,2026-01-24 16:08:10,2.97,4,154.92,6173.33,DESCONOCIDO,YERBABUENA -> MEIGGS,159.1,0,0.0,0.0,0,0.0,63.49,800.66,12.61,63.96,DIESEL,-0.47,-0.73,-0.97,Normal,Comportamiento Normal
VE-24,AWH708,MERCEDES BENZ,ACTROS 4144 K,38.75,8,2026-01-24 16:08:10,2026-01-27 16:54:55,3.03,2,70.3,1921.88,DESCONOCIDO,YERBABUENA -> MEIGGS,53.94,0,0.0,0.0,0,0.0,39.13,505.16,12.91,52.76,DIESEL,-13.64,-25.84,-1.63,Normal,Comportamiento Normal
VE-24,AWH708,MERCEDES BENZ,ACTROS 4144 K,38.75,8,2026-01-27 16:54:55,2026-01-30 16:22:23,2.98,4,149.89,5916.6,DESCONOCIDO,YERBABUENA -> MEIGGS,159.1,0,0.0,0.0,0,0.0,64.88,837.61,12.91,63.96,DIESEL,0.92,1.44,-0.9,Normal,Comportamiento Normal
VE-24,AWH708,MERCEDES BENZ,ACTROS 4144 K,38.75,8,2026-01-30 16:22:23,2026-02-02 13:42:15,2.89,6,147.69,3785.03,CARLOS NIETO,OQUENDO -> SAN LORENZO ,111.85,0,0.0,0.0,0,0.0,52.34,675.71,12.91,57.07,DIESEL,-4.73,-8.29,-1.19,Normal,Comportamiento Normal
VE-24,AWH708,MERCEDES BENZ,ACTROS 4144 K,38.75,8,2026-02-02 13:42:15,2026-02-04 13:47:25,2.0,4,114.75,5411.89,CARLOS NIETO,YERBABUENA -> MEIGGS,150.4,0,0.0,0.0,0,0.0,62.75,810.05,12.91,63.74,DIESEL,-0.99,-1.55,-1.0,Normal,Comportamiento Normal
VE-24,AWH708,MERCEDES BENZ,ACTROS 4144 K,38.75,8,2026-02-04 13:47:25,2026-02-06 15:06:57,2.06,2,77.29,3380.38,CARLOS NIETO,YERBABUENA -> MEIGGS,87.52,0,0.0,0.0,0,0.0,39.08,495.21,12.67,52.81,DIESEL,-13.73,-25.99,-1.64,Normal,Comportamiento Normal
VE-24,AWH708,MERCEDES BENZ,ACTROS 4144 K,38.75,8,2026-02-06 15:06:57,2026-02-10 16:41:56,4.07,3,118.11,5570.35,CARLOS NIETO,YERBABUENA -> MEIGGS,141.49,0,0.0,0.0,0,0.0,61.86,791.83,12.8,65.89,DIESEL,-4.02,-6.11,-1.15,Normal,Comportamiento Normal
VE-24,AWH708,MERCEDES BENZ,ACTROS 4144 K,38.75,8,2026-02-10 16:41:56,2026-02-12 16:06:50,1.98,4,150.86,5408.27,CARLOS NIETO,YERBABUENA -> MEIGGS,144.46,0,0.0,0.0,0,0.0,61.23,783.76,12.8,62.16,DIESEL,-0.93,-1.5,-0.99,Normal,Comportamiento Normal
VE-24,AWH708,MERCEDES BENZ,ACTROS 4144 K,38.75,8,2026-02-12 16:06:50,2026-02-16 17:07:07,4.04,3,118.71,5598.65,CARLOS NIETO,YERBABUENA -> MEIGGS,141.49,0,0.0,0.0,0,0.0,58.85,753.27,12.8,65.89,DIESEL,-7.04,-10.68,-1.3,Normal,Comportamiento Normal
VE-24,AWH708,MERCEDES BENZ,ACTROS 4144 K,38.75,8,2026-02-16 17:07:07,2026-02-18 15:14:43,1.92,3,115.53,5448.67,CARLOS NIETO,YERBABUENA -> MEIGGS,141.49,0,0.0,0.0,0,0.0,59.09,756.31,12.8,62.16,DIESEL,-3.07,-4.95,-1.1,Normal,Comportamiento Normal
VE-24,AWH708,MERCEDES BENZ,ACTROS 4144 K,38.75,8,2026-02-18 15:14:43,2026-02-20 15:21:09,2.0,4,117.13,5524.13,CARLOS NIETO,YERBABUENA -> MEIGGS,188.65,0,0.0,0.0,0,0.0,75.66,968.42,12.8,63.93,DIESEL,11.73,18.34,-0.36,Advertencia,Desviacion Operativa Menor / Eficiencia Conductiva
VE-24,AWH708,MERCEDES BENZ,ACTROS 4144 K,38.75,8,2026-02-20 15:21:09,2026-02-25 15:32:23,5.01,4,150.8,6961.04,CARLOS NIETO,YERBABUENA -> MEIGGS,184.98,0,0.0,0.0,0,0.0,77.26,999.71,12.94,69.81,DIESEL,7.45,10.67,-0.57,Normal,Comportamiento Normal
VE-24,AWH708,MERCEDES BENZ,ACTROS 4144 K,38.75,8,2026-02-25 15:32:23,2026-02-26 15:16:44,0.99,2,75.55,3563.12,CARLOS NIETO,YERBABUENA -> MEIGGS,94.32,0,0.0,0.0,0,0.0,40.17,519.8,12.94,47.2,DIESEL,-7.03,-14.89,-1.3,Normal,Comportamiento Normal
VE-24,AWH708,MERCEDES BENZ,ACTROS 4144 K,38.75,8,2026-02-26 15:16:44,2026-03-02 16:13:55,4.04,6,215.52,3937.36,CARLOS NIETO,SAN LORENZO  -> MEIGGS,114.49,1,20.69,69.0,0,0.0,51.39,664.95,12.94,56.6,DIESEL,-5.21,-9.21,-1.21,Normal,Comportamiento Normal
VE-24,AWH708,MERCEDES BENZ,ACTROS 4144 K,38.75,8,2026-03-02 16:13:55,2026-03-04 15:16:37,1.96,4,73.84,1927.71,CARLOS NIETO,YERBABUENA -> MEIGGS,319.33,1,25.62,97.0,10,0.0,60.58,819.67,13.53,58.41,DIESEL,2.18,3.72,-0.84,Normal,Comportamiento Normal
VE-24,AWH708,MERCEDES BENZ,ACTROS 4144 K,38.75,8,2026-03-04 15:16:37,2026-03-05 18:14:41,1.12,2,72.77,3432.01,DESCONOCIDO,YERBABUENA -> MEIGGS,265.33,1,26.82,76.0,7,0.0,53.44,819.24,15.33,47.04,DIESEL,6.4,13.62,-0.63,Normal,Comportamiento Normal
VE-24,AWH708,MERCEDES BENZ,ACTROS 4144 K,38.75,8,2026-03-05 18:14:41,2026-03-07 14:41:17,1.85,5,184.98,8443.82,DESCONOCIDO,YERBABUENA -> MEIGGS,379.63,1,25.45,86.0,11,0.0,67.53,1114.84,16.51,73.26,DIESEL,-5.74,-7.83,-1.24,Normal,Comportamiento Normal
VE-24,AWH708,MERCEDES BENZ,ACTROS 4144 K,38.75,8,2026-03-07 14:41:17,2026-03-10 19:12:25,3.19,5,114.56,5402.93,JOSE ALAMO VELIZ,YERBABUENA -> MEIGGS,396.91,1,27.1,92.0,23,0.0,79.93,1364.46,17.07,71.34,DIESEL,8.6,12.05,-0.52,Normal,Comportamiento Normal
VE-24,AWH708,MERCEDES BENZ,ACTROS 4144 K,38.75,8,2026-03-10 19:12:25,2026-03-12 10:47:15,1.65,4,145.15,5404.46,CARLOS NIETO,YERBABUENA -> MEIGGS,316.12,1,26.39,83.0,8,0.0,60.13,1026.44,17.07,58.12,DIESEL,2.01,3.46,-0.85,Normal,Comportamiento Normal
VE-24,AWH708,MERCEDES BENZ,ACTROS 4144 K,38.75,8,2026-03-12 10:47:15,2026-03-14 12:11:39,2.06,4,143.19,5298.2,DESCONOCIDO,YERBABUENA -> MEIGGS,325.48,1,25.32,82.0,5,0.0,64.37,1098.73,17.07,61.18,DIESEL,3.19,5.21,-0.79,Normal,Comportamiento Normal
VE-24,AWH708,MERCEDES BENZ,ACTROS 4144 K,38.75,8,2026-03-14 12:11:39,2026-03-18 15:05:33,4.12,4,77.3,1960.55,CARLOS NIETO,YERBABUENA -> MEIGGS,236.46,1,24.04,82.0,9,0.0,48.14,981.97,20.4,55.4,DIESEL,-7.26,-13.11,-1.31,Normal,Comportamiento Normal
VE-24,AWH708,MERCEDES BENZ,ACTROS 4144 K,38.75,8,2026-03-18 15:05:33,2026-03-20 19:00:32,2.16,5,189.3,7244.47,CARLOS NIETO,YERBABUENA -> MEIGGS,409.15,1,25.3,80.0,11,0.0,78.48,1601.09,20.4,76.06,DIESEL,2.43,3.19,-0.83,Normal,Comportamiento Normal
VE-24,AWH708,MERCEDES BENZ,ACTROS 4144 K,38.75,8,2026-03-20 19:00:32,2026-03-23 17:16:48,2.93,7,218.74,4150.24,CARLOS NIETO,YERBABUENA -> MEIGGS,267.77,1,23.18,79.0,7,0.0,55.85,1139.4,20.4,57.54,DIESEL,-1.69,-2.93,-1.03,Normal,Comportamiento Normal
VE-24,AWH708,MERCEDES BENZ,ACTROS 4144 K,38.75,8,2026-03-23 17:16:48,2026-03-25 15:59:00,1.95,4,147.38,3966.62,CARLOS NIETO,YERBABUENA -> MEIGGS,247.49,1,24.33,77.0,11,0.0,48.98,1081.39,22.08,53.77,DIESEL,-4.79,-8.92,-1.19,Normal,Comportamiento Normal
VE-24,AWH708,MERCEDES BENZ,ACTROS 4144 K,38.75,8,2026-03-25 15:59:00,2026-03-27 17:47:22,2.08,4,144.06,6794.22,CARLOS NIETO,YERBABUENA -> MEIGGS,396.42,1,25.7,77.0,11,0.0,75.44,1576.63,20.9,72.96,DIESEL,2.47,3.39,-0.82,Normal,Comportamiento Normal
VE-24,AWH708,MERCEDES BENZ,ACTROS 4144 K,38.75,8,2026-03-27 17:47:22,2026-03-30 18:05:28,3.01,4,146.13,6891.84,CARLOS NIETO,YERBABUENA -> MEIGGS,407.01,1,25.2,83.0,17,0.0,79.19,1655.01,20.9,75.81,DIESEL,3.38,4.46,-0.78,Normal,Comportamiento Normal
VE-24,AWH708,MERCEDES BENZ,ACTROS 4144 K,38.75,8,2026-03-30 18:05:28,2026-04-01 17:25:29,1.97,4,148.79,7017.3,CARLOS NIETO,YERBABUENA -> MEIGGS,401.18,1,24.85,82.0,11,0.0,76.1,1624.76,21.35,74.13,DIESEL,1.97,2.66,-0.85,Normal,Comportamiento Normal
VE-24,AWH708,MERCEDES BENZ,ACTROS 4144 K,38.75,8,2026-04-01 17:25:29,2026-04-06 12:53:58,4.81,2,76.44,2472.02,CARLOS NIETO,YERBABUENA -> MEIGGS,112.06,1,24.08,76.0,3,0.0,26.8,546.89,20.41,49.72,DIESEL,-22.92,-46.11,-2.1,Normal,Comportamiento Normal
VE-24,AWH708,MERCEDES BENZ,ACTROS 4144 K,38.75,8,2026-04-06 12:53:58,2026-04-08 15:58:07,2.13,4,149.65,5565.11,CARLOS NIETO,YERBABUENA -> MEIGGS,321.42,1,24.42,78.0,7,0.0,64.14,1382.9,21.56,62.59,DIESEL,1.56,2.49,-0.87,Normal,Comportamiento Normal
VE-24,AWH708,MERCEDES BENZ,ACTROS 4144 K,38.75,8,2026-04-08 15:58:07,2026-04-14 18:42:35,6.11,3,120.41,3799.74,CARLOS NIETO,YERBABUENA -> MEIGGS,217.22,1,23.37,100.0,11,0.0,44.26,935.99,21.15,53.99,DIESEL,-9.73,-18.03,-1.44,Normal,Comportamiento Normal
VE-24,AWH708,MERCEDES BENZ,ACTROS 4144 K,38.75,8,2026-04-14 18:42:35,2026-04-16 17:00:38,1.93,2,0.0,0.0,EDSON SANTOS,POLIMIX SANTA ANITA -> ,268.37,1,24.27,81.0,1,0.0,43.49,943.73,21.7,51.31,DIESEL,-7.82,-15.25,-1.34,Normal,Comportamiento Normal
VE-24,AWH708,MERCEDES BENZ,ACTROS 4144 K,38.75,8,2026-04-16 17:00:38,2026-04-21 16:33:42,4.98,9,252.74,4667.79,CARLOS NIETO,OQUENDO -> SAN LORENZO ,339.83,1,21.88,89.0,8,0.0,72.58,1467.67,20.22,70.74,DIESEL,1.85,2.61,-0.86,Normal,Comportamiento Normal
VE-24,AWH708,MERCEDES BENZ,ACTROS 4144 K,38.75,8,2026-04-21 16:33:42,2026-04-23 16:08:11,1.98,5,178.35,7223.1,CARLOS NIETO,YERBABUENA -> MEIGGS,399.44,1,25.97,76.0,4,0.0,72.44,1464.84,20.22,73.79,DIESEL,-1.35,-1.82,-1.02,Normal,Comportamiento Normal
VE-24,AWH708,MERCEDES BENZ,ACTROS 4144 K,38.75,8,2026-04-23 16:08:11,2026-04-25 15:52:05,1.99,5,179.86,4471.54,CARLOS NIETO,YERBABUENA -> MEIGGS,265.33,1,22.61,70.0,0,0.0,55.17,1130.37,20.49,56.42,DIESEL,-1.25,-2.22,-1.01,Normal,Comportamiento Normal
VE-24,AWH708,MERCEDES BENZ,ACTROS 4144 K,38.75,8,2026-04-25 15:52:05,2026-04-28 16:20:25,3.02,4,147.12,5811.96,CARLOS NIETO,YERBABUENA -> MEIGGS,308.78,1,25.5,76.0,4,0.0,58.28,1147.45,19.69,61.21,DIESEL,-2.94,-4.8,-1.1,Normal,Comportamiento Normal
VE-24,AWH708,MERCEDES BENZ,ACTROS 4144 K,38.75,8,2026-04-28 16:20:25,2026-04-30 11:43:11,1.81,2,72.97,3441.44,CARLOS NIETO,YERBABUENA -> MEIGGS,218.99,1,24.27,77.0,2,0.0,41.74,856.09,20.51,45.01,DIESEL,-3.27,-7.26,-1.11,Normal,Comportamiento Normal
VE-24,AWH708,MERCEDES BENZ,ACTROS 4144 K,38.75,8,2026-04-30 11:43:11,2026-05-04 16:04:36,4.18,2,74.91,3532.94,CARLOS NIETO,YERBABUENA -> MEIGGS,214.2,1,25.1,76.0,4,0.0,42.72,918.03,21.49,49.97,DIESEL,-7.25,-14.51,-1.31,Normal,Comportamiento Normal
VE-24,AWH708,MERCEDES BENZ,ACTROS 4144 K,38.75,8,2026-05-04 16:04:36,2026-05-07 15:16:15,2.97,5,182.05,7499.23,CARLOS NIETO,YERBABUENA -> MEIGGS,399.84,1,26.34,81.0,9,0.0,76.08,1779.42,23.39,75.64,DIESEL,0.43,0.57,-0.93,Normal,Comportamiento Normal
VE-24,AWH708,MERCEDES BENZ,ACTROS 4144 K,38.75,8,2026-05-07 15:16:15,2026-05-08 17:09:42,1.08,3,113.33,3868.5,CARLOS NIETO,YERBABUENA -> MEIGGS,214.28,1,25.53,84.0,6,0.0,44.68,997.3,22.32,47.2,DIESEL,-2.52,-5.34,-1.07,Normal,Comportamiento Normal
VE-24,AWH708,MERCEDES BENZ,ACTROS 4144 K,38.75,8,2026-05-08 17:09:42,2026-05-11 12:47:54,2.82,5,183.02,4741.47,CARLOS NIETO,SAN LORENZO  -> COLLIQUE,250.68,1,24.45,79.0,3,0.0,50.31,1123.01,22.32,55.86,DIESEL,-5.55,-9.93,-1.23,Normal,Comportamiento Normal
VE-24,AWH708,MERCEDES BENZ,ACTROS 4144 K,38.75,8,2026-05-11 12:47:54,2026-05-13 15:02:53,2.09,7,150.08,3823.2,CARLOS NIETO,YERBABUENA -> MEIGGS,319.55,1,23.81,77.0,5,0.0,67.21,1466.57,21.82,59.78,DIESEL,7.43,12.43,-0.57,Normal,Comportamiento Normal
VE-24,AWH708,MERCEDES BENZ,ACTROS 4144 K,38.75,8,2026-05-13 15:02:53,2026-05-15 17:03:29,2.08,4,149.23,7038.05,CARLOS NIETO,YERBABUENA -> MEIGGS,399.75,1,25.93,87.0,17,0.0,76.2,1662.66,21.82,75.89,DIESEL,0.31,0.4,-0.93,Normal,Comportamiento Normal
VE-24,AWH708,MERCEDES BENZ,ACTROS 4144 K,38.75,8,2026-05-15 17:03:29,2026-05-19 17:11:18,4.01,3,111.95,5279.83,CARLOS NIETO,YERBABUENA -> MEIGGS,305.56,1,25.8,81.0,14,0.0,58.79,1201.1,20.43,58.83,DIESEL,-0.04,-0.06,-0.95,Normal,Comportamiento Normal
VE-24,AWH708,MERCEDES BENZ,ACTROS 4144 K,38.75,8,2026-05-19 17:11:18,2026-05-21 16:46:28,1.98,5,180.2,5450.24,CARLOS NIETO,YERBABUENA -> MEIGGS,345.83,1,24.5,86.0,11,0.0,69.58,1421.52,20.43,65.45,DIESEL,4.13,6.32,-0.74,Normal,Comportamiento Normal
VE-24,AWH708,MERCEDES BENZ,ACTROS 4144 K,38.75,8,2026-05-21 16:46:28,2026-05-23 11:13:48,1.77,3,112.21,5160.03,CARLOS NIETO,YERBABUENA -> MEIGGS,226.05,1,24.49,80.0,5,0.0,45.44,890.53,19.6,50.01,DIESEL,-4.58,-9.16,-1.18,Normal,Comportamiento Normal
VE-24,AWH708,MERCEDES BENZ,ACTROS 4144 K,38.75,8,2026-05-23 11:13:48,2026-05-26 16:00:41,3.2,4,156.68,7389.41,CARLOS NIETO,YERBABUENA -> MEIGGS,395.76,1,26.84,82.0,8,0.0,73.49,1377.99,18.75,73.32,DIESEL,0.17,0.24,-0.94,Normal,Comportamiento Normal
VE-24,AWH708,MERCEDES BENZ,ACTROS 4144 K,38.75,8,2026-05-26 16:00:41,2026-05-28 13:54:47,1.91,7,231.22,4759.37,CARLOS NIETO,YERBABUENA -> MEIGGS,390.94,1,25.57,77.0,10,0.0,76.36,1431.75,18.75,69.72,DIESEL,6.64,9.52,-0.61,Normal,Comportamiento Normal
VE-24,AWH708,MERCEDES BENZ,ACTROS 4144 K,38.75,8,2026-05-28 13:54:47,2026-05-30 12:42:55,1.95,3,119.36,5629.31,CARLOS NIETO,YERBABUENA -> MEIGGS,339.47,1,24.93,80.0,7,0.0,66.6,1248.75,18.75,65.28,DIESEL,1.32,2.03,-0.88,Normal,Comportamiento Normal
VE-24,AWH708,MERCEDES BENZ,ACTROS 4144 K,38.75,8,2026-05-30 12:42:55,2026-06-02 16:30:42,3.16,7,189.41,4613.18,CARLOS NIETO,YERBABUENA -> MEIGGS,279.85,1,21.89,98.0,3,0.0,60.15,1097.1,18.24,59.69,DIESEL,0.46,0.77,-0.92,Normal,Comportamiento Normal
VE-24,AWH708,MERCEDES BENZ,ACTROS 4144 K,38.75,8,2026-06-02 16:30:42,2026-06-04 15:02:22,1.94,5,190.81,5340.37,CARLOS NIETO,YERBABUENA -> MEIGGS,270.78,1,22.56,77.0,5,0.0,56.55,1068.25,18.89,59.34,DIESEL,-2.78,-4.69,-1.09,Normal,Comportamiento Normal
VE-24,AWH708,MERCEDES BENZ,ACTROS 4144 K,38.75,8,2026-06-04 15:02:22,2026-06-06 12:32:06,1.9,3,76.0,3584.34,CARLOS NIETO,YERBABUENA -> MEIGGS,308.53,1,23.85,66.0,0,0.0,55.53,1075.56,19.37,55.61,DIESEL,-0.08,-0.14,-0.95,Normal,Comportamiento Normal
VE-24,AWH708,MERCEDES BENZ,ACTROS 4144 K,38.75,8,2026-06-06 12:32:06,2026-06-09 17:24:58,3.2,8,0.0,0.0,CARLOS NIETO,YERBABUENA -> MEIGGS,286.82,1,20.33,70.0,0,0.0,64.71,1230.73,19.02,58.54,DIESEL,6.17,10.53,-0.64,Normal,Comportamiento Normal
VE-24,AWH708,MERCEDES BENZ,ACTROS 4144 K,38.75,8,2026-06-09 17:24:58,2026-06-11 12:31:15,1.8,5,0.0,0.0,Carlos Gustavo Nieto Castillo,YERBABUENA -> MEIGGS,307.29,1,24.16,71.0,2,0.0,63.84,1214.16,19.02,54.92,DIESEL,8.91,16.22,-0.5,Advertencia,Desviacion Operativa Menor / Eficiencia Conductiva
VE-24,AWH708,MERCEDES BENZ,ACTROS 4144 K,38.75,8,2026-06-11 12:31:15,2026-06-13 11:35:05,1.96,3,0.0,0.0,Carlos Gustavo Nieto Castillo,MEIGGS -> SAN LORENZO ,241.01,1,22.55,79.0,2,0.0,51.06,1001.23,19.61,50.69,DIESEL,0.37,0.73,-0.93,Normal,Comportamiento Normal
VE-24,AWH708,MERCEDES BENZ,ACTROS 4144 K,38.75,8,2026-06-13 11:35:05,2026-06-19 14:57:19,6.14,8,0.0,0.0,Carlos Gustavo Nieto Castillo,YERBABUENA -> MEIGGS,726.95,1,24.48,78.0,12,0.0,60.82,1192.62,19.61,69.25,DIESEL,-8.43,-12.18,-1.37,Normal,Comportamiento Normal
VE-24,AWH708,MERCEDES BENZ,ACTROS 4144 K,38.75,8,2026-06-19 14:57:19,2026-06-23 16:38:13,4.07,3,0.0,0.0,Carlos Gustavo Nieto Castillo,YERBABUENA -> MEIGGS,311.99,1,25.59,87.0,2,0.0,58.95,1097.63,18.62,57.48,DIESEL,1.47,2.55,-0.87,Normal,Comportamiento Normal
VE-24,AWH708,MERCEDES BENZ,ACTROS 4144 K,38.75,8,2026-06-23 16:38:13,2026-06-25 13:34:26,1.87,5,0.0,0.0,Carlos Gustavo Nieto Castillo,YERBABUENA -> MEIGGS,228.79,1,23.46,76.0,6,0.0,46.0,856.56,18.62,51.67,DIESEL,-5.67,-10.97,-1.23,Normal,Comportamiento Normal
VE-24,AWH708,MERCEDES BENZ,ACTROS 4144 K,38.75,8,2026-06-25 13:34:26,2026-06-27 14:59:43,2.06,5,0.0,0.0,Carlos Gustavo Nieto Castillo,SAN LORENZO  -> COLLIQUE,336.27,1,23.49,78.0,2,0.0,68.83,1281.58,18.62,59.09,DIESEL,9.74,16.48,-0.46,Advertencia,Desviacion Operativa Menor / Eficiencia Conductiva
VE-25,AWW845,MERCEDES BENZ,ACTROS 4144 K,38.75,8,2026-01-14 18:44:33,2026-01-23 18:23:29,8.99,2,77.59,2107.63,DESCONOCIDO,YERBABUENA -> MEIGGS,51.15,0,0.0,0.0,0,0.0,84.21,1200.01,14.25,63.87,DIESEL,20.34,31.85,0.07,Critico,Sospecha de Fuga o Extraccion Injustificada de Combustible
VE-25,AWW845,MERCEDES BENZ,ACTROS 4144 K,38.75,8,2026-02-04 18:23:42,2026-02-09 07:05:26,4.53,1,0.0,0.0,DANNINSON GUERRERO,MINERA LOS PRIMOS -> FLOR DE NIEVE,70.08,0,0.0,0.0,0,0.0,87.32,1235.56,14.15,60.87,DIESEL,26.45,43.45,0.38,Critico,Sospecha de Fuga o Extraccion Injustificada de Combustible
VE-25,AWW845,MERCEDES BENZ,ACTROS 4144 K,38.75,8,2026-02-09 07:05:26,2026-02-14 06:04:28,4.96,6,0.0,0.0,DANNINSON GUERRERO,MINERA LOS PRIMOS -> FLOR DE NIEVE,420.5,0,0.0,0.0,0,0.0,71.24,1015.24,14.25,73.82,DIESEL,-2.57,-3.48,-1.08,Normal,Comportamiento Normal
VE-25,AWW845,MERCEDES BENZ,ACTROS 4144 K,38.75,8,2026-02-14 06:04:28,2026-02-26 17:23:20,12.47,5,36.31,144.8,DANNINSON GUERRERO,PORTILLO -> FLOR DE NIEVE,52.38,0,0.0,0.0,0,0.0,58.27,830.39,14.25,62.69,DIESEL,-4.42,-7.04,-1.17,Normal,Comportamiento Normal
VE-25,AWW845,MERCEDES BENZ,ACTROS 4144 K,38.75,8,2026-02-26 17:23:20,2026-03-07 06:12:41,8.53,8,0.0,0.0,DANNINSON GUERRERO,PORTILLO -> FLOR DE NIEVE,523.77,1,28.7,90.0,116,0.29,74.12,1333.35,17.99,71.2,DIESEL,2.92,4.1,-0.8,Normal,Comportamiento Normal
VE-25,AWW845,MERCEDES BENZ,ACTROS 4144 K,38.75,8,2026-03-07 06:12:41,2026-03-10 18:01:50,3.49,4,0.0,0.0,DANNINSON GUERRERO,PORTILLO -> FLOR DE NIEVE,436.38,1,25.06,78.0,4,0.22,75.42,1469.96,19.49,71.82,DIESEL,3.6,5.02,-0.77,Normal,Comportamiento Normal
VE-25,AWW845,MERCEDES BENZ,ACTROS 4144 K,38.75,8,2026-03-10 18:01:50,2026-03-12 18:26:23,2.02,4,0.0,0.0,DANNINSON GUERRERO,PORTILLO -> FLOR DE NIEVE,471.96,1,28.29,78.0,27,0.25,83.29,1623.38,19.49,72.71,DIESEL,10.58,14.55,-0.42,Normal,Comportamiento Normal
VE-25,AWW845,MERCEDES BENZ,ACTROS 4144 K,38.75,8,2026-03-12 18:26:23,2026-03-17 06:23:13,4.5,5,0.0,0.0,DANNINSON GUERRERO,PORTILLO -> FLOR DE NIEVE,336.88,1,31.41,79.0,37,0.37,52.41,995.23,18.99,61.84,DIESEL,-9.43,-15.25,-1.42,Normal,Comportamiento Normal
VE-25,AWW845,MERCEDES BENZ,ACTROS 4144 K,38.75,8,2026-03-17 06:23:13,2026-03-20 16:55:39,3.44,3,112.01,1255.09,DANNINSON GUERRERO,SAN LORENZO  -> OQUENDO,471.51,1,25.1,78.0,61,0.44,87.13,1777.47,20.4,72.96,DIESEL,14.17,19.43,-0.24,Advertencia,Exceso de Ralenti (Motor encendido sin movimiento)
VE-25,AWW845,MERCEDES BENZ,ACTROS 4144 K,38.75,8,2026-03-20 16:55:39,2026-04-14 17:22:56,25.02,10,326.83,3006.43,ENDERSON GUERRERO,SAN LORENZO  -> MATERIALES,453.54,1,20.28,76.0,4,0.49,101.52,2147.15,21.15,82.77,DIESEL,18.75,22.66,-0.01,Advertencia,Exceso de Ralenti (Motor encendido sin movimiento)
VE-25,AWW845,MERCEDES BENZ,ACTROS 4144 K,38.75,8,2026-04-14 17:22:56,2026-04-17 17:42:50,3.01,12,401.46,2449.2,ENDERSON GUERRERO,SAN LORENZO  -> MEIGGS,234.41,1,15.61,78.0,2,0.54,54.9,1191.33,21.7,62.58,DIESEL,-7.68,-12.28,-1.33,Normal,Comportamiento Normal
VE-25,AWW845,MERCEDES BENZ,ACTROS 4144 K,38.75,8,2026-04-17 17:42:50,2026-04-21 17:45:47,4.0,12,290.79,2721.76,ENDERSON GUERRERO,SAN LORENZO  -> MEIGGS,215.21,1,18.08,77.0,3,0.53,46.38,937.76,20.22,57.17,DIESEL,-10.79,-18.87,-1.49,Normal,Comportamiento Normal
VE-25,AWW845,MERCEDES BENZ,ACTROS 4144 K,38.75,8,2026-04-21 17:45:47,2026-04-25 15:27:55,3.9,11,414.03,3911.68,ENDERSON GUERRERO,SAN LORENZO  -> MEIGGS,278.36,1,18.26,92.0,4,0.52,63.31,1297.26,20.49,70.36,DIESEL,-7.05,-10.02,-1.3,Normal,Comportamiento Normal
VE-25,AWW845,MERCEDES BENZ,ACTROS 4144 K,38.75,8,2026-04-25 15:27:55,2026-05-04 17:44:58,9.1,17,548.32,6197.84,ENDERSON GUERRERO,SAN LORENZO  -> COLLIQUE,450.16,1,18.92,78.0,5,0.5,93.53,2010.0,21.49,82.67,DIESEL,10.86,13.14,-0.4,Normal,Comportamiento Normal
VE-25,AWW845,MERCEDES BENZ,ACTROS 4144 K,38.75,8,2026-05-04 17:44:58,2026-05-07 16:44:22,2.96,5,144.25,1519.53,ENDERSON GUERRERO,SAN LORENZO  -> COLLIQUE,200.86,1,19.99,81.0,6,0.48,44.9,1050.33,23.39,50.92,DIESEL,-6.01,-11.81,-1.25,Normal,Comportamiento Normal
VE-25,AWW845,MERCEDES BENZ,ACTROS 4144 K,38.75,8,2026-05-07 16:44:22,2026-05-11 17:32:08,4.03,12,350.9,2725.26,ENDERSON GUERRERO,SAN LORENZO  -> MATERIALES,247.56,1,18.4,100.0,3,0.52,57.94,1293.15,22.32,66.7,DIESEL,-8.76,-13.13,-1.39,Normal,Comportamiento Normal
VE-25,AWW845,MERCEDES BENZ,ACTROS 4144 K,38.75,8,2026-05-11 17:32:08,2026-05-14 17:57:50,3.02,9,212.91,1868.32,ENDERSON GUERRERO,MEIGGS -> SAN LORENZO ,179.64,1,18.67,76.0,4,0.56,43.67,952.86,21.82,48.91,DIESEL,-5.25,-10.72,-1.21,Normal,Comportamiento Normal
VE-25,AWW845,MERCEDES BENZ,ACTROS 4144 K,38.75,8,2026-05-14 17:57:50,2026-05-18 16:38:08,3.94,9,297.31,2140.42,ENDERSON GUERRERO,SAN LORENZO  -> MEIGGS,221.41,1,18.97,100.0,3,0.5,46.31,988.78,21.35,59.7,DIESEL,-13.39,-22.42,-1.62,Normal,Comportamiento Normal
VE-25,AWW845,MERCEDES BENZ,ACTROS 4144 K,38.75,8,2026-05-18 16:38:08,2026-05-21 17:20:58,3.03,12,424.06,3657.83,ENDERSON GUERRERO,SAN LORENZO  -> MATERIALES,291.01,1,18.72,76.0,5,0.47,65.62,1340.62,20.43,65.51,DIESEL,0.11,0.17,-0.94,Normal,Comportamiento Normal
VE-25,AWW845,MERCEDES BENZ,ACTROS 4144 K,38.75,8,2026-05-21 17:20:58,2026-05-23 12:01:54,1.78,5,142.25,1226.62,ENDERSON GUERRERO,SAN LORENZO  -> MATERIALES,125.82,1,17.79,76.0,2,0.47,28.94,567.18,19.6,47.58,DIESEL,-18.64,-39.18,-1.88,Normal,Comportamiento Normal
VE-25,AWW845,MERCEDES BENZ,ACTROS 4144 K,38.75,8,2026-05-23 12:01:54,2026-05-28 16:42:01,5.19,11,360.15,2810.61,ENDERSON GUERRERO,SAN LORENZO  -> MEIGGS,234.11,1,18.13,71.0,1,0.5,55.23,1035.64,18.75,67.32,DIESEL,-12.09,-17.95,-1.56,Normal,Comportamiento Normal
VE-25,AWW845,MERCEDES BENZ,ACTROS 4144 K,38.75,8,2026-05-28 16:42:01,2026-06-03 17:51:14,6.05,7,257.84,1293.87,ENDERSON GUERRERO,SAN LORENZO  -> MEIGGS,139.54,1,16.46,76.0,1,0.57,30.48,575.73,18.89,62.88,DIESEL,-32.41,-51.53,-2.58,Normal,Comportamiento Normal
VE-25,AWW845,MERCEDES BENZ,ACTROS 4144 K,38.75,8,2026-06-03 17:51:14,2026-06-05 15:13:08,1.89,7,208.81,1452.12,ENDERSON GUERRERO,SAN LORENZO  -> MEIGGS,144.46,1,18.47,77.0,4,0.49,34.78,673.71,19.37,48.54,DIESEL,-13.76,-28.34,-1.64,Normal,Comportamiento Normal
VE-25,AWW845,MERCEDES BENZ,ACTROS 4144 K,38.75,8,2026-06-05 15:13:08,2026-06-11 18:07:12,6.12,9,0.0,0.0,Enderso Davis Guerrero Sambrano,SAN LORENZO  -> MATERIALES,288.71,1,19.27,89.0,18,0.48,64.06,1218.5,19.02,59.54,DIESEL,4.52,7.59,-0.72,Normal,Comportamiento Normal
VE-25,AWW845,MERCEDES BENZ,ACTROS 4144 K,38.75,8,2026-06-11 18:07:12,2026-06-17 17:29:52,5.97,11,0.0,0.0,Enderso Davis Guerrero Sambrano,SAN LORENZO  -> MATERIALES,282.99,1,18.99,89.0,10,0.56,65.41,1282.67,19.61,57.22,DIESEL,8.18,14.3,-0.54,Normal,Comportamiento Normal
VE-25,AWW845,MERCEDES BENZ,ACTROS 4144 K,38.75,8,2026-06-17 17:29:52,2026-06-24 17:05:03,6.98,11,0.0,0.0,Enderso Davis Guerrero Sambrano,SAN LORENZO  -> MATERIALES,317.4,1,17.84,77.0,6,0.52,73.88,1375.65,18.62,60.16,DIESEL,13.72,22.82,-0.26,Advertencia,Exceso de Ralenti (Motor encendido sin movimiento)
VE-26,BAE736,MERCEDES BENZ,ACTROS 4144 K,38.75,7,2026-01-08 04:55:58,2026-01-23 19:00:35,15.59,3,110.78,1512.55,DESCONOCIDO,SAN LORENZO -> COLLIQUE,42.01,0,0.0,0.0,0,0.0,79.1,997.5,12.61,62.16,DIESEL,16.95,27.27,-0.1,Advertencia,Sospecha de Fuga o Extraccion Injustificada de Combustible
VE-26,BAE736,MERCEDES BENZ,ACTROS 4144 K,38.75,7,2026-01-23 19:00:35,2026-01-31 15:08:42,7.84,12,428.75,3005.98,DESCONOCIDO,SAN LORENZO -> MEIGGS,85.5,0,0.0,0.0,0,0.0,65.73,848.56,12.91,73.26,DIESEL,-7.53,-10.28,-1.33,Normal,Comportamiento Normal
VE-26,BAE736,MERCEDES BENZ,ACTROS 4144 K,38.75,7,2026-01-31 15:08:42,2026-02-06 13:59:43,5.95,16,435.77,3649.02,JOSE PULGAR,SAN LORENZO  -> OQUENDO,118.32,0,0.0,0.0,0,0.0,69.79,884.19,12.67,73.65,DIESEL,-3.87,-5.25,-1.14,Normal,Comportamiento Normal
VE-26,BAE736,MERCEDES BENZ,ACTROS 4144 K,38.75,7,2026-02-06 13:59:43,2026-02-10 15:48:26,4.08,11,179.98,1915.27,JOSE PULGAR,MATERIALES -> SAN LORENZO ,106.28,0,0.0,0.0,0,0.0,57.53,736.33,12.8,59.58,DIESEL,-2.06,-3.45,-1.05,Normal,Comportamiento Normal
VE-26,BAE736,MERCEDES BENZ,ACTROS 4144 K,38.75,7,2026-02-10 15:48:26,2026-02-16 15:44:41,6.0,12,179.29,1986.88,JOSE PULGAR,COLLIQUE -> SAN LORENZO ,127.37,0,0.0,0.0,0,0.0,58.72,751.59,12.8,63.18,DIESEL,-4.46,-7.06,-1.17,Normal,Comportamiento Normal
VE-26,BAE736,MERCEDES BENZ,ACTROS 4144 K,38.75,7,2026-02-16 15:44:41,2026-02-20 13:59:33,3.93,11,249.0,3168.6,JOSE PULGAR,SAN LORENZO  -> MEIGGS,104.47,0,0.0,0.0,0,0.0,53.83,688.99,12.8,64.27,DIESEL,-10.44,-16.25,-1.47,Normal,Comportamiento Normal
VE-26,BAE736,MERCEDES BENZ,ACTROS 4144 K,38.75,7,2026-02-20 13:59:33,2026-02-26 16:42:25,6.11,13,293.89,3309.28,JOSE PULGAR,SAN LORENZO  -> MEIGGS,116.21,0,0.0,0.0,0,0.0,61.86,800.47,12.94,69.23,DIESEL,-7.37,-10.65,-1.32,Normal,Comportamiento Normal
VE-26,BAE736,MERCEDES BENZ,ACTROS 4144 K,38.75,7,2026-02-26 16:42:25,2026-03-04 16:43:46,6.0,17,460.72,3986.72,JOSE PULGAR,SAN LORENZO  -> MEIGGS,202.59,1,17.53,76.0,2,0.52,66.83,904.2,13.53,69.8,DIESEL,-2.97,-4.26,-1.1,Normal,Comportamiento Normal
VE-26,BAE736,MERCEDES BENZ,ACTROS 4144 K,38.75,7,2026-03-04 16:43:46,2026-03-13 17:24:20,9.03,9,217.71,3671.6,JOSE PULGAR,SAN LORENZO  -> MEIGGS,321.09,1,21.31,77.0,11,0.53,60.44,1031.76,17.07,61.98,DIESEL,-1.54,-2.48,-1.03,Normal,Comportamiento Normal
VE-26,BAE736,MERCEDES BENZ,ACTROS 4144 K,38.75,7,2026-03-13 17:24:20,2026-03-18 17:17:02,4.99,16,400.08,4146.25,JOSE PULGAR,SAN LORENZO  -> MEIGGS,312.68,1,16.69,100.0,5,0.5,70.38,1435.65,20.4,73.22,DIESEL,-2.84,-3.88,-1.09,Normal,Comportamiento Normal
VE-26,BAE736,MERCEDES BENZ,ACTROS 4144 K,38.75,7,2026-03-18 17:17:02,2026-03-23 16:20:43,4.96,14,408.45,6755.92,JOSE PULGAR,SAN LORENZO  -> COLLIQUE,410.38,1,18.54,98.0,1,0.46,81.64,1665.37,20.4,81.14,DIESEL,0.49,0.61,-0.92,Normal,Comportamiento Normal
VE-26,BAE736,MERCEDES BENZ,ACTROS 4144 K,38.75,7,2026-03-23 16:20:43,2026-03-27 17:04:53,4.03,12,408.66,3894.2,JOSE PULGAR,SAN LORENZO  -> MEIGGS,323.32,1,17.94,87.0,10,0.48,66.63,1392.59,20.9,72.97,DIESEL,-6.34,-8.69,-1.27,Normal,Comportamiento Normal
VE-26,BAE736,MERCEDES BENZ,ACTROS 4144 K,38.75,7,2026-03-27 17:04:53,2026-03-31 18:31:42,4.06,14,440.31,4820.99,JOSE PULGAR,SAN LORENZO  -> COLLIQUE,311.07,1,17.46,66.0,0,0.49,68.68,1515.19,22.06,71.46,DIESEL,-2.78,-3.89,-1.09,Normal,Comportamiento Normal
VE-26,BAE736,MERCEDES BENZ,ACTROS 4144 K,38.75,7,2026-03-31 18:31:42,2026-04-07 14:28:32,6.83,19,481.93,4113.35,JOSE PULGAR,SAN LORENZO  -> MEIGGS,339.73,1,17.69,78.0,3,0.51,81.16,1749.87,21.56,78.17,DIESEL,2.99,3.83,-0.8,Normal,Comportamiento Normal
VE-26,BAE736,MERCEDES BENZ,ACTROS 4144 K,38.75,7,2026-04-07 14:28:32,2026-04-10 13:16:25,2.95,11,351.11,4449.77,JOSE PULGAR,SAN LORENZO  -> MATERIALES,296.79,1,18.73,90.0,4,0.46,67.32,1332.3,19.79,65.16,DIESEL,2.16,3.31,-0.84,Normal,Comportamiento Normal
VE-26,BAE736,MERCEDES BENZ,ACTROS 4144 K,38.75,7,2026-04-10 13:16:25,2026-04-15 14:45:09,5.06,18,435.07,4782.3,JOSE PULGAR,COLLIQUE -> SAN LORENZO ,372.61,1,17.74,86.0,8,0.48,83.94,1775.31,21.15,80.95,DIESEL,2.99,3.69,-0.8,Normal,Comportamiento Normal
VE-26,BAE736,MERCEDES BENZ,ACTROS 4144 K,38.75,7,2026-04-15 14:45:09,2026-05-21 16:25:53,36.07,14,320.61,9360.63,JOSE PULGAR,YERBABUENA -> MEIGGS,112.47,1,16.28,73.0,1,0.6,24.69,504.33,20.43,72.88,DIESEL,-48.2,-66.13,-3.37,Normal,Comportamiento Normal
VE-26,BAE736,MERCEDES BENZ,ACTROS 4144 K,38.75,7,2026-05-21 16:25:53,2026-05-25 17:12:10,4.03,7,213.14,1699.46,PLACIDO ARANGO,SAN LORENZO  -> MEIGGS,155.35,1,17.05,61.0,0,0.56,35.53,696.41,19.6,56.48,DIESEL,-20.95,-37.09,-2.0,Normal,Comportamiento Normal
VE-26,BAE736,MERCEDES BENZ,ACTROS 4144 K,38.75,7,2026-05-25 17:12:10,2026-05-28 16:31:15,2.97,8,182.1,3395.82,PLACIDO ARANGO,SAN LORENZO  -> COLLIQUE,367.92,1,21.34,63.0,0,0.47,75.69,1419.19,18.75,70.62,DIESEL,5.07,7.18,-0.69,Normal,Comportamiento Normal
VE-26,BAE736,MERCEDES BENZ,ACTROS 4144 K,38.75,7,2026-05-28 16:31:15,2026-05-30 13:02:54,1.86,4,111.7,3738.72,PLACIDO ARANGO,YERBABUENA -> MEIGGS,297.0,1,23.28,63.0,0,0.36,53.82,1009.22,18.75,54.63,DIESEL,-0.81,-1.48,-0.99,Normal,Comportamiento Normal
VE-26,BAE736,MERCEDES BENZ,ACTROS 4144 K,38.75,7,2026-05-30 13:02:54,2026-06-02 16:31:37,3.14,4,158.1,6289.04,PLACIDO ARANGO,YERBABUENA -> MEIGGS,305.16,1,23.79,63.0,0,0.36,52.91,965.01,18.24,60.94,DIESEL,-8.03,-13.18,-1.35,Normal,Comportamiento Normal
VE-26,BAE736,MERCEDES BENZ,ACTROS 4144 K,38.75,7,2026-06-02 16:31:37,2026-06-04 15:38:56,1.96,5,147.82,4110.64,PLACIDO ARANGO,SAN LORENZO  -> MATERIALES,260.04,1,21.14,65.0,0,0.42,53.55,1011.5,18.89,53.59,DIESEL,-0.04,-0.08,-0.95,Normal,Comportamiento Normal
VE-26,BAE736,MERCEDES BENZ,ACTROS 4144 K,38.75,7,2026-06-04 15:38:56,2026-06-06 13:23:31,1.91,4,150.57,5601.81,PLACIDO ARANGO,YERBABUENA -> MEIGGS,300.72,1,23.45,60.0,0,0.33,51.69,1001.18,19.37,57.79,DIESEL,-6.11,-10.56,-1.25,Normal,Comportamiento Normal
VE-27,BFC837,SCANIA,G540 B8X4,38.75,6,2025-12-31 15:51:56,2026-01-05 05:25:29,4.56,6,0.0,0.0,JUAN CARLOS CHURATA HUAMAN,HOSPITAL SERGIO BERNALES -> MINERA LOS PRIMOS,78.1,0,0.0,0.0,0,0.0,56.27,758.49,13.48,56.89,DIESEL,-0.62,-1.09,-0.98,Normal,Comportamiento Normal
VE-27,BFC837,SCANIA,G540 B8X4,38.75,6,2026-01-05 05:25:29,2026-01-07 13:37:12,2.34,2,0.0,0.0,JUAN CARLOS CHURATA HUAMAN,HOSPITAL SERGIO BERNALES -> MINERA LOS PRIMOS,26.03,0,0.0,0.0,0,0.0,61.5,767.52,12.48,49.2,DIESEL,12.3,25.0,-0.33,Advertencia,Desviacion Operativa Menor / Eficiencia Conductiva
VE-27,BFC837,SCANIA,G540 B8X4,38.75,6,2026-01-30 18:36:06,2026-02-10 17:51:35,10.97,1,41.27,1946.39,JUAN CARLOS CHURATA HUAMAN,YERBABUENA -> MEIGGS,47.16,0,0.0,0.0,0,0.0,63.5,850.32,13.39,59.25,DIESEL,4.25,7.17,-0.73,Normal,Comportamiento Normal
VE-27,BFC837,SCANIA,G540 B8X4,38.75,6,2026-02-10 17:51:35,2026-02-12 18:01:12,2.01,5,42.95,2025.63,JUAN CARLOS CHURATA HUAMAN,YERBABUENA -> MEIGGS,75.55,0,0.0,0.0,0,0.0,47.0,669.81,14.25,50.31,DIESEL,-3.31,-6.58,-1.11,Normal,Comportamiento Normal
VE-27,BFC837,SCANIA,G540 B8X4,38.75,6,2026-02-12 18:01:12,2026-02-16 11:30:37,3.73,5,0.0,0.0,JUAN CARLOS CHURATA HUAMAN,JICAMARCA -> SAN JUAN,70.02,0,0.0,0.0,0,0.0,48.0,642.73,13.39,56.3,DIESEL,-8.3,-14.74,-1.36,Normal,Comportamiento Normal
VE-27,BFC837,SCANIA,G540 B8X4,38.75,6,2026-02-16 11:30:37,2026-03-02 12:25:01,14.04,11,155.09,4828.64,JUAN CARLOS CHURATA HUAMAN,JICAMARCA -> HUAROCHIRI,140.51,1,30.23,77.0,22,0.32,61.88,881.83,14.25,53.73,DIESEL,8.15,15.18,-0.54,Advertencia,Estilo de Conduccion Agresivo (Excesos de Velocidad)
VE-27,BFC837,SCANIA,G540 B8X4,38.75,6,2026-03-02 12:25:01,2026-03-03 19:21:48,1.29,0,0.0,0.0,DESCONOCIDO,DESCONOCIDA,133.38,1,19.85,77.0,4,0.44,31.0,455.43,14.69,38.38,DIESEL,-7.38,-19.22,-1.32,Normal,Comportamiento Normal
VE-27,BFC837,SCANIA,G540 B8X4,38.75,6,2026-03-03 19:21:48,2026-03-10 17:54:24,6.94,3,0.0,0.0,JUAN CARLOS CHURATA HUAMAN,PORTILLO -> FLOR DE NIEVE,333.19,1,22.37,76.0,9,0.35,65.67,1279.89,19.49,62.35,DIESEL,3.32,5.32,-0.78,Normal,Comportamiento Normal
VE-27,BFC837,SCANIA,G540 B8X4,38.75,6,2026-03-10 17:54:24,2026-03-12 17:55:39,2.0,5,0.0,0.0,JUAN CARLOS CHURATA HUAMAN,PORTILLO -> FLOR DE NIEVE,395.71,1,26.41,73.0,1,0.21,60.0,1169.48,19.49,65.49,DIESEL,-5.48,-8.37,-1.22,Normal,Comportamiento Normal
VE-27,BFC837,SCANIA,G540 B8X4,38.75,6,2026-03-12 17:55:39,2026-03-16 05:17:05,3.47,7,0.0,0.0,JUAN CARLOS CHURATA HUAMAN,PORTILLO -> FLOR DE NIEVE,500.59,1,28.36,82.0,35,0.26,73.0,1246.14,17.07,67.94,DIESEL,5.06,7.44,-0.69,Normal,Comportamiento Normal
VE-27,BFC837,SCANIA,G540 B8X4,38.75,6,2026-03-16 05:17:05,2026-03-16 18:16:24,0.54,0,0.0,0.0,DESCONOCIDO,DESCONOCIDA,299.12,1,29.3,78.0,31,0.18,43.0,816.65,18.99,46.17,DIESEL,-3.16,-6.85,-1.11,Normal,Comportamiento Normal
VE-27,BFC837,SCANIA,G540 B8X4,38.75,6,2026-03-16 18:16:24,2026-03-18 13:03:15,1.78,6,0.0,0.0,JUAN CARLOS CHURATA HUAMAN,PORTILLO -> FLOR DE NIEVE,392.4,1,28.1,76.0,8,0.23,61.0,1310.95,21.49,63.32,DIESEL,-2.32,-3.66,-1.06,Normal,Comportamiento Normal
VE-27,BFC837,SCANIA,G540 B8X4,38.75,6,2026-03-18 13:03:15,2026-03-19 18:05:30,1.21,3,0.0,0.0,JUAN CARLOS CHURATA HUAMAN,PORTILLO -> FLOR DE NIEVE,343.19,1,29.03,76.0,13,0.25,55.01,1182.08,21.49,53.97,DIESEL,1.04,1.93,-0.9,Normal,Comportamiento Normal
VE-27,BFC837,SCANIA,G540 B8X4,38.75,6,2026-03-19 18:05:30,2026-03-21 16:04:42,1.92,6,0.0,0.0,JUAN CARLOS CHURATA HUAMAN,PORTILLO -> FLOR DE NIEVE,421.64,1,30.56,79.0,42,0.28,65.5,1336.26,20.4,66.75,DIESEL,-1.25,-1.87,-1.01,Normal,Comportamiento Normal
VE-27,BFC837,SCANIA,G540 B8X4,38.75,6,2026-03-21 16:04:42,2026-03-23 19:33:17,2.14,3,0.0,0.0,JUAN CARLOS CHURATA HUAMAN,PORTILLO -> FLOR DE NIEVE,310.48,1,29.43,79.0,18,0.24,47.01,1010.27,21.49,49.88,DIESEL,-2.87,-5.76,-1.09,Normal,Comportamiento Normal
VE-27,BFC837,SCANIA,G540 B8X4,38.75,6,2026-03-23 19:33:17,2026-03-24 18:04:45,0.94,3,0.0,0.0,JUAN CARLOS CHURATA HUAMAN,PORTILLO -> FLOR DE NIEVE,242.94,1,28.12,76.0,5,0.22,36.92,823.01,22.29,39.72,DIESEL,-2.8,-7.05,-1.09,Normal,Comportamiento Normal
VE-27,BFC837,SCANIA,G540 B8X4,38.75,6,2026-03-24 18:04:45,2026-03-26 13:36:54,1.81,6,0.0,0.0,JUAN CARLOS CHURATA HUAMAN,PORTILLO -> FLOR DE NIEVE,386.58,1,28.76,78.0,8,0.29,60.55,1331.43,21.99,63.8,DIESEL,-3.25,-5.09,-1.11,Normal,Comportamiento Normal
VE-27,BFC837,SCANIA,G540 B8X4,38.75,6,2026-03-26 13:36:54,2026-03-27 19:37:04,1.25,3,0.0,0.0,JUAN CARLOS CHURATA HUAMAN,PORTILLO -> FLOR DE NIEVE,348.61,1,27.8,76.0,5,0.22,53.0,1165.47,21.99,53.97,DIESEL,-0.97,-1.79,-1.0,Normal,Comportamiento Normal
VE-27,BFC837,SCANIA,G540 B8X4,38.75,6,2026-03-27 19:37:04,2026-03-30 17:32:02,2.91,5,73.95,2783.45,JUAN CARLOS CHURATA HUAMAN,PORTILLO -> FLOR DE NIEVE,344.14,1,26.55,78.0,24,0.29,53.0,1107.74,20.9,58.03,DIESEL,-5.02,-8.66,-1.2,Normal,Comportamiento Normal
VE-27,BFC837,SCANIA,G540 B8X4,38.75,6,2026-03-30 17:32:02,2026-03-31 18:12:15,1.03,3,0.0,0.0,JUAN CARLOS CHURATA HUAMAN,PORTILLO -> FLOR DE NIEVE,278.0,1,29.15,81.0,48,0.22,41.0,930.4,22.69,43.21,DIESEL,-2.2,-5.09,-1.06,Normal,Comportamiento Normal
VE-27,BFC837,SCANIA,G540 B8X4,38.75,6,2026-03-31 18:12:15,2026-04-06 05:21:37,5.46,9,0.0,0.0,JUAN CARLOS CHURATA HUAMAN,PORTILLO -> FLOR DE NIEVE,494.01,1,29.72,80.0,42,0.27,72.0,1469.54,20.41,68.27,DIESEL,3.73,5.47,-0.76,Normal,Comportamiento Normal
VE-27,BFC837,SCANIA,G540 B8X4,38.75,6,2026-04-06 05:21:37,2026-04-07 18:23:13,1.54,4,0.0,0.0,JUAN CARLOS CHURATA HUAMAN,PORTILLO -> FLOR DE NIEVE,351.36,1,28.25,81.0,24,0.26,52.0,1247.53,23.99,55.38,DIESEL,-3.38,-6.11,-1.12,Normal,Comportamiento Normal
VE-27,BFC837,SCANIA,G540 B8X4,38.75,6,2026-04-07 18:23:13,2026-04-09 18:12:08,1.99,7,0.0,0.0,JUAN CARLOS CHURATA HUAMAN,PORTILLO -> FLOR DE NIEVE,437.56,1,26.3,76.0,14,0.24,68.73,1648.81,23.99,67.44,DIESEL,1.29,1.91,-0.88,Normal,Comportamiento Normal
VE-27,BFC837,SCANIA,G540 B8X4,38.75,6,2026-04-09 18:12:08,2026-04-16 05:25:33,6.47,11,0.0,0.0,JUAN CARLOS CHURATA HUAMAN,PORTILLO -> ANCIETA,442.74,1,28.89,82.0,28,0.34,62.5,1468.2,23.49,68.46,DIESEL,-5.96,-8.71,-1.25,Normal,Comportamiento Normal
VE-27,BFC837,SCANIA,G540 B8X4,38.75,6,2026-04-16 05:25:33,2026-04-20 05:00:07,3.98,11,0.0,0.0,JUAN CARLOS CHURATA HUAMAN,PORTILLO -> ANCIETA,464.32,1,25.03,77.0,22,0.33,71.63,1536.4,21.45,67.72,DIESEL,3.9,5.76,-0.75,Normal,Comportamiento Normal
VE-27,BFC837,SCANIA,G540 B8X4,38.75,6,2026-04-20 05:00:07,2026-04-21 18:48:40,1.58,3,0.0,0.0,JUAN CARLOS CHURATA HUAMAN,PORTILLO -> ANCIETA,450.0,1,28.26,77.0,32,0.29,67.36,1548.54,22.99,63.76,DIESEL,3.59,5.64,-0.77,Normal,Comportamiento Normal
VE-27,BFC837,SCANIA,G540 B8X4,38.75,6,2026-04-21 18:48:40,2026-04-23 18:24:33,1.98,8,0.0,0.0,JUAN CARLOS CHURATA HUAMAN,PORTILLO -> ,416.3,1,29.46,77.0,13,0.28,67.01,1540.47,22.99,66.75,DIESEL,0.26,0.38,-0.94,Normal,Comportamiento Normal
VE-27,BFC837,SCANIA,G540 B8X4,38.75,6,2026-04-23 18:24:33,2026-04-27 04:58:33,3.44,13,0.0,0.0,JUAN CARLOS CHURATA HUAMAN,PORTILLO -> ANCIETA,361.75,1,30.19,78.0,25,0.32,56.0,1147.44,20.49,63.4,DIESEL,-7.4,-11.67,-1.32,Normal,Comportamiento Normal
VE-27,BFC837,SCANIA,G540 B8X4,38.75,6,2026-04-27 04:58:33,2026-04-28 20:14:08,1.64,5,0.0,0.0,JUAN CARLOS CHURATA HUAMAN,PORTILLO -> ANCIETA,415.79,1,30.97,86.0,53,0.3,66.0,1517.36,22.99,63.67,DIESEL,2.33,3.66,-0.83,Normal,Comportamiento Normal
VE-27,BFC837,SCANIA,G540 B8X4,38.75,6,2026-04-28 20:14:08,2026-05-04 13:07:35,5.7,12,0.0,0.0,JUAN CARLOS CHURATA HUAMAN,PORTILLO -> ANCIETA,520.48,1,30.05,86.0,54,0.31,61.0,1402.46,22.99,67.03,DIESEL,-6.02,-8.99,-1.25,Normal,Comportamiento Normal
VE-27,BFC837,SCANIA,G540 B8X4,38.75,6,2026-05-04 13:07:35,2026-05-05 18:44:32,1.23,4,0.0,0.0,JUAN CARLOS CHURATA HUAMAN,PORTILLO -> ANCIETA,315.89,1,27.35,77.0,3,0.26,50.45,1210.34,23.99,49.55,DIESEL,0.9,1.83,-0.9,Normal,Comportamiento Normal
VE-27,BFC837,SCANIA,G540 B8X4,38.75,6,2026-05-05 18:44:32,2026-05-07 18:28:47,1.99,6,0.0,0.0,JUAN CARLOS CHURATA HUAMAN,PORTILLO -> VILLA 2,396.46,1,26.86,77.0,13,0.3,63.0,1479.87,23.49,65.43,DIESEL,-2.43,-3.71,-1.07,Normal,Comportamiento Normal
VE-27,BFC837,SCANIA,G540 B8X4,38.75,6,2026-05-07 18:28:47,2026-05-11 04:51:30,3.43,10,0.0,0.0,JUAN CARLOS CHURATA HUAMAN,PORTILLO -> ANCIETA,292.77,1,27.52,77.0,11,0.33,44.57,994.78,22.32,53.59,DIESEL,-9.02,-16.83,-1.4,Normal,Comportamiento Normal
VE-27,BFC837,SCANIA,G540 B8X4,38.75,6,2026-05-11 04:51:30,2026-05-12 18:36:48,1.57,4,0.0,0.0,JUAN CARLOS CHURATA HUAMAN,PORTILLO -> VILLA 2,381.95,1,28.59,78.0,26,0.29,57.0,1287.68,22.59,62.35,DIESEL,-5.35,-8.57,-1.22,Normal,Comportamiento Normal
VE-27,BFC837,SCANIA,G540 B8X4,38.75,6,2026-05-12 18:36:48,2026-05-14 16:13:13,1.9,6,0.0,0.0,JUAN CARLOS CHURATA HUAMAN,PORTILLO -> ANCIETA,285.73,1,24.21,72.0,1,0.3,45.0,1016.6,22.59,49.47,DIESEL,-4.46,-9.02,-1.17,Normal,Comportamiento Normal
VE-27,BFC837,SCANIA,G540 B8X4,38.75,6,2026-05-14 16:13:13,2026-05-19 17:07:06,5.04,5,0.0,0.0,JUAN CARLOS CHURATA HUAMAN,PORTILLO -> ,422.51,1,29.95,85.0,51,0.36,60.0,1355.45,22.59,68.75,DIESEL,-8.75,-12.72,-1.39,Normal,Comportamiento Normal
VE-27,BFC837,SCANIA,G540 B8X4,38.75,6,2026-05-19 17:07:06,2026-05-22 09:46:06,2.69,6,36.96,1743.12,JUAN CARLOS CHURATA HUAMAN,PORTILLO -> ,374.68,1,27.15,77.0,20,0.27,55.01,1078.12,19.6,65.56,DIESEL,-10.55,-16.09,-1.48,Normal,Comportamiento Normal
VE-27,BFC837,SCANIA,G540 B8X4,38.75,6,2026-05-22 09:46:06,2026-05-26 17:09:49,4.31,5,0.0,0.0,JUAN CARLOS CHURATA HUAMAN,PORTILLO -> ANCIETA,367.56,1,24.17,82.0,8,0.35,62.0,1363.42,21.99,66.57,DIESEL,-4.57,-6.87,-1.18,Normal,Comportamiento Normal
VE-27,BFC837,SCANIA,G540 B8X4,38.75,6,2026-05-26 17:09:49,2026-05-28 18:27:26,2.05,7,0.0,0.0,JUAN CARLOS CHURATA HUAMAN,PORTILLO -> ,314.6,1,25.42,76.0,10,0.25,48.0,900.06,18.75,52.22,DIESEL,-4.21,-8.07,-1.16,Normal,Comportamiento Normal
VE-27,BFC837,SCANIA,G540 B8X4,38.75,6,2026-05-28 18:27:26,2026-05-30 04:46:31,1.43,4,159.02,7349.01,JUAN CARLOS CHURATA HUAMAN,YERBABUENA -> MEIGGS,287.41,1,25.93,76.0,1,0.32,54.83,1027.99,18.75,52.49,DIESEL,2.33,4.45,-0.83,Normal,Comportamiento Normal
VE-27,BFC837,SCANIA,G540 B8X4,38.75,6,2026-05-30 04:46:31,2026-06-02 13:30:17,3.36,5,0.0,0.0,JUAN CARLOS CHURATA HUAMAN,PORTILLO -> ANCIETA,359.5,1,25.8,77.0,23,0.3,56.0,1197.9,21.39,63.64,DIESEL,-7.64,-12.0,-1.33,Normal,Comportamiento Normal
VE-27,BFC837,SCANIA,G540 B8X4,38.75,6,2026-06-02 13:30:17,2026-06-05 18:43:34,3.22,7,0.0,0.0,JUAN CARLOS CHURATA HUAMAN,CONCHAN -> ,328.0,1,23.21,73.0,1,0.36,53.0,1026.61,19.37,59.37,DIESEL,-6.37,-10.73,-1.27,Normal,Comportamiento Normal
VE-27,BFC837,SCANIA,G540 B8X4,38.75,6,2026-06-05 18:43:34,2026-06-08 18:22:43,2.99,3,38.95,1836.98,JUAN CARLOS CHURATA HUAMAN,PORTILLO -> ,323.86,1,27.51,76.0,4,0.29,50.18,1053.19,20.99,55.45,DIESEL,-5.28,-9.52,-1.21,Normal,Comportamiento Normal
VE-27,BFC837,SCANIA,G540 B8X4,38.75,6,2026-06-08 18:22:43,2026-06-11 18:43:19,3.01,7,0.0,0.0,Juan carlos Churata Huaman,PORTILLO -> ANCIETA,327.63,1,22.34,76.0,2,0.33,53.05,1092.34,20.59,56.05,DIESEL,-3.0,-5.35,-1.1,Normal,Comportamiento Normal
VE-27,BFC837,SCANIA,G540 B8X4,38.75,6,2026-06-11 18:43:19,2026-06-22 18:53:51,11.01,7,0.0,0.0,Juan carlos Churata Huaman,PORTILLO -> STOCK 3,414.23,1,24.95,69.0,0,0.3,57.0,1139.43,19.99,67.98,DIESEL,-10.98,-16.15,-1.5,Normal,Comportamiento Normal
VE-27,BFC837,SCANIA,G540 B8X4,38.75,6,2026-06-22 18:53:51,2026-06-24 18:30:05,1.98,8,0.0,0.0,Juan carlos Churata Huaman,PORTILLO -> STOCK 4,376.07,1,21.93,50.0,0,0.2,60.2,1203.5,19.99,64.8,DIESEL,-4.59,-7.08,-1.18,Normal,Comportamiento Normal
VE-27,BFC837,SCANIA,G540 B8X4,38.75,6,2026-06-24 18:30:05,2026-06-26 18:09:17,1.99,5,0.0,0.0,Juan carlos Churata Huaman,PORTILLO -> ANCIETA,335.88,1,22.08,50.0,0,0.24,54.0,1057.92,19.59,56.4,DIESEL,-2.4,-4.26,-1.07,Normal,Comportamiento Normal
VE-28,BFI758,SCANIA,G540 B8X4,38.75,6,2026-01-09 17:28:43,2026-01-13 17:34:16,4.0,7,276.27,2924.87,DESCONOCIDO,SAN LORENZO -> COLLIQUE,74.38,0,0.0,0.0,0,0.0,69.28,863.23,12.46,60.75,DIESEL,8.53,14.04,-0.52,Normal,Comportamiento Normal
VE-28,BFI758,SCANIA,G540 B8X4,38.75,6,2026-01-13 17:34:16,2026-01-15 17:48:48,2.01,6,234.24,3778.41,DESCONOCIDO,SAN LORENZO -> MEIGGS,94.36,0,0.0,0.0,0,0.0,49.22,613.29,12.46,50.8,DIESEL,-1.58,-3.11,-1.03,Normal,Comportamiento Normal
VE-28,BFI758,SCANIA,G540 B8X4,38.75,6,2026-01-15 17:48:48,2026-01-17 14:59:43,1.88,5,184.02,3850.13,DESCONOCIDO,SAN LORENZO -> COLLIQUE,104.0,0,0.0,0.0,0,0.0,49.97,622.64,12.46,50.04,DIESEL,-0.07,-0.14,-0.95,Normal,Comportamiento Normal
VE-28,BFI758,SCANIA,G540 B8X4,38.75,6,2026-01-17 14:59:43,2026-01-21 17:10:58,4.09,5,185.39,3266.0,DESCONOCIDO,SAN LORENZO -> COLLIQUE,88.08,0,0.0,0.0,0,0.0,54.32,684.96,12.61,56.76,DIESEL,-2.44,-4.29,-1.07,Normal,Comportamiento Normal
VE-28,BFI758,SCANIA,G540 B8X4,38.75,6,2026-01-21 17:10:58,2026-01-23 19:20:22,2.09,4,147.33,1973.92,DESCONOCIDO,SAN LORENZO -> COLLIQUE,53.07,0,0.0,0.0,0,0.0,52.61,663.39,12.61,49.59,DIESEL,3.02,6.09,-0.8,Normal,Comportamiento Normal
VE-28,BFI758,SCANIA,G540 B8X4,38.75,6,2026-01-23 19:20:22,2026-01-26 17:10:25,2.91,8,308.01,2000.78,DESCONOCIDO,SAN LORENZO -> MEIGGS,53.21,0,0.0,0.0,0,0.0,44.31,558.71,12.61,53.16,DIESEL,-8.86,-16.66,-1.39,Normal,Comportamiento Normal
VE-28,BFI758,SCANIA,G540 B8X4,38.75,6,2026-01-26 17:10:25,2026-01-28 13:53:36,1.86,5,186.58,3567.84,DESCONOCIDO,SAN LORENZO -> COLLIQUE,93.16,0,0.0,0.0,0,0.0,50.66,654.01,12.91,50.04,DIESEL,0.62,1.24,-0.92,Normal,Comportamiento Normal
VE-28,BFI758,SCANIA,G540 B8X4,38.75,6,2026-01-28 13:53:36,2026-02-11 16:07:02,14.09,5,180.79,917.22,DESCONOCIDO,SAN LORENZO -> MEIGGS,25.52,0,0.0,0.0,0,0.0,50.11,641.42,12.8,58.2,DIESEL,-8.09,-13.89,-1.35,Normal,Comportamiento Normal
VE-28,BFI758,SCANIA,G540 B8X4,38.75,6,2026-02-11 16:07:02,2026-02-18 17:36:52,7.06,8,109.16,973.29,EDSON SANTOS,MATERIALES -> SAN LORENZO ,104.65,0,0.0,0.0,0,0.0,64.29,822.94,12.8,59.09,DIESEL,5.2,8.8,-0.69,Normal,Comportamiento Normal
VE-28,BFI758,SCANIA,G540 B8X4,38.75,6,2026-02-18 17:36:52,2026-02-20 17:14:11,1.98,4,161.91,7636.07,EDSON SANTOS,YERBABUENA -> MEIGGS,188.65,0,0.0,0.0,0,0.0,56.02,717.04,12.8,59.09,DIESEL,-3.07,-5.2,-1.1,Normal,Comportamiento Normal
VE-28,BFI758,SCANIA,G540 B8X4,38.75,6,2026-02-20 17:14:11,2026-02-25 17:28:21,5.01,6,146.45,5676.56,EDSON SANTOS,YERBABUENA -> MEIGGS,158.38,0,0.0,0.0,0,0.0,61.56,796.64,12.94,63.54,DIESEL,-1.98,-3.11,-1.05,Normal,Comportamiento Normal
VE-28,BFI758,SCANIA,G540 B8X4,38.75,6,2026-02-25 17:28:21,2026-02-27 12:15:11,1.78,2,76.5,3607.93,EDSON SANTOS,YERBABUENA -> MEIGGS,94.32,0,0.0,0.0,0,0.0,34.97,452.46,12.94,44.06,DIESEL,-9.1,-20.64,-1.41,Normal,Comportamiento Normal
VE-28,BFI758,SCANIA,G540 B8X4,38.75,6,2026-02-27 12:15:11,2026-03-03 18:10:42,4.25,1,38.37,1548.56,EDSON SANTOS,YERBABUENA -> OQUENDO,224.74,1,29.63,69.0,0,0.2,31.92,431.86,13.53,46.43,DIESEL,-14.51,-31.25,-1.68,Normal,Comportamiento Normal
VE-28,BFI758,SCANIA,G540 B8X4,38.75,6,2026-03-03 18:10:42,2026-03-05 18:08:42,2.0,8,186.74,4668.49,EDSON SANTOS,YERBABUENA -> MEIGGS,341.15,1,24.75,100.0,1,0.33,63.42,972.2,15.33,59.41,DIESEL,4.01,6.75,-0.75,Normal,Comportamiento Normal
VE-28,BFI758,SCANIA,G540 B8X4,38.75,6,2026-03-05 18:08:42,2026-03-06 16:17:11,0.92,3,116.45,1812.38,EDSON SANTOS,MEIGGS -> MEIGGS,207.86,1,24.35,68.0,0,0.32,38.0,627.43,16.51,38.63,DIESEL,-0.63,-1.62,-0.98,Normal,Comportamiento Normal
VE-28,BFI758,SCANIA,G540 B8X4,38.75,6,2026-03-06 16:17:11,2026-03-09 18:24:44,3.09,2,76.51,3608.4,EDSON SANTOS,YERBABUENA -> MEIGGS,201.14,1,25.11,65.0,0,0.25,37.33,616.29,16.51,42.84,DIESEL,-5.51,-12.87,-1.22,Normal,Comportamiento Normal
VE-28,BFI758,SCANIA,G540 B8X4,38.75,6,2026-03-09 18:24:44,2026-03-11 16:16:55,1.91,6,35.19,313.76,EDSON SANTOS,YERBABUENA -> MEIGGS,327.62,1,25.9,100.0,2,0.33,57.55,982.34,17.07,55.54,DIESEL,2.01,3.62,-0.85,Normal,Comportamiento Normal
VE-28,BFI758,SCANIA,G540 B8X4,38.75,6,2026-03-11 16:16:55,2026-03-13 15:55:45,1.99,6,150.35,2634.16,EDSON SANTOS,SAN LORENZO  -> MEIGGS,250.68,1,24.54,78.0,2,0.36,47.64,813.13,17.07,47.54,DIESEL,0.09,0.2,-0.94,Normal,Comportamiento Normal
VE-28,BFI758,SCANIA,G540 B8X4,38.75,6,2026-03-13 15:55:45,2026-03-16 11:46:03,2.83,2,0.0,0.0,EDSON SANTOS,YERBABUENA -> MEIGGS,198.94,1,25.77,67.0,0,0.32,34.56,590.02,17.07,43.4,DIESEL,-8.84,-20.36,-1.39,Normal,Comportamiento Normal
VE-28,BFI758,SCANIA,G540 B8X4,38.75,6,2026-03-16 11:46:03,2026-03-18 16:46:36,2.21,8,73.14,961.01,EDSON SANTOS,MATERIALES -> SAN LORENZO ,209.77,1,19.25,69.0,0,0.47,52.54,1071.92,20.4,44.76,DIESEL,7.78,17.39,-0.56,Advertencia,Exceso de Ralenti (Motor encendido sin movimiento)
VE-28,BFI758,SCANIA,G540 B8X4,38.75,6,2026-03-18 16:46:36,2026-03-19 17:13:24,1.02,3,78.5,3702.25,EDSON SANTOS,YERBABUENA -> MEIGGS,198.3,1,27.01,73.0,1,0.32,36.0,734.48,20.4,38.09,DIESEL,-2.08,-5.47,-1.05,Normal,Comportamiento Normal
VE-28,BFI758,SCANIA,G540 B8X4,38.75,6,2026-03-19 17:13:24,2026-03-20 17:03:26,0.99,4,83.57,3941.36,EDSON SANTOS,YERBABUENA -> MEIGGS,215.52,1,25.5,68.0,0,0.3,42.26,862.08,20.4,41.22,DIESEL,1.04,2.53,-0.9,Normal,Comportamiento Normal
VE-28,BFI758,SCANIA,G540 B8X4,38.75,6,2026-03-20 17:03:26,2026-03-23 17:03:10,3.0,7,152.59,1920.78,EDSON SANTOS,SAN LORENZO  -> COLLIQUE,208.27,1,21.55,100.0,1,0.42,46.5,948.7,20.4,44.82,DIESEL,1.68,3.76,-0.86,Normal,Comportamiento Normal
VE-28,BFI758,SCANIA,G540 B8X4,38.75,6,2026-03-23 17:03:10,2026-03-25 16:54:20,1.99,5,0.0,0.0,EDSON SANTOS,MATERIALES -> SAN LORENZO ,89.02,1,17.5,67.0,0,0.54,25.13,554.91,22.08,40.98,DIESEL,-15.85,-38.68,-1.74,Normal,Comportamiento Normal
VE-28,BFI758,SCANIA,G540 B8X4,38.75,6,2026-03-25 16:54:20,2026-03-30 15:56:35,4.96,5,38.82,346.13,EDSON SANTOS,YERBABUENA -> MEIGGS,269.83,1,23.35,94.0,2,0.33,72.31,1511.28,20.9,55.81,DIESEL,16.5,29.57,-0.12,Advertencia,Estilo de Conduccion Agresivo (Excesos de Velocidad)
VE-28,BFI758,SCANIA,G540 B8X4,38.75,6,2026-03-30 15:56:35,2026-04-08 18:10:24,9.09,15,0.0,0.0,EDSON SANTOS,YERBABUENA -> MEIGGS,4.69,1,15.63,43.0,0,0.8,53.22,1147.44,21.56,53.99,DIESEL,-0.77,-1.42,-0.99,Normal,Comportamiento Normal
VE-28,BFI758,SCANIA,G540 B8X4,38.75,6,2026-04-08 18:10:24,2026-04-10 11:50:41,1.74,1,39.92,355.94,DESCONOCIDO,SAN LORENZO -> MATERIALES,212.27,1,25.34,67.0,0,0.36,41.15,814.34,19.79,40.07,DIESEL,1.08,2.7,-0.89,Normal,Comportamiento Normal
VE-28,BFI758,SCANIA,G540 B8X4,38.75,6,2026-04-10 11:50:41,2026-04-13 18:28:07,3.28,9,191.96,1789.15,EDSON SANTOS,SAN LORENZO  -> COLLIQUE,180.36,1,19.19,79.0,1,0.46,45.58,928.92,20.38,49.79,DIESEL,-4.21,-8.46,-1.16,Normal,Comportamiento Normal
VE-28,BFI758,SCANIA,G540 B8X4,38.75,6,2026-04-13 18:28:07,2026-04-17 17:42:42,3.97,10,38.55,343.72,EDSON SANTOS,YERBABUENA -> MEIGGS,213.87,1,23.0,65.0,0,0.38,43.29,939.35,21.7,48.42,DIESEL,-5.14,-10.6,-1.21,Normal,Comportamiento Normal
VE-28,BFI758,SCANIA,G540 B8X4,38.75,6,2026-04-17 17:42:42,2026-04-20 17:19:16,2.98,6,114.97,1025.1,EDSON SANTOS,MATERIALES -> SAN LORENZO ,167.9,1,21.28,62.0,0,0.48,35.08,752.36,21.45,44.1,DIESEL,-9.03,-20.47,-1.4,Normal,Comportamiento Normal
VE-28,BFI758,SCANIA,G540 B8X4,38.75,6,2026-04-20 17:19:16,2026-04-22 18:12:09,2.04,6,76.88,0.0,EDSON SANTOS,POLIMIX SANTA ANITA -> ,188.59,1,21.38,67.0,0,0.49,36.97,747.49,20.22,41.97,DIESEL,-5.0,-11.91,-1.2,Normal,Comportamiento Normal
VE-28,BFI758,SCANIA,G540 B8X4,38.75,6,2026-04-22 18:12:09,2026-04-24 17:24:09,1.97,7,119.52,2549.15,EDSON SANTOS,YERBABUENA -> MEIGGS,319.05,1,25.33,85.0,1,0.37,61.81,1249.86,20.22,56.93,DIESEL,4.88,8.57,-0.7,Normal,Comportamiento Normal
VE-28,BFI758,SCANIA,G540 B8X4,38.75,6,2026-04-24 17:24:09,2026-04-27 16:40:14,2.97,7,75.48,654.47,EDSON SANTOS,SAN LORENZO  -> MEIGGS,199.5,1,21.32,76.0,1,0.43,43.0,881.09,20.49,44.68,DIESEL,-1.68,-3.75,-1.03,Normal,Comportamiento Normal
VE-28,BFI758,SCANIA,G540 B8X4,38.75,6,2026-04-27 16:40:14,2026-04-28 16:56:48,1.01,3,0.0,0.0,EDSON SANTOS,MATERIALES -> SAN LORENZO ,151.61,1,23.24,68.0,0,0.42,32.78,645.54,19.69,37.62,DIESEL,-4.83,-12.85,-1.19,Normal,Comportamiento Normal
VE-28,BFI758,SCANIA,G540 B8X4,38.75,6,2026-04-28 16:56:48,2026-05-02 13:23:26,3.85,6,74.17,481.43,EDSON SANTOS,YERBABUENA -> MEIGGS,256.69,1,24.06,65.0,0,0.39,50.43,1083.65,21.49,51.05,DIESEL,-0.63,-1.23,-0.98,Normal,Comportamiento Normal
VE-28,BFI758,SCANIA,G540 B8X4,38.75,6,2026-05-02 13:23:26,2026-05-05 14:31:15,3.05,8,109.83,2501.47,EDSON SANTOS,SAN LORENZO  -> MEIGGS,185.35,1,21.49,70.0,0,0.52,39.54,901.44,22.8,42.1,DIESEL,-2.56,-6.09,-1.08,Normal,Comportamiento Normal
VE-28,BFI758,SCANIA,G540 B8X4,38.75,6,2026-05-05 14:31:15,2026-05-07 17:23:22,2.12,9,262.46,3963.51,EDSON SANTOS,SAN LORENZO  -> COLLIQUE,239.2,1,21.03,67.0,0,0.45,55.27,1292.74,23.39,51.79,DIESEL,3.48,6.72,-0.77,Normal,Comportamiento Normal
VE-28,BFI758,SCANIA,G540 B8X4,38.75,6,2026-05-07 17:23:22,2026-05-08 17:30:54,1.01,4,110.7,2691.57,EDSON SANTOS,SAN LORENZO  -> OQUENDO,138.92,1,22.48,67.0,0,0.45,30.69,685.0,22.32,39.03,DIESEL,-8.34,-21.37,-1.37,Normal,Comportamiento Normal
VE-28,BFI758,SCANIA,G540 B8X4,38.75,6,2026-05-08 17:30:54,2026-05-11 14:50:03,2.89,9,185.02,1763.52,EDSON SANTOS,MATERIALES -> SAN LORENZO ,166.03,1,20.35,99.0,2,0.49,39.05,871.69,22.32,42.03,DIESEL,-2.97,-7.07,-1.1,Normal,Comportamiento Normal
VE-28,BFI758,SCANIA,G540 B8X4,38.75,6,2026-05-11 14:50:03,2026-05-13 16:33:36,2.07,9,264.61,4642.91,EDSON SANTOS,MEIGGS -> SAN LORENZO ,267.13,1,23.12,68.0,0,0.43,55.53,1211.66,21.82,54.68,DIESEL,0.85,1.55,-0.91,Normal,Comportamiento Normal
VE-28,BFI758,SCANIA,G540 B8X4,38.75,6,2026-05-13 16:33:36,2026-05-15 17:03:18,2.02,8,229.75,3191.22,EDSON SANTOS,SAN LORENZO  -> COLLIQUE,257.04,1,21.86,84.0,1,0.4,56.11,1224.32,21.82,47.66,DIESEL,8.45,17.72,-0.52,Advertencia,Exceso de Ralenti (Motor encendido sin movimiento)
VE-28,BFI758,SCANIA,G540 B8X4,38.75,6,2026-05-15 17:03:18,2026-05-19 19:24:38,4.1,5,146.76,5457.5,EDSON SANTOS,YERBABUENA -> MEIGGS,303.49,1,25.54,71.0,1,0.36,56.71,1158.56,20.43,58.16,DIESEL,-1.45,-2.5,-1.02,Normal,Comportamiento Normal
VE-28,BFI758,SCANIA,G540 B8X4,38.75,6,2026-05-19 19:24:38,2026-05-21 18:18:31,1.95,11,226.12,4840.88,EDSON SANTOS,SAN LORENZO  -> COLLIQUE,321.98,1,21.91,100.0,2,0.4,68.46,1398.7,20.43,55.92,DIESEL,12.55,22.44,-0.32,Advertencia,Exceso de Ralenti (Motor encendido sin movimiento)
VE-28,BFI758,SCANIA,G540 B8X4,38.75,6,2026-05-21 18:18:31,2026-05-23 11:09:31,1.7,8,185.77,3205.82,EDSON SANTOS,SAN LORENZO  -> MEIGGS,167.99,1,20.44,100.0,1,0.47,38.24,749.52,19.6,41.53,DIESEL,-3.29,-7.91,-1.11,Normal,Comportamiento Normal
VE-28,BFI758,SCANIA,G540 B8X4,38.75,6,2026-05-23 11:09:31,2026-05-25 17:32:02,2.27,4,114.13,3732.51,EDSON SANTOS,YERBABUENA -> MEIGGS,206.9,1,25.24,67.0,0,0.32,39.03,764.99,19.6,47.13,DIESEL,-8.1,-17.18,-1.35,Normal,Comportamiento Normal
VE-28,BFI758,SCANIA,G540 B8X4,38.75,6,2026-05-25 17:32:02,2026-05-26 16:00:25,0.94,2,79.73,3760.26,EDSON SANTOS,YERBABUENA -> MEIGGS,193.56,1,27.31,68.0,0,0.29,34.31,643.37,18.75,37.33,DIESEL,-3.02,-8.09,-1.1,Normal,Comportamiento Normal
VE-28,BFI758,SCANIA,G540 B8X4,38.75,6,2026-05-26 16:00:25,2026-05-27 17:13:18,1.05,4,116.06,462.82,EDSON SANTOS,SAN LORENZO  -> MEIGGS,213.59,1,25.1,100.0,2,0.29,40.17,753.13,18.75,41.4,DIESEL,-1.24,-2.99,-1.01,Normal,Comportamiento Normal
VE-28,BFI758,SCANIA,G540 B8X4,38.75,6,2026-05-27 17:13:18,2026-05-28 17:17:34,1.0,4,124.16,4196.92,EDSON SANTOS,YERBABUENA -> MEIGGS,205.36,1,25.1,66.0,0,0.33,38.0,712.52,18.75,43.12,DIESEL,-5.12,-11.88,-1.21,Normal,Comportamiento Normal
VE-28,BFI758,SCANIA,G540 B8X4,38.75,6,2026-05-28 17:17:34,2026-05-30 12:08:09,1.79,3,80.81,3811.2,EDSON SANTOS,YERBABUENA -> MEIGGS,205.94,1,24.94,70.0,0,0.33,37.44,702.04,18.75,40.75,DIESEL,-3.31,-8.12,-1.11,Normal,Comportamiento Normal
VE-28,BFI758,SCANIA,G540 B8X4,38.75,6,2026-05-30 12:08:09,2026-06-02 18:23:39,3.26,8,188.39,1461.78,EDSON SANTOS,SAN LORENZO  -> MEIGGS,227.85,1,20.86,92.0,1,0.5,53.33,972.81,18.24,47.0,DIESEL,6.34,13.48,-0.63,Normal,Comportamiento Normal
VE-28,BFI758,SCANIA,G540 B8X4,38.75,6,2026-06-02 18:23:39,2026-06-03 18:01:19,0.98,5,116.78,1727.37,EDSON SANTOS,SAN LORENZO  -> COLLIQUE,131.11,1,19.06,59.0,0,0.44,33.41,631.08,18.89,38.91,DIESEL,-5.5,-14.14,-1.22,Normal,Comportamiento Normal
VE-28,BFI758,SCANIA,G540 B8X4,38.75,6,2026-06-03 18:01:19,2026-06-06 12:42:57,2.78,9,226.23,2689.67,EDSON SANTOS,SAN LORENZO  -> MEIGGS,223.44,1,23.01,98.0,1,0.4,46.95,909.36,19.37,46.14,DIESEL,0.81,1.75,-0.91,Normal,Comportamiento Normal
VE-28,BFI758,SCANIA,G540 B8X4,38.75,6,2026-06-06 12:42:57,2026-06-08 17:43:02,2.21,4,0.0,0.0,EDSON SANTOS,YERBABUENA -> MEIGGS,214.88,1,25.5,68.0,0,0.28,42.28,819.06,19.37,45.98,DIESEL,-3.7,-8.04,-1.13,Normal,Comportamiento Normal
VE-28,BFI758,SCANIA,G540 B8X4,38.75,6,2026-06-08 17:43:02,2026-06-10 17:15:54,1.98,10,0.0,0.0,Edson Eduardo Santos Leon,SAN LORENZO  -> COLLIQUE,256.37,1,20.74,66.0,0,0.42,57.66,1096.66,19.02,45.79,DIESEL,11.87,25.92,-0.35,Advertencia,Exceso de Ralenti (Motor encendido sin movimiento)
VE-28,BFI758,SCANIA,G540 B8X4,38.75,6,2026-06-10 17:15:54,2026-06-12 15:44:47,1.94,6,0.0,0.0,Edson Eduardo Santos Leon,MATERIALES -> SAN LORENZO ,203.5,1,20.19,85.0,1,0.42,48.24,946.05,19.61,44.2,DIESEL,4.05,9.16,-0.74,Normal,Comportamiento Normal
VE-28,BFI758,SCANIA,G540 B8X4,38.75,6,2026-06-12 15:44:47,2026-06-15 15:25:17,2.99,3,0.0,0.0,Edson Eduardo Santos Leon,YERBABUENA -> MEIGGS,287.57,1,27.13,70.0,0,0.28,49.97,979.97,19.61,47.79,DIESEL,2.18,4.56,-0.84,Normal,Comportamiento Normal
VE-28,BFI758,SCANIA,G540 B8X4,38.75,6,2026-06-15 15:25:17,2026-06-17 16:31:59,2.05,5,0.0,0.0,Edson Eduardo Santos Leon,SAN LORENZO  -> COLLIQUE,210.19,1,22.55,64.0,0,0.43,48.83,957.56,19.61,44.76,DIESEL,4.07,9.09,-0.74,Normal,Comportamiento Normal
VE-28,BFI758,SCANIA,G540 B8X4,38.75,6,2026-06-17 16:31:59,2026-06-18 16:59:58,1.02,4,0.0,0.0,Edson Eduardo Santos Leon,SAN LORENZO  -> MATERIALES,88.11,1,17.74,61.0,0,0.5,25.09,492.07,19.61,37.02,DIESEL,-11.93,-32.22,-1.55,Normal,Comportamiento Normal
VE-28,BFI758,SCANIA,G540 B8X4,38.75,6,2026-06-18 16:59:58,2026-06-22 17:42:03,4.03,8,0.0,0.0,Edson Eduardo Santos Leon,SAN LORENZO  -> MEIGGS,293.16,1,23.47,81.0,1,0.42,60.79,1192.07,19.61,52.07,DIESEL,8.72,16.74,-0.51,Advertencia,Exceso de Ralenti (Motor encendido sin movimiento)
VE-28,BFI758,SCANIA,G540 B8X4,38.75,6,2026-06-22 17:42:03,2026-06-24 17:51:22,2.01,9,0.0,0.0,Edson Eduardo Santos Leon,MATERIALES -> SAN LORENZO ,212.56,1,21.22,83.0,1,0.46,49.74,926.16,18.62,44.76,DIESEL,4.98,11.12,-0.7,Normal,Comportamiento Normal
VE-28,BFI758,SCANIA,G540 B8X4,38.75,6,2026-06-24 17:51:22,2026-06-25 19:08:54,1.05,4,0.0,0.0,Edson Eduardo Santos Leon,YERBABUENA -> MEIGGS,214.26,1,24.45,99.0,2,0.33,40.92,761.89,18.62,41.49,DIESEL,-0.58,-1.39,-0.98,Normal,Comportamiento Normal
VE-28,BFI758,SCANIA,G540 B8X4,38.75,6,2026-06-25 19:08:54,2026-06-26 17:46:54,0.94,3,0.0,0.0,Edson Eduardo Santos Leon,MATERIALES -> SAN LORENZO ,196.09,1,26.01,93.0,1,0.34,37.44,697.11,18.62,38.37,DIESEL,-0.93,-2.43,-0.99,Normal,Comportamiento Normal
VE-29,BZR752,SINOTRUK,ZZ3315V3266E1,38.75,2,2026-01-10 00:00:00,2026-01-12 00:00:00,2.0,2,75.39,803.82,DESCONOCIDO,SAN LORENZO -> COLLIQUE,21.6,0,0.0,0.0,0,0.0,79.83,131.72,1.65,131.67,GNV,-51.84,-39.37,-3.55,Normal,Comportamiento Normal
VE-29,BZR752,SINOTRUK,ZZ3315V3266E1,38.75,2,2026-01-12 00:00:00,2026-01-13 00:00:00,1.0,3,116.03,3783.52,IGNACIO GELVEZ,OQUENDO -> VILLA,96.77,0,0.0,0.0,0,0.0,111.7,184.31,1.65,152.41,GNV,-40.71,-26.71,-2.99,Normal,Comportamiento Normal
VE-29,BZR752,SINOTRUK,ZZ3315V3266E1,38.75,2,2026-01-13 00:00:00,2026-01-14 00:00:00,1.0,4,150.44,3350.29,IGNACIO GELVEZ,OQUENDO -> VILLA,89.92,0,0.0,0.0,0,0.0,148.36,244.79,1.65,152.41,GNV,-4.05,-2.65,-1.15,Normal,Comportamiento Normal
VE-29,BZR752,SINOTRUK,ZZ3315V3266E1,38.75,2,2026-01-14 00:00:00,2026-01-15 00:00:00,1.0,2,41.25,1632.54,IGNACIO GELVEZ,OQUENDO -> VILLA,79.15,0,0.0,0.0,0,0.0,112.82,186.15,1.65,131.28,GNV,-18.46,-14.06,-1.88,Normal,Comportamiento Normal
VE-29,BZR752,SINOTRUK,ZZ3315V3266E1,38.75,2,2026-01-15 00:00:00,2026-01-16 00:00:00,1.0,2,38.96,1541.91,IGNACIO GELVEZ,OQUENDO -> VILLA,79.15,0,0.0,0.0,0,0.0,127.45,210.29,1.65,131.28,GNV,-3.83,-2.92,-1.14,Normal,Comportamiento Normal
VE-29,BZR752,SINOTRUK,ZZ3315V3266E1,38.75,2,2026-01-16 00:00:00,2026-01-17 00:00:00,1.0,3,103.42,1366.32,DESCONOCIDO,SAN LORENZO -> COLLIQUE,39.22,0,0.0,0.0,0,0.0,154.16,254.36,1.65,135.56,GNV,18.6,13.72,-0.01,Normal,Comportamiento Normal
VE-29,BZR752,SINOTRUK,ZZ3315V3266E1,38.75,2,2026-01-17 00:00:00,2026-01-19 00:00:00,2.0,3,100.27,2963.3,IGNACIO GELVEZ,OQUENDO -> VILLA,88.07,0,0.0,0.0,0,0.0,100.9,166.49,1.65,146.29,GNV,-45.39,-31.03,-3.23,Normal,Comportamiento Normal
VE-29,BZR752,SINOTRUK,ZZ3315V3266E1,38.75,2,2026-01-19 00:00:00,2026-01-20 00:00:00,1.0,4,146.62,790.03,DESCONOCIDO,SAN LORENZO -> OQUENDO,21.53,0,0.0,0.0,0,0.0,143.26,236.38,1.65,135.56,GNV,7.7,5.68,-0.56,Normal,Comportamiento Normal
VE-29,BZR752,SINOTRUK,ZZ3315V3266E1,38.75,2,2026-01-20 00:00:00,2026-01-21 00:00:00,1.0,3,114.47,2491.58,IGNACIO GELVEZ,SAN LORENZO -> OQUENDO,63.97,0,0.0,0.0,0,0.0,79.49,131.16,1.65,135.17,GNV,-55.68,-41.19,-3.75,Normal,Comportamiento Normal
VE-29,BZR752,SINOTRUK,ZZ3315V3266E1,38.75,2,2026-01-21 00:00:00,2026-01-22 00:00:00,1.0,3,69.39,2746.22,IGNACIO GELVEZ,OQUENDO -> VILLA,118.73,0,0.0,0.0,0,0.0,152.12,251.0,1.65,138.65,GNV,13.47,9.72,-0.27,Normal,Comportamiento Normal
VE-29,BZR752,SINOTRUK,ZZ3315V3266E1,38.75,2,2026-01-22 00:00:00,2026-01-23 00:00:00,1.0,1,0.0,0.0,IGNACIO GELVEZ,OQUENDO -> VILLA,39.58,0,0.0,0.0,0,0.0,154.69,255.24,1.65,130.19,GNV,24.5,18.82,0.28,Advertencia,Desviacion Operativa Menor / Eficiencia Conductiva
VE-29,BZR752,SINOTRUK,ZZ3315V3266E1,38.75,2,2026-01-23 00:00:00,2026-01-24 00:00:00,1.0,1,0.0,0.0,IGNACIO GELVEZ,OQUENDO -> VILLA,39.58,0,0.0,0.0,0,0.0,174.07,287.22,1.65,130.19,GNV,43.88,33.71,1.26,Critico,Sospecha de Fuga o Extraccion Injustificada de Combustible
VE-29,BZR752,SINOTRUK,ZZ3315V3266E1,38.75,2,2026-01-24 00:00:00,2026-01-26 00:00:00,2.0,2,74.64,814.46,DESCONOCIDO,SAN LORENZO -> COLLIQUE,21.6,0,0.0,0.0,0,0.0,94.55,156.01,1.65,131.67,GNV,-37.12,-28.19,-2.81,Normal,Comportamiento Normal
VE-29,BZR752,SINOTRUK,ZZ3315V3266E1,38.75,2,2026-01-26 00:00:00,2026-01-28 00:00:00,2.0,5,173.54,1623.43,DESCONOCIDO,SAN LORENZO -> MATERIALES,46.22,0,0.0,0.0,0,0.0,122.92,202.82,1.65,133.49,GNV,-10.57,-7.92,-1.48,Normal,Comportamiento Normal
VE-29,BZR752,SINOTRUK,ZZ3315V3266E1,38.75,2,2026-01-28 00:00:00,2026-01-31 00:00:00,3.0,6,215.37,1032.28,DESCONOCIDO,SAN LORENZO -> MEIGGS,28.85,0,0.0,0.0,0,0.0,149.02,245.88,1.65,135.56,GNV,13.46,9.93,-0.27,Normal,Comportamiento Normal
VE-29,BZR752,SINOTRUK,ZZ3315V3266E1,38.75,2,2026-01-31 00:00:00,2026-02-02 00:00:00,2.0,4,71.55,932.3,IGNACIO GELVEZ,COLLIQUE -> SAN LORENZO ,39.44,0,0.0,0.0,0,0.0,88.02,145.23,1.65,133.74,GNV,-45.72,-34.19,-3.25,Normal,Comportamiento Normal
VE-29,BZR752,SINOTRUK,ZZ3315V3266E1,38.75,2,2026-02-02 00:00:00,2026-02-04 00:00:00,2.0,6,70.5,747.25,IGNACIO GELVEZ,OQUENDO -> VILLA,114.32,0,0.0,0.0,0,0.0,88.82,146.55,1.65,133.35,GNV,-44.53,-33.39,-3.19,Normal,Comportamiento Normal
VE-29,BZR752,SINOTRUK,ZZ3315V3266E1,38.75,2,2026-02-04 00:00:00,2026-02-05 00:00:00,1.0,5,108.22,431.56,IGNACIO GELVEZ,SAN LORENZO  -> MEIGGS,55.53,0,0.0,0.0,0,0.0,121.9,201.13,1.65,135.17,GNV,-13.27,-9.82,-1.61,Normal,Comportamiento Normal
VE-29,BZR752,SINOTRUK,ZZ3315V3266E1,38.75,2,2026-02-05 00:00:00,2026-02-06 00:00:00,1.0,2,0.0,0.0,IGNACIO GELVEZ,OQUENDO -> VILLA,79.15,0,0.0,0.0,0,0.0,144.68,238.72,1.65,131.28,GNV,13.4,10.21,-0.27,Normal,Comportamiento Normal
VE-29,BZR752,SINOTRUK,ZZ3315V3266E1,38.75,2,2026-02-06 00:00:00,2026-02-09 00:00:00,3.0,7,144.43,1584.46,IGNACIO GELVEZ,SAN LORENZO  -> MEIGGS,91.92,0,0.0,0.0,0,0.0,102.69,169.44,1.65,135.17,GNV,-32.48,-24.03,-2.58,Normal,Comportamiento Normal
VE-29,BZR752,SINOTRUK,ZZ3315V3266E1,38.75,2,2026-02-09 00:00:00,2026-02-10 00:00:00,1.0,6,112.21,921.77,IGNACIO GELVEZ,MATERIALES -> SAN LORENZO ,80.75,0,0.0,0.0,0,0.0,112.79,186.1,1.65,135.17,GNV,-22.38,-16.56,-2.07,Normal,Comportamiento Normal
VE-29,BZR752,SINOTRUK,ZZ3315V3266E1,38.75,2,2026-02-10 00:00:00,2026-02-11 00:00:00,1.0,2,0.0,0.0,IGNACIO GELVEZ,OQUENDO -> VILLA,79.15,0,0.0,0.0,0,0.0,65.79,108.55,1.65,131.28,GNV,-65.49,-49.89,-4.24,Normal,Comportamiento Normal
VE-29,BZR752,SINOTRUK,ZZ3315V3266E1,38.75,2,2026-02-11 00:00:00,2026-02-12 00:00:00,1.0,2,0.0,0.0,IGNACIO GELVEZ,OQUENDO -> VILLA,79.15,0,0.0,0.0,0,0.0,126.92,209.42,1.65,131.28,GNV,-4.36,-3.32,-1.17,Normal,Comportamiento Normal
VE-29,BZR752,SINOTRUK,ZZ3315V3266E1,38.75,2,2026-02-12 00:00:00,2026-02-13 00:00:00,1.0,2,0.0,0.0,IGNACIO GELVEZ,OQUENDO -> VILLA,79.15,0,0.0,0.0,0,0.0,146.66,241.99,1.65,131.28,GNV,15.38,11.71,-0.18,Normal,Comportamiento Normal
VE-29,BZR752,SINOTRUK,ZZ3315V3266E1,38.75,2,2026-02-13 00:00:00,2026-02-14 00:00:00,1.0,1,0.0,0.0,IGNACIO GELVEZ,OQUENDO -> VILLA,39.58,0,0.0,0.0,0,0.0,133.24,219.85,1.65,130.19,GNV,3.05,2.35,-0.79,Normal,Comportamiento Normal
VE-29,BZR752,SINOTRUK,ZZ3315V3266E1,38.75,2,2026-02-14 00:00:00,2026-02-16 00:00:00,2.0,2,0.0,0.0,IGNACIO GELVEZ,OQUENDO -> VILLA,79.15,0,0.0,0.0,0,0.0,95.29,157.23,1.65,131.28,GNV,-35.99,-27.42,-2.76,Normal,Comportamiento Normal
VE-29,BZR752,SINOTRUK,ZZ3315V3266E1,38.75,2,2026-02-16 00:00:00,2026-02-17 00:00:00,1.0,2,0.0,0.0,IGNACIO GELVEZ,OQUENDO -> VILLA,79.15,0,0.0,0.0,0,0.0,165.6,273.24,1.65,131.28,GNV,34.32,26.14,0.78,Advertencia,Sospecha de Fuga o Extraccion Injustificada de Combustible
VE-29,BZR752,SINOTRUK,ZZ3315V3266E1,38.75,2,2026-02-17 00:00:00,2026-02-18 00:00:00,1.0,2,0.0,0.0,IGNACIO GELVEZ,OQUENDO -> VILLA,79.15,0,0.0,0.0,0,0.0,134.03,221.15,1.65,131.28,GNV,2.75,2.09,-0.81,Normal,Comportamiento Normal
VE-29,BZR752,SINOTRUK,ZZ3315V3266E1,38.75,2,2026-02-18 00:00:00,2026-02-19 00:00:00,1.0,2,0.0,0.0,IGNACIO GELVEZ,OQUENDO -> VILLA,79.15,0,0.0,0.0,0,0.0,124.92,206.12,1.65,131.28,GNV,-6.36,-4.85,-1.27,Normal,Comportamiento Normal
VE-29,BZR752,SINOTRUK,ZZ3315V3266E1,38.75,2,2026-02-19 00:00:00,2026-02-20 00:00:00,1.0,2,0.0,0.0,IGNACIO GELVEZ,OQUENDO -> VILLA,79.15,0,0.0,0.0,0,0.0,133.53,220.32,1.65,131.28,GNV,2.25,1.71,-0.83,Normal,Comportamiento Normal
VE-29,BZR752,SINOTRUK,ZZ3315V3266E1,38.75,2,2026-02-20 00:00:00,2026-02-21 00:00:00,1.0,1,0.0,0.0,IGNACIO GELVEZ,OQUENDO -> VILLA,39.58,0,0.0,0.0,0,0.0,148.29,244.68,1.65,130.19,GNV,18.1,13.91,-0.04,Normal,Comportamiento Normal
VE-29,BZR752,SINOTRUK,ZZ3315V3266E1,38.75,2,2026-02-21 00:00:00,2026-02-24 00:00:00,3.0,2,0.0,0.0,IGNACIO GELVEZ,OQUENDO -> VILLA,79.15,0,0.0,0.0,0,0.0,61.95,102.22,1.65,131.28,GNV,-69.33,-52.81,-4.43,Normal,Comportamiento Normal
VE-29,BZR752,SINOTRUK,ZZ3315V3266E1,38.75,2,2026-02-24 00:00:00,2026-02-25 00:00:00,1.0,1,0.0,0.0,IGNACIO GELVEZ,OQUENDO -> VILLA,39.58,0,0.0,0.0,0,0.0,79.53,131.22,1.65,130.19,GNV,-50.66,-38.91,-3.49,Normal,Comportamiento Normal
VE-29,BZR752,SINOTRUK,ZZ3315V3266E1,38.75,2,2026-02-25 00:00:00,2026-02-26 00:00:00,1.0,1,0.0,0.0,IGNACIO GELVEZ,OQUENDO -> VILLA,39.58,0,0.0,0.0,0,0.0,77.13,127.26,1.65,130.19,GNV,-53.06,-40.75,-3.61,Normal,Comportamiento Normal
VE-29,BZR752,SINOTRUK,ZZ3315V3266E1,38.75,2,2026-02-26 00:00:00,2026-02-27 00:00:00,1.0,6,72.86,461.66,IGNACIO GELVEZ,SAN LORENZO  -> MEIGGS,74.3,0,0.0,0.0,0,0.0,119.89,197.82,1.65,133.35,GNV,-13.46,-10.09,-1.62,Normal,Comportamiento Normal
VE-29,BZR752,SINOTRUK,ZZ3315V3266E1,38.75,2,2026-02-27 00:00:00,2026-02-28 00:00:00,1.0,1,0.0,0.0,IGNACIO GELVEZ,OQUENDO -> VILLA,39.58,0,0.0,0.0,0,0.0,118.61,195.71,1.65,130.19,GNV,-11.58,-8.89,-1.53,Normal,Comportamiento Normal
VE-29,BZR752,SINOTRUK,ZZ3315V3266E1,38.75,2,2026-02-28 00:00:00,2026-03-09 00:00:00,9.0,10,0.0,0.0,IGNACIO GELVEZ,OQUENDO -> VILLA,285.43,1,35.31,98.0,114,0.34,205.14,359.0,1.75,152.48,GNV,52.66,34.53,1.7,Critico,Estilo de Conduccion Agresivo (Excesos de Velocidad)
VE-29,BZR752,SINOTRUK,ZZ3315V3266E1,38.75,2,2026-03-09 00:00:00,2026-03-10 00:00:00,1.0,1,0.0,0.0,IGNACIO GELVEZ,VILLA -> OQUENDO,60.72,1,23.38,69.0,0,0.4,82.51,144.39,1.75,129.8,GNV,-47.29,-36.43,-3.32,Normal,Comportamiento Normal
VE-29,BZR752,SINOTRUK,ZZ3315V3266E1,38.75,2,2026-03-10 00:00:00,2026-03-12 00:00:00,2.0,6,0.0,0.0,IGNACIO GELVEZ,OQUENDO -> VILLA,342.8,1,31.45,100.0,95,0.5,174.86,288.52,1.65,152.48,GNV,22.38,14.67,0.18,Normal,Comportamiento Normal
VE-29,BZR752,SINOTRUK,ZZ3315V3266E1,38.75,2,2026-03-12 00:00:00,2026-03-13 00:00:00,1.0,2,0.0,0.0,IGNACIO GELVEZ,VILLA -> OQUENDO,205.11,1,30.36,84.0,40,0.42,126.27,208.35,1.65,140.98,GNV,-14.71,-10.44,-1.69,Normal,Comportamiento Normal
VE-29,BZR752,SINOTRUK,ZZ3315V3266E1,38.75,2,2026-03-13 00:00:00,2026-03-14 00:00:00,1.0,1,0.0,0.0,IGNACIO GELVEZ,OQUENDO -> VILLA,192.62,1,28.45,84.0,39,0.42,118.23,217.54,1.84,142.44,GNV,-24.21,-17.0,-2.16,Normal,Comportamiento Normal
VE-29,BZR752,SINOTRUK,ZZ3315V3266E1,38.75,2,2026-03-14 00:00:00,2026-03-16 00:00:00,2.0,2,0.0,0.0,IGNACIO GELVEZ,OQUENDO -> VILLA,95.67,1,31.8,94.0,23,0.58,117.7,216.57,1.84,131.28,GNV,-13.58,-10.35,-1.63,Normal,Comportamiento Normal
VE-29,BZR752,SINOTRUK,ZZ3315V3266E1,38.75,2,2026-03-16 00:00:00,2026-03-17 00:00:00,1.0,0,0.0,0.0,DESCONOCIDO,DESCONOCIDA,226.1,1,28.11,88.0,32,0.37,155.56,286.23,1.84,142.44,GNV,13.12,9.21,-0.29,Normal,Comportamiento Normal
VE-29,BZR752,SINOTRUK,ZZ3315V3266E1,38.75,2,2026-03-17 00:00:00,2026-03-18 00:00:00,1.0,2,0.0,0.0,IGNACIO GELVEZ,OQUENDO -> VILLA,57.83,1,47.74,99.0,47,0.5,137.82,248.08,1.8,131.28,GNV,6.54,4.98,-0.62,Normal,Comportamiento Normal
VE-29,BZR752,SINOTRUK,ZZ3315V3266E1,38.75,2,2026-03-18 00:00:00,2026-03-20 00:00:00,2.0,5,142.38,1090.0,IGNACIO GELVEZ,SAN LORENZO  -> MATERIALES,185.96,1,27.19,86.0,11,0.47,113.49,208.82,1.84,143.05,GNV,-29.56,-20.67,-2.43,Normal,Comportamiento Normal
VE-29,BZR752,SINOTRUK,ZZ3315V3266E1,38.75,2,2026-03-20 00:00:00,2026-03-21 00:00:00,1.0,5,109.09,1120.68,IGNACIO GELVEZ,OQUENDO -> VILLA,94.33,1,17.39,63.0,0,0.51,120.8,222.27,1.84,135.17,GNV,-14.37,-10.63,-1.67,Normal,Comportamiento Normal
VE-29,BZR752,SINOTRUK,ZZ3315V3266E1,38.75,2,2026-03-21 00:00:00,2026-03-22 00:00:00,1.0,0,0.0,0.0,DESCONOCIDO,DESCONOCIDA,265.58,1,26.99,89.0,44,0.42,133.14,244.98,1.84,150.13,GNV,-16.99,-11.32,-1.8,Normal,Comportamiento Normal
VE-29,BZR752,SINOTRUK,ZZ3315V3266E1,38.75,2,2026-03-22 00:00:00,2026-03-23 00:00:00,1.0,3,0.0,0.0,IGNACIO GELVEZ,OQUENDO -> VILLA,121.2,1,38.7,100.0,57,0.2,131.3,228.46,1.74,133.35,GNV,-2.05,-1.54,-1.05,Normal,Comportamiento Normal
VE-29,BZR752,SINOTRUK,ZZ3315V3266E1,38.75,2,2026-03-23 00:00:00,2026-03-24 00:00:00,1.0,1,0.0,0.0,IGNACIO GELVEZ,VILLA -> OQUENDO,318.47,1,27.87,85.0,18,0.33,150.41,261.71,1.74,150.13,GNV,0.28,0.19,-0.93,Normal,Comportamiento Normal
VE-29,BZR752,SINOTRUK,ZZ3315V3266E1,38.75,2,2026-03-24 00:00:00,2026-03-25 00:00:00,1.0,3,0.0,0.0,IGNACIO GELVEZ,OQUENDO -> VILLA,267.4,1,29.65,96.0,107,0.45,131.06,228.04,1.74,150.17,GNV,-19.11,-12.73,-1.91,Normal,Comportamiento Normal
VE-29,BZR752,SINOTRUK,ZZ3315V3266E1,38.75,2,2026-03-25 00:00:00,2026-03-26 00:00:00,1.0,3,0.0,0.0,IGNACIO GELVEZ,OQUENDO -> VILLA,145.74,1,22.96,75.0,2,0.45,95.04,165.37,1.74,137.6,GNV,-42.56,-30.93,-3.09,Normal,Comportamiento Normal
VE-29,BZR752,SINOTRUK,ZZ3315V3266E1,38.75,2,2026-03-26 00:00:00,2026-03-27 00:00:00,1.0,2,0.0,0.0,IGNACIO GELVEZ,OQUENDO -> VILLA,236.58,1,28.32,95.0,56,0.35,134.1,233.33,1.74,148.1,GNV,-14.0,-9.45,-1.65,Normal,Comportamiento Normal
VE-29,BZR752,SINOTRUK,ZZ3315V3266E1,38.75,2,2026-03-27 00:00:00,2026-03-28 00:00:00,1.0,3,0.0,0.0,IGNACIO GELVEZ,VILLA -> OQUENDO,181.62,1,33.12,100.0,90,0.31,135.12,235.11,1.74,137.6,GNV,-2.48,-1.8,-1.07,Normal,Comportamiento Normal
VE-29,BZR752,SINOTRUK,ZZ3315V3266E1,38.75,2,2026-03-28 00:00:00,2026-03-30 00:00:00,2.0,3,0.0,0.0,IGNACIO GELVEZ,OQUENDO -> VILLA,224.83,1,27.71,100.0,54,0.41,150.49,261.85,1.74,143.05,GNV,7.44,5.2,-0.57,Normal,Comportamiento Normal
VE-29,BZR752,SINOTRUK,ZZ3315V3266E1,38.75,2,2026-03-30 00:00:00,2026-03-31 00:00:00,1.0,4,107.55,958.94,IGNACIO GELVEZ,SAN LORENZO  -> MATERIALES,302.28,1,25.6,91.0,35,0.32,98.11,170.71,1.74,150.17,GNV,-52.06,-34.67,-3.56,Normal,Comportamiento Normal
VE-29,BZR752,SINOTRUK,ZZ3315V3266E1,38.75,2,2026-03-31 00:00:00,2026-04-01 00:00:00,1.0,6,108.19,1289.88,IGNACIO GELVEZ,SAN LORENZO  -> MATERIALES,164.57,1,24.92,95.0,72,0.52,131.09,228.1,1.74,138.12,GNV,-7.03,-5.09,-1.3,Normal,Comportamiento Normal
VE-29,BZR752,SINOTRUK,ZZ3315V3266E1,38.75,2,2026-04-01 00:00:00,2026-04-02 00:00:00,1.0,2,0.0,0.0,IGNACIO GELVEZ,OQUENDO -> VILLA,160.46,1,19.91,77.0,5,0.5,137.16,238.66,1.74,135.53,GNV,1.63,1.2,-0.87,Normal,Comportamiento Normal
VE-29,BZR752,SINOTRUK,ZZ3315V3266E1,38.75,2,2026-04-02 00:00:00,2026-04-03 00:00:00,1.0,0,0.0,0.0,DESCONOCIDO,DESCONOCIDA,227.5,1,34.57,91.0,71,0.23,194.21,337.93,1.74,142.44,GNV,51.77,36.35,1.65,Critico,Estilo de Conduccion Agresivo (Excesos de Velocidad)
VE-29,BZR752,SINOTRUK,ZZ3315V3266E1,38.75,2,2026-04-03 00:00:00,2026-04-04 00:00:00,1.0,5,74.21,816.02,IGNACIO GELVEZ,COLLIQUE -> SAN LORENZO ,208.21,1,38.23,98.0,110,0.23,96.21,167.41,1.74,143.05,GNV,-46.84,-32.75,-3.3,Normal,Comportamiento Normal
VE-29,BZR752,SINOTRUK,ZZ3315V3266E1,38.75,2,2026-04-04 00:00:00,2026-04-06 00:00:00,2.0,4,72.74,791.21,IGNACIO GELVEZ,MEIGGS -> SAN LORENZO ,93.4,1,20.64,77.0,1,0.48,102.62,178.56,1.74,133.35,GNV,-30.73,-23.05,-2.49,Normal,Comportamiento Normal
VE-29,BZR752,SINOTRUK,ZZ3315V3266E1,38.75,2,2026-04-06 00:00:00,2026-04-07 00:00:00,1.0,4,78.49,1034.03,IGNACIO GELVEZ,COLLIQUE -> SAN LORENZO ,95.17,1,18.79,77.0,2,0.57,83.6,145.46,1.74,133.35,GNV,-49.75,-37.31,-3.45,Normal,Comportamiento Normal
VE-29,BZR752,SINOTRUK,ZZ3315V3266E1,38.75,2,2026-04-07 00:00:00,2026-04-08 00:00:00,1.0,5,151.21,971.44,IGNACIO GELVEZ,SAN LORENZO  -> MEIGGS,74.58,1,16.16,76.0,4,0.51,89.54,155.8,1.74,135.17,GNV,-45.63,-33.76,-3.24,Normal,Comportamiento Normal
VE-29,BZR752,SINOTRUK,ZZ3315V3266E1,38.75,2,2026-04-08 00:00:00,2026-04-09 00:00:00,1.0,4,77.77,693.41,IGNACIO GELVEZ,MATERIALES -> SAN LORENZO ,75.64,1,15.9,79.0,1,0.59,110.74,192.69,1.74,133.35,GNV,-22.61,-16.96,-2.08,Normal,Comportamiento Normal
VE-29,BZR752,SINOTRUK,ZZ3315V3266E1,38.75,2,2026-04-09 00:00:00,2026-04-10 00:00:00,1.0,4,73.56,1295.9,IGNACIO GELVEZ,SAN LORENZO  -> COLLIQUE,90.39,1,18.03,78.0,1,0.53,112.49,195.73,1.74,133.35,GNV,-20.86,-15.64,-2.0,Normal,Comportamiento Normal
VE-29,BZR752,SINOTRUK,ZZ3315V3266E1,38.75,2,2026-04-10 00:00:00,2026-04-11 00:00:00,1.0,4,74.19,813.9,IGNACIO GELVEZ,SAN LORENZO  -> MEIGGS,232.76,1,24.17,83.0,27,0.35,130.46,227.0,1.74,143.05,GNV,-12.59,-8.8,-1.58,Normal,Comportamiento Normal
VE-29,BZR752,SINOTRUK,ZZ3315V3266E1,38.75,2,2026-04-11 00:00:00,2026-04-12 00:00:00,1.0,0,0.0,0.0,DESCONOCIDO,DESCONOCIDA,277.82,1,27.39,90.0,89,0.41,147.92,257.38,1.74,150.13,GNV,-2.21,-1.47,-1.06,Normal,Comportamiento Normal
VE-29,BZR752,SINOTRUK,ZZ3315V3266E1,38.75,2,2026-04-12 00:00:00,2026-04-13 00:00:00,1.0,2,0.0,0.0,IGNACIO GELVEZ,OQUENDO -> VILLA,212.98,1,40.43,100.0,129,0.23,79.17,137.76,1.74,140.98,GNV,-61.81,-43.84,-4.05,Normal,Comportamiento Normal
VE-29,BZR752,SINOTRUK,ZZ3315V3266E1,38.75,2,2026-04-13 00:00:00,2026-04-14 00:00:00,1.0,4,73.91,991.71,IGNACIO GELVEZ,MATERIALES -> SAN LORENZO ,362.45,1,30.68,93.0,109,0.33,91.92,159.94,1.74,150.17,GNV,-58.25,-38.79,-3.88,Normal,Comportamiento Normal
VE-29,BZR752,SINOTRUK,ZZ3315V3266E1,38.75,2,2026-04-14 00:00:00,2026-04-17 00:00:00,3.0,6,106.25,423.7,IGNACIO GELVEZ,SAN LORENZO  -> MEIGGS,165.55,1,18.15,77.0,6,0.57,156.85,272.92,1.74,138.12,GNV,18.73,13.56,-0.01,Normal,Comportamiento Normal
VE-29,BZR752,SINOTRUK,ZZ3315V3266E1,38.75,2,2026-04-17 00:00:00,2026-04-20 00:00:00,3.0,3,0.0,0.0,IGNACIO GELVEZ,OQUENDO -> VILLA,272.88,1,25.73,92.0,42,0.39,112.47,195.7,1.74,150.17,GNV,-37.7,-25.11,-2.84,Normal,Comportamiento Normal
VE-29,BZR752,SINOTRUK,ZZ3315V3266E1,38.75,2,2026-04-20 00:00:00,2026-04-22 00:00:00,2.0,3,0.0,0.0,IGNACIO GELVEZ,OQUENDO -> VILLA,124.25,1,24.21,78.0,9,0.51,142.83,248.52,1.74,133.35,GNV,9.48,7.11,-0.47,Normal,Comportamiento Normal
VE-29,BZR752,SINOTRUK,ZZ3315V3266E1,38.75,2,2026-04-22 00:00:00,2026-04-23 00:00:00,1.0,6,151.51,1163.61,IGNACIO GELVEZ,SAN LORENZO  -> MATERIALES,239.08,1,26.96,89.0,51,0.34,159.37,277.3,1.74,152.48,GNV,6.89,4.52,-0.6,Normal,Comportamiento Normal
VE-29,BZR752,SINOTRUK,ZZ3315V3266E1,38.75,2,2026-04-23 00:00:00,2026-04-24 00:00:00,1.0,4,112.25,633.72,IGNACIO GELVEZ,MEIGGS -> SAN LORENZO ,101.02,1,16.52,77.0,1,0.47,94.26,164.01,1.74,135.17,GNV,-40.91,-30.27,-3.0,Normal,Comportamiento Normal
VE-29,BZR752,SINOTRUK,ZZ3315V3266E1,38.75,2,2026-04-24 00:00:00,2026-04-27 00:00:00,3.0,9,213.27,2684.87,IGNACIO GELVEZ,SAN LORENZO  -> MATERIALES,171.43,1,18.21,77.0,4,0.56,133.42,232.15,1.74,143.42,GNV,-10.0,-6.97,-1.45,Normal,Comportamiento Normal
VE-29,BZR752,SINOTRUK,ZZ3315V3266E1,38.75,2,2026-04-27 00:00:00,2026-04-29 00:00:00,2.0,6,108.42,602.93,IGNACIO GELVEZ,OQUENDO -> VILLA,228.24,1,20.08,77.0,8,0.52,145.67,253.47,1.74,143.05,GNV,2.62,1.83,-0.82,Normal,Comportamiento Normal
VE-29,BZR752,SINOTRUK,ZZ3315V3266E1,38.75,2,2026-04-29 00:00:00,2026-05-02 00:00:00,3.0,8,145.58,1760.18,IGNACIO GELVEZ,COLLIQUE -> SAN LORENZO ,284.61,1,24.99,93.0,50,0.45,176.11,306.43,1.74,152.48,GNV,23.63,15.49,0.24,Advertencia,Exceso de Ralenti (Motor encendido sin movimiento)
VE-29,BZR752,SINOTRUK,ZZ3315V3266E1,38.75,2,2026-05-02 00:00:00,2026-05-03 00:00:00,1.0,0,0.0,0.0,DESCONOCIDO,DESCONOCIDA,272.5,1,26.99,92.0,38,0.45,148.51,258.41,1.74,150.13,GNV,-1.62,-1.08,-1.03,Normal,Comportamiento Normal
VE-29,BZR752,SINOTRUK,ZZ3315V3266E1,38.75,2,2026-05-03 00:00:00,2026-05-04 00:00:00,1.0,4,70.62,936.19,IGNACIO GELVEZ,SAN LORENZO  -> MATERIALES,23.46,1,31.09,76.0,2,0.38,114.73,199.63,1.74,133.74,GNV,-19.01,-14.21,-1.9,Normal,Comportamiento Normal
VE-29,BZR752,SINOTRUK,ZZ3315V3266E1,38.75,2,2026-05-04 00:00:00,2026-05-06 00:00:00,2.0,7,143.22,1253.13,IGNACIO GELVEZ,OQUENDO -> VILLA,181.25,1,24.46,100.0,46,0.54,179.75,312.76,1.74,138.12,GNV,41.63,30.14,1.14,Critico,Exceso de Ralenti (Motor encendido sin movimiento)
VE-29,BZR752,SINOTRUK,ZZ3315V3266E1,38.75,2,2026-05-06 00:00:00,2026-05-07 00:00:00,1.0,3,106.46,1579.5,IGNACIO GELVEZ,SAN LORENZO  -> COLLIQUE,169.28,1,21.46,77.0,10,0.49,171.01,297.56,1.74,138.12,GNV,32.89,23.81,0.7,Advertencia,Exceso de Ralenti (Motor encendido sin movimiento)
VE-29,BZR752,SINOTRUK,ZZ3315V3266E1,38.75,2,2026-05-07 00:00:00,2026-05-09 00:00:00,2.0,6,171.68,1530.73,IGNACIO GELVEZ,SAN LORENZO  -> MATERIALES,192.96,1,21.98,100.0,50,0.51,163.2,283.97,1.74,143.05,GNV,20.15,14.08,0.06,Normal,Comportamiento Normal
VE-29,BZR752,SINOTRUK,ZZ3315V3266E1,38.75,2,2026-05-09 00:00:00,2026-05-13 00:00:00,4.0,11,214.69,2475.41,IGNACIO GELVEZ,COLLIQUE -> SAN LORENZO ,162.79,1,18.11,76.0,1,0.55,109.68,190.84,1.74,138.12,GNV,-28.44,-20.59,-2.38,Normal,Comportamiento Normal
VE-29,BZR752,SINOTRUK,ZZ3315V3266E1,38.75,2,2026-05-13 00:00:00,2026-05-14 00:00:00,1.0,3,68.54,611.12,IGNACIO GELVEZ,SAN LORENZO  -> MATERIALES,181.27,1,22.23,76.0,7,0.51,83.24,144.84,1.74,137.6,GNV,-54.36,-39.51,-3.68,Normal,Comportamiento Normal
VE-29,BZR752,SINOTRUK,ZZ3315V3266E1,38.75,2,2026-05-14 00:00:00,2026-05-15 00:00:00,1.0,3,69.26,938.94,IGNACIO GELVEZ,COLLIQUE -> SAN LORENZO ,107.27,1,24.45,91.0,39,0.5,151.95,264.39,1.74,133.35,GNV,18.6,13.95,-0.01,Normal,Comportamiento Normal
VE-29,BZR752,SINOTRUK,ZZ3315V3266E1,38.75,2,2026-05-15 00:00:00,2026-05-18 00:00:00,3.0,7,178.49,1747.16,IGNACIO GELVEZ,SAN LORENZO  -> COLLIQUE,154.49,1,19.65,77.0,5,0.5,98.96,172.19,1.74,138.12,GNV,-39.16,-28.35,-2.92,Normal,Comportamiento Normal
VE-29,BZR752,SINOTRUK,ZZ3315V3266E1,38.75,2,2026-05-18 00:00:00,2026-05-19 00:00:00,1.0,5,102.42,770.02,IGNACIO GELVEZ,SAN LORENZO  -> MATERIALES,169.78,1,24.23,92.0,22,0.5,155.32,270.26,1.74,138.12,GNV,17.2,12.45,-0.08,Normal,Comportamiento Normal
VE-29,BZR752,SINOTRUK,ZZ3315V3266E1,38.75,2,2026-05-19 00:00:00,2026-05-20 00:00:00,1.0,4,110.45,1645.09,IGNACIO GELVEZ,SAN LORENZO  -> COLLIQUE,150.02,1,23.45,96.0,22,0.58,156.75,272.75,1.74,138.12,GNV,18.63,13.49,-0.01,Normal,Comportamiento Normal
VE-29,BZR752,SINOTRUK,ZZ3315V3266E1,38.75,2,2026-05-20 00:00:00,2026-05-21 00:00:00,1.0,4,110.32,1565.14,IGNACIO GELVEZ,SAN LORENZO  -> COLLIQUE,125.18,1,23.58,100.0,45,0.51,217.21,377.95,1.74,135.17,GNV,82.04,60.69,3.18,Critico,Falla Mecanica / Requiere Mantenimiento Preventivo
VE-29,BZR752,SINOTRUK,ZZ3315V3266E1,38.75,2,2026-05-21 00:00:00,2026-05-25 00:00:00,4.0,6,112.43,551.45,IGNACIO GELVEZ,MEIGGS -> SAN LORENZO ,171.04,1,18.68,76.0,5,0.52,140.87,245.11,1.74,138.12,GNV,2.75,1.99,-0.81,Normal,Comportamiento Normal
VE-29,BZR752,SINOTRUK,ZZ3315V3266E1,38.75,2,2026-05-25 00:00:00,2026-05-26 00:00:00,1.0,4,113.21,1578.77,IGNACIO GELVEZ,SAN LORENZO  -> COLLIQUE,78.89,1,17.54,73.0,1,0.6,127.76,222.3,1.74,135.17,GNV,-7.41,-5.48,-1.32,Normal,Comportamiento Normal
VE-29,BZR752,SINOTRUK,ZZ3315V3266E1,38.75,2,2026-05-26 00:00:00,2026-05-27 00:00:00,1.0,5,106.33,1253.45,IGNACIO GELVEZ,SAN LORENZO  -> MATERIALES,123.77,1,19.85,76.0,3,0.51,116.84,203.3,1.74,135.17,GNV,-18.33,-13.56,-1.87,Normal,Comportamiento Normal
VE-29,BZR752,SINOTRUK,ZZ3315V3266E1,38.75,2,2026-05-27 00:00:00,2026-05-28 00:00:00,1.0,4,110.97,1058.35,IGNACIO GELVEZ,OQUENDO -> SAN LORENZO ,96.22,1,18.59,73.0,1,0.54,102.71,178.72,1.74,135.17,GNV,-32.46,-24.01,-2.58,Normal,Comportamiento Normal
VE-29,BZR752,SINOTRUK,ZZ3315V3266E1,38.75,2,2026-05-28 00:00:00,2026-05-30 00:00:00,2.0,4,120.87,1402.38,IGNACIO GELVEZ,OQUENDO -> MATERIALES,179.5,1,17.26,60.0,0,0.53,167.32,291.14,1.74,138.12,GNV,29.2,21.14,0.52,Advertencia,Exceso de Ralenti (Motor encendido sin movimiento)
VE-29,BZR752,SINOTRUK,ZZ3315V3266E1,38.75,2,2026-05-30 00:00:00,2026-06-02 00:00:00,3.0,7,104.29,1092.97,IGNACIO GELVEZ,OQUENDO -> VILLA,268.67,1,28.05,91.0,72,0.46,163.08,283.76,1.74,152.48,GNV,10.6,6.95,-0.42,Normal,Comportamiento Normal
VE-29,BZR752,SINOTRUK,ZZ3315V3266E1,38.75,2,2026-06-02 00:00:00,2026-06-03 00:00:00,1.0,2,0.0,0.0,IGNACIO GELVEZ,OQUENDO -> VILLA,92.68,1,30.79,92.0,33,0.43,230.49,401.05,1.74,131.28,GNV,99.21,75.57,4.04,Critico,Exceso de Ralenti (Motor encendido sin movimiento)
VE-29,BZR752,SINOTRUK,ZZ3315V3266E1,38.75,2,2026-06-03 00:00:00,2026-06-04 00:00:00,1.0,5,72.35,312.69,IGNACIO GELVEZ,POLIMIX SANTA ANITA -> BOTADERO,217.17,1,32.32,93.0,80,0.35,121.32,211.1,1.74,143.05,GNV,-21.73,-15.19,-2.04,Normal,Comportamiento Normal
VE-29,BZR752,SINOTRUK,ZZ3315V3266E1,38.75,2,2026-06-04 00:00:00,2026-06-08 00:00:00,4.0,9,72.04,568.91,IGNACIO GELVEZ,OQUENDO -> SAN LORENZO ,170.07,1,19.71,88.0,23,0.56,99.8,173.65,1.74,137.6,GNV,-37.8,-27.47,-2.85,Normal,Comportamiento Normal
VE-29,BZR752,SINOTRUK,ZZ3315V3266E1,38.75,2,2026-06-08 00:00:00,2026-06-09 00:00:00,1.0,6,0.0,0.0,IGNACIO GELVEZ,SAN LORENZO  -> MEIGGS,82.68,1,16.85,65.0,0,0.5,189.84,330.32,1.74,133.35,GNV,56.49,42.36,1.89,Critico,Exceso de Ralenti (Motor encendido sin movimiento)
VE-29,BZR752,SINOTRUK,ZZ3315V3266E1,38.75,2,2026-06-09 00:00:00,2026-06-10 00:00:00,1.0,4,0.0,0.0,Jose Ignacio Gelvez Angarita,OQUENDO -> SAN LORENZO ,100.58,1,17.59,76.0,1,0.52,100.95,175.65,1.74,133.35,GNV,-32.4,-24.3,-2.58,Normal,Comportamiento Normal
VE-29,BZR752,SINOTRUK,ZZ3315V3266E1,38.75,2,2026-06-10 00:00:00,2026-06-11 00:00:00,1.0,3,0.0,0.0,Jose Ignacio Gelvez Angarita,MEIGGS -> SAN LORENZO ,94.79,1,18.78,76.0,2,0.55,97.54,169.72,1.74,133.35,GNV,-35.81,-26.86,-2.75,Normal,Comportamiento Normal
VE-29,BZR752,SINOTRUK,ZZ3315V3266E1,38.75,2,2026-06-11 00:00:00,2026-06-15 00:00:00,4.0,7,0.0,0.0,Jose Ignacio Gelvez Angarita,SAN LORENZO  -> COLLIQUE,167.7,1,18.94,76.0,3,0.56,100.5,174.87,1.74,137.6,GNV,-37.1,-26.96,-2.81,Normal,Comportamiento Normal
VE-29,BZR752,SINOTRUK,ZZ3315V3266E1,38.75,2,2026-06-15 00:00:00,2026-06-16 00:00:00,1.0,4,0.0,0.0,Jose Ignacio Gelvez Angarita,MATERIALES -> SAN LORENZO ,75.84,1,17.06,66.0,0,0.58,96.05,167.13,1.74,133.35,GNV,-37.3,-27.97,-2.82,Normal,Comportamiento Normal
VE-29,BZR752,SINOTRUK,ZZ3315V3266E1,38.75,2,2026-06-16 00:00:00,2026-06-18 00:00:00,2.0,7,0.0,0.0,Jose Ignacio Gelvez Angarita,SAN LORENZO  -> MATERIALES,166.79,1,17.91,70.0,0,0.61,105.51,183.59,1.74,137.6,GNV,-32.09,-23.32,-2.56,Normal,Comportamiento Normal
VE-29,BZR752,SINOTRUK,ZZ3315V3266E1,38.75,2,2026-06-18 00:00:00,2026-06-19 00:00:00,1.0,3,0.0,0.0,Jose Ignacio Gelvez Angarita,OQUENDO -> VILLA,85.89,1,17.19,74.0,1,0.55,95.42,166.03,1.74,133.35,GNV,-37.93,-28.44,-2.85,Normal,Comportamiento Normal
VE-29,BZR752,SINOTRUK,ZZ3315V3266E1,38.75,2,2026-06-19 00:00:00,2026-06-20 00:00:00,1.0,2,0.0,0.0,Jose Ignacio Gelvez Angarita,VILLA -> OQUENDO,166.54,1,31.66,83.0,43,0.51,104.24,181.38,1.74,135.53,GNV,-31.29,-23.09,-2.52,Normal,Comportamiento Normal
VE-29,BZR752,SINOTRUK,ZZ3315V3266E1,38.75,2,2026-06-20 00:00:00,2026-06-21 00:00:00,1.0,0,0.0,0.0,DESCONOCIDO,DESCONOCIDA,245.54,1,32.25,93.0,70,0.35,192.29,334.58,1.74,150.13,GNV,42.16,28.08,1.17,Advertencia,Estilo de Conduccion Agresivo (Excesos de Velocidad)
VE-29,BZR752,SINOTRUK,ZZ3315V3266E1,38.75,2,2026-06-21 00:00:00,2026-06-22 00:00:00,1.0,3,0.0,0.0,Jose Ignacio Gelvez Angarita,OQUENDO -> VILLA,113.37,1,41.51,98.0,60,0.34,123.4,214.72,1.74,133.35,GNV,-9.95,-7.46,-1.45,Normal,Comportamiento Normal
VE-29,BZR752,SINOTRUK,ZZ3315V3266E1,38.75,2,2026-06-22 00:00:00,2026-06-23 00:00:00,1.0,2,0.0,0.0,Jose Ignacio Gelvez Angarita,OQUENDO -> VILLA,220.53,1,29.33,99.0,50,0.48,147.14,256.02,1.74,140.98,GNV,6.16,4.37,-0.64,Normal,Comportamiento Normal
VE-29,BZR752,SINOTRUK,ZZ3315V3266E1,38.75,2,2026-06-23 00:00:00,2026-06-24 00:00:00,1.0,2,0.0,0.0,Jose Ignacio Gelvez Angarita,OQUENDO -> VILLA,204.22,1,36.63,100.0,108,0.41,218.66,380.47,1.74,140.98,GNV,77.68,55.1,2.96,Critico,Exceso de Ralenti (Motor encendido sin movimiento)
VE-29,BZR752,SINOTRUK,ZZ3315V3266E1,38.75,2,2026-06-24 00:00:00,2026-06-25 00:00:00,1.0,3,0.0,0.0,Jose Ignacio Gelvez Angarita,OQUENDO -> SAN LORENZO ,199.6,1,30.48,99.0,101,0.43,100.04,174.07,1.74,143.05,GNV,-43.01,-30.07,-3.11,Normal,Comportamiento Normal
VE-29,BZR752,SINOTRUK,ZZ3315V3266E1,38.75,2,2026-06-25 00:00:00,2026-06-26 00:00:00,1.0,3,0.0,0.0,Jose Ignacio Gelvez Angarita,MEIGGS -> SAN LORENZO ,181.26,1,24.03,99.0,58,0.51,129.56,225.43,1.74,137.6,GNV,-8.04,-5.84,-1.35,Normal,Comportamiento Normal
VE-29,BZR752,SINOTRUK,ZZ3315V3266E1,38.75,2,2026-06-26 00:00:00,2026-06-28 00:00:00,2.0,3,0.0,0.0,Jose Ignacio Gelvez Angarita,OQUENDO -> VILLA,209.93,1,25.33,94.0,38,0.52,202.9,353.05,1.74,143.05,GNV,59.85,41.83,2.06,Critico,Exceso de Ralenti (Motor encendido sin movimiento)
VE-29,BZR752,SINOTRUK,ZZ3315V3266E1,38.75,2,2026-06-28 00:00:00,2026-07-01 00:00:00,3.0,3,0.0,0.0,Jose Ignacio Gelvez Angarita,SAN LORENZO  -> MATERIALES,351.26,1,31.28,94.0,144,0.48,148.65,258.65,1.74,150.17,GNV,-1.52,-1.01,-1.02,Normal,Comportamiento Normal
VE-30,BZR781,SINOTRUK,ZZ3315V3266E1,38.75,2,2026-01-21 00:00:00,2026-01-22 00:00:00,1.0,2,72.82,994.09,DESCONOCIDO,SAN LORENZO -> COLLIQUE,26.53,0,0.0,0.0,0,0.0,138.39,228.34,1.65,133.92,GNV,4.47,3.34,-0.72,Normal,Comportamiento Normal
VE-30,BZR781,SINOTRUK,ZZ3315V3266E1,38.75,2,2026-01-22 00:00:00,2026-01-23 00:00:00,1.0,1,33.94,597.92,DESCONOCIDO,SAN LORENZO -> COLLIQUE,17.62,0,0.0,0.0,0,0.0,121.04,199.72,1.65,127.24,GNV,-6.2,-4.87,-1.26,Normal,Comportamiento Normal
VE-30,BZR781,SINOTRUK,ZZ3315V3266E1,38.75,2,2026-01-23 00:00:00,2026-01-24 00:00:00,1.0,7,246.62,1885.44,DESCONOCIDO,SAN LORENZO -> MEIGGS,55.17,0,0.0,0.0,0,0.0,141.77,233.92,1.65,139.18,GNV,2.59,1.86,-0.82,Normal,Comportamiento Normal
VE-30,BZR781,SINOTRUK,ZZ3315V3266E1,38.75,2,2026-01-27 00:00:00,2026-01-28 00:00:00,1.0,4,140.18,886.15,DESCONOCIDO,SAN LORENZO -> MATERIALES,25.81,0,0.0,0.0,0,0.0,111.09,183.3,1.65,137.81,GNV,-26.72,-19.39,-2.29,Normal,Comportamiento Normal
VE-30,BZR781,SINOTRUK,ZZ3315V3266E1,38.75,2,2026-02-14 00:00:00,2026-02-16 00:00:00,2.0,3,36.48,642.66,JOSE LEZAMA,MATERIALES -> SAN LORENZO ,30.52,0,0.0,0.0,0,0.0,99.5,164.18,1.65,135.99,GNV,-36.49,-26.83,-2.78,Normal,Comportamiento Normal
VE-30,BZR781,SINOTRUK,ZZ3315V3266E1,38.75,2,2026-02-16 00:00:00,2026-02-17 00:00:00,1.0,3,70.53,628.86,JOSE LEZAMA,MATERIALES -> SAN LORENZO ,24.61,0,0.0,0.0,0,0.0,91.79,151.45,1.65,135.99,GNV,-44.2,-32.5,-3.17,Normal,Comportamiento Normal
VE-30,BZR781,SINOTRUK,ZZ3315V3266E1,38.75,2,2026-02-17 00:00:00,2026-02-19 00:00:00,2.0,2,35.87,631.92,JOSE LEZAMA,COLLIQUE -> SAN LORENZO ,21.6,0,0.0,0.0,0,0.0,70.56,116.42,1.65,133.92,GNV,-63.36,-47.31,-4.13,Normal,Comportamiento Normal
VE-30,BZR781,SINOTRUK,ZZ3315V3266E1,38.75,2,2026-02-19 00:00:00,2026-02-20 00:00:00,1.0,3,72.09,777.04,JOSE LEZAMA,SAN LORENZO  -> MEIGGS,25.59,0,0.0,0.0,0,0.0,88.22,145.56,1.65,135.99,GNV,-47.77,-35.13,-3.35,Normal,Comportamiento Normal
VE-30,BZR781,SINOTRUK,ZZ3315V3266E1,38.75,2,2026-02-20 00:00:00,2026-02-21 00:00:00,1.0,2,0.0,0.0,JOSE LEZAMA,COLLIQUE -> SAN LORENZO ,21.6,0,0.0,0.0,0,0.0,89.81,148.19,1.65,133.92,GNV,-44.11,-32.94,-3.16,Normal,Comportamiento Normal
VE-30,BZR781,SINOTRUK,ZZ3315V3266E1,38.75,2,2026-02-21 00:00:00,2026-03-09 00:00:00,16.0,10,34.81,466.17,JOSE LEZAMA,PORTILLO -> FLOR DE NIEVE,336.82,1,25.26,100.0,42,0.33,196.43,343.75,1.75,156.5,GNV,39.93,25.52,1.06,Advertencia,Estilo de Conduccion Agresivo (Excesos de Velocidad)
VE-30,BZR781,SINOTRUK,ZZ3315V3266E1,38.75,2,2026-03-09 00:00:00,2026-03-24 00:00:00,15.0,40,0.0,0.0,JOSE LEZAMA,PORTILLO -> ANCIETA,2754.46,1,27.68,95.0,145,0.27,194.16,376.66,2.04,156.5,GNV,37.66,24.07,0.94,Advertencia,Estilo de Conduccion Agresivo (Excesos de Velocidad)
VE-30,BZR781,SINOTRUK,ZZ3315V3266E1,38.75,2,2026-03-24 00:00:00,2026-03-25 00:00:00,1.0,3,0.0,0.0,JOSE LEZAMA,PORTILLO -> VILLA 2,237.34,1,28.1,76.0,7,0.25,144.54,280.41,2.04,154.18,GNV,-9.64,-6.25,-1.43,Normal,Comportamiento Normal
VE-30,BZR781,SINOTRUK,ZZ3315V3266E1,38.75,2,2026-03-25 00:00:00,2026-03-26 00:00:00,1.0,3,0.0,0.0,JOSE LEZAMA,PORTILLO -> ANCIETA,161.86,1,27.41,77.0,5,0.36,144.72,280.75,2.04,141.61,GNV,3.11,2.19,-0.79,Normal,Comportamiento Normal
VE-30,BZR781,SINOTRUK,ZZ3315V3266E1,38.75,2,2026-03-26 00:00:00,2026-03-27 00:00:00,1.0,3,0.0,0.0,JOSE LEZAMA,PORTILLO -> ANCIETA,160.16,1,25.43,76.0,5,0.41,199.58,387.18,2.04,141.61,GNV,57.97,40.93,1.97,Critico,Exceso de Ralenti (Motor encendido sin movimiento)
VE-30,BZR781,SINOTRUK,ZZ3315V3266E1,38.75,2,2026-03-27 00:00:00,2026-03-30 00:00:00,3.0,6,0.0,0.0,JOSE LEZAMA,PORTILLO -> VILLA 2,364.73,1,27.47,77.0,14,0.26,213.72,414.61,2.04,156.5,GNV,57.22,36.57,1.93,Critico,Sospecha de Fuga o Extraccion Injustificada de Combustible
VE-30,BZR781,SINOTRUK,ZZ3315V3266E1,38.75,2,2026-03-30 00:00:00,2026-03-31 00:00:00,1.0,4,0.0,0.0,JOSE LEZAMA,PORTILLO -> ANCIETA,132.22,1,22.96,69.0,0,0.38,175.6,340.66,2.04,141.61,GNV,33.99,24.0,0.76,Advertencia,Falla Mecanica / Requiere Mantenimiento Preventivo
VE-30,BZR781,SINOTRUK,ZZ3315V3266E1,38.75,2,2026-03-31 00:00:00,2026-04-01 00:00:00,1.0,5,0.0,0.0,JOSE LEZAMA,PORTILLO -> ANCIETA,209.56,1,25.84,68.0,0,0.34,178.56,346.4,2.04,147.07,GNV,31.49,21.41,0.63,Advertencia,Falla Mecanica / Requiere Mantenimiento Preventivo
VE-30,BZR781,SINOTRUK,ZZ3315V3266E1,38.75,2,2026-04-01 00:00:00,2026-04-06 00:00:00,5.0,5,0.0,0.0,JOSE LEZAMA,PORTILLO -> ANCIETA,364.37,1,25.97,72.0,1,0.32,214.47,416.06,2.04,156.5,GNV,57.97,37.04,1.97,Critico,Falla Mecanica / Requiere Mantenimiento Preventivo
VE-30,BZR781,SINOTRUK,ZZ3315V3266E1,38.75,2,2026-04-06 00:00:00,2026-04-07 00:00:00,1.0,5,0.0,0.0,JOSE LEZAMA,PORTILLO -> ANCIETA,159.01,1,23.46,76.0,2,0.35,164.04,318.24,2.04,141.61,GNV,22.43,15.84,0.18,Advertencia,Falla Mecanica / Requiere Mantenimiento Preventivo
VE-30,BZR781,SINOTRUK,ZZ3315V3266E1,38.75,2,2026-04-07 00:00:00,2026-04-08 00:00:00,1.0,3,0.0,0.0,JOSE LEZAMA,PORTILLO -> ANCIETA,204.11,1,24.65,76.0,3,0.34,161.26,312.84,2.04,147.07,GNV,14.19,9.65,-0.23,Normal,Comportamiento Normal
VE-30,BZR781,SINOTRUK,ZZ3315V3266E1,38.75,2,2026-04-08 00:00:00,2026-04-09 00:00:00,1.0,4,0.0,0.0,JOSE LEZAMA,PORTILLO -> ANCIETA,184.85,1,25.13,76.0,5,0.35,171.11,331.95,2.04,147.07,GNV,24.04,16.35,0.26,Advertencia,Desviacion Operativa Menor / Eficiencia Conductiva
VE-30,BZR781,SINOTRUK,ZZ3315V3266E1,38.75,2,2026-04-09 00:00:00,2026-04-10 00:00:00,1.0,4,0.0,0.0,JOSE LEZAMA,PORTILLO -> ,188.35,1,25.01,76.0,4,0.39,148.65,288.37,2.04,147.07,GNV,1.58,1.08,-0.87,Normal,Comportamiento Normal
VE-30,BZR781,SINOTRUK,ZZ3315V3266E1,38.75,2,2026-04-10 00:00:00,2026-04-13 00:00:00,3.0,7,0.0,0.0,JOSE LEZAMA,PORTILLO -> ,282.53,1,25.24,78.0,9,0.36,253.12,491.05,2.04,156.5,GNV,96.62,61.74,3.91,Critico,Sospecha de Fuga o Extraccion Injustificada de Combustible
VE-30,BZR781,SINOTRUK,ZZ3315V3266E1,38.75,2,2026-04-13 00:00:00,2026-04-14 00:00:00,1.0,3,0.0,0.0,JOSE LEZAMA,PORTILLO -> VILLA 2,183.05,1,24.51,77.0,3,0.33,154.73,300.17,2.04,141.61,GNV,13.12,9.26,-0.29,Normal,Comportamiento Normal
VE-30,BZR781,SINOTRUK,ZZ3315V3266E1,38.75,2,2026-04-14 00:00:00,2026-04-15 00:00:00,1.0,5,0.0,0.0,JOSE LEZAMA,PORTILLO -> VILLA 2,181.14,1,27.67,77.0,6,0.36,148.92,288.9,2.04,141.61,GNV,7.31,5.16,-0.58,Normal,Comportamiento Normal
VE-30,BZR781,SINOTRUK,ZZ3315V3266E1,38.75,2,2026-04-15 00:00:00,2026-04-16 00:00:00,1.0,4,0.0,0.0,JOSE LEZAMA,PORTILLO -> ANCIETA,179.67,1,24.84,65.0,0,0.33,123.19,238.98,2.04,141.61,GNV,-18.42,-13.01,-1.87,Normal,Comportamiento Normal
VE-30,BZR781,SINOTRUK,ZZ3315V3266E1,38.75,2,2026-04-16 00:00:00,2026-04-17 00:00:00,1.0,3,0.0,0.0,JOSE LEZAMA,PORTILLO -> ,133.62,1,25.45,84.0,6,0.48,136.0,263.84,2.04,141.61,GNV,-5.61,-3.96,-1.23,Normal,Comportamiento Normal
VE-30,BZR781,SINOTRUK,ZZ3315V3266E1,38.75,2,2026-04-17 00:00:00,2026-04-20 00:00:00,3.0,6,0.0,0.0,JOSE LEZAMA,PORTILLO -> ,242.55,1,24.67,77.0,6,0.46,208.07,403.65,2.04,156.5,GNV,51.57,32.96,1.64,Critico,Exceso de Ralenti (Motor encendido sin movimiento)
VE-30,BZR781,SINOTRUK,ZZ3315V3266E1,38.75,2,2026-04-20 00:00:00,2026-04-21 00:00:00,1.0,2,0.0,0.0,JOSE LEZAMA,PORTILLO -> ANCIETA,153.27,1,26.63,76.0,5,0.35,161.81,313.91,2.04,139.54,GNV,22.27,15.96,0.17,Advertencia,Desviacion Operativa Menor / Eficiencia Conductiva
VE-30,BZR781,SINOTRUK,ZZ3315V3266E1,38.75,2,2026-04-21 00:00:00,2026-04-22 00:00:00,1.0,5,0.0,0.0,JOSE LEZAMA,PORTILLO -> ,183.11,1,26.02,76.0,4,0.39,133.14,258.29,2.04,141.61,GNV,-8.47,-5.98,-1.37,Normal,Comportamiento Normal
VE-30,BZR781,SINOTRUK,ZZ3315V3266E1,38.75,2,2026-04-22 00:00:00,2026-04-23 00:00:00,1.0,4,0.0,0.0,JOSE LEZAMA,PORTILLO -> ANCIETA,150.41,1,27.82,85.0,8,0.44,108.63,210.74,2.04,141.61,GNV,-32.98,-23.29,-2.61,Normal,Comportamiento Normal
VE-30,BZR781,SINOTRUK,ZZ3315V3266E1,38.75,2,2026-04-23 00:00:00,2026-04-24 00:00:00,1.0,4,0.0,0.0,JOSE LEZAMA,PORTILLO -> ,125.28,1,27.96,85.0,8,0.45,161.08,312.49,2.04,137.36,GNV,23.72,17.27,0.24,Advertencia,Exceso de Ralenti (Motor encendido sin movimiento)
VE-30,BZR781,SINOTRUK,ZZ3315V3266E1,38.75,2,2026-04-24 00:00:00,2026-04-27 00:00:00,3.0,5,0.0,0.0,JOSE LEZAMA,PORTILLO -> ANCIETA,242.55,1,27.66,84.0,16,0.42,197.37,382.89,2.04,156.5,GNV,40.87,26.12,1.11,Advertencia,Exceso de Ralenti (Motor encendido sin movimiento)
VE-30,BZR781,SINOTRUK,ZZ3315V3266E1,38.75,2,2026-04-27 00:00:00,2026-04-28 00:00:00,1.0,3,0.0,0.0,JOSE LEZAMA,PORTILLO -> VILLA 2,151.56,1,28.06,84.0,10,0.39,103.5,200.79,2.04,141.61,GNV,-38.11,-26.91,-2.86,Normal,Comportamiento Normal
VE-30,BZR781,SINOTRUK,ZZ3315V3266E1,38.75,2,2026-04-28 00:00:00,2026-04-29 00:00:00,1.0,4,0.0,0.0,JOSE LEZAMA,PORTILLO -> ,95.12,1,27.42,70.0,0,0.49,139.69,270.99,2.04,137.36,GNV,2.33,1.69,-0.83,Normal,Comportamiento Normal
VE-30,BZR781,SINOTRUK,ZZ3315V3266E1,38.75,2,2026-04-29 00:00:00,2026-05-04 00:00:00,5.0,5,0.0,0.0,JOSE LEZAMA,PORTILLO -> VILLA 2,242.03,1,27.95,78.0,15,0.37,172.45,334.54,2.04,156.5,GNV,15.95,10.19,-0.15,Normal,Comportamiento Normal
VE-30,BZR781,SINOTRUK,ZZ3315V3266E1,38.75,2,2026-05-04 00:00:00,2026-05-05 00:00:00,1.0,4,0.0,0.0,JOSE LEZAMA,PORTILLO -> ANCIETA,130.35,1,25.01,87.0,6,0.44,147.85,286.82,2.04,137.36,GNV,10.49,7.63,-0.42,Normal,Comportamiento Normal
VE-30,BZR781,SINOTRUK,ZZ3315V3266E1,38.75,2,2026-05-05 00:00:00,2026-05-06 00:00:00,1.0,4,0.0,0.0,JOSE LEZAMA,PORTILLO -> VILLA 2,160.76,1,25.82,73.0,3,0.4,131.79,255.67,2.04,141.61,GNV,-9.82,-6.94,-1.44,Normal,Comportamiento Normal
VE-30,BZR781,SINOTRUK,ZZ3315V3266E1,38.75,2,2026-05-06 00:00:00,2026-05-07 00:00:00,1.0,3,0.0,0.0,JOSE LEZAMA,PORTILLO -> ,154.95,1,25.51,71.0,2,0.44,161.86,314.0,2.04,141.61,GNV,20.25,14.3,0.07,Normal,Comportamiento Normal
VE-30,BZR781,SINOTRUK,ZZ3315V3266E1,38.75,2,2026-05-07 00:00:00,2026-05-08 00:00:00,1.0,4,0.0,0.0,JOSE LEZAMA,PORTILLO -> ANCIETA,181.13,1,25.78,86.0,13,0.4,143.63,278.64,2.04,141.61,GNV,2.02,1.42,-0.85,Normal,Comportamiento Normal
VE-30,BZR781,SINOTRUK,ZZ3315V3266E1,38.75,2,2026-05-08 00:00:00,2026-05-11 00:00:00,3.0,5,0.0,0.0,JOSE LEZAMA,PORTILLO -> ANCIETA,237.91,1,26.26,80.0,9,0.45,223.41,433.41,2.04,156.5,GNV,66.91,42.76,2.41,Critico,Exceso de Ralenti (Motor encendido sin movimiento)
VE-30,BZR781,SINOTRUK,ZZ3315V3266E1,38.75,2,2026-05-11 00:00:00,2026-05-12 00:00:00,1.0,4,0.0,0.0,JOSE LEZAMA,PORTILLO -> VILLA 2,151.28,1,26.02,82.0,5,0.43,124.49,241.5,2.04,141.61,GNV,-17.12,-12.09,-1.81,Normal,Comportamiento Normal
VE-30,BZR781,SINOTRUK,ZZ3315V3266E1,38.75,2,2026-05-12 00:00:00,2026-05-13 00:00:00,1.0,3,0.0,0.0,JOSE LEZAMA,PORTILLO -> ANCIETA,121.5,1,25.13,84.0,4,0.55,141.55,274.6,2.04,137.36,GNV,4.19,3.05,-0.74,Normal,Comportamiento Normal
VE-30,BZR781,SINOTRUK,ZZ3315V3266E1,38.75,2,2026-05-13 00:00:00,2026-05-14 00:00:00,1.0,3,0.0,0.0,JOSE LEZAMA,PORTILLO -> ANCIETA,153.08,1,25.88,77.0,5,0.45,122.9,238.42,2.04,141.61,GNV,-18.71,-13.22,-1.89,Normal,Comportamiento Normal
VE-30,BZR781,SINOTRUK,ZZ3315V3266E1,38.75,2,2026-05-14 00:00:00,2026-05-15 00:00:00,1.0,3,0.0,0.0,JOSE LEZAMA,PORTILLO -> ,133.22,1,24.66,77.0,4,0.38,116.16,225.34,2.04,141.61,GNV,-25.45,-17.97,-2.23,Normal,Comportamiento Normal
VE-30,BZR781,SINOTRUK,ZZ3315V3266E1,38.75,2,2026-05-15 00:00:00,2026-05-18 00:00:00,3.0,4,0.0,0.0,JOSE LEZAMA,PORTILLO -> ,230.79,1,26.55,91.0,33,0.5,124.65,241.81,2.04,147.07,GNV,-22.42,-15.24,-2.07,Normal,Comportamiento Normal
VE-30,BZR781,SINOTRUK,ZZ3315V3266E1,38.75,2,2026-05-18 00:00:00,2026-05-19 00:00:00,1.0,3,0.0,0.0,JOSE LEZAMA,PORTILLO -> ANCIETA,197.82,1,29.6,87.0,44,0.34,121.71,236.11,2.04,147.07,GNV,-25.36,-17.24,-2.22,Normal,Comportamiento Normal
VE-30,BZR781,SINOTRUK,ZZ3315V3266E1,38.75,2,2026-05-19 00:00:00,2026-05-21 00:00:00,2.0,5,0.0,0.0,JOSE LEZAMA,PORTILLO -> ,246.74,1,23.56,76.0,4,0.46,213.5,414.19,2.04,156.5,GNV,57.0,36.42,1.92,Critico,Exceso de Ralenti (Motor encendido sin movimiento)
VE-30,BZR781,SINOTRUK,ZZ3315V3266E1,38.75,2,2026-05-21 00:00:00,2026-05-23 00:00:00,2.0,3,37.78,0.0,JOSE LEZAMA,PORTILLO -> ,309.88,1,25.97,98.0,42,0.36,167.2,290.93,1.74,154.18,GNV,13.02,8.44,-0.29,Normal,Comportamiento Normal
VE-30,BZR781,SINOTRUK,ZZ3315V3266E1,38.75,2,2026-05-23 00:00:00,2026-05-25 00:00:00,2.0,3,0.0,0.0,JOSE LEZAMA,PORTILLO -> ,18.69,1,15.39,59.0,0,0.5,159.13,308.71,2.04,135.99,GNV,23.14,17.01,0.21,Advertencia,Exceso de Ralenti (Motor encendido sin movimiento)
VE-30,BZR781,SINOTRUK,ZZ3315V3266E1,38.75,2,2026-05-25 00:00:00,2026-05-26 00:00:00,1.0,3,0.0,0.0,JOSE LEZAMA,PORTILLO -> ANCIETA,182.03,1,27.95,85.0,28,0.37,116.28,225.58,2.04,141.61,GNV,-25.33,-17.89,-2.22,Normal,Comportamiento Normal
VE-30,BZR781,SINOTRUK,ZZ3315V3266E1,38.75,2,2026-05-26 00:00:00,2026-05-28 00:00:00,2.0,6,0.0,0.0,JOSE LEZAMA,PORTILLO -> ANCIETA,246.36,1,24.28,82.0,18,0.42,193.0,374.42,2.04,156.5,GNV,36.5,23.33,0.89,Advertencia,Exceso de Ralenti (Motor encendido sin movimiento)
VE-30,BZR781,SINOTRUK,ZZ3315V3266E1,38.75,2,2026-05-28 00:00:00,2026-05-29 00:00:00,1.0,4,117.52,1483.99,JOSE LEZAMA,OQUENDO -> MATERIALES,191.13,1,27.45,93.0,38,0.39,124.05,215.85,1.74,147.07,GNV,-23.02,-15.65,-2.1,Normal,Comportamiento Normal
VE-30,BZR781,SINOTRUK,ZZ3315V3266E1,38.75,2,2026-05-29 00:00:00,2026-06-01 00:00:00,3.0,2,0.0,0.0,JOSE LEZAMA,PORTILLO -> ANCIETA,93.68,1,16.51,63.0,0,0.56,137.58,266.9,2.04,135.29,GNV,2.29,1.69,-0.83,Normal,Comportamiento Normal
VE-30,BZR781,SINOTRUK,ZZ3315V3266E1,38.75,2,2026-06-01 00:00:00,2026-06-02 00:00:00,1.0,3,0.0,0.0,JOSE LEZAMA,PORTILLO -> ANCIETA,189.34,1,29.84,85.0,25,0.38,117.91,228.74,2.04,147.07,GNV,-29.16,-19.83,-2.41,Normal,Comportamiento Normal
VE-30,BZR781,SINOTRUK,ZZ3315V3266E1,38.75,2,2026-06-02 00:00:00,2026-06-03 00:00:00,1.0,2,0.0,0.0,JOSE LEZAMA,PORTILLO -> ANCIETA,129.8,1,22.36,71.0,1,0.37,104.14,202.03,2.04,135.29,GNV,-31.15,-23.03,-2.51,Normal,Comportamiento Normal
VE-30,BZR781,SINOTRUK,ZZ3315V3266E1,38.75,2,2026-06-03 00:00:00,2026-06-08 00:00:00,5.0,6,0.0,0.0,Jose Albenis Lezama Hernandez,CONCHAN -> BOTADERO,161.72,1,19.14,72.0,1,0.61,199.79,387.59,2.04,141.61,GNV,58.18,41.08,1.98,Critico,Exceso de Ralenti (Motor encendido sin movimiento)
VE-30,BZR781,SINOTRUK,ZZ3315V3266E1,38.75,2,2026-06-08 00:00:00,2026-06-09 00:00:00,1.0,2,0.0,0.0,Jose Albenis Lezama Hernandez,PORTILLO -> FLOR DE NIEVE,95.57,1,24.65,81.0,7,0.54,130.73,253.61,2.04,135.29,GNV,-4.56,-3.37,-1.18,Normal,Comportamiento Normal
VE-30,BZR781,SINOTRUK,ZZ3315V3266E1,38.75,2,2026-06-09 00:00:00,2026-06-10 00:00:00,1.0,2,0.0,0.0,Jose Albenis Lezama Hernandez,PORTILLO -> FLOR DE NIEVE,127.0,1,24.02,77.0,4,0.54,136.51,264.83,2.04,135.29,GNV,1.22,0.9,-0.89,Normal,Comportamiento Normal
VE-30,BZR781,SINOTRUK,ZZ3315V3266E1,38.75,2,2026-06-10 00:00:00,2026-06-11 00:00:00,1.0,2,0.0,0.0,Jose Albenis Lezama Hernandez,PORTILLO -> FLOR DE NIEVE,155.7,1,25.39,81.0,6,0.36,120.01,232.82,2.04,139.54,GNV,-19.53,-14.0,-1.93,Normal,Comportamiento Normal
VE-30,BZR781,SINOTRUK,ZZ3315V3266E1,38.75,2,2026-06-11 00:00:00,2026-06-12 00:00:00,1.0,2,0.0,0.0,Jose Albenis Lezama Hernandez,PORTILLO -> FLOR DE NIEVE,127.44,1,23.68,77.0,1,0.45,97.29,188.74,2.04,135.29,GNV,-38.0,-28.09,-2.86,Normal,Comportamiento Normal
VE-30,BZR781,SINOTRUK,ZZ3315V3266E1,38.75,2,2026-06-12 00:00:00,2026-06-15 00:00:00,3.0,4,0.0,0.0,Jose Albenis Lezama Hernandez,PORTILLO -> FLOR DE NIEVE,238.86,1,26.07,88.0,31,0.48,176.34,342.1,2.04,154.18,GNV,22.16,14.37,0.17,Normal,Comportamiento Normal
VE-30,BZR781,SINOTRUK,ZZ3315V3266E1,38.75,2,2026-06-15 00:00:00,2026-06-20 00:00:00,5.0,2,0.0,0.0,Jose Albenis Lezama Hernandez,PORTILLO -> FLOR DE NIEVE,393.9,1,30.09,94.0,135,0.35,151.72,263.99,1.74,152.11,GNV,-0.39,-0.26,-0.97,Normal,Comportamiento Normal
VE-30,BZR781,SINOTRUK,ZZ3315V3266E1,38.75,2,2026-06-20 00:00:00,2026-06-22 00:00:00,2.0,3,0.0,0.0,Jose Albenis Lezama Hernandez,PORTILLO -> STOCK 3,17.27,1,17.97,59.0,0,0.39,185.78,360.41,2.04,135.99,GNV,49.79,36.61,1.55,Critico,Sospecha de Fuga o Extraccion Injustificada de Combustible
VE-30,BZR781,SINOTRUK,ZZ3315V3266E1,38.75,2,2026-06-22 00:00:00,2026-06-23 00:00:00,1.0,4,0.0,0.0,Jose Albenis Lezama Hernandez,PORTILLO -> STOCK 4,226.43,1,29.64,94.0,65,0.33,166.01,322.06,2.04,147.07,GNV,18.94,12.88,0.0,Normal,Comportamiento Normal
VE-30,BZR781,SINOTRUK,ZZ3315V3266E1,38.75,2,2026-06-23 00:00:00,2026-06-24 00:00:00,1.0,3,0.0,0.0,Jose Albenis Lezama Hernandez,PORTILLO -> ANCIETA,182.24,1,24.64,83.0,6,0.33,128.15,248.6,2.04,141.61,GNV,-13.46,-9.51,-1.62,Normal,Comportamiento Normal
VE-30,BZR781,SINOTRUK,ZZ3315V3266E1,38.75,2,2026-06-24 00:00:00,2026-06-25 00:00:00,1.0,0,0.0,0.0,DESCONOCIDO,DESCONOCIDA,134.72,1,23.56,76.0,2,0.41,142.32,276.1,2.04,138.61,GNV,3.71,2.68,-0.76,Normal,Comportamiento Normal
VE-30,BZR781,SINOTRUK,ZZ3315V3266E1,38.75,2,2026-06-25 00:00:00,2026-06-27 00:00:00,2.0,0,0.0,0.0,DESCONOCIDO,DESCONOCIDA,250.33,1,25.7,100.0,37,0.4,103.28,179.71,1.74,152.44,GNV,-49.16,-32.25,-3.42,Normal,Comportamiento Normal
VE-30,BZR781,SINOTRUK,ZZ3315V3266E1,38.75,2,2026-06-27 00:00:00,2026-06-30 00:00:00,3.0,0,0.0,0.0,DESCONOCIDO,DESCONOCIDA,6.78,1,17.39,50.0,0,0.65,160.89,312.12,2.04,130.73,GNV,30.16,23.07,0.57,Advertencia,Exceso de Ralenti (Motor encendido sin movimiento)
VE-30,BZR781,SINOTRUK,ZZ3315V3266E1,38.75,2,2026-06-30 00:00:00,2026-07-01 00:00:00,1.0,0,0.0,0.0,DESCONOCIDO,DESCONOCIDA,217.45,1,28.76,97.0,68,0.28,137.54,266.83,2.04,144.74,GNV,-7.2,-4.98,-1.31,Normal,Comportamiento Normal
VE-30,BZR781,SINOTRUK,ZZ3315V3266E1,38.75,2,2026-07-01 00:00:00,2026-07-02 00:00:00,1.0,0,0.0,0.0,DESCONOCIDO,DESCONOCIDA,156.49,1,23.22,55.0,0,0.28,116.52,226.05,2.04,138.61,GNV,-22.09,-15.94,-2.06,Normal,Comportamiento Normal
VE-30,BZR781,SINOTRUK,ZZ3315V3266E1,38.75,2,2026-07-02 00:00:00,2026-07-03 00:00:00,1.0,0,0.0,0.0,DESCONOCIDO,DESCONOCIDA,125.55,1,22.02,76.0,3,0.42,140.24,272.06,2.04,132.1,GNV,8.14,6.16,-0.54,Normal,Comportamiento Normal
VE-30,BZR781,SINOTRUK,ZZ3315V3266E1,38.75,2,2026-07-03 00:00:00,2026-08-13 00:00:00,41.0,0,0.0,0.0,DESCONOCIDO,DESCONOCIDA,870.87,1,22.59,82.0,11,0.3,107.44,186.95,1.74,152.44,GNV,-45.0,-29.52,-3.21,Normal,Comportamiento Normal
VE-31,BZR940,SINOTRUK,ZZ3315V3266E1,38.75,2,2025-12-30 00:00:00,2026-01-02 00:00:00,3.0,2,68.16,1923.4,DESCONOCIDO,JICAMARCA -> ANCIETA,57.46,0,0.0,0.0,0,0.0,140.79,243.56,1.73,136.92,GNV,3.87,2.82,-0.75,Normal,Comportamiento Normal
VE-31,BZR940,SINOTRUK,ZZ3315V3266E1,38.75,2,2026-01-02 00:00:00,2026-01-03 00:00:00,1.0,1,36.42,1384.71,DESCONOCIDO,JICAMARCA -> VILLA 1,38.02,0,0.0,0.0,0,0.0,182.59,315.88,1.73,129.36,GNV,53.23,41.15,1.73,Critico,Sospecha de Fuga o Extraccion Injustificada de Combustible
VE-31,BZR940,SINOTRUK,ZZ3315V3266E1,38.75,2,2026-01-03 00:00:00,2026-01-05 00:00:00,2.0,1,31.04,912.19,DESCONOCIDO,JICAMARCA -> SAN JUAN,29.39,0,0.0,0.0,0,0.0,141.29,244.43,1.73,132.85,GNV,8.44,6.35,-0.52,Normal,Comportamiento Normal
VE-31,BZR940,SINOTRUK,ZZ3315V3266E1,38.75,2,2026-01-20 00:00:00,2026-01-21 00:00:00,1.0,2,70.12,1512.38,DESCONOCIDO,JICAMARCA -> SAN ANTONIO,41.47,0,0.0,0.0,0,0.0,167.23,289.3,1.73,134.71,GNV,32.52,24.14,0.69,Advertencia,Desviacion Operativa Menor / Eficiencia Conductiva
VE-31,BZR940,SINOTRUK,ZZ3315V3266E1,38.75,2,2026-01-24 00:00:00,2026-01-26 00:00:00,2.0,2,69.34,927.77,DESCONOCIDO,JICAMARCA -> SAN JUAN,29.39,0,0.0,0.0,0,0.0,109.01,188.58,1.73,136.04,GNV,-27.03,-19.87,-2.31,Normal,Comportamiento Normal
VE-31,BZR940,SINOTRUK,ZZ3315V3266E1,38.75,2,2026-01-26 00:00:00,2026-01-27 00:00:00,1.0,2,63.71,903.67,DESCONOCIDO,JICAMARCA -> SAN JUAN,29.39,0,0.0,0.0,0,0.0,128.95,223.08,1.73,136.04,GNV,-7.09,-5.21,-1.3,Normal,Comportamiento Normal
VE-31,BZR940,SINOTRUK,ZZ3315V3266E1,38.75,2,2026-01-30 00:00:00,2026-01-31 00:00:00,1.0,2,65.59,817.97,PEDRO CASTILLA,JICAMARCA -> HUAROCHIRI,24.94,0,0.0,0.0,0,0.0,214.01,370.23,1.73,136.04,GNV,77.97,57.31,2.97,Critico,Sospecha de Fuga o Extraccion Injustificada de Combustible
VE-31,BZR940,SINOTRUK,ZZ3315V3266E1,38.75,2,2026-01-31 00:00:00,2026-02-02 00:00:00,2.0,2,68.8,858.0,PEDRO CASTILLA,JICAMARCA -> HUAROCHIRI,24.94,0,0.0,0.0,0,0.0,157.91,273.18,1.73,136.04,GNV,21.87,16.07,0.15,Advertencia,Desviacion Operativa Menor / Eficiencia Conductiva
VE-31,BZR940,SINOTRUK,ZZ3315V3266E1,38.75,2,2026-02-02 00:00:00,2026-02-03 00:00:00,1.0,3,96.85,1207.81,PEDRO CASTILLA,JICAMARCA -> HUAROCHIRI,37.41,0,0.0,0.0,0,0.0,191.7,331.64,1.73,139.93,GNV,51.77,37.0,1.65,Critico,Falla Mecanica / Requiere Mantenimiento Preventivo
VE-31,BZR940,SINOTRUK,ZZ3315V3266E1,38.75,2,2026-02-03 00:00:00,2026-02-04 00:00:00,1.0,3,67.01,1969.26,PEDRO CASTILLA,JICAMARCA -> SAN JUAN,95.42,0,0.0,0.0,0,0.0,140.88,243.72,1.73,138.99,GNV,1.89,1.36,-0.85,Normal,Comportamiento Normal
VE-31,BZR940,SINOTRUK,ZZ3315V3266E1,38.75,2,2026-02-04 00:00:00,2026-02-05 00:00:00,1.0,3,107.91,1345.74,PEDRO CASTILLA,JICAMARCA -> HUAROCHIRI,37.41,0,0.0,0.0,0,0.0,183.43,317.33,1.73,139.93,GNV,43.5,31.09,1.24,Critico,Sospecha de Fuga o Extraccion Injustificada de Combustible
VE-31,BZR940,SINOTRUK,ZZ3315V3266E1,38.75,2,2026-02-05 00:00:00,2026-02-06 00:00:00,1.0,3,66.91,834.43,PEDRO CASTILLA,JICAMARCA -> HUAROCHIRI,37.41,0,0.0,0.0,0,0.0,202.36,350.08,1.73,138.11,GNV,64.25,46.52,2.28,Critico,Sospecha de Fuga o Extraccion Injustificada de Combustible
VE-31,BZR940,SINOTRUK,ZZ3315V3266E1,38.75,2,2026-02-06 00:00:00,2026-02-07 00:00:00,1.0,2,34.2,1253.32,PEDRO CASTILLA,JICAMARCA -> VILLA,73.29,0,0.0,0.0,0,0.0,155.16,268.42,1.73,136.92,GNV,18.24,13.32,-0.03,Normal,Comportamiento Normal
VE-31,BZR940,SINOTRUK,ZZ3315V3266E1,38.75,2,2026-02-07 00:00:00,2026-02-09 00:00:00,2.0,3,68.15,2497.49,PEDRO CASTILLA,JICAMARCA -> VILLA,102.68,0,0.0,0.0,0,0.0,142.13,245.88,1.73,138.99,GNV,3.14,2.26,-0.79,Normal,Comportamiento Normal
VE-31,BZR940,SINOTRUK,ZZ3315V3266E1,38.75,2,2026-02-09 00:00:00,2026-02-10 00:00:00,1.0,3,65.36,815.1,PEDRO CASTILLA,JICAMARCA -> HUAROCHIRI,37.41,0,0.0,0.0,0,0.0,145.19,251.17,1.73,138.11,GNV,7.08,5.12,-0.59,Normal,Comportamiento Normal
VE-31,BZR940,SINOTRUK,ZZ3315V3266E1,38.75,2,2026-02-10 00:00:00,2026-02-11 00:00:00,1.0,3,109.23,1362.2,PEDRO CASTILLA,JICAMARCA -> HUAROCHIRI,37.41,0,0.0,0.0,0,0.0,155.18,268.46,1.73,139.93,GNV,15.25,10.9,-0.18,Normal,Comportamiento Normal
VE-31,BZR940,SINOTRUK,ZZ3315V3266E1,38.75,2,2026-02-11 00:00:00,2026-02-12 00:00:00,1.0,5,101.04,1823.39,PEDRO CASTILLA,JICAMARCA -> HUAROCHIRI,103.16,0,0.0,0.0,0,0.0,213.01,368.5,1.73,140.81,GNV,72.2,51.27,2.68,Critico,Sospecha de Fuga o Extraccion Injustificada de Combustible
VE-31,BZR940,SINOTRUK,ZZ3315V3266E1,38.75,2,2026-02-12 00:00:00,2026-02-13 00:00:00,1.0,3,67.61,843.16,PEDRO CASTILLA,JICAMARCA -> HUAROCHIRI,54.33,0,0.0,0.0,0,0.0,188.19,325.56,1.73,138.99,GNV,49.2,35.4,1.52,Critico,Falla Mecanica / Requiere Mantenimiento Preventivo
VE-31,BZR940,SINOTRUK,ZZ3315V3266E1,38.75,2,2026-02-13 00:00:00,2026-02-14 00:00:00,1.0,3,65.07,2384.61,PEDRO CASTILLA,VILLA -> JICAMARCA,102.68,0,0.0,0.0,0,0.0,162.45,281.03,1.73,138.99,GNV,23.46,16.88,0.23,Advertencia,Falla Mecanica / Requiere Mantenimiento Preventivo
VE-31,BZR940,SINOTRUK,ZZ3315V3266E1,38.75,2,2026-02-14 00:00:00,2026-02-16 00:00:00,2.0,2,65.12,812.11,PEDRO CASTILLA,JICAMARCA -> HUAROCHIRI,24.94,0,0.0,0.0,0,0.0,159.39,275.74,1.73,136.04,GNV,23.35,17.16,0.23,Advertencia,Falla Mecanica / Requiere Mantenimiento Preventivo
VE-31,BZR940,SINOTRUK,ZZ3315V3266E1,38.75,2,2026-02-16 00:00:00,2026-02-17 00:00:00,1.0,3,101.45,2227.52,PEDRO CASTILLA,JICAMARCA -> SAN JUAN,67.59,0,0.0,0.0,0,0.0,181.79,314.49,1.73,140.81,GNV,40.98,29.1,1.11,Advertencia,Falla Mecanica / Requiere Mantenimiento Preventivo
VE-31,BZR940,SINOTRUK,ZZ3315V3266E1,38.75,2,2026-02-17 00:00:00,2026-02-18 00:00:00,1.0,2,72.28,901.4,PEDRO CASTILLA,JICAMARCA -> HUAROCHIRI,24.94,0,0.0,0.0,0,0.0,76.96,133.14,1.73,136.04,GNV,-59.08,-43.43,-3.92,Normal,Comportamiento Normal
VE-31,BZR940,SINOTRUK,ZZ3315V3266E1,38.75,2,2026-02-18 00:00:00,2026-02-19 00:00:00,1.0,3,66.28,826.57,PEDRO CASTILLA,JICAMARCA -> HUAROCHIRI,54.33,0,0.0,0.0,0,0.0,169.74,293.65,1.73,138.99,GNV,30.75,22.12,0.6,Advertencia,Desviacion Operativa Menor / Eficiencia Conductiva
VE-31,BZR940,SINOTRUK,ZZ3315V3266E1,38.75,2,2026-02-19 00:00:00,2026-02-20 00:00:00,1.0,4,107.61,1342.0,PEDRO CASTILLA,JICAMARCA -> HUAROCHIRI,66.8,0,0.0,0.0,0,0.0,206.0,356.38,1.73,140.81,GNV,65.19,46.3,2.33,Critico,Sospecha de Fuga o Extraccion Injustificada de Combustible
VE-31,BZR940,SINOTRUK,ZZ3315V3266E1,38.75,2,2026-02-20 00:00:00,2026-02-21 00:00:00,1.0,3,68.11,2251.16,PEDRO CASTILLA,JICAMARCA -> VILLA,102.68,0,0.0,0.0,0,0.0,126.63,219.06,1.73,138.99,GNV,-12.36,-8.89,-1.57,Normal,Comportamiento Normal
VE-31,BZR940,SINOTRUK,ZZ3315V3266E1,38.75,2,2026-02-21 00:00:00,2026-02-23 00:00:00,2.0,3,67.33,839.67,PEDRO CASTILLA,JICAMARCA -> HUAROCHIRI,37.41,0,0.0,0.0,0,0.0,161.07,278.65,1.73,138.11,GNV,22.96,16.62,0.21,Advertencia,Desviacion Operativa Menor / Eficiencia Conductiva
VE-31,BZR940,SINOTRUK,ZZ3315V3266E1,38.75,2,2026-02-23 00:00:00,2026-02-24 00:00:00,1.0,4,100.41,3223.51,PEDRO CASTILLA,JICAMARCA -> SAN JUAN,124.8,0,0.0,0.0,0,0.0,153.36,265.31,1.73,155.32,GNV,-1.96,-1.26,-1.05,Normal,Comportamiento Normal
VE-31,BZR940,SINOTRUK,ZZ3315V3266E1,38.75,2,2026-02-24 00:00:00,2026-03-13 00:00:00,17.0,0,0.0,0.0,DESCONOCIDO,DESCONOCIDA,62.21,1,24.09,66.0,0,0.41,191.93,353.15,1.84,133.73,GNV,58.2,43.52,1.98,Critico,Exceso de Ralenti (Motor encendido sin movimiento)
VE-31,BZR940,SINOTRUK,ZZ3315V3266E1,38.75,2,2026-03-13 00:00:00,2026-03-25 00:00:00,12.0,0,0.0,0.0,DESCONOCIDO,DESCONOCIDA,48.45,1,20.96,62.0,0,0.62,115.16,223.4,2.04,132.85,GNV,-17.69,-13.32,-1.84,Normal,Comportamiento Normal
VE-31,BZR940,SINOTRUK,ZZ3315V3266E1,38.75,2,2026-03-25 00:00:00,2026-03-26 00:00:00,1.0,2,0.0,0.0,DANNINSON GUERRERO,PORTILLO -> FLOR DE NIEVE,103.27,1,32.11,77.0,12,0.63,90.56,175.68,2.04,136.92,GNV,-46.36,-33.86,-3.28,Normal,Comportamiento Normal
VE-31,BZR940,SINOTRUK,ZZ3315V3266E1,38.75,2,2026-03-26 00:00:00,2026-03-27 00:00:00,1.0,2,0.0,0.0,DANNINSON GUERRERO,PORTILLO -> FLOR DE NIEVE,104.12,1,24.27,66.0,0,0.48,167.66,325.25,2.04,136.92,GNV,30.74,22.45,0.6,Advertencia,Exceso de Ralenti (Motor encendido sin movimiento)
VE-31,BZR940,SINOTRUK,ZZ3315V3266E1,38.75,2,2026-03-27 00:00:00,2026-03-29 00:00:00,2.0,2,0.0,0.0,DANNINSON GUERRERO,PORTILLO -> FLOR DE NIEVE,368.96,1,25.84,84.0,29,0.32,126.24,219.66,1.74,153.74,GNV,-27.5,-17.89,-2.33,Normal,Comportamiento Normal
VE-31,BZR940,SINOTRUK,ZZ3315V3266E1,38.75,2,2026-03-29 00:00:00,2026-03-30 00:00:00,1.0,2,0.0,0.0,DANNINSON GUERRERO,PORTILLO -> FLOR DE NIEVE,3.6,1,14.43,46.0,0,0.4,159.23,308.9,2.04,136.04,GNV,23.19,17.04,0.22,Advertencia,Exceso de Ralenti (Motor encendido sin movimiento)
VE-31,BZR940,SINOTRUK,ZZ3315V3266E1,38.75,2,2026-03-30 00:00:00,2026-03-31 00:00:00,1.0,3,0.0,0.0,DANNINSON GUERRERO,PORTILLO -> FLOR DE NIEVE,220.29,1,25.01,70.0,0,0.29,166.27,322.56,2.04,148.7,GNV,17.57,11.82,-0.06,Normal,Comportamiento Normal
VE-31,BZR940,SINOTRUK,ZZ3315V3266E1,38.75,2,2026-03-31 00:00:00,2026-04-01 00:00:00,1.0,3,0.0,0.0,DANNINSON GUERRERO,PORTILLO -> FLOR DE NIEVE,208.84,1,24.89,65.0,0,0.31,165.63,321.32,2.04,148.7,GNV,16.93,11.39,-0.1,Normal,Comportamiento Normal
VE-31,BZR940,SINOTRUK,ZZ3315V3266E1,38.75,2,2026-04-01 00:00:00,2026-04-06 00:00:00,5.0,3,0.0,0.0,DANNINSON GUERRERO,PORTILLO -> FLOR DE NIEVE,354.38,1,27.64,83.0,8,0.33,157.09,304.75,2.04,155.81,GNV,1.28,0.82,-0.88,Normal,Comportamiento Normal
VE-31,BZR940,SINOTRUK,ZZ3315V3266E1,38.75,2,2026-04-06 00:00:00,2026-04-07 00:00:00,1.0,4,0.0,0.0,DANNINSON GUERRERO,PORTILLO -> FLOR DE NIEVE,203.96,1,29.77,94.0,29,0.42,131.35,254.81,2.04,148.7,GNV,-17.35,-11.67,-1.82,Normal,Comportamiento Normal
VE-31,BZR940,SINOTRUK,ZZ3315V3266E1,38.75,2,2026-04-07 00:00:00,2026-04-08 00:00:00,1.0,3,0.0,0.0,DANNINSON GUERRERO,PORTILLO -> FLOR DE NIEVE,194.72,1,25.52,65.0,0,0.35,143.19,277.78,2.04,148.7,GNV,-5.51,-3.7,-1.22,Normal,Comportamiento Normal
VE-31,BZR940,SINOTRUK,ZZ3315V3266E1,38.75,2,2026-04-08 00:00:00,2026-04-10 00:00:00,2.0,6,0.0,0.0,DANNINSON GUERRERO,PORTILLO -> FLOR DE NIEVE,388.56,1,26.3,72.0,2,0.32,200.97,389.87,2.04,158.13,GNV,42.84,27.1,1.21,Advertencia,Sospecha de Fuga o Extraccion Injustificada de Combustible
VE-31,BZR940,SINOTRUK,ZZ3315V3266E1,38.75,2,2026-04-10 00:00:00,2026-04-13 00:00:00,3.0,5,0.0,0.0,DANNINSON GUERRERO,PORTILLO -> FLOR DE NIEVE,410.47,1,26.82,95.0,50,0.3,109.53,212.49,2.04,158.13,GNV,-48.6,-30.73,-3.39,Normal,Comportamiento Normal
VE-31,BZR940,SINOTRUK,ZZ3315V3266E1,38.75,2,2026-04-13 00:00:00,2026-04-14 00:00:00,1.0,4,0.0,0.0,DANNINSON GUERRERO,PORTILLO -> ANCIETA,201.05,1,26.49,80.0,18,0.35,177.76,344.85,2.04,148.7,GNV,29.06,19.55,0.51,Advertencia,Desviacion Operativa Menor / Eficiencia Conductiva
VE-31,BZR940,SINOTRUK,ZZ3315V3266E1,38.75,2,2026-04-14 00:00:00,2026-04-15 00:00:00,1.0,4,0.0,0.0,DANNINSON GUERRERO,PORTILLO -> VILLA 2,218.07,1,27.34,73.0,2,0.29,178.55,346.38,2.04,148.7,GNV,29.85,20.08,0.55,Advertencia,Desviacion Operativa Menor / Eficiencia Conductiva
VE-31,BZR940,SINOTRUK,ZZ3315V3266E1,38.75,2,2026-04-15 00:00:00,2026-04-16 00:00:00,1.0,4,0.0,0.0,DANNINSON GUERRERO,PORTILLO -> ANCIETA,212.24,1,28.14,71.0,1,0.39,145.21,281.7,2.04,148.7,GNV,-3.49,-2.34,-1.12,Normal,Comportamiento Normal
VE-31,BZR940,SINOTRUK,ZZ3315V3266E1,38.75,2,2026-04-16 00:00:00,2026-04-18 00:00:00,2.0,5,0.0,0.0,DANNINSON GUERRERO,PORTILLO -> ,272.62,1,25.61,77.0,6,0.51,197.2,382.56,2.04,158.13,GNV,39.07,24.71,1.02,Advertencia,Exceso de Ralenti (Motor encendido sin movimiento)
VE-31,BZR940,SINOTRUK,ZZ3315V3266E1,38.75,2,2026-04-18 00:00:00,2026-04-21 00:00:00,3.0,0,0.0,0.0,DESCONOCIDO,DESCONOCIDA,159.88,1,28.33,88.0,45,0.43,96.87,187.92,2.04,140.24,GNV,-43.37,-30.92,-3.13,Normal,Comportamiento Normal
VE-31,BZR940,SINOTRUK,ZZ3315V3266E1,38.75,2,2026-04-21 00:00:00,2026-04-22 00:00:00,1.0,5,0.0,0.0,DANNINSON GUERRERO,PORTILLO -> ,262.08,1,32.37,95.0,78,0.31,171.1,331.93,2.04,158.13,GNV,12.97,8.21,-0.3,Normal,Comportamiento Normal
VE-31,BZR940,SINOTRUK,ZZ3315V3266E1,38.75,2,2026-04-22 00:00:00,2026-04-23 00:00:00,1.0,4,0.0,0.0,DANNINSON GUERRERO,PORTILLO -> ,196.44,1,29.03,77.0,7,0.43,160.2,310.78,2.04,148.7,GNV,11.5,7.74,-0.37,Normal,Comportamiento Normal
VE-31,BZR940,SINOTRUK,ZZ3315V3266E1,38.75,2,2026-04-23 00:00:00,2026-04-24 00:00:00,1.0,4,0.0,0.0,DANNINSON GUERRERO,PORTILLO -> ANCIETA,182.07,1,29.68,76.0,7,0.42,154.18,299.1,2.04,143.24,GNV,10.94,7.63,-0.4,Normal,Comportamiento Normal
VE-31,BZR940,SINOTRUK,ZZ3315V3266E1,38.75,2,2026-04-24 00:00:00,2026-04-27 00:00:00,3.0,8,0.0,0.0,DANNINSON GUERRERO,PORTILLO -> ANCIETA,396.5,1,29.65,90.0,33,0.38,220.81,428.37,2.04,158.13,GNV,62.68,39.64,2.2,Critico,Estilo de Conduccion Agresivo (Excesos de Velocidad)
VE-31,BZR940,SINOTRUK,ZZ3315V3266E1,38.75,2,2026-04-27 00:00:00,2026-04-28 00:00:00,1.0,5,0.0,0.0,DANNINSON GUERRERO,PORTILLO -> ANCIETA,274.43,1,32.89,92.0,68,0.36,167.22,324.4,2.04,158.13,GNV,9.09,5.75,-0.49,Normal,Comportamiento Normal
VE-31,BZR940,SINOTRUK,ZZ3315V3266E1,38.75,2,2026-04-28 00:00:00,2026-04-29 00:00:00,1.0,5,0.0,0.0,DANNINSON GUERRERO,PORTILLO -> ANCIETA,184.8,1,28.99,82.0,6,0.34,167.62,325.18,2.04,148.7,GNV,18.92,12.73,0.0,Normal,Comportamiento Normal
VE-31,BZR940,SINOTRUK,ZZ3315V3266E1,38.75,2,2026-04-29 00:00:00,2026-05-04 00:00:00,5.0,5,0.0,0.0,DANNINSON GUERRERO,PORTILLO -> ,340.32,1,30.01,100.0,47,0.33,152.31,295.48,2.04,158.13,GNV,-5.82,-3.68,-1.24,Normal,Comportamiento Normal
VE-31,BZR940,SINOTRUK,ZZ3315V3266E1,38.75,2,2026-05-04 00:00:00,2026-05-05 00:00:00,1.0,5,0.0,0.0,DANNINSON GUERRERO,PORTILLO -> ,250.09,1,31.65,97.0,73,0.37,200.35,388.67,2.04,158.13,GNV,42.22,26.7,1.17,Advertencia,Estilo de Conduccion Agresivo (Excesos de Velocidad)
VE-31,BZR940,SINOTRUK,ZZ3315V3266E1,38.75,2,2026-05-05 00:00:00,2026-05-06 00:00:00,1.0,4,0.0,0.0,DANNINSON GUERRERO,PORTILLO -> VILLA 2,234.89,1,29.83,77.0,17,0.33,153.29,297.38,2.04,155.81,GNV,-2.52,-1.62,-1.07,Normal,Comportamiento Normal
VE-31,BZR940,SINOTRUK,ZZ3315V3266E1,38.75,2,2026-05-06 00:00:00,2026-05-07 00:00:00,1.0,3,0.0,0.0,DANNINSON GUERRERO,PORTILLO -> ANCIETA,177.02,1,26.9,76.0,4,0.47,160.14,310.67,2.04,143.24,GNV,16.9,11.8,-0.1,Normal,Comportamiento Normal
VE-31,BZR940,SINOTRUK,ZZ3315V3266E1,38.75,2,2026-05-07 00:00:00,2026-05-08 00:00:00,1.0,4,0.0,0.0,DANNINSON GUERRERO,PORTILLO -> ANCIETA,180.78,1,26.36,84.0,12,0.44,156.91,304.4,2.04,143.24,GNV,13.67,9.54,-0.26,Normal,Comportamiento Normal
VE-31,BZR940,SINOTRUK,ZZ3315V3266E1,38.75,2,2026-05-08 00:00:00,2026-05-11 00:00:00,3.0,5,0.0,0.0,DANNINSON GUERRERO,PORTILLO -> ANCIETA,360.47,1,26.93,88.0,37,0.42,180.97,351.07,2.04,158.13,GNV,22.84,14.45,0.2,Normal,Comportamiento Normal
VE-31,BZR940,SINOTRUK,ZZ3315V3266E1,38.75,2,2026-05-11 00:00:00,2026-05-12 00:00:00,1.0,3,0.0,0.0,DANNINSON GUERRERO,PORTILLO -> ANCIETA,162.17,1,32.46,96.0,50,0.54,148.68,288.43,2.04,143.24,GNV,5.44,3.8,-0.67,Normal,Comportamiento Normal
VE-31,BZR940,SINOTRUK,ZZ3315V3266E1,38.75,2,2026-05-12 00:00:00,2026-05-13 00:00:00,1.0,3,0.0,0.0,DANNINSON GUERRERO,PORTILLO -> ANCIETA,180.67,1,28.02,80.0,4,0.44,158.11,306.73,2.04,143.24,GNV,14.87,10.38,-0.2,Normal,Comportamiento Normal
VE-31,BZR940,SINOTRUK,ZZ3315V3266E1,38.75,2,2026-05-13 00:00:00,2026-05-14 00:00:00,1.0,3,0.0,0.0,DANNINSON GUERRERO,PORTILLO -> ,179.13,1,27.07,78.0,5,0.44,119.73,232.27,2.04,143.24,GNV,-23.51,-16.42,-2.13,Normal,Comportamiento Normal
VE-31,BZR940,SINOTRUK,ZZ3315V3266E1,38.75,2,2026-05-14 00:00:00,2026-05-15 00:00:00,1.0,3,0.0,0.0,DANNINSON GUERRERO,PORTILLO -> ,127.4,1,24.83,81.0,6,0.49,107.43,208.41,2.04,138.99,GNV,-31.56,-22.71,-2.53,Normal,Comportamiento Normal
VE-31,BZR940,SINOTRUK,ZZ3315V3266E1,38.75,2,2026-05-15 00:00:00,2026-05-19 00:00:00,4.0,4,0.0,0.0,DANNINSON GUERRERO,PORTILLO -> ,257.64,1,24.56,78.0,19,0.43,146.66,284.51,2.04,155.81,GNV,-9.15,-5.87,-1.41,Normal,Comportamiento Normal
VE-31,BZR940,SINOTRUK,ZZ3315V3266E1,38.75,2,2026-05-19 00:00:00,2026-05-21 00:00:00,2.0,4,0.0,0.0,DANNINSON GUERRERO,PORTILLO -> ,330.93,1,28.25,92.0,57,0.34,201.18,390.28,2.04,155.81,GNV,45.37,29.12,1.33,Advertencia,Estilo de Conduccion Agresivo (Excesos de Velocidad)
VE-31,BZR940,SINOTRUK,ZZ3315V3266E1,38.75,2,2026-05-21 00:00:00,2026-05-23 00:00:00,2.0,4,35.51,625.58,DANNINSON GUERRERO,PORTILLO -> ANCIETA,311.59,1,25.91,91.0,35,0.3,154.7,269.18,1.74,155.81,GNV,-1.11,-0.71,-1.0,Normal,Comportamiento Normal
VE-31,BZR940,SINOTRUK,ZZ3315V3266E1,38.75,2,2026-05-23 00:00:00,2026-05-26 00:00:00,3.0,3,0.0,0.0,DANNINSON GUERRERO,PORTILLO -> ,71.44,1,21.83,93.0,3,0.48,118.36,229.61,2.04,138.99,GNV,-20.63,-14.84,-1.98,Normal,Comportamiento Normal
VE-31,BZR940,SINOTRUK,ZZ3315V3266E1,38.75,2,2026-05-26 00:00:00,2026-05-27 00:00:00,1.0,3,0.0,0.0,DANNINSON GUERRERO,PORTILLO -> ANCIETA,186.8,1,32.45,100.0,68,0.41,190.0,368.6,2.04,148.7,GNV,41.3,27.78,1.13,Advertencia,Exceso de Ralenti (Motor encendido sin movimiento)
VE-31,BZR940,SINOTRUK,ZZ3315V3266E1,38.75,2,2026-05-27 00:00:00,2026-05-28 00:00:00,1.0,2,0.0,0.0,DANNINSON GUERRERO,PORTILLO -> ANCIETA,124.87,1,25.93,83.0,3,0.34,155.04,269.77,1.74,136.92,GNV,18.12,13.23,-0.04,Normal,Comportamiento Normal
VE-31,BZR940,SINOTRUK,ZZ3315V3266E1,38.75,2,2026-05-28 00:00:00,2026-06-01 00:00:00,4.0,6,155.34,3067.54,DANNINSON GUERRERO,OQUENDO -> MATERIALES,302.01,1,24.82,92.0,38,0.41,161.74,313.77,2.04,158.13,GNV,3.61,2.29,-0.77,Normal,Comportamiento Normal
VE-31,BZR940,SINOTRUK,ZZ3315V3266E1,38.75,2,2026-06-01 00:00:00,2026-06-02 00:00:00,1.0,2,0.0,0.0,DANNINSON GUERRERO,PORTILLO -> ANCIETA,183.59,1,30.5,98.0,55,0.22,194.2,376.74,2.04,141.17,GNV,53.03,37.56,1.72,Critico,Estilo de Conduccion Agresivo (Excesos de Velocidad)
VE-31,BZR940,SINOTRUK,ZZ3315V3266E1,38.75,2,2026-06-02 00:00:00,2026-06-05 00:00:00,3.0,6,0.0,0.0,DANNINSON GUERRERO,CONCHAN -> ,259.86,1,24.14,72.0,1,0.53,216.59,420.18,2.04,158.13,GNV,58.46,36.97,1.99,Critico,Exceso de Ralenti (Motor encendido sin movimiento)
VE-31,BZR940,SINOTRUK,ZZ3315V3266E1,38.75,2,2026-06-05 00:00:00,2026-06-08 00:00:00,3.0,2,0.0,0.0,DANNINSON GUERRERO,PORTILLO -> ,91.15,1,28.25,100.0,54,0.65,96.55,187.3,2.04,136.92,GNV,-40.37,-29.49,-2.98,Normal,Comportamiento Normal
VE-31,BZR940,SINOTRUK,ZZ3315V3266E1,38.75,2,2026-06-08 00:00:00,2026-06-09 00:00:00,1.0,3,0.0,0.0,DANNINSON GUERRERO,PORTILLO -> ,180.84,1,35.07,100.0,63,0.42,207.16,401.88,2.04,143.24,GNV,63.92,44.62,2.26,Critico,Exceso de Ralenti (Motor encendido sin movimiento)
VE-31,BZR940,SINOTRUK,ZZ3315V3266E1,38.75,2,2026-06-09 00:00:00,2026-06-10 00:00:00,1.0,3,0.0,0.0,Danninson Olivo Guerrero Zambrano,PORTILLO -> ANCIETA,144.46,1,26.1,83.0,7,0.39,152.69,296.21,2.04,143.24,GNV,9.45,6.59,-0.47,Normal,Comportamiento Normal
VE-31,BZR940,SINOTRUK,ZZ3315V3266E1,38.75,2,2026-06-10 00:00:00,2026-06-11 00:00:00,1.0,3,0.0,0.0,Danninson Olivo Guerrero Zambrano,PORTILLO -> STOCK 3,193.22,1,26.05,78.0,5,0.3,123.53,239.65,2.04,148.7,GNV,-25.17,-16.92,-2.21,Normal,Comportamiento Normal
VE-31,BZR940,SINOTRUK,ZZ3315V3266E1,38.75,2,2026-06-11 00:00:00,2026-06-12 00:00:00,1.0,3,0.0,0.0,Danninson Olivo Guerrero Zambrano,PORTILLO -> ANCIETA,128.53,1,26.0,77.0,4,0.47,109.73,212.87,2.04,138.99,GNV,-29.26,-21.05,-2.42,Normal,Comportamiento Normal
VE-31,BZR940,SINOTRUK,ZZ3315V3266E1,38.75,2,2026-06-12 00:00:00,2026-06-15 00:00:00,3.0,5,0.0,0.0,Danninson Olivo Guerrero Zambrano,PORTILLO -> STOCK 3,316.11,1,28.15,100.0,54,0.36,176.4,342.21,2.04,158.13,GNV,18.27,11.56,-0.03,Normal,Comportamiento Normal
VE-31,BZR940,SINOTRUK,ZZ3315V3266E1,38.75,2,2026-06-15 00:00:00,2026-06-17 00:00:00,2.0,5,0.0,0.0,Jose Albenis Lezama Hernandez,PORTILLO -> FLOR DE NIEVE,312.64,1,28.04,100.0,65,0.35,230.95,448.03,2.04,158.13,GNV,72.82,46.06,2.71,Critico,Estilo de Conduccion Agresivo (Excesos de Velocidad)
VE-31,BZR940,SINOTRUK,ZZ3315V3266E1,38.75,2,2026-06-17 00:00:00,2026-06-18 00:00:00,1.0,3,0.0,0.0,Jose Albenis Lezama Hernandez,PORTILLO -> STOCK 4,158.24,1,23.62,68.0,0,0.34,144.56,280.44,2.04,143.24,GNV,1.32,0.92,-0.88,Normal,Comportamiento Normal
VE-31,BZR940,SINOTRUK,ZZ3315V3266E1,38.75,2,2026-06-18 00:00:00,2026-06-19 00:00:00,1.0,4,0.0,0.0,Jose Albenis Lezama Hernandez,PORTILLO -> STOCK 3,155.64,1,23.17,83.0,5,0.33,118.82,230.51,2.04,143.24,GNV,-24.42,-17.05,-2.18,Normal,Comportamiento Normal
VE-31,BZR940,SINOTRUK,ZZ3315V3266E1,38.75,2,2026-06-19 00:00:00,2026-06-26 00:00:00,7.0,8,0.0,0.0,Jose Albenis Lezama Hernandez,PORTILLO -> STOCK 3,313.44,1,23.43,93.0,44,0.47,174.26,303.21,1.74,158.13,GNV,16.13,10.2,-0.14,Normal,Comportamiento Normal
VE-31,BZR940,SINOTRUK,ZZ3315V3266E1,38.75,2,2026-06-26 00:00:00,2026-06-30 00:00:00,4.0,5,0.0,0.0,Danninson Olivo Guerrero Zambrano,PORTILLO -> STOCK 3,91.94,1,18.73,70.0,0,0.57,136.19,264.2,2.04,138.99,GNV,-2.8,-2.02,-1.09,Normal,Comportamiento Normal
VE-32,CAP946,SINOTRUK,ZZ3315V3266E1,38.75,2,2026-02-12 00:00:00,2026-02-13 00:00:00,1.0,4,102.18,1274.28,MIGUEL CHUCHON VASQUEZ,JICAMARCA -> HUAROCHIRI,63.14,0,0.0,0.0,0,0.0,170.2,294.44,1.73,139.18,GNV,31.02,22.29,0.61,Advertencia,Desviacion Operativa Menor / Eficiencia Conductiva
VE-32,CAP946,SINOTRUK,ZZ3315V3266E1,38.75,2,2026-02-13 00:00:00,2026-02-15 00:00:00,2.0,3,101.73,1462.38,DESCONOCIDO,JICAMARCA -> ANCIETA,45.17,0,0.0,0.0,0,0.0,135.21,233.91,1.73,136.48,GNV,-1.27,-0.93,-1.01,Normal,Comportamiento Normal
VE-32,CAP946,SINOTRUK,ZZ3315V3266E1,38.75,2,2026-02-15 00:00:00,2026-02-16 00:00:00,1.0,3,64.35,802.5,MIGUEL CHUCHON VASQUEZ,JICAMARCA -> HUAROCHIRI,54.33,0,0.0,0.0,0,0.0,107.04,185.17,1.73,137.36,GNV,-30.32,-22.08,-2.47,Normal,Comportamiento Normal
VE-32,CAP946,SINOTRUK,ZZ3315V3266E1,38.75,2,2026-02-16 00:00:00,2026-02-24 00:00:00,8.0,5,101.66,2270.26,MIGUEL CHUCHON VASQUEZ,JICAMARCA -> HUAROCHIRI,115.53,0,0.0,0.0,0,0.0,174.52,301.91,1.73,139.18,GNV,35.34,25.39,0.83,Advertencia,Sospecha de Fuga o Extraccion Injustificada de Combustible
VE-32,CAP946,SINOTRUK,ZZ3315V3266E1,38.75,2,2026-02-24 00:00:00,2026-02-25 00:00:00,1.0,3,73.11,2217.46,MIGUEL CHUCHON VASQUEZ,JICAMARCA -> ANCIETA,97.56,0,0.0,0.0,0,0.0,167.34,289.49,1.73,137.36,GNV,29.98,21.82,0.56,Advertencia,Desviacion Operativa Menor / Eficiencia Conductiva
VE-32,CAP946,SINOTRUK,ZZ3315V3266E1,38.75,2,2026-02-25 00:00:00,2026-03-03 00:00:00,6.0,6,0.0,0.0,MIGUEL CHUCHON VASQUEZ,PORTILLO -> FLOR DE NIEVE,11.02,1,15.49,46.0,0,0.6,146.7,242.06,1.65,135.99,GNV,10.71,7.87,-0.41,Normal,Comportamiento Normal
VE-32,CAP946,SINOTRUK,ZZ3315V3266E1,38.75,2,2026-03-03 00:00:00,2026-03-24 00:00:00,21.0,19,0.0,0.0,MIGUEL CHUCHON VASQUEZ,PORTILLO -> FLOR DE NIEVE,1497.37,1,28.95,97.0,125,0.28,155.81,317.85,2.04,156.5,GNV,-0.69,-0.44,-0.98,Normal,Comportamiento Normal
VE-32,CAP946,SINOTRUK,ZZ3315V3266E1,38.75,2,2026-03-24 00:00:00,2026-03-26 00:00:00,2.0,4,0.0,0.0,MIGUEL CHUCHON VASQUEZ,PORTILLO -> FLOR DE NIEVE,431.58,1,28.61,77.0,19,0.25,126.88,258.83,2.04,154.18,GNV,-27.3,-17.71,-2.32,Normal,Comportamiento Normal
VE-32,CAP946,SINOTRUK,ZZ3315V3266E1,38.75,2,2026-03-26 00:00:00,2026-03-27 00:00:00,1.0,0,0.0,0.0,DESCONOCIDO,DESCONOCIDA,178.42,1,27.76,76.0,4,0.28,169.66,329.13,2.04,138.61,GNV,31.05,22.4,0.61,Advertencia,Desviacion Operativa Menor / Eficiencia Conductiva
VE-32,CAP946,SINOTRUK,ZZ3315V3266E1,38.75,2,2026-03-27 00:00:00,2026-03-30 00:00:00,3.0,2,0.0,0.0,MIGUEL CHUCHON VASQUEZ,PORTILLO -> FLOR DE NIEVE,327.03,1,25.68,70.0,0,0.27,120.19,245.18,2.04,152.11,GNV,-31.92,-20.99,-2.55,Normal,Comportamiento Normal
VE-32,CAP946,SINOTRUK,ZZ3315V3266E1,38.75,2,2026-03-30 00:00:00,2026-04-01 00:00:00,2.0,4,0.0,0.0,MIGUEL CHUCHON VASQUEZ,PORTILLO -> FLOR DE NIEVE,316.94,1,26.58,77.0,12,0.32,131.95,269.17,2.04,154.18,GNV,-22.23,-14.42,-2.07,Normal,Comportamiento Normal
VE-32,CAP946,SINOTRUK,ZZ3315V3266E1,38.75,2,2026-04-01 00:00:00,2026-04-02 00:00:00,1.0,2,0.0,0.0,MIGUEL CHUCHON VASQUEZ,PORTILLO -> FLOR DE NIEVE,217.47,1,26.73,79.0,11,0.28,144.17,294.1,2.04,145.0,GNV,-0.83,-0.57,-0.99,Normal,Comportamiento Normal
VE-32,CAP946,SINOTRUK,ZZ3315V3266E1,38.75,2,2026-04-02 00:00:00,2026-04-06 00:00:00,4.0,2,0.0,0.0,MIGUEL CHUCHON VASQUEZ,PORTILLO -> FLOR DE NIEVE,130.5,1,27.16,76.0,2,0.24,190.83,389.29,2.04,139.54,GNV,51.29,36.75,1.63,Critico,Sospecha de Fuga o Extraccion Injustificada de Combustible
VE-32,CAP946,SINOTRUK,ZZ3315V3266E1,38.75,2,2026-04-06 00:00:00,2026-04-07 00:00:00,1.0,2,0.0,0.0,MIGUEL CHUCHON VASQUEZ,PORTILLO -> FLOR DE NIEVE,156.97,1,24.09,64.0,0,0.3,156.25,318.75,2.04,139.54,GNV,16.71,11.97,-0.11,Normal,Comportamiento Normal
VE-32,CAP946,SINOTRUK,ZZ3315V3266E1,38.75,2,2026-04-07 00:00:00,2026-04-08 00:00:00,1.0,2,0.0,0.0,MIGUEL CHUCHON VASQUEZ,PORTILLO -> FLOR DE NIEVE,217.22,1,27.23,78.0,3,0.26,133.54,259.07,2.04,145.0,GNV,-11.46,-7.9,-1.52,Normal,Comportamiento Normal
VE-32,CAP946,SINOTRUK,ZZ3315V3266E1,38.75,2,2026-04-08 00:00:00,2026-04-10 00:00:00,2.0,4,0.0,0.0,MIGUEL CHUCHON VASQUEZ,PORTILLO -> FLOR DE NIEVE,399.1,1,27.1,76.0,9,0.27,166.99,323.95,2.04,154.18,GNV,12.81,8.31,-0.3,Normal,Comportamiento Normal
VE-32,CAP946,SINOTRUK,ZZ3315V3266E1,38.75,2,2026-04-10 00:00:00,2026-04-11 00:00:00,1.0,2,0.0,0.0,MIGUEL CHUCHON VASQUEZ,PORTILLO -> FLOR DE NIEVE,225.25,1,26.41,76.0,4,0.23,163.3,316.8,2.04,145.0,GNV,18.3,12.62,-0.03,Normal,Comportamiento Normal
VE-32,CAP946,SINOTRUK,ZZ3315V3266E1,38.75,2,2026-04-11 00:00:00,2026-04-13 00:00:00,2.0,5,0.0,0.0,MIGUEL CHUCHON VASQUEZ,PORTILLO -> ANCIETA,132.89,1,26.33,70.0,0,0.23,199.85,387.7,2.04,141.61,GNV,58.24,41.12,1.98,Critico,Sospecha de Fuga o Extraccion Injustificada de Combustible
VE-32,CAP946,SINOTRUK,ZZ3315V3266E1,38.75,2,2026-04-13 00:00:00,2026-04-14 00:00:00,1.0,3,0.0,0.0,MIGUEL CHUCHON VASQUEZ,PORTILLO -> VILLA 2,217.98,1,28.68,72.0,2,0.28,186.89,362.56,2.04,147.07,GNV,39.82,27.08,1.05,Advertencia,Falla Mecanica / Requiere Mantenimiento Preventivo
VE-32,CAP946,SINOTRUK,ZZ3315V3266E1,38.75,2,2026-04-14 00:00:00,2026-04-15 00:00:00,1.0,5,0.0,0.0,MIGUEL CHUCHON VASQUEZ,PORTILLO -> ,224.02,1,28.57,77.0,7,0.27,144.53,280.39,2.04,147.07,GNV,-2.54,-1.73,-1.08,Normal,Comportamiento Normal
VE-32,CAP946,SINOTRUK,ZZ3315V3266E1,38.75,2,2026-04-15 00:00:00,2026-04-16 00:00:00,1.0,4,0.0,0.0,MIGUEL CHUCHON VASQUEZ,PORTILLO -> ANCIETA,211.48,1,27.58,76.0,5,0.32,118.21,229.32,2.04,147.07,GNV,-28.86,-19.62,-2.4,Normal,Comportamiento Normal
VE-32,CAP946,SINOTRUK,ZZ3315V3266E1,38.75,2,2026-04-16 00:00:00,2026-04-18 00:00:00,2.0,7,0.0,0.0,MIGUEL CHUCHON VASQUEZ,PORTILLO -> ,297.81,1,25.64,85.0,5,0.4,129.85,251.9,2.04,156.5,GNV,-26.65,-17.03,-2.29,Normal,Comportamiento Normal
VE-32,CAP946,SINOTRUK,ZZ3315V3266E1,38.75,2,2026-04-18 00:00:00,2026-04-20 00:00:00,2.0,3,0.0,0.0,MIGUEL CHUCHON VASQUEZ,PORTILLO -> ANCIETA,99.43,1,25.88,65.0,0,0.4,188.65,365.97,2.04,137.36,GNV,51.29,37.34,1.63,Critico,Exceso de Ralenti (Motor encendido sin movimiento)
VE-32,CAP946,SINOTRUK,ZZ3315V3266E1,38.75,2,2026-04-20 00:00:00,2026-04-22 00:00:00,2.0,6,0.0,0.0,MIGUEL CHUCHON VASQUEZ,PORTILLO -> ,393.96,1,27.18,76.0,2,0.32,170.45,330.66,2.04,156.5,GNV,13.95,8.92,-0.25,Normal,Comportamiento Normal
VE-32,CAP946,SINOTRUK,ZZ3315V3266E1,38.75,2,2026-04-22 00:00:00,2026-04-24 00:00:00,2.0,8,0.0,0.0,MIGUEL CHUCHON VASQUEZ,PORTILLO -> ANCIETA,350.04,1,27.73,73.0,3,0.38,133.92,259.8,2.04,156.5,GNV,-22.58,-14.43,-2.08,Normal,Comportamiento Normal
VE-32,CAP946,SINOTRUK,ZZ3315V3266E1,38.75,2,2026-04-24 00:00:00,2026-04-27 00:00:00,3.0,6,0.0,0.0,MIGUEL CHUCHON VASQUEZ,PORTILLO -> ANCIETA,313.75,1,28.25,78.0,9,0.32,157.12,304.81,2.04,156.5,GNV,0.62,0.4,-0.92,Normal,Comportamiento Normal
VE-32,CAP946,SINOTRUK,ZZ3315V3266E1,38.75,2,2026-04-27 00:00:00,2026-04-28 00:00:00,1.0,2,0.0,0.0,MIGUEL CHUCHON VASQUEZ,PORTILLO -> ANCIETA,187.45,1,27.87,76.0,3,0.28,178.25,345.8,2.04,145.0,GNV,33.25,22.93,0.72,Advertencia,Desviacion Operativa Menor / Eficiencia Conductiva
VE-32,CAP946,SINOTRUK,ZZ3315V3266E1,38.75,2,2026-04-28 00:00:00,2026-04-29 00:00:00,1.0,4,0.0,0.0,MIGUEL CHUCHON VASQUEZ,PORTILLO -> ANCIETA,156.84,1,26.67,76.0,3,0.37,154.06,298.87,2.04,141.61,GNV,12.45,8.79,-0.32,Normal,Comportamiento Normal
VE-32,CAP946,SINOTRUK,ZZ3315V3266E1,38.75,2,2026-04-29 00:00:00,2026-05-04 00:00:00,5.0,6,0.0,0.0,MIGUEL CHUCHON VASQUEZ,PORTILLO -> ANCIETA,274.09,1,26.96,72.0,2,0.29,177.45,344.24,2.04,156.5,GNV,20.95,13.39,0.11,Normal,Comportamiento Normal
VE-32,CAP946,SINOTRUK,ZZ3315V3266E1,38.75,2,2026-05-04 00:00:00,2026-05-05 00:00:00,1.0,4,0.0,0.0,MIGUEL CHUCHON VASQUEZ,PORTILLO -> ,182.41,1,27.69,77.0,2,0.38,150.12,291.23,2.04,141.61,GNV,8.51,6.01,-0.52,Normal,Comportamiento Normal
VE-32,CAP946,SINOTRUK,ZZ3315V3266E1,38.75,2,2026-05-05 00:00:00,2026-05-07 00:00:00,2.0,7,0.0,0.0,MIGUEL CHUCHON VASQUEZ,PORTILLO -> ,385.46,1,27.89,76.0,4,0.34,142.4,276.25,2.04,156.5,GNV,-14.1,-9.01,-1.66,Normal,Comportamiento Normal
VE-32,CAP946,SINOTRUK,ZZ3315V3266E1,38.75,2,2026-05-07 00:00:00,2026-05-08 00:00:00,1.0,4,0.0,0.0,MIGUEL CHUCHON VASQUEZ,PORTILLO -> VILLA 2,200.34,1,27.39,71.0,1,0.32,107.63,208.8,2.04,147.07,GNV,-39.44,-26.82,-2.93,Normal,Comportamiento Normal
VE-32,CAP946,SINOTRUK,ZZ3315V3266E1,38.75,2,2026-05-08 00:00:00,2026-05-11 00:00:00,3.0,4,0.0,0.0,MIGUEL CHUCHON VASQUEZ,PORTILLO -> ANCIETA,306.69,1,28.94,84.0,44,0.37,138.01,267.74,2.04,154.18,GNV,-16.17,-10.49,-1.76,Normal,Comportamiento Normal
VE-32,CAP946,SINOTRUK,ZZ3315V3266E1,38.75,2,2026-05-11 00:00:00,2026-05-13 00:00:00,2.0,6,0.0,0.0,MIGUEL CHUCHON VASQUEZ,PORTILLO -> ,325.89,1,29.73,93.0,64,0.42,138.97,269.59,2.04,156.5,GNV,-17.53,-11.2,-1.83,Normal,Comportamiento Normal
VE-32,CAP946,SINOTRUK,ZZ3315V3266E1,38.75,2,2026-05-13 00:00:00,2026-05-14 00:00:00,1.0,4,0.0,0.0,MIGUEL CHUCHON VASQUEZ,PORTILLO -> ANCIETA,157.81,1,28.46,78.0,24,0.38,99.89,193.78,2.04,141.61,GNV,-41.72,-29.46,-3.04,Normal,Comportamiento Normal
VE-32,CAP946,SINOTRUK,ZZ3315V3266E1,38.75,2,2026-05-14 00:00:00,2026-05-15 00:00:00,1.0,3,0.0,0.0,MIGUEL CHUCHON VASQUEZ,PORTILLO -> ,135.58,1,24.73,73.0,1,0.37,93.97,182.29,2.04,141.61,GNV,-47.64,-33.64,-3.34,Normal,Comportamiento Normal
VE-32,CAP946,SINOTRUK,ZZ3315V3266E1,38.75,2,2026-05-15 00:00:00,2026-05-18 00:00:00,3.0,5,0.0,0.0,MIGUEL CHUCHON VASQUEZ,PORTILLO -> ANCIETA,252.38,1,25.56,78.0,26,0.45,124.14,240.83,2.04,156.5,GNV,-32.36,-20.68,-2.57,Normal,Comportamiento Normal
VE-32,CAP946,SINOTRUK,ZZ3315V3266E1,38.75,2,2026-05-18 00:00:00,2026-05-19 00:00:00,1.0,3,0.0,0.0,MIGUEL CHUCHON VASQUEZ,PORTILLO -> ANCIETA,223.48,1,30.43,92.0,68,0.27,115.23,223.54,2.04,147.07,GNV,-31.84,-21.65,-2.55,Normal,Comportamiento Normal
VE-32,CAP946,SINOTRUK,ZZ3315V3266E1,38.75,2,2026-05-19 00:00:00,2026-05-21 00:00:00,2.0,6,0.0,0.0,MIGUEL CHUCHON VASQUEZ,PORTILLO -> ANCIETA,281.28,1,25.42,76.0,1,0.32,172.87,335.36,2.04,156.5,GNV,16.37,10.46,-0.13,Normal,Comportamiento Normal
VE-32,CAP946,SINOTRUK,ZZ3315V3266E1,38.75,2,2026-05-21 00:00:00,2026-05-25 00:00:00,4.0,5,0.0,0.0,MIGUEL CHUCHON VASQUEZ,PORTILLO -> ANCIETA,337.06,1,28.49,90.0,72,0.35,160.8,311.95,2.04,156.5,GNV,4.3,2.75,-0.73,Normal,Comportamiento Normal
VE-32,CAP946,SINOTRUK,ZZ3315V3266E1,38.75,2,2026-05-25 00:00:00,2026-05-26 00:00:00,1.0,2,0.0,0.0,MIGUEL CHUCHON VASQUEZ,PORTILLO -> ANCIETA,128.98,1,28.33,76.0,7,0.34,134.19,260.32,2.04,135.29,GNV,-1.1,-0.82,-1.0,Normal,Comportamiento Normal
VE-32,CAP946,SINOTRUK,ZZ3315V3266E1,38.75,2,2026-05-26 00:00:00,2026-05-29 00:00:00,3.0,9,118.26,5430.27,MIGUEL CHUCHON VASQUEZ,PORTILLO -> ANCIETA,371.55,1,25.92,68.0,0,0.35,182.86,354.74,2.04,156.5,GNV,26.36,16.85,0.38,Advertencia,Desviacion Operativa Menor / Eficiencia Conductiva
VE-32,CAP946,SINOTRUK,ZZ3315V3266E1,38.75,2,2026-05-29 00:00:00,2026-06-23 00:00:00,25.0,56,38.22,1802.55,Miguel Chuchon Vasquez,PORTILLO -> ANCIETA,2753.23,1,25.28,92.0,174,0.32,126.87,258.81,2.04,156.5,GNV,-29.63,-18.93,-2.44,Normal,Comportamiento Normal
VE-33,CAZ895,SINOTRUK,ZZ3315V3266E1,38.75,2,2026-01-03 00:00:00,2026-01-12 00:00:00,9.0,14,0.0,0.0,ANGEL COUSIN,HOSPITAL SERGIO BERNALES -> MINERA LOS PRIMOS,182.24,0,0.0,0.0,0,0.0,76.41,126.08,1.65,135.46,GNV,-59.05,-43.59,-3.92,Normal,Comportamiento Normal
VE-33,CAZ895,SINOTRUK,ZZ3315V3266E1,38.75,2,2026-01-12 00:00:00,2026-01-15 00:00:00,3.0,6,0.0,0.0,ANGEL COUSIN,HOSPITAL SERGIO BERNALES -> MINERA LOS PRIMOS,78.1,0,0.0,0.0,0,0.0,99.1,163.51,1.65,119.05,GNV,-19.95,-16.76,-1.95,Normal,Comportamiento Normal
VE-33,CAZ895,SINOTRUK,ZZ3315V3266E1,38.75,2,2026-01-15 00:00:00,2026-01-17 00:00:00,2.0,3,38.35,1808.68,ANGEL COUSIN,HOSPITAL SERGIO BERNALES -> MINERA LOS PRIMOS,73.2,0,0.0,0.0,0,0.0,47.9,79.03,1.65,119.05,GNV,-71.15,-59.76,-4.52,Normal,Comportamiento Normal
VE-33,CAZ895,SINOTRUK,ZZ3315V3266E1,38.75,2,2026-01-17 00:00:00,2026-01-20 00:00:00,3.0,4,146.69,5648.86,DESCONOCIDO,YERBABUENA -> MEIGGS,150.4,0,0.0,0.0,0,0.0,128.0,211.2,1.65,152.21,GNV,-24.21,-15.91,-2.16,Normal,Comportamiento Normal
VE-33,CAZ895,SINOTRUK,ZZ3315V3266E1,38.75,2,2026-01-20 00:00:00,2026-01-21 00:00:00,1.0,3,111.69,3028.32,DESCONOCIDO,SAN LORENZO -> COLLIQUE,82.4,0,0.0,0.0,0,0.0,137.62,227.07,1.65,131.98,GNV,5.64,4.27,-0.66,Normal,Comportamiento Normal
VE-33,CAZ895,SINOTRUK,ZZ3315V3266E1,38.75,2,2026-01-21 00:00:00,2026-01-22 00:00:00,1.0,2,69.77,1229.13,DESCONOCIDO,SAN LORENZO -> COLLIQUE,35.23,0,0.0,0.0,0,0.0,99.51,164.19,1.65,117.68,GNV,-18.17,-15.44,-1.86,Normal,Comportamiento Normal
VE-33,CAZ895,SINOTRUK,ZZ3315V3266E1,38.75,2,2026-01-22 00:00:00,2026-01-23 00:00:00,1.0,2,72.46,1276.52,DESCONOCIDO,SAN LORENZO -> COLLIQUE,35.23,0,0.0,0.0,0,0.0,128.18,211.5,1.65,117.68,GNV,10.5,8.93,-0.42,Normal,Comportamiento Normal
VE-33,CAZ895,SINOTRUK,ZZ3315V3266E1,38.75,2,2026-01-23 00:00:00,2026-01-24 00:00:00,1.0,3,104.83,2454.08,DESCONOCIDO,SAN LORENZO -> COLLIQUE,68.77,0,0.0,0.0,0,0.0,104.63,172.64,1.65,120.87,GNV,-16.24,-13.43,-1.76,Normal,Comportamiento Normal
VE-33,CAZ895,SINOTRUK,ZZ3315V3266E1,38.75,2,2026-01-24 00:00:00,2026-01-26 00:00:00,2.0,3,104.75,970.52,DESCONOCIDO,SAN LORENZO -> COLLIQUE,28.38,0,0.0,0.0,0,0.0,112.17,185.08,1.65,119.5,GNV,-7.33,-6.13,-1.32,Normal,Comportamiento Normal
VE-33,CAZ895,SINOTRUK,ZZ3315V3266E1,38.75,2,2026-01-26 00:00:00,2026-01-27 00:00:00,1.0,2,70.61,553.06,DESCONOCIDO,SAN LORENZO -> OQUENDO,15.7,0,0.0,0.0,0,0.0,89.05,146.93,1.65,117.68,GNV,-28.63,-24.33,-2.39,Normal,Comportamiento Normal
VE-33,CAZ895,SINOTRUK,ZZ3315V3266E1,38.75,2,2026-01-27 00:00:00,2026-01-28 00:00:00,1.0,2,69.31,540.78,DESCONOCIDO,SAN LORENZO -> MATERIALES,15.7,0,0.0,0.0,0,0.0,110.33,182.04,1.65,117.68,GNV,-7.35,-6.24,-1.32,Normal,Comportamiento Normal
VE-33,CAZ895,SINOTRUK,ZZ3315V3266E1,38.75,2,2026-01-28 00:00:00,2026-01-31 00:00:00,3.0,4,0.0,0.0,ANGEL COUSIN,HOSPITAL SERGIO BERNALES -> MINERA LOS PRIMOS,52.07,0,0.0,0.0,0,0.0,83.05,137.03,1.65,119.05,GNV,-36.0,-30.24,-2.76,Normal,Comportamiento Normal
VE-33,CAZ895,SINOTRUK,ZZ3315V3266E1,38.75,2,2026-01-31 00:00:00,2026-02-03 00:00:00,3.0,3,37.15,1752.08,ANGEL COUSIN,HOSPITAL SERGIO BERNALES -> MINERA LOS PRIMOS,73.2,0,0.0,0.0,0,0.0,39.87,65.79,1.65,119.05,GNV,-79.18,-66.51,-4.93,Normal,Comportamiento Normal
VE-33,CAZ895,SINOTRUK,ZZ3315V3266E1,38.75,2,2026-02-03 00:00:00,2026-02-04 00:00:00,1.0,2,38.46,1813.87,ANGEL COUSIN,YERBABUENA -> MEIGGS,56.08,0,0.0,0.0,0,0.0,92.68,152.92,1.65,119.05,GNV,-26.37,-22.15,-2.27,Normal,Comportamiento Normal
VE-33,CAZ895,SINOTRUK,ZZ3315V3266E1,38.75,2,2026-02-04 00:00:00,2026-02-10 00:00:00,6.0,9,39.94,1883.67,ANGEL COUSIN,HOSPITAL SERGIO BERNALES -> MINERA LOS PRIMOS,116.24,0,0.0,0.0,0,0.0,149.84,247.24,1.65,126.08,GNV,23.76,18.85,0.25,Advertencia,Desviacion Operativa Menor / Eficiencia Conductiva
VE-33,CAZ895,SINOTRUK,ZZ3315V3266E1,38.75,2,2026-02-10 00:00:00,2026-02-11 00:00:00,1.0,1,38.89,1834.15,ANGEL COUSIN,YERBABUENA -> MEIGGS,47.16,0,0.0,0.0,0,0.0,91.49,150.96,1.65,108.93,GNV,-17.44,-16.01,-1.82,Normal,Comportamiento Normal
VE-33,CAZ895,SINOTRUK,ZZ3315V3266E1,38.75,2,2026-02-11 00:00:00,2026-02-12 00:00:00,1.0,2,73.2,3452.29,ANGEL COUSIN,YERBABUENA -> MEIGGS,94.32,0,0.0,0.0,0,0.0,139.91,230.85,1.65,136.28,GNV,3.63,2.66,-0.77,Normal,Comportamiento Normal
VE-33,CAZ895,SINOTRUK,ZZ3315V3266E1,38.75,2,2026-02-12 00:00:00,2026-02-16 00:00:00,4.0,4,78.06,515.96,ANGEL COUSIN,MATERIALES -> SAN LORENZO ,31.6,0,0.0,0.0,0,0.0,98.17,161.98,1.65,117.68,GNV,-19.51,-16.58,-1.93,Normal,Comportamiento Normal
VE-33,CAZ895,SINOTRUK,ZZ3315V3266E1,38.75,2,2026-02-16 00:00:00,2026-02-17 00:00:00,1.0,3,70.32,549.79,ANGEL COUSIN,SAN LORENZO  -> OQUENDO,22.47,0,0.0,0.0,0,0.0,75.19,124.06,1.65,117.68,GNV,-42.49,-36.1,-3.08,Normal,Comportamiento Normal
VE-33,CAZ895,SINOTRUK,ZZ3315V3266E1,38.75,2,2026-02-17 00:00:00,2026-02-19 00:00:00,2.0,3,73.6,819.45,ANGEL COUSIN,SAN LORENZO  -> MEIGGS,68.77,0,0.0,0.0,0,0.0,122.13,201.51,1.65,119.05,GNV,3.08,2.59,-0.79,Normal,Comportamiento Normal
VE-33,CAZ895,SINOTRUK,ZZ3315V3266E1,38.75,2,2026-02-19 00:00:00,2026-02-20 00:00:00,1.0,2,74.32,3505.11,ANGEL COUSIN,YERBABUENA -> MEIGGS,94.32,0,0.0,0.0,0,0.0,154.69,255.24,1.65,136.28,GNV,18.41,13.51,-0.02,Normal,Comportamiento Normal
VE-33,CAZ895,SINOTRUK,ZZ3315V3266E1,38.75,2,2026-02-20 00:00:00,2026-02-21 00:00:00,1.0,2,36.83,648.83,ANGEL COUSIN,COLLIQUE -> SAN LORENZO ,64.78,0,0.0,0.0,0,0.0,116.04,191.47,1.65,119.05,GNV,-3.01,-2.53,-1.1,Normal,Comportamiento Normal
VE-33,CAZ895,SINOTRUK,ZZ3315V3266E1,38.75,2,2026-02-21 00:00:00,2026-02-23 00:00:00,2.0,3,71.49,773.01,ANGEL COUSIN,SAN LORENZO  -> MEIGGS,25.59,0,0.0,0.0,0,0.0,73.25,120.86,1.65,117.68,GNV,-44.43,-37.75,-3.18,Normal,Comportamiento Normal
VE-33,CAZ895,SINOTRUK,ZZ3315V3266E1,38.75,2,2026-02-23 00:00:00,2026-02-25 00:00:00,2.0,2,37.65,1775.67,ANGEL COUSIN,YERBABUENA -> MEIGGS,94.32,0,0.0,0.0,0,0.0,165.65,273.32,1.65,119.05,GNV,46.6,39.15,1.39,Critico,Sospecha de Fuga o Extraccion Injustificada de Combustible
VE-33,CAZ895,SINOTRUK,ZZ3315V3266E1,38.75,2,2026-02-25 00:00:00,2026-02-26 00:00:00,1.0,3,112.04,5284.08,ANGEL COUSIN,YERBABUENA -> MEIGGS,141.49,0,0.0,0.0,0,0.0,153.28,252.91,1.65,152.21,GNV,1.07,0.7,-0.89,Normal,Comportamiento Normal
VE-33,CAZ895,SINOTRUK,ZZ3315V3266E1,38.75,2,2026-02-26 00:00:00,2026-02-27 00:00:00,1.0,1,38.56,1818.58,ANGEL COUSIN,YERBABUENA -> MEIGGS,47.16,0,0.0,0.0,0,0.0,82.95,136.87,1.65,108.93,GNV,-25.98,-23.85,-2.25,Normal,Comportamiento Normal
VE-33,CAZ895,SINOTRUK,ZZ3315V3266E1,38.75,2,2026-02-27 00:00:00,2026-02-28 00:00:00,1.0,1,38.12,1797.83,ANGEL COUSIN,YERBABUENA -> MEIGGS,47.16,0,0.0,0.0,0,0.0,83.72,138.14,1.65,108.93,GNV,-25.21,-23.14,-2.21,Normal,Comportamiento Normal
VE-33,CAZ895,SINOTRUK,ZZ3315V3266E1,38.75,2,2026-02-28 00:00:00,2026-03-02 00:00:00,2.0,4,141.33,2076.43,ANGEL COUSIN,SAN LORENZO  -> MEIGGS,59.13,0,0.0,0.0,0,0.0,109.22,180.21,1.65,120.87,GNV,-11.65,-9.64,-1.53,Normal,Comportamiento Normal
VE-33,CAZ895,SINOTRUK,ZZ3315V3266E1,38.75,2,2026-03-02 00:00:00,2026-03-10 00:00:00,8.0,5,36.77,1734.16,ANGEL COUSIN,HOSPITAL SERGIO BERNALES -> MINERA LOS PRIMOS,333.12,1,20.48,76.0,1,0.38,210.6,368.55,1.75,150.34,GNV,60.26,40.08,2.08,Critico,Sospecha de Fuga o Extraccion Injustificada de Combustible
VE-33,CAZ895,SINOTRUK,ZZ3315V3266E1,38.75,2,2026-03-10 00:00:00,2026-03-11 00:00:00,1.0,5,138.83,1021.65,ANGEL COUSIN,SAN LORENZO  -> MEIGGS,100.95,1,25.13,66.0,0,0.25,85.37,140.86,1.65,120.87,GNV,-35.5,-29.37,-2.73,Normal,Comportamiento Normal
VE-33,CAZ895,SINOTRUK,ZZ3315V3266E1,38.75,2,2026-03-11 00:00:00,2026-03-12 00:00:00,1.0,1,37.32,1760.1,ANGEL COUSIN,YERBABUENA -> MEIGGS,81.35,1,16.55,71.0,2,0.44,67.19,110.86,1.65,112.37,GNV,-45.18,-40.21,-3.22,Normal,Comportamiento Normal
VE-33,CAZ895,SINOTRUK,ZZ3315V3266E1,38.75,2,2026-03-12 00:00:00,2026-03-14 00:00:00,2.0,3,111.7,5268.04,ANGEL COUSIN,YERBABUENA -> MEIGGS,285.74,1,24.0,76.0,2,0.29,49.0,90.16,1.84,148.03,GNV,-99.03,-66.9,-5.92,Normal,Comportamiento Normal
VE-33,CAZ895,SINOTRUK,ZZ3315V3266E1,38.75,2,2026-03-14 00:00:00,2026-03-16 00:00:00,2.0,1,38.37,1548.56,ANGEL COUSIN,YERBABUENA -> OQUENDO,95.3,1,24.35,76.0,1,0.32,59.65,109.76,1.84,112.37,GNV,-52.72,-46.92,-3.6,Normal,Comportamiento Normal
VE-33,CAZ895,SINOTRUK,ZZ3315V3266E1,38.75,2,2026-03-16 00:00:00,2026-03-18 00:00:00,2.0,3,75.87,1958.3,ANGEL COUSIN,SAN LORENZO  -> MEIGGS,82.86,1,22.37,59.0,0,0.42,91.41,168.19,1.84,119.05,GNV,-27.64,-23.22,-2.34,Normal,Comportamiento Normal
VE-33,CAZ895,SINOTRUK,ZZ3315V3266E1,38.75,2,2026-03-18 00:00:00,2026-03-20 00:00:00,2.0,4,114.59,5404.34,ANGEL COUSIN,YERBABUENA -> MEIGGS,268.62,1,22.6,76.0,2,0.37,153.46,282.37,1.84,148.03,GNV,5.43,3.67,-0.68,Normal,Comportamiento Normal
VE-33,CAZ895,SINOTRUK,ZZ3315V3266E1,38.75,2,2026-03-20 00:00:00,2026-03-21 00:00:00,1.0,2,78.54,3704.14,ANGEL COUSIN,YERBABUENA -> MEIGGS,183.08,1,24.29,78.0,2,0.31,145.66,268.01,1.84,151.69,GNV,-6.03,-3.98,-1.25,Normal,Comportamiento Normal
VE-33,CAZ895,SINOTRUK,ZZ3315V3266E1,38.75,2,2026-03-21 00:00:00,2026-03-24 00:00:00,3.0,4,72.02,884.24,ANGEL COUSIN,OQUENDO -> SAN LORENZO ,124.38,1,24.98,77.0,3,0.41,83.24,144.84,1.74,126.08,GNV,-42.84,-33.98,-3.1,Normal,Comportamiento Normal
VE-33,CAZ895,SINOTRUK,ZZ3315V3266E1,38.75,2,2026-03-24 00:00:00,2026-03-25 00:00:00,1.0,4,144.11,1082.09,ANGEL COUSIN,SAN LORENZO  -> MEIGGS,69.45,1,17.93,76.0,1,0.49,92.4,160.78,1.74,120.87,GNV,-28.47,-23.55,-2.38,Normal,Comportamiento Normal
VE-33,CAZ895,SINOTRUK,ZZ3315V3266E1,38.75,2,2026-03-25 00:00:00,2026-03-26 00:00:00,1.0,3,73.95,1302.77,ANGEL COUSIN,COLLIQUE -> SAN LORENZO ,99.56,1,17.63,86.0,4,0.41,129.93,226.08,1.74,119.05,GNV,10.88,9.14,-0.4,Normal,Comportamiento Normal
VE-33,CAZ895,SINOTRUK,ZZ3315V3266E1,38.75,2,2026-03-26 00:00:00,2026-03-27 00:00:00,1.0,2,74.55,3515.96,ANGEL COUSIN,YERBABUENA -> MEIGGS,138.59,1,21.98,78.0,1,0.44,156.76,272.76,1.74,151.69,GNV,5.07,3.34,-0.69,Normal,Comportamiento Normal
VE-33,CAZ895,SINOTRUK,ZZ3315V3266E1,38.75,2,2026-03-27 00:00:00,2026-03-28 00:00:00,1.0,2,73.5,3466.44,ANGEL COUSIN,YERBABUENA -> MEIGGS,187.39,1,23.45,76.0,2,0.35,165.06,287.2,1.74,150.4,GNV,14.66,9.74,-0.21,Normal,Comportamiento Normal
VE-33,CAZ895,SINOTRUK,ZZ3315V3266E1,38.75,2,2026-03-28 00:00:00,2026-03-30 00:00:00,2.0,2,74.16,3497.57,ANGEL COUSIN,YERBABUENA -> MEIGGS,188.58,1,23.41,77.0,3,0.34,156.53,272.36,1.74,150.4,GNV,6.13,4.07,-0.64,Normal,Comportamiento Normal
VE-33,CAZ895,SINOTRUK,ZZ3315V3266E1,38.75,2,2026-03-30 00:00:00,2026-04-01 00:00:00,2.0,5,146.04,5831.35,ANGEL COUSIN,YERBABUENA -> MEIGGS,356.23,1,23.53,77.0,3,0.34,110.88,192.93,1.74,150.34,GNV,-39.46,-26.25,-2.93,Normal,Comportamiento Normal
VE-33,CAZ895,SINOTRUK,ZZ3315V3266E1,38.75,2,2026-04-01 00:00:00,2026-04-04 00:00:00,3.0,2,73.84,3482.47,ANGEL COUSIN,YERBABUENA -> MEIGGS,142.58,1,22.5,76.0,2,0.48,146.22,254.42,1.74,151.69,GNV,-5.47,-3.61,-1.22,Normal,Comportamiento Normal
VE-33,CAZ895,SINOTRUK,ZZ3315V3266E1,38.75,2,2026-04-04 00:00:00,2026-04-06 00:00:00,2.0,1,37.45,1766.23,ANGEL COUSIN,YERBABUENA -> MEIGGS,183.83,1,26.14,76.0,2,0.35,93.86,163.32,1.74,131.04,GNV,-37.18,-28.37,-2.82,Normal,Comportamiento Normal
VE-33,CAZ895,SINOTRUK,ZZ3315V3266E1,38.75,2,2026-04-06 00:00:00,2026-04-07 00:00:00,1.0,2,75.49,1739.41,ANGEL COUSIN,SAN LORENZO  -> OQUENDO,101.26,1,23.98,69.0,0,0.48,88.42,153.85,1.74,119.05,GNV,-30.63,-25.73,-2.49,Normal,Comportamiento Normal
VE-33,CAZ895,SINOTRUK,ZZ3315V3266E1,38.75,2,2026-04-07 00:00:00,2026-04-08 00:00:00,1.0,4,155.38,1202.36,ANGEL COUSIN,SAN LORENZO  -> MATERIALES,102.52,1,21.1,76.0,2,0.47,107.02,186.21,1.74,127.89,GNV,-20.87,-16.32,-2.0,Normal,Comportamiento Normal
VE-33,CAZ895,SINOTRUK,ZZ3315V3266E1,38.75,2,2026-04-08 00:00:00,2026-04-09 00:00:00,1.0,3,113.24,2144.88,ANGEL COUSIN,SAN LORENZO  -> MEIGGS,96.26,1,17.54,90.0,3,0.57,117.61,204.64,1.74,120.87,GNV,-3.26,-2.69,-1.11,Normal,Comportamiento Normal
VE-33,CAZ895,SINOTRUK,ZZ3315V3266E1,38.75,2,2026-04-09 00:00:00,2026-04-10 00:00:00,1.0,1,37.32,1623.04,ANGEL COUSIN,YERBABUENA -> MATERIALES,126.98,1,20.57,68.0,0,0.45,77.72,135.23,1.74,119.4,GNV,-41.68,-34.91,-3.04,Normal,Comportamiento Normal
VE-33,CAZ895,SINOTRUK,ZZ3315V3266E1,38.75,2,2026-04-10 00:00:00,2026-04-11 00:00:00,1.0,3,75.26,812.71,ANGEL COUSIN,SAN LORENZO  -> MEIGGS,95.56,1,21.88,64.0,0,0.39,65.58,114.11,1.74,119.05,GNV,-53.47,-44.91,-3.63,Normal,Comportamiento Normal
VE-33,CAZ895,SINOTRUK,ZZ3315V3266E1,38.75,2,2026-04-11 00:00:00,2026-04-13 00:00:00,2.0,4,108.31,1602.08,ANGEL COUSIN,SAN LORENZO  -> COLLIQUE,58.18,1,16.67,71.0,1,0.54,116.21,202.21,1.74,120.87,GNV,-4.66,-3.85,-1.18,Normal,Comportamiento Normal
VE-33,CAZ895,SINOTRUK,ZZ3315V3266E1,38.75,2,2026-04-13 00:00:00,2026-04-14 00:00:00,1.0,2,81.25,3831.95,ANGEL COUSIN,YERBABUENA -> MEIGGS,117.3,1,19.16,85.0,3,0.4,151.01,262.76,1.74,145.13,GNV,5.88,4.05,-0.65,Normal,Comportamiento Normal
VE-33,CAZ895,SINOTRUK,ZZ3315V3266E1,38.75,2,2026-04-14 00:00:00,2026-04-15 00:00:00,1.0,2,74.36,1870.25,ANGEL COUSIN,YERBABUENA -> MEIGGS,187.08,1,23.22,78.0,1,0.36,101.82,177.17,1.74,140.91,GNV,-39.09,-27.74,-2.91,Normal,Comportamiento Normal
VE-33,CAZ895,SINOTRUK,ZZ3315V3266E1,38.75,2,2026-04-15 00:00:00,2026-04-16 00:00:00,1.0,4,107.0,594.45,ANGEL COUSIN,SAN LORENZO  -> MATERIALES,105.53,1,21.58,74.0,1,0.46,87.47,152.2,1.74,127.89,GNV,-40.42,-31.61,-2.98,Normal,Comportamiento Normal
VE-33,CAZ895,SINOTRUK,ZZ3315V3266E1,38.75,2,2026-04-16 00:00:00,2026-04-17 00:00:00,1.0,4,70.63,629.75,ANGEL COUSIN,MATERIALES -> SAN LORENZO ,78.32,1,15.53,62.0,0,0.53,79.13,137.69,1.74,119.05,GNV,-39.92,-33.53,-2.95,Normal,Comportamiento Normal
VE-33,CAZ895,SINOTRUK,ZZ3315V3266E1,38.75,2,2026-04-17 00:00:00,2026-04-18 00:00:00,1.0,2,71.0,1861.6,ANGEL COUSIN,YERBABUENA -> MEIGGS,76.21,1,16.31,76.0,1,0.52,90.81,158.01,1.74,119.05,GNV,-28.24,-23.72,-2.37,Normal,Comportamiento Normal
VE-33,CAZ895,SINOTRUK,ZZ3315V3266E1,38.75,2,2026-04-18 00:00:00,2026-04-21 00:00:00,3.0,5,102.89,1283.13,CARLOS SAUÑE,JICAMARCA -> HUAROCHIRI,204.88,1,20.18,71.0,1,0.57,183.16,327.85,1.79,140.91,GNV,42.25,29.98,1.18,Advertencia,Exceso de Ralenti (Motor encendido sin movimiento)
VE-33,CAZ895,SINOTRUK,ZZ3315V3266E1,38.75,2,2026-04-21 00:00:00,2026-04-22 00:00:00,1.0,3,73.52,1793.97,CARLOS SAUÑE,JICAMARCA -> ANCIETA,164.36,1,22.46,70.0,0,0.62,146.28,261.84,1.79,135.46,GNV,10.82,7.99,-0.4,Normal,Comportamiento Normal
VE-33,CAZ895,SINOTRUK,ZZ3315V3266E1,38.75,2,2026-04-22 00:00:00,2026-04-24 00:00:00,2.0,8,199.71,6138.31,CARLOS SAUÑE,JICAMARCA -> ANCIETA,304.8,1,22.4,83.0,28,0.61,169.79,303.92,1.79,150.34,GNV,19.45,12.94,0.03,Normal,Comportamiento Normal
VE-33,CAZ895,SINOTRUK,ZZ3315V3266E1,38.75,2,2026-04-24 00:00:00,2026-04-25 00:00:00,1.0,3,100.67,2629.83,CARLOS SAUÑE,JICAMARCA -> ANCIETA,219.49,1,24.66,78.0,19,0.47,132.69,237.51,1.79,140.91,GNV,-8.22,-5.84,-1.36,Normal,Comportamiento Normal
VE-33,CAZ895,SINOTRUK,ZZ3315V3266E1,38.75,2,2026-04-25 00:00:00,2026-04-28 00:00:00,3.0,6,219.82,5668.77,CARLOS SAUÑE,JICAMARCA -> HUAROCHIRI,219.45,1,18.49,76.0,13,0.56,130.71,233.97,1.79,150.4,GNV,-19.69,-13.09,-1.94,Normal,Comportamiento Normal
VE-33,CAZ895,SINOTRUK,ZZ3315V3266E1,38.75,2,2026-04-28 00:00:00,2026-04-29 00:00:00,1.0,4,134.54,4481.14,CARLOS SAUÑE,JICAMARCA -> CONCHAN,100.42,1,24.92,73.0,2,0.74,149.91,268.33,1.79,138.1,GNV,11.81,8.55,-0.35,Normal,Comportamiento Normal
VE-33,CAZ895,SINOTRUK,ZZ3315V3266E1,38.75,2,2026-04-29 00:00:00,2026-05-02 00:00:00,3.0,5,99.91,2907.1,CARLOS SAUÑE,CAJAMARQUILLA -> ANCIETA,346.09,1,25.22,80.0,60,0.59,155.9,279.06,1.79,150.34,GNV,5.56,3.7,-0.67,Normal,Comportamiento Normal
VE-33,CAZ895,SINOTRUK,ZZ3315V3266E1,38.75,2,2026-05-02 00:00:00,2026-05-04 00:00:00,2.0,3,65.52,1273.83,CARLOS SAUÑE,JICAMARCA -> HUAROCHIRI,115.4,1,27.86,79.0,24,0.63,118.42,211.97,1.79,126.08,GNV,-7.66,-6.07,-1.33,Normal,Comportamiento Normal
VE-33,CAZ895,SINOTRUK,ZZ3315V3266E1,38.75,2,2026-05-04 00:00:00,2026-05-05 00:00:00,1.0,4,66.27,826.45,CARLOS SAUÑE,CONCHAN -> SAN JUAN,104.87,1,19.45,81.0,10,0.66,136.31,243.99,1.79,126.08,GNV,10.23,8.12,-0.43,Normal,Comportamiento Normal
VE-33,CAZ895,SINOTRUK,ZZ3315V3266E1,38.75,2,2026-05-05 00:00:00,2026-05-07 00:00:00,2.0,9,248.02,4967.54,CARLOS SAUÑE,JICAMARCA -> HUAROCHIRI,336.59,1,22.35,81.0,34,0.58,147.8,264.56,1.79,150.34,GNV,-2.54,-1.69,-1.08,Normal,Comportamiento Normal
VE-33,CAZ895,SINOTRUK,ZZ3315V3266E1,38.75,2,2026-05-07 00:00:00,2026-05-08 00:00:00,1.0,4,138.67,3036.52,CARLOS SAUÑE,JICAMARCA -> HUAROCHIRI,202.4,1,20.5,78.0,18,0.49,149.12,266.92,1.79,147.68,GNV,1.44,0.98,-0.88,Normal,Comportamiento Normal
VE-33,CAZ895,SINOTRUK,ZZ3315V3266E1,38.75,2,2026-05-08 00:00:00,2026-05-09 00:00:00,1.0,2,68.4,1668.71,CARLOS SAUÑE,JICAMARCA -> HUAROCHIRI,126.62,1,17.1,66.0,0,0.6,123.4,220.88,1.79,126.08,GNV,-2.68,-2.12,-1.08,Normal,Comportamiento Normal
VE-33,CAZ895,SINOTRUK,ZZ3315V3266E1,38.75,2,2026-05-09 00:00:00,2026-05-11 00:00:00,2.0,3,66.5,829.32,CARLOS SAUÑE,JICAMARCA -> HUAROCHIRI,152.17,1,22.94,83.0,17,0.57,118.2,211.57,1.79,135.46,GNV,-17.26,-12.74,-1.82,Normal,Comportamiento Normal
VE-33,CAZ895,SINOTRUK,ZZ3315V3266E1,38.75,2,2026-05-11 00:00:00,2026-05-12 00:00:00,1.0,4,99.57,1814.53,CARLOS SAUÑE,JICAMARCA -> HUAROCHIRI,144.02,1,19.66,73.0,2,0.34,164.53,294.5,1.79,135.98,GNV,28.55,21.0,0.49,Advertencia,Desviacion Operativa Menor / Eficiencia Conductiva
VE-33,CAZ895,SINOTRUK,ZZ3315V3266E1,38.75,2,2026-05-12 00:00:00,2026-05-14 00:00:00,2.0,7,242.14,5334.21,CARLOS SAUÑE,JICAMARCA -> HUAROCHIRI,309.58,1,20.0,79.0,18,0.46,111.99,200.3,1.79,150.34,GNV,-38.35,-25.51,-2.88,Normal,Comportamiento Normal
VE-33,CAZ895,SINOTRUK,ZZ3315V3266E1,38.75,2,2026-05-14 00:00:00,2026-05-15 00:00:00,1.0,3,104.21,1299.6,CARLOS SAUÑE,JICAMARCA -> HUAROCHIRI,217.15,1,25.81,79.0,16,0.4,171.16,306.37,1.79,140.91,GNV,30.25,21.46,0.57,Advertencia,Exceso de Ralenti (Motor encendido sin movimiento)
VE-33,CAZ895,SINOTRUK,ZZ3315V3266E1,38.75,2,2026-05-15 00:00:00,2026-05-18 00:00:00,3.0,4,100.19,3833.49,CARLOS SAUÑE,JICAMARCA -> CONCHAN,292.14,1,21.39,72.0,3,0.46,143.76,257.33,1.79,148.03,GNV,-4.27,-2.88,-1.16,Normal,Comportamiento Normal
VE-33,CAZ895,SINOTRUK,ZZ3315V3266E1,38.75,2,2026-05-18 00:00:00,2026-05-19 00:00:00,1.0,4,65.88,821.59,CARLOS SAUÑE,JICAMARCA -> HUAROCHIRI,153.04,1,25.7,80.0,21,0.5,165.64,296.49,1.79,135.46,GNV,30.18,22.28,0.57,Advertencia,Exceso de Ralenti (Motor encendido sin movimiento)
VE-33,CAZ895,SINOTRUK,ZZ3315V3266E1,38.75,2,2026-05-19 00:00:00,2026-05-21 00:00:00,2.0,6,158.48,3353.53,CARLOS SAUÑE,JICAMARCA -> HUAROCHIRI,340.48,1,21.06,78.0,20,0.38,104.04,186.23,1.79,150.34,GNV,-46.3,-30.8,-3.27,Normal,Comportamiento Normal
VE-33,CAZ895,SINOTRUK,ZZ3315V3266E1,38.75,2,2026-05-21 00:00:00,2026-05-23 00:00:00,2.0,6,133.88,2560.98,CARLOS SAUÑE,JICAMARCA -> HUAROCHIRI,325.66,1,23.05,84.0,37,0.41,170.2,304.65,1.79,150.34,GNV,19.86,13.21,0.05,Normal,Comportamiento Normal
VE-33,CAZ895,SINOTRUK,ZZ3315V3266E1,38.75,2,2026-05-23 00:00:00,2026-05-24 00:00:00,1.0,0,0.0,0.0,DESCONOCIDO,DESCONOCIDA,150.88,1,21.92,79.0,12,0.36,133.5,238.96,1.79,134.53,GNV,-1.03,-0.76,-1.0,Normal,Comportamiento Normal
VE-33,CAZ895,SINOTRUK,ZZ3315V3266E1,38.75,2,2026-05-24 00:00:00,2026-05-25 00:00:00,1.0,3,74.82,2741.92,CARLOS SAUÑE,JICAMARCA -> VILLA,16.48,1,26.52,52.0,0,0.61,122.08,218.52,1.79,120.9,GNV,1.18,0.97,-0.89,Normal,Comportamiento Normal
VE-33,CAZ895,SINOTRUK,ZZ3315V3266E1,38.75,2,2026-05-25 00:00:00,2026-05-26 00:00:00,1.0,5,98.32,1226.14,CARLOS SAUÑE,JICAMARCA -> HUAROCHIRI,154.88,1,26.36,76.0,15,0.46,138.79,248.43,1.79,135.98,GNV,2.81,2.07,-0.81,Normal,Comportamiento Normal
VE-33,CAZ895,SINOTRUK,ZZ3315V3266E1,38.75,2,2026-05-26 00:00:00,2026-05-27 00:00:00,1.0,3,99.2,2232.34,CARLOS SAUÑE,JICAMARCA -> SAN JUAN,174.36,1,18.4,76.0,7,0.35,165.26,295.81,1.79,135.98,GNV,29.28,21.53,0.52,Advertencia,Desviacion Operativa Menor / Eficiencia Conductiva
VE-33,CAZ895,SINOTRUK,ZZ3315V3266E1,38.75,2,2026-05-27 00:00:00,2026-05-29 00:00:00,2.0,6,134.19,2647.24,CARLOS SAUÑE,JICAMARCA -> HUAROCHIRI,386.38,1,25.35,78.0,36,0.42,181.86,325.52,1.79,150.34,GNV,31.52,20.96,0.64,Advertencia,Exceso de Ralenti (Motor encendido sin movimiento)
VE-33,CAZ895,SINOTRUK,ZZ3315V3266E1,38.75,2,2026-05-29 00:00:00,2026-05-30 00:00:00,1.0,2,64.24,1797.1,CARLOS SAUÑE,JICAMARCA -> ANCIETA,117.42,1,18.57,73.0,3,0.49,148.48,265.77,1.79,126.08,GNV,22.4,17.77,0.18,Advertencia,Falla Mecanica / Requiere Mantenimiento Preventivo
VE-33,CAZ895,SINOTRUK,ZZ3315V3266E1,38.75,2,2026-05-30 00:00:00,2026-06-01 00:00:00,2.0,3,66.01,823.21,CARLOS SAUÑE,JICAMARCA -> CONCHAN,131.42,1,26.08,79.0,29,0.56,90.37,161.58,1.79,135.46,GNV,-45.09,-33.29,-3.21,Normal,Comportamiento Normal
VE-33,CAZ895,SINOTRUK,ZZ3315V3266E1,38.75,2,2026-06-01 00:00:00,2026-06-02 00:00:00,1.0,3,101.07,2897.77,CARLOS SAUÑE,JICAMARCA -> ANCIETA,174.87,1,25.54,84.0,18,0.32,144.65,258.92,1.79,146.09,GNV,-1.44,-0.99,-1.02,Normal,Comportamiento Normal
VE-33,CAZ895,SINOTRUK,ZZ3315V3266E1,38.75,2,2026-06-02 00:00:00,2026-06-03 00:00:00,1.0,2,33.66,419.77,CARLOS SAUÑE,JICAMARCA -> HUAROCHIRI,194.21,1,28.81,81.0,31,0.43,114.12,204.27,1.79,140.91,GNV,-26.79,-19.01,-2.29,Normal,Comportamiento Normal
VE-33,CAZ895,SINOTRUK,ZZ3315V3266E1,38.75,2,2026-06-03 00:00:00,2026-06-04 00:00:00,1.0,3,64.28,801.63,CARLOS SAUÑE,JICAMARCA -> HUAROCHIRI,268.65,1,29.66,81.0,53,0.29,127.06,227.43,1.79,148.03,GNV,-20.97,-14.17,-2.0,Normal,Comportamiento Normal
VE-33,CAZ895,SINOTRUK,ZZ3315V3266E1,38.75,2,2026-06-04 00:00:00,2026-06-05 00:00:00,1.0,4,65.74,1278.11,CARLOS SAUÑE,VILLA -> JICAMARCA,134.4,1,18.61,73.0,2,0.39,184.07,329.48,1.79,135.46,GNV,48.61,35.88,1.49,Critico,Sospecha de Fuga o Extraccion Injustificada de Combustible
VE-33,CAZ895,SINOTRUK,ZZ3315V3266E1,38.75,2,2026-06-05 00:00:00,2026-06-07 00:00:00,2.0,3,33.6,653.25,CARLOS SAUÑE,JICAMARCA -> ANCIETA,277.72,1,21.78,77.0,13,0.49,128.85,230.64,1.79,148.03,GNV,-19.18,-12.96,-1.91,Normal,Comportamiento Normal
VE-33,CAZ895,SINOTRUK,ZZ3315V3266E1,38.75,2,2026-06-07 00:00:00,2026-06-08 00:00:00,1.0,3,0.0,0.0,CARLOS SAUÑE,JICAMARCA -> HUAROCHIRI,19.7,1,16.9,56.0,0,0.47,133.19,238.41,1.79,117.68,GNV,15.51,13.18,-0.17,Normal,Comportamiento Normal
VE-33,CAZ895,SINOTRUK,ZZ3315V3266E1,38.75,2,2026-06-08 00:00:00,2026-06-09 00:00:00,1.0,3,0.0,0.0,Carlos Alberto Sauñe Flores,JICAMARCA -> SAN JUAN,144.82,1,22.67,80.0,20,0.43,105.61,189.04,1.79,135.46,GNV,-29.85,-22.04,-2.45,Normal,Comportamiento Normal
VE-33,CAZ895,SINOTRUK,ZZ3315V3266E1,38.75,2,2026-06-09 00:00:00,2026-06-11 00:00:00,2.0,7,0.0,0.0,Carlos Alberto Sauñe Flores,JICAMARCA -> SAN JUAN,301.04,1,23.62,77.0,33,0.55,166.15,297.4,1.79,150.34,GNV,15.81,10.51,-0.15,Normal,Comportamiento Normal
VE-33,CAZ895,SINOTRUK,ZZ3315V3266E1,38.75,2,2026-06-11 00:00:00,2026-06-12 00:00:00,1.0,4,0.0,0.0,Carlos Alberto Sauñe Flores,VILLA -> JICAMARCA,129.83,1,25.31,78.0,16,0.58,108.1,193.49,1.79,126.08,GNV,-17.98,-14.26,-1.85,Normal,Comportamiento Normal
VE-33,CAZ895,SINOTRUK,ZZ3315V3266E1,38.75,2,2026-06-12 00:00:00,2026-06-13 00:00:00,1.0,1,0.0,0.0,Carlos Alberto Sauñe Flores,JICAMARCA -> COLLIQUE,151.78,1,22.26,73.0,5,0.51,127.28,227.83,1.79,134.53,GNV,-7.25,-5.39,-1.31,Normal,Comportamiento Normal
VE-33,CAZ895,SINOTRUK,ZZ3315V3266E1,38.75,2,2026-06-13 00:00:00,2026-06-16 00:00:00,3.0,6,0.0,0.0,Carlos Alberto Sauñe Flores,JICAMARCA -> HUAROCHIRI,237.63,1,23.76,79.0,32,0.44,122.04,218.45,1.79,150.34,GNV,-28.3,-18.83,-2.37,Normal,Comportamiento Normal
VE-33,CAZ895,SINOTRUK,ZZ3315V3266E1,38.75,2,2026-06-16 00:00:00,2026-06-17 00:00:00,1.0,3,0.0,0.0,Carlos Alberto Sauñe Flores,JICAMARCA -> CONCHAN,134.79,1,19.52,77.0,10,0.46,175.37,313.91,1.79,135.46,GNV,39.91,29.46,1.06,Advertencia,Exceso de Ralenti (Motor encendido sin movimiento)
VE-33,CAZ895,SINOTRUK,ZZ3315V3266E1,38.75,2,2026-06-17 00:00:00,2026-06-18 00:00:00,1.0,0,0.0,0.0,DESCONOCIDO,DESCONOCIDA,244.93,1,28.2,79.0,28,0.33,174.25,311.9,1.79,148.35,GNV,25.9,17.46,0.35,Advertencia,Estilo de Conduccion Agresivo (Excesos de Velocidad)
VE-33,CAZ895,SINOTRUK,ZZ3315V3266E1,38.75,2,2026-06-18 00:00:00,2026-06-19 00:00:00,1.0,4,0.0,0.0,Carlos Alberto Sauñe Flores,JICAMARCA -> ANCIETA,242.55,1,27.19,82.0,43,0.37,179.59,321.46,1.79,148.03,GNV,31.56,21.32,0.64,Advertencia,Falla Mecanica / Requiere Mantenimiento Preventivo
VE-33,CAZ895,SINOTRUK,ZZ3315V3266E1,38.75,2,2026-06-19 00:00:00,2026-06-23 00:00:00,4.0,5,0.0,0.0,Carlos Alberto Sauñe Flores,JICAMARCA -> HUAROCHIRI,262.28,1,25.36,100.0,15,0.49,66.21,118.51,1.79,150.34,GNV,-84.13,-55.96,-5.18,Normal,Comportamiento Normal
VE-33,CAZ895,SINOTRUK,ZZ3315V3266E1,38.75,2,2026-06-23 00:00:00,2026-06-24 00:00:00,1.0,4,0.0,0.0,Carlos Alberto Sauñe Flores,JICAMARCA -> VILLA,197.07,1,22.3,76.0,13,0.35,117.26,209.89,1.79,140.91,GNV,-23.65,-16.79,-2.14,Normal,Comportamiento Normal
VE-33,CAZ895,SINOTRUK,ZZ3315V3266E1,38.75,2,2026-06-24 00:00:00,2026-06-25 00:00:00,1.0,3,0.0,0.0,Carlos Alberto Sauñe Flores,JICAMARCA -> VILLA,192.08,1,26.15,80.0,49,0.41,154.87,277.21,1.79,140.91,GNV,13.96,9.9,-0.25,Normal,Comportamiento Normal
VE-33,CAZ895,SINOTRUK,ZZ3315V3266E1,38.75,2,2026-06-25 00:00:00,2026-06-26 00:00:00,1.0,3,0.0,0.0,Carlos Alberto Sauñe Flores,HUAROCHIRI -> JICAMARCA,234.19,1,30.09,83.0,58,0.42,127.89,228.92,1.79,140.91,GNV,-13.02,-9.24,-1.6,Normal,Comportamiento Normal
VE-33,CAZ895,SINOTRUK,ZZ3315V3266E1,38.75,2,2026-06-26 00:00:00,2026-06-29 00:00:00,3.0,2,0.0,0.0,Carlos Alberto Sauñe Flores,JICAMARCA -> HUAROCHIRI,259.26,1,20.39,78.0,27,0.37,140.04,250.67,1.79,148.03,GNV,-7.99,-5.4,-1.35,Normal,Comportamiento Normal
VE-33,CAZ895,SINOTRUK,ZZ3315V3266E1,38.75,2,2026-06-29 00:00:00,2026-07-01 00:00:00,2.0,0,0.0,0.0,DESCONOCIDO,DESCONOCIDA,130.43,1,17.92,71.0,1,0.42,139.73,250.11,1.79,134.53,GNV,5.2,3.87,-0.69,Normal,Comportamiento Normal
VE-33,CAZ895,SINOTRUK,ZZ3315V3266E1,38.75,2,2026-07-01 00:00:00,2026-07-02 00:00:00,1.0,0,0.0,0.0,DESCONOCIDO,DESCONOCIDA,208.83,1,23.51,76.0,6,0.4,171.84,307.59,1.79,140.66,GNV,31.18,22.17,0.62,Advertencia,Exceso de Ralenti (Motor encendido sin movimiento)
VE-34,CBA709,SINOTRUK,ZZ3315V3266E1,38.75,2,2025-12-30 00:00:00,2026-01-02 00:00:00,3.0,3,96.41,1885.48,DESCONOCIDO,JICAMARCA -> ANCIETA,57.46,0,0.0,0.0,0,0.0,150.98,261.19,1.73,134.17,GNV,16.81,12.53,-0.1,Normal,Comportamiento Normal
VE-34,CBA709,SINOTRUK,ZZ3315V3266E1,38.75,2,2026-01-02 00:00:00,2026-01-03 00:00:00,1.0,2,68.35,1328.85,DESCONOCIDO,JICAMARCA -> ANCIETA,38.88,0,0.0,0.0,0,0.0,72.56,125.52,1.73,128.91,GNV,-56.35,-43.71,-3.78,Normal,Comportamiento Normal
VE-34,CBA709,SINOTRUK,ZZ3315V3266E1,38.75,2,2026-01-03 00:00:00,2026-01-05 00:00:00,2.0,2,67.11,646.64,DESCONOCIDO,JICAMARCA -> ANCIETA,19.44,0,0.0,0.0,0,0.0,99.03,171.32,1.73,128.91,GNV,-29.88,-23.18,-2.45,Normal,Comportamiento Normal
VE-34,CBA709,SINOTRUK,ZZ3315V3266E1,38.75,2,2026-01-06 00:00:00,2026-01-07 00:00:00,1.0,2,67.51,1312.52,DESCONOCIDO,JICAMARCA -> ANCIETA,38.88,0,0.0,0.0,0,0.0,86.75,150.07,1.73,128.91,GNV,-42.16,-32.71,-3.07,Normal,Comportamiento Normal
VE-34,CBA709,SINOTRUK,ZZ3315V3266E1,38.75,2,2026-01-07 00:00:00,2026-01-08 00:00:00,1.0,2,69.8,1686.05,DESCONOCIDO,JICAMARCA -> SAN JUAN,48.83,0,0.0,0.0,0,0.0,102.74,177.74,1.73,126.84,GNV,-24.1,-19.0,-2.16,Normal,Comportamiento Normal
VE-34,CBA709,SINOTRUK,ZZ3315V3266E1,38.75,2,2026-01-09 00:00:00,2026-01-12 00:00:00,3.0,2,63.99,2540.54,DESCONOCIDO,JICAMARCA -> CONCHAN,79.49,0,0.0,0.0,0,0.0,118.58,205.14,1.53,130.28,GNV,-11.7,-8.98,-1.54,Normal,Comportamiento Normal
VE-34,CBA709,SINOTRUK,ZZ3315V3266E1,38.75,2,2026-01-12 00:00:00,2026-01-13 00:00:00,1.0,3,96.23,3073.13,DESCONOCIDO,JICAMARCA -> VILLA 1,95.48,0,0.0,0.0,0,0.0,159.79,276.43,1.73,148.68,GNV,11.11,7.47,-0.39,Normal,Comportamiento Normal
VE-34,CBA709,SINOTRUK,ZZ3315V3266E1,38.75,2,2026-01-14 00:00:00,2026-01-15 00:00:00,1.0,2,69.43,1216.66,DESCONOCIDO,JICAMARCA -> VILLA 1,38.02,0,0.0,0.0,0,0.0,156.11,270.07,1.73,128.91,GNV,27.2,21.1,0.42,Advertencia,Desviacion Operativa Menor / Eficiencia Conductiva
VE-34,CBA709,SINOTRUK,ZZ3315V3266E1,38.75,2,2026-01-20 00:00:00,2026-01-21 00:00:00,1.0,2,66.91,1361.43,DESCONOCIDO,JICAMARCA -> SAN ANTONIO,41.47,0,0.0,0.0,0,0.0,135.78,234.89,1.73,128.91,GNV,6.87,5.33,-0.6,Normal,Comportamiento Normal
VE-34,CBA709,SINOTRUK,ZZ3315V3266E1,38.75,2,2026-01-24 00:00:00,2026-01-26 00:00:00,2.0,2,68.65,607.75,DESCONOCIDO,JICAMARCA -> ANCIETA,19.44,0,0.0,0.0,0,0.0,93.81,162.29,1.73,128.91,GNV,-35.1,-27.23,-2.71,Normal,Comportamiento Normal
VE-34,CBA709,SINOTRUK,ZZ3315V3266E1,38.75,2,2026-01-31 00:00:00,2026-02-02 00:00:00,2.0,2,69.35,993.89,DESCONOCIDO,JICAMARCA -> SAN JUAN,29.39,0,0.0,0.0,0,0.0,112.78,195.1,1.73,128.91,GNV,-16.13,-12.51,-1.76,Normal,Comportamiento Normal
VE-34,CBA709,SINOTRUK,ZZ3315V3266E1,38.75,2,2026-02-06 00:00:00,2026-02-07 00:00:00,1.0,2,68.41,938.93,DESCONOCIDO,JICAMARCA -> SAN JUAN,29.39,0,0.0,0.0,0,0.0,104.63,181.0,1.73,128.91,GNV,-24.28,-18.84,-2.17,Normal,Comportamiento Normal
VE-34,CBA709,SINOTRUK,ZZ3315V3266E1,38.75,2,2026-02-07 00:00:00,2026-02-09 00:00:00,2.0,2,68.68,958.03,DESCONOCIDO,JICAMARCA -> SAN JUAN,29.39,0,0.0,0.0,0,0.0,98.64,170.64,1.73,128.91,GNV,-30.27,-23.48,-2.47,Normal,Comportamiento Normal
VE-34,CBA709,SINOTRUK,ZZ3315V3266E1,38.75,2,2026-02-11 00:00:00,2026-02-12 00:00:00,1.0,2,65.0,934.23,DESCONOCIDO,JICAMARCA -> SAN JUAN,29.39,0,0.0,0.0,0,0.0,105.88,183.17,1.73,128.91,GNV,-23.03,-17.87,-2.11,Normal,Comportamiento Normal
VE-34,CBA709,SINOTRUK,ZZ3315V3266E1,38.75,2,2026-02-13 00:00:00,2026-02-14 00:00:00,1.0,3,105.0,1675.23,DESCONOCIDO,JICAMARCA -> SAN JUAN,48.83,0,0.0,0.0,0,0.0,82.39,142.53,1.73,130.73,GNV,-48.34,-36.98,-3.38,Normal,Comportamiento Normal
VE-34,CBA709,SINOTRUK,ZZ3315V3266E1,38.75,2,2026-02-14 00:00:00,2026-02-16 00:00:00,2.0,2,64.1,923.65,DESCONOCIDO,JICAMARCA -> SAN JUAN,29.39,0,0.0,0.0,0,0.0,119.37,206.51,1.73,128.91,GNV,-9.54,-7.4,-1.43,Normal,Comportamiento Normal
VE-34,CBA709,SINOTRUK,ZZ3315V3266E1,38.75,2,2026-02-18 00:00:00,2026-02-19 00:00:00,1.0,2,68.75,1210.2,DESCONOCIDO,JICAMARCA -> VILLA 1,38.02,0,0.0,0.0,0,0.0,146.96,254.24,1.73,128.91,GNV,18.05,14.0,-0.04,Normal,Comportamiento Normal
VE-34,CBA709,SINOTRUK,ZZ3315V3266E1,38.75,2,2026-02-20 00:00:00,2026-02-21 00:00:00,1.0,2,69.3,1706.86,DESCONOCIDO,JICAMARCA -> SAN JUAN,48.83,0,0.0,0.0,0,0.0,79.48,137.5,1.73,126.84,GNV,-47.36,-37.34,-3.33,Normal,Comportamiento Normal
VE-34,CBA709,SINOTRUK,ZZ3315V3266E1,38.75,2,2026-02-24 00:00:00,2026-02-25 00:00:00,1.0,2,67.38,2385.59,DESCONOCIDO,JICAMARCA -> SAN JUAN,70.86,0,0.0,0.0,0,0.0,111.62,193.11,1.73,130.28,GNV,-18.66,-14.32,-1.89,Normal,Comportamiento Normal
VE-34,CBA709,SINOTRUK,ZZ3315V3266E1,38.75,2,2026-02-25 00:00:00,2026-02-26 00:00:00,1.0,2,70.83,1366.82,DESCONOCIDO,JICAMARCA -> SAN ANTONIO,41.47,0,0.0,0.0,0,0.0,124.61,215.57,1.73,128.91,GNV,-4.3,-3.34,-1.16,Normal,Comportamiento Normal
VE-34,CBA709,SINOTRUK,ZZ3315V3266E1,38.75,2,2026-02-27 00:00:00,2026-02-28 00:00:00,1.0,2,72.04,1322.36,DESCONOCIDO,JICAMARCA -> SAN ANTONIO,38.02,0,0.0,0.0,0,0.0,113.93,197.09,1.73,128.91,GNV,-14.98,-11.62,-1.7,Normal,Comportamiento Normal
VE-34,CBA709,SINOTRUK,ZZ3315V3266E1,38.75,2,2026-02-28 00:00:00,2026-03-10 00:00:00,10.0,3,102.99,2064.36,DESCONOCIDO,JICAMARCA -> ANCIETA,138.72,1,29.73,77.0,21,0.45,62.37,124.11,1.99,137.12,GNV,-74.75,-54.52,-4.7,Normal,Comportamiento Normal
VE-34,CBA709,SINOTRUK,ZZ3315V3266E1,38.75,2,2026-03-10 00:00:00,2026-03-11 00:00:00,1.0,2,67.06,0.0,DESCONOCIDO,JICAMARCA -> SAN ANTONIO,109.32,1,27.44,77.0,23,0.47,143.0,284.57,1.99,130.28,GNV,12.72,9.76,-0.31,Normal,Comportamiento Normal
VE-34,CBA709,SINOTRUK,ZZ3315V3266E1,38.75,2,2026-03-11 00:00:00,2026-03-12 00:00:00,1.0,2,64.13,924.83,DESCONOCIDO,JICAMARCA -> SAN JUAN,135.97,1,19.31,66.0,0,0.38,137.72,274.06,1.99,134.53,GNV,3.19,2.37,-0.79,Normal,Comportamiento Normal
VE-34,CBA709,SINOTRUK,ZZ3315V3266E1,38.75,2,2026-03-12 00:00:00,2026-03-13 00:00:00,1.0,2,67.71,627.78,DESCONOCIDO,JICAMARCA -> ANCIETA,146.78,1,22.85,76.0,8,0.44,125.67,224.94,1.79,134.53,GNV,-8.86,-6.59,-1.39,Normal,Comportamiento Normal
VE-34,CBA709,SINOTRUK,ZZ3315V3266E1,38.75,2,2026-03-13 00:00:00,2026-03-14 00:00:00,1.0,2,75.33,0.0,DESCONOCIDO,JICAMARCA -> EMBOLSADOS INS. Y SUM.,151.31,1,26.0,76.0,14,0.47,128.23,229.53,1.79,134.53,GNV,-6.3,-4.69,-1.26,Normal,Comportamiento Normal
VE-34,CBA709,SINOTRUK,ZZ3315V3266E1,38.75,2,2026-03-14 00:00:00,2026-03-16 00:00:00,2.0,2,67.43,0.0,DESCONOCIDO,JICAMARCA -> SAN ANTONIO,142.45,1,25.72,78.0,34,0.37,139.5,249.7,1.79,134.53,GNV,4.97,3.69,-0.7,Normal,Comportamiento Normal
VE-34,CBA709,SINOTRUK,ZZ3315V3266E1,38.75,2,2026-03-16 00:00:00,2026-03-17 00:00:00,1.0,2,82.45,0.0,DESCONOCIDO,JICAMARCA -> SAN ANTONIO,121.27,1,19.42,54.0,0,0.44,141.5,253.28,1.79,132.1,GNV,9.4,7.12,-0.48,Normal,Comportamiento Normal
VE-34,CBA709,SINOTRUK,ZZ3315V3266E1,38.75,2,2026-03-17 00:00:00,2026-03-18 00:00:00,1.0,3,103.26,991.95,DESCONOCIDO,JICAMARCA -> MATERIALES,132.81,1,19.95,50.0,0,0.4,114.5,204.95,1.79,137.12,GNV,-22.62,-16.5,-2.08,Normal,Comportamiento Normal
VE-34,CBA709,SINOTRUK,ZZ3315V3266E1,38.75,2,2026-03-18 00:00:00,2026-03-19 00:00:00,1.0,2,65.72,0.0,DESCONOCIDO,JICAMARCA -> SAN ANTONIO,156.18,1,28.13,77.0,30,0.46,125.43,224.51,1.79,134.53,GNV,-9.1,-6.77,-1.41,Normal,Comportamiento Normal
VE-34,CBA709,SINOTRUK,ZZ3315V3266E1,38.75,2,2026-03-19 00:00:00,2026-03-20 00:00:00,1.0,2,67.31,0.0,DESCONOCIDO,JICAMARCA -> EMBOLSADOS INS. Y SUM.,120.54,1,19.43,52.0,0,0.47,147.63,264.25,1.79,130.28,GNV,17.35,13.32,-0.08,Normal,Comportamiento Normal
VE-34,CBA709,SINOTRUK,ZZ3315V3266E1,38.75,2,2026-03-20 00:00:00,2026-03-21 00:00:00,1.0,2,66.63,1629.59,DESCONOCIDO,JICAMARCA -> SAN JUAN,158.08,1,22.68,76.0,7,0.38,90.7,162.35,1.79,134.53,GNV,-43.83,-32.58,-3.15,Normal,Comportamiento Normal
VE-34,CBA709,SINOTRUK,ZZ3315V3266E1,38.75,2,2026-03-21 00:00:00,2026-03-23 00:00:00,2.0,2,69.29,1417.42,DESCONOCIDO,JICAMARCA -> SAN ANTONIO,109.39,1,24.43,77.0,21,0.38,121.75,217.93,1.79,130.28,GNV,-8.53,-6.55,-1.38,Normal,Comportamiento Normal
VE-34,CBA709,SINOTRUK,ZZ3315V3266E1,38.75,2,2026-03-23 00:00:00,2026-03-24 00:00:00,1.0,2,65.99,0.0,DESCONOCIDO,JICAMARCA -> SAN ANTONIO,154.61,1,26.73,77.0,31,0.3,134.67,241.05,1.79,134.53,GNV,0.14,0.1,-0.94,Normal,Comportamiento Normal
VE-34,CBA709,SINOTRUK,ZZ3315V3266E1,38.75,2,2026-03-24 00:00:00,2026-03-25 00:00:00,1.0,2,65.75,2201.33,DESCONOCIDO,JICAMARCA -> SAN JUAN,124.05,1,19.13,59.0,0,0.29,145.46,260.37,1.79,130.28,GNV,15.18,11.65,-0.19,Normal,Comportamiento Normal
VE-34,CBA709,SINOTRUK,ZZ3315V3266E1,38.75,2,2026-03-25 00:00:00,2026-03-26 00:00:00,1.0,2,71.04,0.0,DESCONOCIDO,JICAMARCA -> EMBOLSADOS INS. Y SUM.,168.45,1,25.93,76.0,8,0.44,161.32,288.76,1.79,134.53,GNV,26.79,19.91,0.4,Advertencia,Exceso de Ralenti (Motor encendido sin movimiento)
VE-34,CBA709,SINOTRUK,ZZ3315V3266E1,38.75,2,2026-03-26 00:00:00,2026-03-27 00:00:00,1.0,2,68.19,0.0,DESCONOCIDO,JICAMARCA -> SAN ANTONIO,162.85,1,23.06,75.0,13,0.37,143.63,257.09,1.79,134.53,GNV,9.1,6.76,-0.49,Normal,Comportamiento Normal
VE-34,CBA709,SINOTRUK,ZZ3315V3266E1,38.75,2,2026-03-27 00:00:00,2026-03-28 00:00:00,1.0,1,35.39,0.0,DESCONOCIDO,JICAMARCA -> SAN ANTONIO,152.94,1,18.0,54.0,0,0.31,64.25,115.0,1.79,130.11,GNV,-65.86,-50.62,-4.26,Normal,Comportamiento Normal
VE-34,CBA709,SINOTRUK,ZZ3315V3266E1,38.75,2,2026-03-28 00:00:00,2026-03-30 00:00:00,2.0,2,63.75,0.0,DESCONOCIDO,JICAMARCA -> SAN ANTONIO,82.31,1,18.53,50.0,0,0.3,142.97,255.91,1.79,130.28,GNV,12.69,9.74,-0.31,Normal,Comportamiento Normal
VE-34,CBA709,SINOTRUK,ZZ3315V3266E1,38.75,2,2026-03-30 00:00:00,2026-03-31 00:00:00,1.0,2,67.38,0.0,DESCONOCIDO,JICAMARCA -> EMBOLSADOS INS. Y SUM.,120.47,1,19.83,65.0,0,0.44,129.06,231.01,1.79,130.28,GNV,-1.22,-0.94,-1.01,Normal,Comportamiento Normal
VE-34,CBA709,SINOTRUK,ZZ3315V3266E1,38.75,2,2026-03-31 00:00:00,2026-04-01 00:00:00,1.0,2,71.76,712.93,DESCONOCIDO,JICAMARCA -> EMBOLSADOS INS. Y SUM.,141.08,1,23.49,76.0,6,0.38,125.66,224.93,1.79,134.53,GNV,-8.87,-6.6,-1.39,Normal,Comportamiento Normal
VE-34,CBA709,SINOTRUK,ZZ3315V3266E1,38.75,2,2026-04-01 00:00:00,2026-04-04 00:00:00,3.0,2,67.5,962.44,DESCONOCIDO,JICAMARCA -> VILLA 1 UNICON,146.09,1,21.65,76.0,6,0.4,43.25,77.41,1.79,134.53,GNV,-91.28,-67.85,-5.54,Normal,Comportamiento Normal
VE-34,CBA709,SINOTRUK,ZZ3315V3266E1,38.75,2,2026-04-04 00:00:00,2026-04-06 00:00:00,2.0,2,68.02,0.0,DESCONOCIDO,JICAMARCA -> SAN ANTONIO,148.97,1,35.28,77.0,66,0.46,189.16,338.59,1.79,134.53,GNV,54.63,40.6,1.8,Critico,Exceso de Ralenti (Motor encendido sin movimiento)
VE-34,CBA709,SINOTRUK,ZZ3315V3266E1,38.75,2,2026-04-06 00:00:00,2026-04-07 00:00:00,1.0,2,74.48,0.0,DESCONOCIDO,JICAMARCA -> SAN ANTONIO,122.78,1,19.07,54.0,0,0.35,62.04,111.05,1.79,130.28,GNV,-68.24,-52.38,-4.38,Normal,Comportamiento Normal
VE-34,CBA709,SINOTRUK,ZZ3315V3266E1,38.75,2,2026-04-07 00:00:00,2026-04-08 00:00:00,1.0,2,72.37,0.0,DESCONOCIDO,JICAMARCA -> SAN ANTONIO,120.57,1,19.9,63.0,0,0.31,190.65,341.26,1.79,130.28,GNV,60.37,46.34,2.09,Critico,Sospecha de Fuga o Extraccion Injustificada de Combustible
VE-34,CBA709,SINOTRUK,ZZ3315V3266E1,38.75,2,2026-04-08 00:00:00,2026-04-09 00:00:00,1.0,2,72.78,0.0,DESCONOCIDO,JICAMARCA -> VILLA 1 UNICON,131.79,1,19.44,57.0,0,0.3,151.89,271.88,1.79,134.53,GNV,17.36,12.9,-0.08,Normal,Comportamiento Normal
VE-34,CBA709,SINOTRUK,ZZ3315V3266E1,38.75,2,2026-04-09 00:00:00,2026-04-10 00:00:00,1.0,1,34.95,0.0,DESCONOCIDO,JICAMARCA -> EMBOLSADOS INS. Y SUM.,159.07,1,23.8,76.0,8,0.35,161.64,289.33,1.79,130.11,GNV,31.53,24.23,0.64,Advertencia,Falla Mecanica / Requiere Mantenimiento Preventivo
VE-34,CBA709,SINOTRUK,ZZ3315V3266E1,38.75,2,2026-04-10 00:00:00,2026-04-18 00:00:00,8.0,2,67.72,0.0,DESCONOCIDO,JICAMARCA -> SAN ANTONIO,185.61,1,25.5,76.0,10,0.4,119.73,214.31,1.79,139.99,GNV,-20.26,-14.47,-1.97,Normal,Comportamiento Normal
VE-34,CBA709,SINOTRUK,ZZ3315V3266E1,38.75,2,2026-04-18 00:00:00,2026-04-20 00:00:00,2.0,2,69.49,0.0,DESCONOCIDO,JICAMARCA -> SAN ANTONIO,121.41,1,19.37,57.0,0,0.3,143.93,257.63,1.79,130.28,GNV,13.65,10.48,-0.26,Normal,Comportamiento Normal
VE-34,CBA709,SINOTRUK,ZZ3315V3266E1,38.75,2,2026-04-20 00:00:00,2026-04-21 00:00:00,1.0,2,67.03,0.0,DESCONOCIDO,JICAMARCA -> SAN ANTONIO,146.9,1,23.14,76.0,12,0.43,139.13,249.04,1.79,134.53,GNV,4.6,3.42,-0.72,Normal,Comportamiento Normal
VE-34,CBA709,SINOTRUK,ZZ3315V3266E1,38.75,2,2026-04-21 00:00:00,2026-04-22 00:00:00,1.0,2,72.74,0.0,DESCONOCIDO,JICAMARCA -> EMBOLSADOS INS. Y SUM.,124.29,1,18.15,53.0,0,0.34,149.87,268.26,1.79,130.28,GNV,19.59,15.04,0.04,Advertencia,Desviacion Operativa Menor / Eficiencia Conductiva
VE-34,CBA709,SINOTRUK,ZZ3315V3266E1,38.75,2,2026-04-22 00:00:00,2026-04-24 00:00:00,2.0,4,134.6,912.48,DESCONOCIDO,JICAMARCA -> SAN ANTONIO,308.07,1,21.77,77.0,12,0.33,120.73,216.1,1.79,149.17,GNV,-28.44,-19.07,-2.38,Normal,Comportamiento Normal
VE-34,CBA709,SINOTRUK,ZZ3315V3266E1,38.75,2,2026-04-24 00:00:00,2026-04-25 00:00:00,1.0,2,70.24,0.0,DESCONOCIDO,JICAMARCA -> SAN ANTONIO,124.65,1,21.8,76.0,11,0.43,115.78,207.24,1.79,130.28,GNV,-14.5,-11.13,-1.68,Normal,Comportamiento Normal
VE-34,CBA709,SINOTRUK,ZZ3315V3266E1,38.75,2,2026-04-25 00:00:00,2026-04-27 00:00:00,2.0,1,34.26,1420.73,DESCONOCIDO,JICAMARCA -> CONCHAN,119.41,1,18.84,55.0,0,0.31,75.42,135.0,1.79,123.6,GNV,-48.18,-38.98,-3.37,Normal,Comportamiento Normal
VE-34,CBA709,SINOTRUK,ZZ3315V3266E1,38.75,2,2026-04-27 00:00:00,2026-04-29 00:00:00,2.0,4,140.67,612.61,DESCONOCIDO,JICAMARCA -> SAN ANTONIO,232.58,1,26.17,77.0,40,0.54,71.86,128.62,1.79,142.06,GNV,-70.2,-49.41,-4.48,Normal,Comportamiento Normal
VE-34,CBA709,SINOTRUK,ZZ3315V3266E1,38.75,2,2026-04-29 00:00:00,2026-04-30 00:00:00,1.0,2,71.24,715.46,DESCONOCIDO,JICAMARCA -> ANCIETA,145.22,1,25.89,76.0,10,0.44,93.62,167.57,1.79,134.53,GNV,-40.91,-30.41,-3.0,Normal,Comportamiento Normal
VE-34,CBA709,SINOTRUK,ZZ3315V3266E1,38.75,2,2026-04-30 00:00:00,2026-05-04 00:00:00,4.0,2,70.65,709.43,DESCONOCIDO,JICAMARCA -> ANCIETA,107.7,1,20.52,74.0,5,0.37,90.34,161.7,1.79,130.28,GNV,-39.94,-30.66,-2.96,Normal,Comportamiento Normal
VE-34,CBA709,SINOTRUK,ZZ3315V3266E1,38.75,2,2026-05-04 00:00:00,2026-05-05 00:00:00,1.0,1,34.14,1415.76,DESCONOCIDO,JICAMARCA -> CONCHAN,106.55,1,21.21,77.0,6,0.5,91.81,164.33,1.79,123.6,GNV,-31.79,-25.72,-2.55,Normal,Comportamiento Normal
VE-34,CBA709,SINOTRUK,ZZ3315V3266E1,38.75,2,2026-05-05 00:00:00,2026-05-06 00:00:00,1.0,1,35.07,1454.32,DESCONOCIDO,JICAMARCA -> CONCHAN,127.99,1,32.45,76.0,15,0.6,85.33,152.74,1.79,123.6,GNV,-38.27,-30.96,-2.87,Normal,Comportamiento Normal
VE-34,CBA709,SINOTRUK,ZZ3315V3266E1,38.75,2,2026-05-06 00:00:00,2026-05-07 00:00:00,1.0,2,64.54,933.06,DESCONOCIDO,JICAMARCA -> SAN JUAN,113.77,1,26.67,76.0,6,0.58,121.4,217.3,1.79,130.28,GNV,-8.88,-6.82,-1.39,Normal,Comportamiento Normal
VE-34,CBA709,SINOTRUK,ZZ3315V3266E1,38.75,2,2026-05-07 00:00:00,2026-05-08 00:00:00,1.0,2,72.41,0.0,DESCONOCIDO,JICAMARCA -> SAN ANTONIO,127.85,1,22.16,76.0,14,0.49,65.23,116.76,1.79,130.28,GNV,-65.05,-49.93,-4.22,Normal,Comportamiento Normal
VE-34,CBA709,SINOTRUK,ZZ3315V3266E1,38.75,2,2026-05-08 00:00:00,2026-05-09 00:00:00,1.0,2,61.62,629.72,DESCONOCIDO,JICAMARCA -> ANCIETA,122.74,1,17.49,49.0,0,0.37,159.72,285.89,1.79,130.28,GNV,29.44,22.6,0.53,Advertencia,Desviacion Operativa Menor / Eficiencia Conductiva
VE-34,CBA709,SINOTRUK,ZZ3315V3266E1,38.75,2,2026-05-09 00:00:00,2026-05-11 00:00:00,2.0,2,66.53,0.0,DESCONOCIDO,JICAMARCA -> SAN ANTONIO,126.97,1,26.42,77.0,18,0.43,116.05,207.72,1.79,130.28,GNV,-14.23,-10.92,-1.66,Normal,Comportamiento Normal
VE-34,CBA709,SINOTRUK,ZZ3315V3266E1,38.75,2,2026-05-11 00:00:00,2026-05-12 00:00:00,1.0,2,74.98,0.0,DESCONOCIDO,JICAMARCA -> SAN ANTONIO,120.46,1,19.79,61.0,0,0.36,148.94,266.6,1.79,130.28,GNV,18.66,14.32,-0.01,Normal,Comportamiento Normal
VE-34,CBA709,SINOTRUK,ZZ3315V3266E1,38.75,2,2026-05-12 00:00:00,2026-05-13 00:00:00,1.0,2,68.46,0.0,DESCONOCIDO,JICAMARCA -> SAN ANTONIO,127.13,1,19.02,51.0,0,0.38,32.4,57.99,1.79,130.28,GNV,-97.88,-75.13,-5.87,Normal,Comportamiento Normal
VE-34,CBA709,SINOTRUK,ZZ3315V3266E1,38.75,2,2026-05-13 00:00:00,2026-05-14 00:00:00,1.0,2,65.88,938.05,DESCONOCIDO,JICAMARCA -> SAN JUAN,187.53,1,20.0,76.0,8,0.42,116.32,208.21,1.79,139.99,GNV,-23.67,-16.91,-2.14,Normal,Comportamiento Normal
VE-34,CBA709,SINOTRUK,ZZ3315V3266E1,38.75,2,2026-05-14 00:00:00,2026-05-15 00:00:00,1.0,2,68.38,0.0,DESCONOCIDO,JICAMARCA -> SAN ANTONIO,121.13,1,21.87,73.0,2,0.49,83.84,150.07,1.79,130.28,GNV,-46.44,-35.65,-3.28,Normal,Comportamiento Normal
VE-34,CBA709,SINOTRUK,ZZ3315V3266E1,38.75,2,2026-05-15 00:00:00,2026-05-16 00:00:00,1.0,2,70.74,1448.52,DESCONOCIDO,JICAMARCA -> LURIN 3 UNICON,120.06,1,18.6,46.0,0,0.37,170.19,304.64,1.79,130.28,GNV,39.91,30.63,1.06,Critico,Sospecha de Fuga o Extraccion Injustificada de Combustible
VE-34,CBA709,SINOTRUK,ZZ3315V3266E1,38.75,2,2026-05-16 00:00:00,2026-05-18 00:00:00,2.0,2,71.38,1042.08,DESCONOCIDO,JICAMARCA -> EMBOLSADOS INS. Y SUM.,220.91,1,36.02,77.0,113,0.39,101.19,181.13,1.79,139.99,GNV,-38.8,-27.71,-2.9,Normal,Comportamiento Normal
VE-34,CBA709,SINOTRUK,ZZ3315V3266E1,38.75,2,2026-05-18 00:00:00,2026-05-19 00:00:00,1.0,1,33.78,1400.83,DESCONOCIDO,JICAMARCA -> CONCHAN,146.67,1,32.59,78.0,54,0.58,102.65,183.74,1.79,130.11,GNV,-27.46,-21.11,-2.33,Normal,Comportamiento Normal
VE-34,CBA709,SINOTRUK,ZZ3315V3266E1,38.75,2,2026-05-19 00:00:00,2026-05-20 00:00:00,1.0,1,33.51,0.0,DESCONOCIDO,JICAMARCA -> SAN ANTONIO,117.45,1,25.44,76.0,6,0.61,66.96,119.85,1.79,123.6,GNV,-56.64,-45.83,-3.79,Normal,Comportamiento Normal
VE-34,CBA709,SINOTRUK,ZZ3315V3266E1,38.75,2,2026-05-20 00:00:00,2026-05-21 00:00:00,1.0,2,69.55,2471.59,DESCONOCIDO,JICAMARCA -> SAN JUAN,63.35,1,17.11,48.0,0,0.44,103.02,184.4,1.79,130.28,GNV,-27.26,-20.93,-2.32,Normal,Comportamiento Normal
VE-34,CBA709,SINOTRUK,ZZ3315V3266E1,38.75,2,2026-05-21 00:00:00,2026-05-23 00:00:00,2.0,4,138.18,0.0,DESCONOCIDO,JICAMARCA -> SAN ANTONIO,298.54,1,22.76,100.0,36,0.43,210.14,376.15,1.79,149.17,GNV,60.97,40.87,2.12,Critico,Exceso de Ralenti (Motor encendido sin movimiento)
VE-34,CBA709,SINOTRUK,ZZ3315V3266E1,38.75,2,2026-05-23 00:00:00,2026-05-25 00:00:00,2.0,2,66.56,1832.57,DESCONOCIDO,JICAMARCA -> SAN JUAN,152.6,1,23.28,76.0,11,0.33,115.73,207.15,1.79,134.53,GNV,-18.8,-13.98,-1.89,Normal,Comportamiento Normal
VE-34,CBA709,SINOTRUK,ZZ3315V3266E1,38.75,2,2026-05-25 00:00:00,2026-05-26 00:00:00,1.0,2,72.02,719.35,DESCONOCIDO,JICAMARCA -> SAN ANTONIO,146.75,1,27.77,77.0,32,0.55,109.76,196.47,1.79,134.53,GNV,-24.77,-18.41,-2.19,Normal,Comportamiento Normal
VE-34,CBA709,SINOTRUK,ZZ3315V3266E1,38.75,2,2026-05-26 00:00:00,2026-05-27 00:00:00,1.0,2,71.65,701.46,DESCONOCIDO,JICAMARCA -> CONCRETO PRETENSADO,121.21,1,20.81,76.0,12,0.44,120.32,215.37,1.79,130.28,GNV,-9.96,-7.65,-1.45,Normal,Comportamiento Normal
VE-34,CBA709,SINOTRUK,ZZ3315V3266E1,38.75,2,2026-05-27 00:00:00,2026-05-28 00:00:00,1.0,2,73.73,1049.33,DESCONOCIDO,JICAMARCA -> MATERIALES,144.92,1,25.12,76.0,23,0.51,94.56,169.26,1.79,134.53,GNV,-39.97,-29.71,-2.96,Normal,Comportamiento Normal
VE-34,CBA709,SINOTRUK,ZZ3315V3266E1,38.75,2,2026-05-28 00:00:00,2026-05-29 00:00:00,1.0,2,65.56,0.0,DESCONOCIDO,JICAMARCA -> SAN ANTONIO,115.78,1,22.98,76.0,6,0.53,111.05,198.77,1.79,130.28,GNV,-19.23,-14.76,-1.91,Normal,Comportamiento Normal
VE-34,CBA709,SINOTRUK,ZZ3315V3266E1,38.75,2,2026-05-29 00:00:00,2026-05-30 00:00:00,1.0,1,36.78,0.0,DESCONOCIDO,JICAMARCA -> SAN ANTONIO,121.03,1,20.15,77.0,4,0.43,39.66,70.99,1.79,123.6,GNV,-83.94,-67.91,-5.17,Normal,Comportamiento Normal
VE-34,CBA709,SINOTRUK,ZZ3315V3266E1,38.75,2,2026-05-30 00:00:00,2026-06-01 00:00:00,2.0,2,69.24,1305.45,DESCONOCIDO,JICAMARCA -> SAN ANTONIO,80.18,1,20.32,49.0,0,0.4,171.64,307.23,1.79,130.28,GNV,41.36,31.74,1.13,Critico,Exceso de Ralenti (Motor encendido sin movimiento)
VE-34,CBA709,SINOTRUK,ZZ3315V3266E1,38.75,2,2026-06-01 00:00:00,2026-06-02 00:00:00,1.0,2,72.39,733.74,DESCONOCIDO,JICAMARCA -> ANCIETA,161.88,1,27.66,77.0,39,0.4,55.99,100.22,1.79,134.53,GNV,-78.54,-58.38,-4.9,Normal,Comportamiento Normal
VE-34,CBA709,SINOTRUK,ZZ3315V3266E1,38.75,2,2026-06-02 00:00:00,2026-06-03 00:00:00,1.0,1,32.67,635.17,DESCONOCIDO,JICAMARCA -> ANCIETA,135.78,1,28.16,76.0,17,0.55,80.32,143.77,1.79,130.11,GNV,-49.79,-38.27,-3.45,Normal,Comportamiento Normal
VE-34,CBA709,SINOTRUK,ZZ3315V3266E1,38.75,2,2026-06-03 00:00:00,2026-06-05 00:00:00,2.0,4,130.83,1531.98,DESCONOCIDO,JICAMARCA -> SAN JUAN,264.86,1,26.17,78.0,48,0.46,207.01,370.54,1.79,149.17,GNV,57.84,38.77,1.96,Critico,Exceso de Ralenti (Motor encendido sin movimiento)
VE-34,CBA709,SINOTRUK,ZZ3315V3266E1,38.75,2,2026-06-05 00:00:00,2026-06-06 00:00:00,1.0,1,31.95,938.93,DESCONOCIDO,JICAMARCA -> SAN JUAN,140.13,1,26.99,77.0,49,0.49,87.21,156.1,1.79,130.11,GNV,-42.9,-32.97,-3.1,Normal,Comportamiento Normal
VE-34,CBA709,SINOTRUK,ZZ3315V3266E1,38.75,2,2026-06-06 00:00:00,2026-06-08 00:00:00,2.0,0,0.0,0.0,DESCONOCIDO,DESCONOCIDA,139.96,1,34.38,77.0,75,0.41,119.8,214.44,1.79,133.6,GNV,-13.8,-10.33,-1.64,Normal,Comportamiento Normal
VE-34,CBA709,SINOTRUK,ZZ3315V3266E1,38.75,2,2026-06-08 00:00:00,2026-06-10 00:00:00,2.0,0,0.0,0.0,DESCONOCIDO,DESCONOCIDA,286.0,1,26.0,79.0,54,0.48,119.48,213.86,1.79,147.42,GNV,-27.94,-18.96,-2.35,Normal,Comportamiento Normal
VE-34,CBA709,SINOTRUK,ZZ3315V3266E1,38.75,2,2026-06-10 00:00:00,2026-06-11 00:00:00,1.0,0,0.0,0.0,DESCONOCIDO,DESCONOCIDA,124.87,1,23.36,77.0,13,0.53,95.32,170.62,1.79,127.09,GNV,-31.77,-25.0,-2.54,Normal,Comportamiento Normal
VE-34,CBA709,SINOTRUK,ZZ3315V3266E1,38.75,2,2026-06-11 00:00:00,2026-06-12 00:00:00,1.0,0,0.0,0.0,DESCONOCIDO,DESCONOCIDA,113.11,1,27.13,78.0,39,0.59,84.98,152.11,1.79,127.09,GNV,-42.11,-33.13,-3.06,Normal,Comportamiento Normal
VE-34,CBA709,SINOTRUK,ZZ3315V3266E1,38.75,2,2026-06-12 00:00:00,2026-06-13 00:00:00,1.0,0,0.0,0.0,DESCONOCIDO,DESCONOCIDA,118.18,1,22.43,76.0,12,0.45,79.97,143.14,1.79,127.09,GNV,-47.12,-37.08,-3.32,Normal,Comportamiento Normal
VE-34,CBA709,SINOTRUK,ZZ3315V3266E1,38.75,2,2026-06-13 00:00:00,2026-06-15 00:00:00,2.0,0,0.0,0.0,DESCONOCIDO,DESCONOCIDA,87.36,1,23.34,76.0,5,0.46,86.05,154.02,1.79,127.09,GNV,-41.04,-32.29,-3.01,Normal,Comportamiento Normal
VE-34,CBA709,SINOTRUK,ZZ3315V3266E1,38.75,2,2026-06-15 00:00:00,2026-06-16 00:00:00,1.0,0,0.0,0.0,DESCONOCIDO,DESCONOCIDA,143.29,1,34.55,97.0,50,0.54,119.88,214.58,1.79,133.6,GNV,-13.72,-10.27,-1.64,Normal,Comportamiento Normal
VE-34,CBA709,SINOTRUK,ZZ3315V3266E1,38.75,2,2026-06-16 00:00:00,2026-06-17 00:00:00,1.0,0,0.0,0.0,DESCONOCIDO,DESCONOCIDA,118.69,1,19.51,52.0,0,0.45,114.21,204.43,1.79,127.09,GNV,-12.88,-10.13,-1.6,Normal,Comportamiento Normal
VE-34,CBA709,SINOTRUK,ZZ3315V3266E1,38.75,2,2026-06-17 00:00:00,2026-06-18 00:00:00,1.0,0,0.0,0.0,DESCONOCIDO,DESCONOCIDA,174.1,1,27.68,76.0,9,0.44,123.34,220.77,1.79,133.6,GNV,-10.26,-7.68,-1.46,Normal,Comportamiento Normal
VE-34,CBA709,SINOTRUK,ZZ3315V3266E1,38.75,2,2026-06-18 00:00:00,2026-06-20 00:00:00,2.0,0,0.0,0.0,DESCONOCIDO,DESCONOCIDA,258.1,1,28.03,77.0,29,0.35,129.42,231.66,1.79,147.42,GNV,-18.0,-12.21,-1.85,Normal,Comportamiento Normal
VE-34,CBA709,SINOTRUK,ZZ3315V3266E1,38.75,2,2026-06-20 00:00:00,2026-06-23 00:00:00,3.0,0,0.0,0.0,DESCONOCIDO,DESCONOCIDA,86.89,1,27.31,76.0,17,0.62,140.39,251.29,1.79,127.09,GNV,13.3,10.47,-0.28,Normal,Comportamiento Normal
VE-34,CBA709,SINOTRUK,ZZ3315V3266E1,38.75,2,2026-06-23 00:00:00,2026-06-24 00:00:00,1.0,0,0.0,0.0,DESCONOCIDO,DESCONOCIDA,121.49,1,18.49,51.0,0,0.36,113.59,203.32,1.79,127.09,GNV,-13.5,-10.62,-1.63,Normal,Comportamiento Normal
VE-34,CBA709,SINOTRUK,ZZ3315V3266E1,38.75,2,2026-06-24 00:00:00,2026-06-25 00:00:00,1.0,0,0.0,0.0,DESCONOCIDO,DESCONOCIDA,150.1,1,29.11,77.0,31,0.5,107.2,191.88,1.79,133.6,GNV,-26.4,-19.76,-2.27,Normal,Comportamiento Normal
VE-34,CBA709,SINOTRUK,ZZ3315V3266E1,38.75,2,2026-06-25 00:00:00,2026-06-26 00:00:00,1.0,0,0.0,0.0,DESCONOCIDO,DESCONOCIDA,146.37,1,28.62,76.0,24,0.46,100.63,180.12,1.79,133.6,GNV,-32.97,-24.68,-2.6,Normal,Comportamiento Normal
VE-34,CBA709,SINOTRUK,ZZ3315V3266E1,38.75,2,2026-06-26 00:00:00,2026-06-27 00:00:00,1.0,0,0.0,0.0,DESCONOCIDO,DESCONOCIDA,144.99,1,27.17,76.0,9,0.46,65.14,116.6,1.79,133.6,GNV,-68.46,-51.24,-4.39,Normal,Comportamiento Normal
VE-34,CBA709,SINOTRUK,ZZ3315V3266E1,38.75,2,2026-06-27 00:00:00,2026-06-30 00:00:00,3.0,0,0.0,0.0,DESCONOCIDO,DESCONOCIDA,63.21,1,18.87,64.0,0,0.54,108.6,194.39,1.79,127.09,GNV,-18.49,-14.55,-1.88,Normal,Comportamiento Normal
VE-34,CBA709,SINOTRUK,ZZ3315V3266E1,38.75,2,2026-06-30 00:00:00,2026-07-01 00:00:00,1.0,0,0.0,0.0,DESCONOCIDO,DESCONOCIDA,118.5,1,20.23,55.0,0,0.37,101.52,181.72,1.79,127.09,GNV,-25.57,-20.12,-2.23,Normal,Comportamiento Normal
VE-34,CBA709,SINOTRUK,ZZ3315V3266E1,38.75,2,2026-07-01 00:00:00,2026-07-02 00:00:00,1.0,0,0.0,0.0,DESCONOCIDO,DESCONOCIDA,138.6,1,26.44,78.0,42,0.36,131.77,235.86,1.79,133.6,GNV,-1.83,-1.37,-1.04,Normal,Comportamiento Normal
VE-35,CCL847,SINOTRUK,ZZ3315V3266E1,38.75,2,2026-01-03 00:00:00,2026-01-05 00:00:00,2.0,2,64.18,1235.29,DESCONOCIDO,JICAMARCA -> VILLA 1,38.02,0,0.0,0.0,0,0.0,129.7,224.38,1.73,134.45,GNV,-4.75,-3.54,-1.19,Normal,Comportamiento Normal
VE-35,CCL847,SINOTRUK,ZZ3315V3266E1,38.75,2,2026-01-06 00:00:00,2026-01-07 00:00:00,1.0,1,32.36,629.14,DESCONOCIDO,JICAMARCA -> ANCIETA,19.44,0,0.0,0.0,0,0.0,92.65,160.28,1.73,127.77,GNV,-35.12,-27.49,-2.71,Normal,Comportamiento Normal
VE-35,CCL847,SINOTRUK,ZZ3315V3266E1,38.75,2,2026-01-10 00:00:00,2026-01-13 00:00:00,3.0,5,171.77,5386.23,DESCONOCIDO,JICAMARCA -> VILLA 1,158.98,0,0.0,0.0,0,0.0,150.13,259.72,1.73,160.03,GNV,-9.9,-6.19,-1.45,Normal,Comportamiento Normal
VE-35,CCL847,SINOTRUK,ZZ3315V3266E1,38.75,2,2026-01-22 00:00:00,2026-01-24 00:00:00,2.0,4,132.28,1373.87,DESCONOCIDO,JICAMARCA -> SAN ANTONIO,41.47,0,0.0,0.0,0,0.0,154.39,267.09,1.73,139.48,GNV,14.91,10.69,-0.2,Normal,Comportamiento Normal
VE-35,CCL847,SINOTRUK,ZZ3315V3266E1,38.75,2,2026-01-30 00:00:00,2026-01-31 00:00:00,1.0,3,66.47,828.94,JOSE HUAMANI AVILA,JICAMARCA -> HUAROCHIRI,37.41,0,0.0,0.0,0,0.0,182.1,315.03,1.73,136.52,GNV,45.58,33.38,1.34,Critico,Sospecha de Fuga o Extraccion Injustificada de Combustible
VE-35,CCL847,SINOTRUK,ZZ3315V3266E1,38.75,2,2026-01-31 00:00:00,2026-02-02 00:00:00,2.0,3,66.02,1368.89,JOSE HUAMANI AVILA,JICAMARCA -> SAN JUAN,71.25,0,0.0,0.0,0,0.0,142.83,247.09,1.73,137.89,GNV,4.94,3.58,-0.7,Normal,Comportamiento Normal
VE-35,CCL847,SINOTRUK,ZZ3315V3266E1,38.75,2,2026-02-02 00:00:00,2026-02-04 00:00:00,2.0,2,61.95,772.57,JOSE HUAMANI AVILA,JICAMARCA -> HUAROCHIRI,24.94,0,0.0,0.0,0,0.0,194.53,336.53,1.73,134.45,GNV,60.08,44.68,2.07,Critico,Sospecha de Fuga o Extraccion Injustificada de Combustible
VE-35,CCL847,SINOTRUK,ZZ3315V3266E1,38.75,2,2026-02-04 00:00:00,2026-02-05 00:00:00,1.0,4,98.7,1230.88,JOSE HUAMANI AVILA,JICAMARCA -> HUAROCHIRI,49.88,0,0.0,0.0,0,0.0,152.03,263.01,1.73,140.85,GNV,11.18,7.94,-0.39,Normal,Comportamiento Normal
VE-35,CCL847,SINOTRUK,ZZ3315V3266E1,38.75,2,2026-02-05 00:00:00,2026-02-06 00:00:00,1.0,4,61.09,761.85,JOSE HUAMANI AVILA,JICAMARCA -> HUAROCHIRI,49.88,0,0.0,0.0,0,0.0,203.91,352.76,1.73,137.89,GNV,66.02,47.87,2.37,Critico,Sospecha de Fuga o Extraccion Injustificada de Combustible
VE-35,CCL847,SINOTRUK,ZZ3315V3266E1,38.75,2,2026-02-06 00:00:00,2026-02-10 00:00:00,4.0,7,173.14,2159.22,JOSE HUAMANI AVILA,JICAMARCA -> HUAROCHIRI,87.3,0,0.0,0.0,0,0.0,196.11,339.27,1.73,140.85,GNV,55.26,39.24,1.83,Critico,Sospecha de Fuga o Extraccion Injustificada de Combustible
VE-35,CCL847,SINOTRUK,ZZ3315V3266E1,38.75,2,2026-02-10 00:00:00,2026-02-11 00:00:00,1.0,4,96.67,1205.57,JOSE HUAMANI AVILA,JICAMARCA -> HUAROCHIRI,49.88,0,0.0,0.0,0,0.0,196.53,339.99,1.73,140.85,GNV,55.68,39.54,1.85,Critico,Falla Mecanica / Requiere Mantenimiento Preventivo
VE-35,CCL847,SINOTRUK,ZZ3315V3266E1,38.75,2,2026-02-11 00:00:00,2026-02-12 00:00:00,1.0,4,90.48,1128.37,JOSE HUAMANI AVILA,JICAMARCA -> HUAROCHIRI,66.8,0,0.0,0.0,0,0.0,193.91,335.46,1.73,140.85,GNV,53.06,37.68,1.72,Critico,Falla Mecanica / Requiere Mantenimiento Preventivo
VE-35,CCL847,SINOTRUK,ZZ3315V3266E1,38.75,2,2026-02-12 00:00:00,2026-02-13 00:00:00,1.0,4,97.17,1211.8,JOSE HUAMANI AVILA,JICAMARCA -> HUAROCHIRI,49.88,0,0.0,0.0,0,0.0,176.5,305.34,1.73,140.85,GNV,35.65,25.31,0.84,Advertencia,Falla Mecanica / Requiere Mantenimiento Preventivo
VE-35,CCL847,SINOTRUK,ZZ3315V3266E1,38.75,2,2026-02-13 00:00:00,2026-02-14 00:00:00,1.0,2,65.39,1044.05,JOSE HUAMANI AVILA,JICAMARCA -> HUAROCHIRI,31.91,0,0.0,0.0,0,0.0,140.4,242.89,1.73,134.45,GNV,5.95,4.42,-0.65,Normal,Comportamiento Normal
VE-35,CCL847,SINOTRUK,ZZ3315V3266E1,38.75,2,2026-02-14 00:00:00,2026-02-17 00:00:00,3.0,6,130.1,1622.47,JOSE HUAMANI AVILA,JICAMARCA -> HUAROCHIRI,74.83,0,0.0,0.0,0,0.0,169.25,292.8,1.73,140.85,GNV,28.4,20.17,0.48,Advertencia,Desviacion Operativa Menor / Eficiencia Conductiva
VE-35,CCL847,SINOTRUK,ZZ3315V3266E1,38.75,2,2026-02-17 00:00:00,2026-02-18 00:00:00,1.0,2,64.37,802.75,JOSE HUAMANI AVILA,JICAMARCA -> HUAROCHIRI,24.94,0,0.0,0.0,0,0.0,121.69,210.52,1.73,134.45,GNV,-12.76,-9.49,-1.59,Normal,Comportamiento Normal
VE-35,CCL847,SINOTRUK,ZZ3315V3266E1,38.75,2,2026-02-18 00:00:00,2026-02-20 00:00:00,2.0,7,155.69,1941.6,JOSE HUAMANI AVILA,JICAMARCA -> HUAROCHIRI,87.3,0,0.0,0.0,0,0.0,159.37,275.71,1.73,140.85,GNV,18.52,13.15,-0.02,Normal,Comportamiento Normal
VE-35,CCL847,SINOTRUK,ZZ3315V3266E1,38.75,2,2026-02-20 00:00:00,2026-02-21 00:00:00,1.0,3,71.62,2624.65,JOSE HUAMANI AVILA,JICAMARCA -> SAN JUAN,102.68,0,0.0,0.0,0,0.0,167.79,290.27,1.73,137.89,GNV,29.9,21.68,0.55,Advertencia,Desviacion Operativa Menor / Eficiencia Conductiva
VE-35,CCL847,SINOTRUK,ZZ3315V3266E1,38.75,2,2026-02-21 00:00:00,2026-02-23 00:00:00,2.0,3,64.0,798.14,JOSE HUAMANI AVILA,JICAMARCA -> HUAROCHIRI,37.41,0,0.0,0.0,0,0.0,118.68,205.31,1.73,136.52,GNV,-17.84,-13.07,-1.84,Normal,Comportamiento Normal
VE-35,CCL847,SINOTRUK,ZZ3315V3266E1,38.75,2,2026-02-23 00:00:00,2026-02-24 00:00:00,1.0,3,60.42,753.49,JOSE HUAMANI AVILA,JICAMARCA -> HUAROCHIRI,37.41,0,0.0,0.0,0,0.0,213.82,369.9,1.73,136.52,GNV,77.3,56.62,2.94,Critico,Sospecha de Fuga o Extraccion Injustificada de Combustible
VE-35,CCL847,SINOTRUK,ZZ3315V3266E1,38.75,2,2026-02-24 00:00:00,2026-02-25 00:00:00,1.0,4,103.67,3337.57,JOSE HUAMANI AVILA,JICAMARCA -> CONCHAN,139.03,0,0.0,0.0,0,0.0,186.17,322.07,1.73,160.03,GNV,26.14,16.34,0.37,Advertencia,Desviacion Operativa Menor / Eficiencia Conductiva
VE-35,CCL847,SINOTRUK,ZZ3315V3266E1,38.75,2,2026-02-25 00:00:00,2026-02-26 00:00:00,1.0,3,63.83,796.02,JOSE HUAMANI AVILA,JICAMARCA -> HUAROCHIRI,66.41,0,0.0,0.0,0,0.0,138.19,239.06,1.73,137.89,GNV,0.3,0.21,-0.93,Normal,Comportamiento Normal
VE-35,CCL847,SINOTRUK,ZZ3315V3266E1,38.75,2,2026-02-26 00:00:00,2026-02-27 00:00:00,1.0,4,93.72,1168.78,JOSE HUAMANI AVILA,JICAMARCA -> HUAROCHIRI,49.88,0,0.0,0.0,0,0.0,110.4,191.0,1.73,140.85,GNV,-30.45,-21.62,-2.48,Normal,Comportamiento Normal
VE-35,CCL847,SINOTRUK,ZZ3315V3266E1,38.75,2,2026-02-27 00:00:00,2026-02-28 00:00:00,1.0,3,69.4,1349.26,JOSE HUAMANI AVILA,ANCIETA -> JICAMARCA,75.53,0,0.0,0.0,0,0.0,161.51,279.41,1.73,137.89,GNV,23.62,17.13,0.24,Advertencia,Desviacion Operativa Menor / Eficiencia Conductiva
VE-35,CCL847,SINOTRUK,ZZ3315V3266E1,38.75,2,2026-02-28 00:00:00,2026-03-10 00:00:00,10.0,7,163.33,3827.68,JOSE HUAMANI AVILA,JICAMARCA -> ANCIETA,332.11,1,29.36,91.0,85,0.36,159.9,318.2,1.99,158.16,GNV,1.74,1.1,-0.86,Normal,Comportamiento Normal
VE-35,CCL847,SINOTRUK,ZZ3315V3266E1,38.75,2,2026-03-10 00:00:00,2026-03-11 00:00:00,1.0,4,98.43,1227.51,JOSE HUAMANI AVILA,JICAMARCA -> HUAROCHIRI,80.02,1,31.8,84.0,26,0.38,188.09,374.29,1.99,140.85,GNV,47.24,33.54,1.43,Critico,Estilo de Conduccion Agresivo (Excesos de Velocidad)
VE-35,CCL847,SINOTRUK,ZZ3315V3266E1,38.75,2,2026-03-11 00:00:00,2026-03-12 00:00:00,1.0,3,102.07,978.9,DESCONOCIDO,JICAMARCA -> SAN JUAN,179.85,1,22.04,94.0,16,0.3,220.7,439.19,1.99,143.8,GNV,76.9,53.48,2.92,Critico,Estilo de Conduccion Agresivo (Excesos de Velocidad)
VE-35,CCL847,SINOTRUK,ZZ3315V3266E1,38.75,2,2026-03-12 00:00:00,2026-03-13 00:00:00,1.0,3,92.26,2655.07,DESCONOCIDO,JICAMARCA -> SAN JUAN,222.57,1,31.03,84.0,73,0.37,170.67,305.49,1.79,152.1,GNV,18.57,12.21,-0.01,Normal,Comportamiento Normal
VE-35,CCL847,SINOTRUK,ZZ3315V3266E1,38.75,2,2026-03-13 00:00:00,2026-03-14 00:00:00,1.0,3,72.47,903.77,JOSE HUAMANI AVILA,JICAMARCA -> HUAROCHIRI,201.12,1,30.84,85.0,61,0.37,139.33,249.4,1.79,147.6,GNV,-8.27,-5.6,-1.36,Normal,Comportamiento Normal
VE-35,CCL847,SINOTRUK,ZZ3315V3266E1,38.75,2,2026-03-14 00:00:00,2026-03-16 00:00:00,2.0,3,66.02,2419.43,JOSE HUAMANI AVILA,VILLA -> JICAMARCA,153.01,1,24.84,84.0,30,0.36,104.53,187.1,1.79,142.15,GNV,-37.62,-26.46,-2.84,Normal,Comportamiento Normal
VE-35,CCL847,SINOTRUK,ZZ3315V3266E1,38.75,2,2026-03-16 00:00:00,2026-03-17 00:00:00,1.0,4,106.47,3037.5,JOSE HUAMANI AVILA,JICAMARCA -> HUAROCHIRI,142.79,1,25.64,82.0,31,0.41,193.74,346.79,1.79,157.3,GNV,36.44,23.17,0.88,Advertencia,Exceso de Ralenti (Motor encendido sin movimiento)
VE-35,CCL847,SINOTRUK,ZZ3315V3266E1,38.75,2,2026-03-17 00:00:00,2026-03-18 00:00:00,1.0,4,74.27,1443.95,JOSE HUAMANI AVILA,JICAMARCA -> ANCIETA,201.96,1,25.78,85.0,24,0.27,175.43,314.01,1.79,148.73,GNV,26.7,17.95,0.39,Advertencia,Desviacion Operativa Menor / Eficiencia Conductiva
VE-35,CCL847,SINOTRUK,ZZ3315V3266E1,38.75,2,2026-03-18 00:00:00,2026-03-19 00:00:00,1.0,2,63.55,792.53,JOSE HUAMANI AVILA,JICAMARCA -> HUAROCHIRI,150.74,1,26.87,83.0,22,0.47,149.18,267.03,1.79,140.07,GNV,9.11,6.5,-0.49,Normal,Comportamiento Normal
VE-35,CCL847,SINOTRUK,ZZ3315V3266E1,38.75,2,2026-03-19 00:00:00,2026-03-20 00:00:00,1.0,4,71.89,896.54,JOSE HUAMANI AVILA,JICAMARCA -> VILLA,124.85,1,22.4,80.0,13,0.43,127.63,228.45,1.79,137.89,GNV,-10.26,-7.44,-1.46,Normal,Comportamiento Normal
VE-35,CCL847,SINOTRUK,ZZ3315V3266E1,38.75,2,2026-03-20 00:00:00,2026-03-21 00:00:00,1.0,1,35.73,694.66,JOSE HUAMANI AVILA,JICAMARCA -> ANCIETA,163.89,1,24.53,86.0,18,0.35,82.92,148.42,1.79,135.65,GNV,-52.73,-38.87,-3.6,Normal,Comportamiento Normal
VE-35,CCL847,SINOTRUK,ZZ3315V3266E1,38.75,2,2026-03-21 00:00:00,2026-03-23 00:00:00,2.0,3,70.48,878.95,JOSE HUAMANI AVILA,JICAMARCA -> HUAROCHIRI,88.9,1,29.17,85.0,23,0.44,97.08,173.77,1.79,137.89,GNV,-40.81,-29.6,-3.0,Normal,Comportamiento Normal
VE-35,CCL847,SINOTRUK,ZZ3315V3266E1,38.75,2,2026-03-23 00:00:00,2026-03-24 00:00:00,1.0,4,127.63,1242.72,DESCONOCIDO,JICAMARCA -> ANCIETA,118.54,1,20.68,77.0,8,0.37,187.71,336.0,1.79,140.85,GNV,46.86,33.27,1.41,Critico,Sospecha de Fuga o Extraccion Injustificada de Combustible
VE-35,CCL847,SINOTRUK,ZZ3315V3266E1,38.75,2,2026-03-24 00:00:00,2026-03-25 00:00:00,1.0,4,97.05,2790.44,JOSE HUAMANI AVILA,JICAMARCA -> VILLA,209.78,1,23.24,87.0,32,0.3,191.24,342.31,1.79,152.1,GNV,39.14,25.73,1.02,Advertencia,Estilo de Conduccion Agresivo (Excesos de Velocidad)
VE-35,CCL847,SINOTRUK,ZZ3315V3266E1,38.75,2,2026-03-25 00:00:00,2026-03-26 00:00:00,1.0,4,100.6,2812.72,JOSE HUAMANI AVILA,JICAMARCA -> HUAROCHIRI,178.18,1,25.49,87.0,52,0.3,171.05,306.17,1.79,149.1,GNV,21.95,14.73,0.16,Normal,Comportamiento Normal
VE-35,CCL847,SINOTRUK,ZZ3315V3266E1,38.75,2,2026-03-26 00:00:00,2026-03-27 00:00:00,1.0,3,101.07,1512.71,JOSE HUAMANI AVILA,JICAMARCA -> HUAROCHIRI,194.66,1,23.93,85.0,34,0.29,147.17,263.43,1.79,148.73,GNV,-1.56,-1.05,-1.03,Normal,Comportamiento Normal
VE-35,CCL847,SINOTRUK,ZZ3315V3266E1,38.75,2,2026-03-27 00:00:00,2026-03-28 00:00:00,1.0,1,29.95,373.5,JOSE HUAMANI AVILA,JICAMARCA -> HUAROCHIRI,156.78,1,22.76,82.0,21,0.31,143.15,256.23,1.79,139.14,GNV,4.01,2.88,-0.75,Normal,Comportamiento Normal
VE-35,CCL847,SINOTRUK,ZZ3315V3266E1,38.75,2,2026-03-28 00:00:00,2026-03-30 00:00:00,2.0,3,72.31,2649.94,JOSE HUAMANI AVILA,JICAMARCA -> VILLA,127.69,1,25.04,80.0,14,0.32,105.9,189.56,1.79,143.19,GNV,-37.29,-26.04,-2.82,Normal,Comportamiento Normal
VE-35,CCL847,SINOTRUK,ZZ3315V3266E1,38.75,2,2026-03-30 00:00:00,2026-03-31 00:00:00,1.0,4,102.13,1273.66,JOSE HUAMANI AVILA,JICAMARCA -> HUAROCHIRI,143.67,1,24.09,76.0,18,0.36,188.14,336.77,1.79,143.8,GNV,44.34,30.84,1.28,Critico,Sospecha de Fuga o Extraccion Injustificada de Combustible
VE-35,CCL847,SINOTRUK,ZZ3315V3266E1,38.75,2,2026-03-31 00:00:00,2026-04-01 00:00:00,1.0,4,68.77,857.63,JOSE HUAMANI AVILA,VILLA -> JICAMARCA,218.77,1,23.95,80.0,23,0.25,185.48,332.0,1.79,147.6,GNV,37.88,25.67,0.96,Advertencia,Sospecha de Fuga o Extraccion Injustificada de Combustible
VE-35,CCL847,SINOTRUK,ZZ3315V3266E1,38.75,2,2026-04-01 00:00:00,2026-04-06 00:00:00,5.0,7,92.22,1150.07,JOSE HUAMANI AVILA,JICAMARCA -> HUAROCHIRI,284.39,1,25.65,87.0,68,0.43,144.51,258.67,1.79,158.16,GNV,-13.65,-8.63,-1.63,Normal,Comportamiento Normal
VE-35,CCL847,SINOTRUK,ZZ3315V3266E1,38.75,2,2026-04-06 00:00:00,2026-04-07 00:00:00,1.0,4,108.84,3054.73,JOSE HUAMANI AVILA,JICAMARCA -> ANCIETA,186.78,1,22.08,86.0,25,0.3,168.65,301.88,1.79,155.49,GNV,13.16,8.46,-0.29,Normal,Comportamiento Normal
VE-35,CCL847,SINOTRUK,ZZ3315V3266E1,38.75,2,2026-04-07 00:00:00,2026-04-08 00:00:00,1.0,3,107.59,1341.75,JOSE HUAMANI AVILA,JICAMARCA -> HUAROCHIRI,194.6,1,24.27,76.0,11,0.31,184.96,331.07,1.79,148.73,GNV,36.23,24.36,0.87,Advertencia,Desviacion Operativa Menor / Eficiencia Conductiva
VE-35,CCL847,SINOTRUK,ZZ3315V3266E1,38.75,2,2026-04-08 00:00:00,2026-04-09 00:00:00,1.0,4,72.96,909.88,JOSE HUAMANI AVILA,JICAMARCA -> HUAROCHIRI,174.81,1,21.88,80.0,12,0.24,184.91,330.98,1.79,143.28,GNV,41.63,29.06,1.14,Advertencia,Sospecha de Fuga o Extraccion Injustificada de Combustible
VE-35,CCL847,SINOTRUK,ZZ3315V3266E1,38.75,2,2026-04-09 00:00:00,2026-04-10 00:00:00,1.0,4,105.14,3011.49,JOSE HUAMANI AVILA,JICAMARCA -> VILLA,166.94,1,24.53,78.0,11,0.34,167.72,300.21,1.79,153.91,GNV,13.81,8.97,-0.25,Normal,Comportamiento Normal
VE-35,CCL847,SINOTRUK,ZZ3315V3266E1,38.75,2,2026-04-10 00:00:00,2026-04-11 00:00:00,1.0,3,71.58,892.67,JOSE HUAMANI AVILA,JICAMARCA -> HUAROCHIRI,221.24,1,25.31,80.0,26,0.28,136.97,245.17,1.79,147.6,GNV,-10.63,-7.2,-1.48,Normal,Comportamiento Normal
VE-35,CCL847,SINOTRUK,ZZ3315V3266E1,38.75,2,2026-04-11 00:00:00,2026-04-13 00:00:00,2.0,3,69.71,869.35,JOSE HUAMANI AVILA,JICAMARCA -> HUAROCHIRI,121.18,1,21.61,79.0,8,0.28,140.47,251.44,1.79,137.89,GNV,2.58,1.87,-0.82,Normal,Comportamiento Normal
VE-35,CCL847,SINOTRUK,ZZ3315V3266E1,38.75,2,2026-04-13 00:00:00,2026-04-15 00:00:00,2.0,8,200.22,2496.93,JOSE HUAMANI AVILA,JICAMARCA -> HUAROCHIRI,327.2,1,23.32,83.0,42,0.29,200.06,358.1,1.79,158.16,GNV,41.9,26.49,1.16,Advertencia,Estilo de Conduccion Agresivo (Excesos de Velocidad)
VE-35,CCL847,SINOTRUK,ZZ3315V3266E1,38.75,2,2026-04-15 00:00:00,2026-04-17 00:00:00,2.0,7,131.1,1634.94,JOSE HUAMANI AVILA,JICAMARCA -> HUAROCHIRI,310.7,1,21.9,81.0,28,0.29,189.87,339.86,1.79,158.16,GNV,31.71,20.05,0.65,Advertencia,Estilo de Conduccion Agresivo (Excesos de Velocidad)
VE-35,CCL847,SINOTRUK,ZZ3315V3266E1,38.75,2,2026-04-17 00:00:00,2026-04-18 00:00:00,1.0,3,65.31,814.48,JOSE HUAMANI AVILA,JICAMARCA -> HUAROCHIRI,150.73,1,21.81,77.0,7,0.31,164.05,293.64,1.79,142.15,GNV,21.9,15.41,0.15,Advertencia,Falla Mecanica / Requiere Mantenimiento Preventivo
VE-35,CCL847,SINOTRUK,ZZ3315V3266E1,38.75,2,2026-04-18 00:00:00,2026-04-20 00:00:00,2.0,3,69.21,1665.76,JOSE HUAMANI AVILA,JICAMARCA -> HUAROCHIRI,122.21,1,20.36,79.0,4,0.26,136.91,245.06,1.79,137.89,GNV,-0.98,-0.71,-1.0,Normal,Comportamiento Normal
VE-35,CCL847,SINOTRUK,ZZ3315V3266E1,38.75,2,2026-04-20 00:00:00,2026-04-21 00:00:00,1.0,4,68.98,860.25,JOSE HUAMANI AVILA,VILLA -> JICAMARCA,148.23,1,26.31,77.0,32,0.3,134.85,241.38,1.79,142.15,GNV,-7.3,-5.13,-1.31,Normal,Comportamiento Normal
VE-35,CCL847,SINOTRUK,ZZ3315V3266E1,38.75,2,2026-04-21 00:00:00,2026-04-22 00:00:00,1.0,4,72.78,907.63,JOSE HUAMANI AVILA,JICAMARCA -> HUAROCHIRI,169.92,1,25.23,83.0,22,0.35,141.03,252.44,1.79,142.15,GNV,-1.12,-0.78,-1.0,Normal,Comportamiento Normal
VE-35,CCL847,SINOTRUK,ZZ3315V3266E1,38.75,2,2026-04-22 00:00:00,2026-04-25 00:00:00,3.0,11,228.35,5085.52,JOSE HUAMANI AVILA,JICAMARCA -> HUAROCHIRI,490.69,1,23.47,89.0,61,0.33,221.96,397.3,1.79,158.16,GNV,63.8,40.34,2.26,Critico,Estilo de Conduccion Agresivo (Excesos de Velocidad)
VE-35,CCL847,SINOTRUK,ZZ3315V3266E1,38.75,2,2026-04-25 00:00:00,2026-04-27 00:00:00,2.0,3,67.45,841.16,JOSE HUAMANI AVILA,JICAMARCA -> HUAROCHIRI,110.63,1,21.76,78.0,8,0.38,125.51,224.66,1.79,137.89,GNV,-12.38,-8.98,-1.57,Normal,Comportamiento Normal
VE-35,CCL847,SINOTRUK,ZZ3315V3266E1,38.75,2,2026-04-27 00:00:00,2026-04-28 00:00:00,1.0,4,65.19,2389.01,JOSE HUAMANI AVILA,VILLA -> JICAMARCA,123.65,1,21.2,77.0,7,0.29,136.62,244.54,1.79,137.89,GNV,-1.27,-0.92,-1.01,Normal,Comportamiento Normal
VE-35,CCL847,SINOTRUK,ZZ3315V3266E1,38.75,2,2026-04-28 00:00:00,2026-04-30 00:00:00,2.0,8,188.47,5339.5,JOSE HUAMANI AVILA,JICAMARCA -> ANCIETA,418.66,1,28.26,89.0,108,0.37,156.97,280.97,1.79,158.16,GNV,-1.19,-0.75,-1.01,Normal,Comportamiento Normal
VE-35,CCL847,SINOTRUK,ZZ3315V3266E1,38.75,2,2026-04-30 00:00:00,2026-05-02 00:00:00,2.0,0,0.0,0.0,DESCONOCIDO,DESCONOCIDA,185.7,1,23.45,80.0,23,0.3,215.27,385.33,1.79,145.27,GNV,70.0,48.18,2.57,Critico,Sospecha de Fuga o Extraccion Injustificada de Combustible
VE-35,CCL847,SINOTRUK,ZZ3315V3266E1,38.75,2,2026-05-02 00:00:00,2026-05-04 00:00:00,2.0,4,101.25,2634.95,JOSE HUAMANI AVILA,JICAMARCA -> ANCIETA,72.24,1,31.18,79.0,19,0.31,134.02,239.89,1.79,140.85,GNV,-6.83,-4.85,-1.29,Normal,Comportamiento Normal
VE-35,CCL847,SINOTRUK,ZZ3315V3266E1,38.75,2,2026-05-04 00:00:00,2026-05-05 00:00:00,1.0,4,67.58,842.79,JOSE HUAMANI AVILA,JICAMARCA -> CONCHAN,166.38,1,26.09,87.0,43,0.36,203.88,364.94,1.79,142.15,GNV,61.73,43.43,2.15,Critico,Estilo de Conduccion Agresivo (Excesos de Velocidad)
VE-35,CCL847,SINOTRUK,ZZ3315V3266E1,38.75,2,2026-05-05 00:00:00,2026-05-06 00:00:00,1.0,4,66.6,1294.83,JOSE HUAMANI AVILA,ANCIETA -> JICAMARCA,202.7,1,29.96,83.0,67,0.34,127.73,228.63,1.79,147.6,GNV,-19.87,-13.46,-1.95,Normal,Comportamiento Normal
VE-35,CCL847,SINOTRUK,ZZ3315V3266E1,38.75,2,2026-05-06 00:00:00,2026-05-07 00:00:00,1.0,5,102.15,1508.48,JOSE HUAMANI AVILA,JICAMARCA -> HUAROCHIRI,159.49,1,26.68,81.0,38,0.41,154.83,277.14,1.79,143.8,GNV,11.03,7.67,-0.39,Normal,Comportamiento Normal
VE-35,CCL847,SINOTRUK,ZZ3315V3266E1,38.75,2,2026-05-07 00:00:00,2026-05-08 00:00:00,1.0,3,68.48,854.01,JOSE HUAMANI AVILA,JICAMARCA -> HUAROCHIRI,195.26,1,23.7,86.0,39,0.52,153.67,275.06,1.79,147.6,GNV,6.07,4.11,-0.64,Normal,Comportamiento Normal
VE-35,CCL847,SINOTRUK,ZZ3315V3266E1,38.75,2,2026-05-08 00:00:00,2026-05-11 00:00:00,3.0,6,134.37,2155.04,JOSE HUAMANI AVILA,JICAMARCA -> HUAROCHIRI,257.89,1,22.5,78.0,34,0.34,174.06,311.56,1.79,158.16,GNV,15.9,10.05,-0.15,Normal,Comportamiento Normal
VE-35,CCL847,SINOTRUK,ZZ3315V3266E1,38.75,2,2026-05-11 00:00:00,2026-05-12 00:00:00,1.0,4,102.74,1281.26,JOSE HUAMANI AVILA,JICAMARCA -> HUAROCHIRI,144.61,1,21.59,76.0,7,0.38,88.67,158.71,1.79,143.8,GNV,-55.13,-38.34,-3.72,Normal,Comportamiento Normal
VE-35,CCL847,SINOTRUK,ZZ3315V3266E1,38.75,2,2026-05-12 00:00:00,2026-05-13 00:00:00,1.0,3,65.59,817.97,JOSE HUAMANI AVILA,JICAMARCA -> HUAROCHIRI,207.43,1,25.26,83.0,32,0.32,115.04,205.92,1.79,147.6,GNV,-32.56,-22.06,-2.58,Normal,Comportamiento Normal
VE-35,CCL847,SINOTRUK,ZZ3315V3266E1,38.75,2,2026-05-13 00:00:00,2026-05-14 00:00:00,1.0,4,98.4,1799.26,JOSE HUAMANI AVILA,JICAMARCA -> SAN JUAN,122.45,1,21.68,79.0,15,0.4,166.33,297.73,1.79,140.85,GNV,25.48,18.09,0.33,Advertencia,Exceso de Ralenti (Motor encendido sin movimiento)
VE-35,CCL847,SINOTRUK,ZZ3315V3266E1,38.75,2,2026-05-14 00:00:00,2026-05-15 00:00:00,1.0,3,107.02,1334.64,JOSE HUAMANI AVILA,JICAMARCA -> HUAROCHIRI,197.21,1,27.87,84.0,44,0.36,185.16,331.43,1.79,148.73,GNV,36.43,24.49,0.88,Advertencia,Estilo de Conduccion Agresivo (Excesos de Velocidad)
VE-35,CCL847,SINOTRUK,ZZ3315V3266E1,38.75,2,2026-05-15 00:00:00,2026-05-16 00:00:00,1.0,3,70.8,1376.48,JOSE HUAMANI AVILA,ANCIETA -> JICAMARCA,174.27,1,22.59,84.0,17,0.34,175.08,313.39,1.79,142.15,GNV,32.93,23.17,0.71,Advertencia,Falla Mecanica / Requiere Mantenimiento Preventivo
VE-35,CCL847,SINOTRUK,ZZ3315V3266E1,38.75,2,2026-05-16 00:00:00,2026-05-18 00:00:00,2.0,3,67.83,2485.76,JOSE HUAMANI AVILA,VILLA -> JICAMARCA,177.19,1,30.38,86.0,87,0.37,137.1,245.4,1.79,142.15,GNV,-5.05,-3.55,-1.2,Normal,Comportamiento Normal
VE-35,CCL847,SINOTRUK,ZZ3315V3266E1,38.75,2,2026-05-18 00:00:00,2026-05-19 00:00:00,1.0,4,66.19,825.45,JOSE HUAMANI AVILA,HUAROCHIRI -> JICAMARCA,156.99,1,29.84,82.0,27,0.46,176.35,315.06,1.79,142.15,GNV,34.2,24.06,0.77,Advertencia,Exceso de Ralenti (Motor encendido sin movimiento)
VE-35,CCL847,SINOTRUK,ZZ3315V3266E1,38.75,2,2026-05-19 00:00:00,2026-05-21 00:00:00,2.0,5,136.76,2388.78,JOSE HUAMANI AVILA,JICAMARCA -> HUAROCHIRI,262.24,1,20.94,85.0,11,0.39,140.91,252.22,1.79,158.16,GNV,-17.25,-10.91,-1.81,Normal,Comportamiento Normal
VE-35,CCL847,SINOTRUK,ZZ3315V3266E1,38.75,2,2026-05-21 00:00:00,2026-05-23 00:00:00,2.0,5,134.56,1678.09,JOSE HUAMANI AVILA,JICAMARCA -> HUAROCHIRI,312.03,1,25.76,84.0,58,0.37,122.69,219.61,1.79,158.16,GNV,-35.47,-22.43,-2.73,Normal,Comportamiento Normal
VE-35,CCL847,SINOTRUK,ZZ3315V3266E1,38.75,2,2026-05-23 00:00:00,2026-05-25 00:00:00,2.0,3,69.89,2561.25,JOSE HUAMANI AVILA,JICAMARCA -> SAN JUAN,125.23,1,21.91,76.0,4,0.34,168.81,302.16,1.79,137.89,GNV,30.92,22.42,0.61,Advertencia,Desviacion Operativa Menor / Eficiencia Conductiva
VE-35,CCL847,SINOTRUK,ZZ3315V3266E1,38.75,2,2026-05-25 00:00:00,2026-05-27 00:00:00,2.0,8,168.59,3028.69,JOSE HUAMANI AVILA,JICAMARCA -> HUAROCHIRI,302.41,1,24.02,85.0,48,0.38,188.22,336.91,1.79,158.16,GNV,30.06,19.01,0.56,Advertencia,Estilo de Conduccion Agresivo (Excesos de Velocidad)
VE-35,CCL847,SINOTRUK,ZZ3315V3266E1,38.75,2,2026-05-27 00:00:00,2026-05-28 00:00:00,1.0,4,64.7,1257.89,JOSE HUAMANI AVILA,JICAMARCA -> CONCHAN,203.93,1,28.81,88.0,56,0.4,111.44,199.47,1.79,147.6,GNV,-36.16,-24.5,-2.77,Normal,Comportamiento Normal
VE-35,CCL847,SINOTRUK,ZZ3315V3266E1,38.75,2,2026-05-28 00:00:00,2026-05-30 00:00:00,2.0,5,132.27,2482.15,JOSE HUAMANI AVILA,JICAMARCA -> HUAROCHIRI,274.23,1,24.35,84.0,36,0.38,171.98,307.84,1.79,158.16,GNV,13.82,8.74,-0.25,Normal,Comportamiento Normal
VE-35,CCL847,SINOTRUK,ZZ3315V3266E1,38.75,2,2026-05-30 00:00:00,2026-06-01 00:00:00,2.0,4,66.1,824.33,JOSE HUAMANI AVILA,HUAROCHIRI -> JICAMARCA,154.58,1,26.5,85.0,27,0.38,219.21,392.38,1.79,142.15,GNV,77.06,54.22,2.92,Critico,Estilo de Conduccion Agresivo (Excesos de Velocidad)
VE-35,CCL847,SINOTRUK,ZZ3315V3266E1,38.75,2,2026-06-01 00:00:00,2026-06-02 00:00:00,1.0,3,97.79,3034.0,JOSE HUAMANI AVILA,JICAMARCA -> VILLA,171.87,1,25.25,82.0,26,0.25,160.92,288.04,1.79,157.3,GNV,3.62,2.3,-0.77,Normal,Comportamiento Normal
VE-35,CCL847,SINOTRUK,ZZ3315V3266E1,38.75,2,2026-06-02 00:00:00,2026-06-03 00:00:00,1.0,3,66.42,1618.04,JOSE HUAMANI AVILA,JICAMARCA -> ANCIETA,204.56,1,29.19,83.0,48,0.34,177.62,317.93,1.79,147.6,GNV,30.02,20.34,0.56,Advertencia,Estilo de Conduccion Agresivo (Excesos de Velocidad)
VE-35,CCL847,SINOTRUK,ZZ3315V3266E1,38.75,2,2026-06-03 00:00:00,2026-06-05 00:00:00,2.0,8,134.99,2174.69,José Antonio Huamani Avila,JICAMARCA -> HUAROCHIRI,346.21,1,24.27,86.0,63,0.3,186.92,334.58,1.79,158.16,GNV,28.76,18.18,0.5,Advertencia,Estilo de Conduccion Agresivo (Excesos de Velocidad)
VE-35,CCL847,SINOTRUK,ZZ3315V3266E1,38.75,2,2026-06-05 00:00:00,2026-06-08 00:00:00,3.0,5,0.0,0.0,JOSE HUAMANI AVILA,JICAMARCA -> ANCIETA,211.68,1,26.58,85.0,42,0.38,127.37,227.99,1.79,147.6,GNV,-20.23,-13.7,-1.96,Normal,Comportamiento Normal
VE-35,CCL847,SINOTRUK,ZZ3315V3266E1,38.75,2,2026-06-08 00:00:00,2026-06-09 00:00:00,1.0,3,0.0,0.0,José Antonio Huamani Avila,JICAMARCA -> HUAROCHIRI,147.26,1,28.53,82.0,44,0.41,148.79,266.33,1.79,142.15,GNV,6.64,4.67,-0.61,Normal,Comportamiento Normal
VE-35,CCL847,SINOTRUK,ZZ3315V3266E1,38.75,2,2026-06-09 00:00:00,2026-06-11 00:00:00,2.0,7,0.0,0.0,José Antonio Huamani Avila,JICAMARCA -> HUAROCHIRI,281.56,1,24.92,84.0,40,0.43,168.21,301.09,1.79,157.03,GNV,11.18,7.12,-0.39,Normal,Comportamiento Normal
VE-35,CCL847,SINOTRUK,ZZ3315V3266E1,38.75,2,2026-06-11 00:00:00,2026-06-12 00:00:00,1.0,4,0.0,0.0,José Antonio Huamani Avila,VILLA -> JICAMARCA,112.28,1,20.54,82.0,5,0.42,122.6,219.45,1.79,137.89,GNV,-15.29,-11.09,-1.72,Normal,Comportamiento Normal
VE-35,CCL847,SINOTRUK,ZZ3315V3266E1,38.75,2,2026-06-12 00:00:00,2026-06-13 00:00:00,1.0,1,0.0,0.0,José Antonio Huamani Avila,JICAMARCA -> COLLIQUE,145.63,1,24.69,78.0,24,0.48,162.73,291.28,1.79,139.14,GNV,23.59,16.95,0.24,Advertencia,Exceso de Ralenti (Motor encendido sin movimiento)
VE-35,CCL847,SINOTRUK,ZZ3315V3266E1,38.75,2,2026-06-13 00:00:00,2026-06-15 00:00:00,2.0,4,0.0,0.0,José Antonio Huamani Avila,SAN JUAN -> JICAMARCA,96.38,1,33.83,78.0,38,0.34,132.31,236.83,1.79,137.89,GNV,-5.58,-4.05,-1.23,Normal,Comportamiento Normal
VE-35,CCL847,SINOTRUK,ZZ3315V3266E1,38.75,2,2026-06-15 00:00:00,2026-06-16 00:00:00,1.0,3,0.0,0.0,José Antonio Huamani Avila,JICAMARCA -> HUAROCHIRI,146.73,1,24.6,76.0,21,0.31,155.53,278.39,1.79,142.15,GNV,13.38,9.42,-0.28,Normal,Comportamiento Normal
VE-35,CCL847,SINOTRUK,ZZ3315V3266E1,38.75,2,2026-06-16 00:00:00,2026-06-17 00:00:00,1.0,4,0.0,0.0,José Antonio Huamani Avila,VILLA -> JICAMARCA,157.49,1,21.45,78.0,11,0.32,169.2,302.86,1.79,142.15,GNV,27.05,19.03,0.41,Advertencia,Desviacion Operativa Menor / Eficiencia Conductiva
VE-35,CCL847,SINOTRUK,ZZ3315V3266E1,38.75,2,2026-06-17 00:00:00,2026-06-18 00:00:00,1.0,3,0.0,0.0,José Antonio Huamani Avila,JICAMARCA -> HUAROCHIRI,155.25,1,24.47,78.0,21,0.33,197.0,352.63,1.79,142.15,GNV,54.85,38.59,1.81,Critico,Sospecha de Fuga o Extraccion Injustificada de Combustible
VE-35,CCL847,SINOTRUK,ZZ3315V3266E1,38.75,2,2026-06-18 00:00:00,2026-06-20 00:00:00,2.0,6,0.0,0.0,José Antonio Huamani Avila,JICAMARCA -> ANCIETA,364.83,1,25.24,83.0,66,0.26,171.35,306.71,1.79,157.03,GNV,14.32,9.12,-0.23,Normal,Comportamiento Normal
VE-35,CCL847,SINOTRUK,ZZ3315V3266E1,38.75,2,2026-06-20 00:00:00,2026-06-23 00:00:00,3.0,4,0.0,0.0,José Antonio Huamani Avila,JICAMARCA -> HUAROCHIRI,66.7,1,23.04,73.0,4,0.39,168.19,301.06,1.79,137.89,GNV,30.3,21.97,0.57,Advertencia,Desviacion Operativa Menor / Eficiencia Conductiva
VE-35,CCL847,SINOTRUK,ZZ3315V3266E1,38.75,2,2026-06-23 00:00:00,2026-06-24 00:00:00,1.0,4,0.0,0.0,José Antonio Huamani Avila,JICAMARCA -> SAN JUAN,194.82,1,23.83,78.0,31,0.36,158.0,282.82,1.79,147.6,GNV,10.4,7.05,-0.43,Normal,Comportamiento Normal
VE-35,CCL847,SINOTRUK,ZZ3315V3266E1,38.75,2,2026-06-24 00:00:00,2026-06-25 00:00:00,1.0,4,0.0,0.0,José Antonio Huamani Avila,JICAMARCA -> VILLA,176.56,1,27.89,81.0,52,0.31,173.19,310.01,1.79,142.15,GNV,31.04,21.84,0.61,Advertencia,Estilo de Conduccion Agresivo (Excesos de Velocidad)
VE-35,CCL847,SINOTRUK,ZZ3315V3266E1,38.75,2,2026-06-25 00:00:00,2026-06-26 00:00:00,1.0,3,0.0,0.0,José Antonio Huamani Avila,HUAROCHIRI -> JICAMARCA,242.99,1,32.25,82.0,80,0.33,59.89,107.2,1.79,154.71,GNV,-94.82,-61.29,-5.71,Normal,Comportamiento Normal
VE-35,CCL847,SINOTRUK,ZZ3315V3266E1,38.75,2,2026-06-26 00:00:00,2026-06-27 00:00:00,1.0,3,0.0,0.0,José Antonio Huamani Avila,JICAMARCA -> HUAROCHIRI,134.35,1,26.59,82.0,27,0.45,100.51,179.91,1.79,142.15,GNV,-41.64,-29.29,-3.04,Normal,Comportamiento Normal
VE-35,CCL847,SINOTRUK,ZZ3315V3266E1,38.75,2,2026-06-27 00:00:00,2026-06-30 00:00:00,3.0,0,0.0,0.0,DESCONOCIDO,DESCONOCIDA,120.74,1,20.91,76.0,7,0.32,127.79,228.74,1.79,132.63,GNV,-4.84,-3.65,-1.19,Normal,Comportamiento Normal
VE-35,CCL847,SINOTRUK,ZZ3315V3266E1,38.75,2,2026-06-30 00:00:00,2026-07-01 00:00:00,1.0,0,0.0,0.0,DESCONOCIDO,DESCONOCIDA,114.5,1,19.65,76.0,3,0.25,193.67,346.66,1.79,132.63,GNV,61.04,46.02,2.12,Critico,Sospecha de Fuga o Extraccion Injustificada de Combustible
VE-35,CCL847,SINOTRUK,ZZ3315V3266E1,38.75,2,2026-07-01 00:00:00,2026-07-02 00:00:00,1.0,0,0.0,0.0,DESCONOCIDO,DESCONOCIDA,174.88,1,21.69,77.0,17,0.29,186.2,333.29,1.79,139.14,GNV,47.06,33.82,1.42,Critico,Sospecha de Fuga o Extraccion Injustificada de Combustible
VE-36,CHS718,SINOTRUK,ZZ3315V3266E1,38.75,1,2026-01-03 00:00:00,2026-01-05 00:00:00,2.0,2,58.5,608.34,DESCONOCIDO,JICAMARCA -> ANCIETA,19.44,0,0.0,0.0,0,0.0,108.49,187.68,1.73,133.92,GNV,-25.43,-18.99,-2.23,Normal,Comportamiento Normal
VE-36,CHS718,SINOTRUK,ZZ3315V3266E1,38.75,1,2026-01-06 00:00:00,2026-01-08 00:00:00,2.0,4,141.88,3099.05,DESCONOCIDO,JICAMARCA -> ANCIETA,87.71,0,0.0,0.0,0,0.0,158.97,275.01,1.73,153.69,GNV,5.28,3.44,-0.68,Normal,Comportamiento Normal
VE-36,CHS718,SINOTRUK,ZZ3315V3266E1,38.75,1,2026-01-20 00:00:00,2026-01-21 00:00:00,1.0,3,104.73,1348.16,DESCONOCIDO,JICAMARCA -> SAN ANTONIO,41.47,0,0.0,0.0,0,0.0,135.52,234.44,1.73,137.81,GNV,-2.29,-1.66,-1.06,Normal,Comportamiento Normal
VE-36,CHS718,SINOTRUK,ZZ3315V3266E1,38.75,1,2026-01-22 00:00:00,2026-01-23 00:00:00,1.0,3,98.74,1405.8,DESCONOCIDO,JICAMARCA -> SAN ANTONIO,41.47,0,0.0,0.0,0,0.0,109.32,189.12,1.73,136.48,GNV,-27.16,-19.9,-2.31,Normal,Comportamiento Normal
VE-36,CHS718,SINOTRUK,ZZ3315V3266E1,38.75,1,2026-01-28 00:00:00,2026-01-31 00:00:00,3.0,4,64.81,808.24,ESTEBAN MENESES,JICAMARCA -> HUAROCHIRI,49.88,0,0.0,0.0,0,0.0,122.56,212.02,1.73,137.36,GNV,-14.8,-10.78,-1.69,Normal,Comportamiento Normal
VE-36,CHS718,SINOTRUK,ZZ3315V3266E1,38.75,1,2026-01-31 00:00:00,2026-02-02 00:00:00,2.0,3,66.69,831.69,ESTEBAN MENESES,JICAMARCA -> HUAROCHIRI,37.41,0,0.0,0.0,0,0.0,156.1,270.05,1.73,135.99,GNV,20.11,14.79,0.06,Normal,Comportamiento Normal
VE-36,CHS718,SINOTRUK,ZZ3315V3266E1,38.75,1,2026-02-02 00:00:00,2026-02-04 00:00:00,2.0,6,135.61,3322.82,ESTEBAN MENESES,JICAMARCA -> HUAROCHIRI,171.53,0,0.0,0.0,0,0.0,170.33,294.67,1.73,158.37,GNV,11.96,7.56,-0.35,Normal,Comportamiento Normal
VE-36,CHS718,SINOTRUK,ZZ3315V3266E1,38.75,1,2026-02-04 00:00:00,2026-02-05 00:00:00,1.0,4,98.09,1223.27,ESTEBAN MENESES,JICAMARCA -> HUAROCHIRI,49.88,0,0.0,0.0,0,0.0,156.55,270.83,1.73,139.18,GNV,17.37,12.48,-0.08,Normal,Comportamiento Normal
VE-36,CHS718,SINOTRUK,ZZ3315V3266E1,38.75,1,2026-02-05 00:00:00,2026-02-06 00:00:00,1.0,2,64.62,805.87,ESTEBAN MENESES,JICAMARCA -> HUAROCHIRI,24.94,0,0.0,0.0,0,0.0,124.92,216.11,1.73,133.92,GNV,-9.0,-6.72,-1.4,Normal,Comportamiento Normal
VE-36,CHS718,SINOTRUK,ZZ3315V3266E1,38.75,1,2026-02-06 00:00:00,2026-02-07 00:00:00,1.0,3,62.9,2305.09,ESTEBAN MENESES,JICAMARCA -> VILLA,102.68,0,0.0,0.0,0,0.0,116.16,200.95,1.73,137.36,GNV,-21.2,-15.44,-2.01,Normal,Comportamiento Normal
VE-36,CHS718,SINOTRUK,ZZ3315V3266E1,38.75,1,2026-02-07 00:00:00,2026-02-09 00:00:00,2.0,2,67.04,836.05,ESTEBAN MENESES,JICAMARCA -> HUAROCHIRI,24.94,0,0.0,0.0,0,0.0,147.77,255.64,1.73,133.92,GNV,13.85,10.34,-0.25,Normal,Comportamiento Normal
VE-36,CHS718,SINOTRUK,ZZ3315V3266E1,38.75,1,2026-02-09 00:00:00,2026-02-10 00:00:00,1.0,3,70.57,880.07,ESTEBAN MENESES,JICAMARCA -> HUAROCHIRI,37.41,0,0.0,0.0,0,0.0,147.36,254.93,1.73,135.99,GNV,11.37,8.36,-0.38,Normal,Comportamiento Normal
VE-36,CHS718,SINOTRUK,ZZ3315V3266E1,38.75,1,2026-02-10 00:00:00,2026-02-11 00:00:00,1.0,3,95.76,1194.22,ESTEBAN MENESES,JICAMARCA -> HUAROCHIRI,37.41,0,0.0,0.0,0,0.0,141.99,245.64,1.73,137.81,GNV,4.18,3.03,-0.74,Normal,Comportamiento Normal
VE-36,CHS718,SINOTRUK,ZZ3315V3266E1,38.75,1,2026-02-11 00:00:00,2026-02-12 00:00:00,1.0,3,95.81,1194.84,ESTEBAN MENESES,JICAMARCA -> HUAROCHIRI,37.41,0,0.0,0.0,0,0.0,171.04,295.89,1.73,137.81,GNV,33.23,24.11,0.72,Advertencia,Desviacion Operativa Menor / Eficiencia Conductiva
VE-36,CHS718,SINOTRUK,ZZ3315V3266E1,38.75,1,2026-02-12 00:00:00,2026-02-13 00:00:00,1.0,3,96.22,1199.95,ESTEBAN MENESES,JICAMARCA -> HUAROCHIRI,37.41,0,0.0,0.0,0,0.0,177.6,307.24,1.73,137.81,GNV,39.79,28.87,1.05,Advertencia,Sospecha de Fuga o Extraccion Injustificada de Combustible
VE-36,CHS718,SINOTRUK,ZZ3315V3266E1,38.75,1,2026-02-13 00:00:00,2026-02-14 00:00:00,1.0,2,62.12,1790.46,ESTEBAN MENESES,JICAMARCA -> ANCIETA,56.09,0,0.0,0.0,0,0.0,151.86,262.71,1.73,135.29,GNV,16.57,12.25,-0.12,Normal,Comportamiento Normal
VE-36,CHS718,SINOTRUK,ZZ3315V3266E1,38.75,1,2026-02-14 00:00:00,2026-02-16 00:00:00,2.0,3,67.1,836.8,ESTEBAN MENESES,JICAMARCA -> HUAROCHIRI,37.41,0,0.0,0.0,0,0.0,147.36,254.93,1.73,135.99,GNV,11.37,8.36,-0.38,Normal,Comportamiento Normal
VE-36,CHS718,SINOTRUK,ZZ3315V3266E1,38.75,1,2026-02-16 00:00:00,2026-02-17 00:00:00,1.0,4,96.71,1206.06,ESTEBAN MENESES,JICAMARCA -> HUAROCHIRI,56.85,0,0.0,0.0,0,0.0,154.55,267.37,1.73,139.18,GNV,15.37,11.04,-0.18,Normal,Comportamiento Normal
VE-36,CHS718,SINOTRUK,ZZ3315V3266E1,38.75,1,2026-02-17 00:00:00,2026-02-18 00:00:00,1.0,3,67.51,841.91,ESTEBAN MENESES,JICAMARCA -> HUAROCHIRI,37.41,0,0.0,0.0,0,0.0,125.56,217.21,1.73,135.99,GNV,-10.43,-7.67,-1.47,Normal,Comportamiento Normal
VE-36,CHS718,SINOTRUK,ZZ3315V3266E1,38.75,1,2026-02-18 00:00:00,2026-02-19 00:00:00,1.0,3,91.56,1141.84,ESTEBAN MENESES,JICAMARCA -> HUAROCHIRI,37.41,0,0.0,0.0,0,0.0,164.21,284.08,1.73,137.81,GNV,26.4,19.16,0.38,Advertencia,Desviacion Operativa Menor / Eficiencia Conductiva
VE-36,CHS718,SINOTRUK,ZZ3315V3266E1,38.75,1,2026-02-19 00:00:00,2026-02-21 00:00:00,2.0,5,128.71,1851.83,ESTEBAN MENESES,JICAMARCA -> HUAROCHIRI,69.33,0,0.0,0.0,0,0.0,155.46,268.94,1.73,139.18,GNV,16.28,11.7,-0.13,Normal,Comportamiento Normal
VE-36,CHS718,SINOTRUK,ZZ3315V3266E1,38.75,1,2026-02-21 00:00:00,2026-02-24 00:00:00,3.0,4,99.85,2184.77,ESTEBAN MENESES,JICAMARCA -> HUAROCHIRI,103.06,0,0.0,0.0,0,0.0,99.29,171.77,1.73,139.18,GNV,-39.89,-28.66,-2.95,Normal,Comportamiento Normal
VE-36,CHS718,SINOTRUK,ZZ3315V3266E1,38.75,1,2026-02-24 00:00:00,2026-02-25 00:00:00,1.0,4,101.75,2090.74,ESTEBAN MENESES,JICAMARCA -> HUAROCHIRI,73.77,0,0.0,0.0,0,0.0,161.31,279.06,1.73,139.18,GNV,22.13,15.9,0.16,Advertencia,Desviacion Operativa Menor / Eficiencia Conductiva
VE-36,CHS718,SINOTRUK,ZZ3315V3266E1,38.75,1,2026-02-25 00:00:00,2026-02-26 00:00:00,1.0,4,104.0,1775.95,ESTEBAN MENESES,JICAMARCA -> ANCIETA,80.74,0,0.0,0.0,0,0.0,151.97,262.9,1.73,139.18,GNV,12.79,9.19,-0.31,Normal,Comportamiento Normal
VE-36,CHS718,SINOTRUK,ZZ3315V3266E1,38.75,1,2026-02-26 00:00:00,2026-02-27 00:00:00,1.0,4,96.57,1204.32,ESTEBAN MENESES,JICAMARCA -> HUAROCHIRI,49.88,0,0.0,0.0,0,0.0,160.46,277.59,1.73,139.18,GNV,21.28,15.29,0.12,Advertencia,Desviacion Operativa Menor / Eficiencia Conductiva
VE-36,CHS718,SINOTRUK,ZZ3315V3266E1,38.75,1,2026-02-27 00:00:00,2026-02-28 00:00:00,1.0,2,70.15,874.84,ESTEBAN MENESES,JICAMARCA -> HUAROCHIRI,24.94,0,0.0,0.0,0,0.0,130.0,224.9,1.73,133.92,GNV,-3.92,-2.93,-1.15,Normal,Comportamiento Normal
VE-36,CHS718,SINOTRUK,ZZ3315V3266E1,38.75,1,2026-02-28 00:00:00,2026-03-10 00:00:00,10.0,7,165.04,5012.88,ESTEBAN MENESES,JICAMARCA -> ANCIETA,349.44,1,29.23,87.0,71,0.35,150.24,298.97,1.99,156.5,GNV,-6.26,-4.0,-1.26,Normal,Comportamiento Normal
VE-36,CHS718,SINOTRUK,ZZ3315V3266E1,38.75,1,2026-03-10 00:00:00,2026-03-11 00:00:00,1.0,4,95.9,1195.96,ESTEBAN MENESES,JICAMARCA -> HUAROCHIRI,20.63,1,20.98,58.0,0,0.26,140.19,278.97,1.99,137.81,GNV,2.38,1.73,-0.83,Normal,Comportamiento Normal
VE-36,CHS718,SINOTRUK,ZZ3315V3266E1,38.75,1,2026-03-11 00:00:00,2026-03-12 00:00:00,1.0,10,100.64,2022.66,JOSE HUAMANI AVILA,HUAROCHIRI -> JICAMARCA,175.27,1,20.39,79.0,7,0.29,80.85,160.89,1.99,142.13,GNV,-61.28,-43.12,-4.03,Normal,Comportamiento Normal
VE-36,CHS718,SINOTRUK,ZZ3315V3266E1,38.75,1,2026-03-12 00:00:00,2026-03-13 00:00:00,1.0,8,100.02,2878.34,JOSE HUAMANI AVILA,JICAMARCA -> VILLA,214.35,1,28.51,76.0,35,0.34,128.04,229.19,1.79,150.44,GNV,-22.4,-14.89,-2.07,Normal,Comportamiento Normal
VE-36,CHS718,SINOTRUK,ZZ3315V3266E1,38.75,1,2026-03-13 00:00:00,2026-03-14 00:00:00,1.0,3,72.57,905.02,ESTEBAN MENESES,JICAMARCA -> HUAROCHIRI,187.49,1,28.3,77.0,37,0.43,144.13,257.99,1.79,147.07,GNV,-2.94,-2.0,-1.1,Normal,Comportamiento Normal
VE-36,CHS718,SINOTRUK,ZZ3315V3266E1,38.75,1,2026-03-14 00:00:00,2026-03-16 00:00:00,2.0,3,65.66,2406.23,ESTEBAN MENESES,VILLA -> JICAMARCA,153.03,1,24.48,78.0,8,0.31,116.94,209.32,1.79,141.61,GNV,-24.67,-17.42,-2.19,Normal,Comportamiento Normal
VE-36,CHS718,SINOTRUK,ZZ3315V3266E1,38.75,1,2026-03-16 00:00:00,2026-03-17 00:00:00,1.0,4,102.54,2996.95,ESTEBAN MENESES,JICAMARCA -> HUAROCHIRI,127.0,1,28.26,80.0,21,0.46,156.19,279.58,1.79,150.3,GNV,5.89,3.92,-0.65,Normal,Comportamiento Normal
VE-36,CHS718,SINOTRUK,ZZ3315V3266E1,38.75,1,2026-03-17 00:00:00,2026-03-18 00:00:00,1.0,5,104.65,2719.25,ESTEBAN MENESES,JICAMARCA -> VILLA,187.61,1,26.92,79.0,23,0.37,162.4,290.69,1.79,150.44,GNV,11.96,7.95,-0.35,Normal,Comportamiento Normal
VE-36,CHS718,SINOTRUK,ZZ3315V3266E1,38.75,1,2026-03-18 00:00:00,2026-03-19 00:00:00,1.0,2,61.99,773.07,ESTEBAN MENESES,JICAMARCA -> HUAROCHIRI,189.37,1,27.84,75.0,19,0.37,108.91,194.94,1.79,145.0,GNV,-36.09,-24.89,-2.76,Normal,Comportamiento Normal
VE-36,CHS718,SINOTRUK,ZZ3315V3266E1,38.75,1,2026-03-19 00:00:00,2026-03-20 00:00:00,1.0,4,68.67,856.38,ESTEBAN MENESES,JICAMARCA -> HUAROCHIRI,147.66,1,22.01,78.0,7,0.32,162.38,290.66,1.79,141.61,GNV,20.77,14.66,0.1,Normal,Comportamiento Normal
VE-36,CHS718,SINOTRUK,ZZ3315V3266E1,38.75,1,2026-03-20 00:00:00,2026-03-21 00:00:00,1.0,3,65.18,812.86,ESTEBAN MENESES,JICAMARCA -> HUAROCHIRI,153.36,1,22.59,76.0,7,0.25,126.33,226.13,1.79,141.61,GNV,-15.28,-10.79,-1.72,Normal,Comportamiento Normal
VE-36,CHS718,SINOTRUK,ZZ3315V3266E1,38.75,1,2026-03-21 00:00:00,2026-03-23 00:00:00,2.0,3,67.27,838.92,ESTEBAN MENESES,JICAMARCA -> CONCHAN,191.0,1,30.67,79.0,28,0.31,154.74,276.98,1.79,147.07,GNV,7.67,5.22,-0.56,Normal,Comportamiento Normal
VE-36,CHS718,SINOTRUK,ZZ3315V3266E1,38.75,1,2026-03-23 00:00:00,2026-03-24 00:00:00,1.0,8,63.5,1234.56,JOSE HUAMANI AVILA,JICAMARCA -> ANCIETA,153.81,1,26.0,77.0,24,0.29,146.17,261.64,1.79,141.61,GNV,4.56,3.22,-0.72,Normal,Comportamiento Normal
VE-36,CHS718,SINOTRUK,ZZ3315V3266E1,38.75,1,2026-03-24 00:00:00,2026-03-25 00:00:00,1.0,5,130.5,2822.88,ESTEBAN MENESES,JICAMARCA -> CAJAMARQUILLA,160.41,1,23.21,79.0,26,0.3,145.79,260.96,1.79,147.43,GNV,-1.64,-1.11,-1.03,Normal,Comportamiento Normal
VE-36,CHS718,SINOTRUK,ZZ3315V3266E1,38.75,1,2026-03-25 00:00:00,2026-03-26 00:00:00,1.0,3,62.06,2274.31,ESTEBAN MENESES,JICAMARCA -> ANCIETA,155.84,1,22.69,78.0,20,0.34,104.64,187.3,1.79,141.61,GNV,-36.97,-26.11,-2.81,Normal,Comportamiento Normal
VE-36,CHS718,SINOTRUK,ZZ3315V3266E1,38.75,1,2026-03-26 00:00:00,2026-03-27 00:00:00,1.0,3,99.32,1238.61,ESTEBAN MENESES,JICAMARCA -> HUAROCHIRI,136.15,1,27.43,79.0,18,0.47,131.55,235.47,1.79,142.13,GNV,-10.58,-7.45,-1.48,Normal,Comportamiento Normal
VE-36,CHS718,SINOTRUK,ZZ3315V3266E1,38.75,1,2026-03-27 00:00:00,2026-03-28 00:00:00,1.0,1,31.42,391.84,ESTEBAN MENESES,JICAMARCA -> HUAROCHIRI,179.35,1,18.74,66.0,0,0.21,109.91,196.73,1.79,138.61,GNV,-28.7,-20.71,-2.39,Normal,Comportamiento Normal
VE-36,CHS718,SINOTRUK,ZZ3315V3266E1,38.75,1,2026-03-28 00:00:00,2026-03-31 00:00:00,3.0,6,104.9,2212.38,ESTEBAN MENESES,JICAMARCA -> VILLA,187.07,1,22.29,75.0,8,0.32,130.67,233.89,1.79,147.07,GNV,-16.4,-11.15,-1.77,Normal,Comportamiento Normal
VE-36,CHS718,SINOTRUK,ZZ3315V3266E1,38.75,1,2026-03-31 00:00:00,2026-04-01 00:00:00,1.0,4,65.36,815.1,ESTEBAN MENESES,VILLA -> JICAMARCA,157.18,1,22.5,72.0,3,0.28,148.66,266.1,1.79,141.61,GNV,7.05,4.97,-0.59,Normal,Comportamiento Normal
VE-36,CHS718,SINOTRUK,ZZ3315V3266E1,38.75,1,2026-04-01 00:00:00,2026-04-05 00:00:00,4.0,2,0.0,0.0,ESTEBAN MENESES,CAJAMARQUILLA -> ANCIETA,282.28,1,23.56,78.0,34,0.39,136.7,244.69,1.79,152.11,GNV,-15.41,-10.13,-1.72,Normal,Comportamiento Normal
VE-36,CHS718,SINOTRUK,ZZ3315V3266E1,38.75,1,2026-04-05 00:00:00,2026-04-07 00:00:00,2.0,8,163.36,3717.48,ESTEBAN MENESES,JICAMARCA -> HUAROCHIRI,144.76,1,20.7,77.0,9,0.26,172.25,308.32,1.79,158.37,GNV,13.88,8.77,-0.25,Normal,Comportamiento Normal
VE-36,CHS718,SINOTRUK,ZZ3315V3266E1,38.75,1,2026-04-07 00:00:00,2026-04-08 00:00:00,1.0,3,105.73,1318.55,ESTEBAN MENESES,JICAMARCA -> HUAROCHIRI,190.1,1,23.53,79.0,23,0.31,132.19,236.62,1.79,147.07,GNV,-14.88,-10.12,-1.7,Normal,Comportamiento Normal
VE-36,CHS718,SINOTRUK,ZZ3315V3266E1,38.75,1,2026-04-08 00:00:00,2026-04-09 00:00:00,1.0,4,100.26,1250.34,ESTEBAN MENESES,JICAMARCA -> HUAROCHIRI,173.08,1,20.88,73.0,7,0.2,85.72,153.43,1.79,142.13,GNV,-56.41,-39.69,-3.78,Normal,Comportamiento Normal
VE-36,CHS718,SINOTRUK,ZZ3315V3266E1,38.75,1,2026-04-09 00:00:00,2026-04-10 00:00:00,1.0,3,107.24,1580.95,ESTEBAN MENESES,JICAMARCA -> HUAROCHIRI,169.41,1,21.03,77.0,20,0.23,172.14,308.13,1.79,142.13,GNV,30.01,21.11,0.56,Advertencia,Desviacion Operativa Menor / Eficiencia Conductiva
VE-36,CHS718,SINOTRUK,ZZ3315V3266E1,38.75,1,2026-04-10 00:00:00,2026-04-13 00:00:00,3.0,3,109.47,1625.91,ESTEBAN MENESES,JICAMARCA -> HUAROCHIRI,221.92,1,21.11,74.0,12,0.24,154.5,276.55,1.79,147.07,GNV,7.43,5.05,-0.57,Normal,Comportamiento Normal
VE-36,CHS718,SINOTRUK,ZZ3315V3266E1,38.75,1,2026-04-13 00:00:00,2026-04-15 00:00:00,2.0,8,164.24,3634.17,ESTEBAN MENESES,JICAMARCA -> VILLA,340.96,1,24.52,80.0,49,0.28,138.04,247.09,1.79,156.5,GNV,-18.46,-11.79,-1.88,Normal,Comportamiento Normal
VE-36,CHS718,SINOTRUK,ZZ3315V3266E1,38.75,1,2026-04-15 00:00:00,2026-04-16 00:00:00,1.0,4,99.13,2808.89,ESTEBAN MENESES,JICAMARCA -> HUAROCHIRI,138.94,1,25.74,83.0,19,0.41,151.44,271.07,1.79,147.43,GNV,4.01,2.72,-0.75,Normal,Comportamiento Normal
VE-36,CHS718,SINOTRUK,ZZ3315V3266E1,38.75,1,2026-04-16 00:00:00,2026-04-17 00:00:00,1.0,4,69.16,862.49,ESTEBAN MENESES,JICAMARCA -> HUAROCHIRI,194.65,1,23.72,80.0,22,0.27,128.47,229.96,1.79,147.07,GNV,-18.6,-12.65,-1.88,Normal,Comportamiento Normal
VE-36,CHS718,SINOTRUK,ZZ3315V3266E1,38.75,1,2026-04-17 00:00:00,2026-04-18 00:00:00,1.0,1,32.94,410.79,ESTEBAN MENESES,JICAMARCA -> HUAROCHIRI,121.94,1,20.68,76.0,9,0.28,96.5,172.73,1.79,128.61,GNV,-32.11,-24.97,-2.56,Normal,Comportamiento Normal
VE-36,CHS718,SINOTRUK,ZZ3315V3266E1,38.75,1,2026-04-18 00:00:00,2026-04-20 00:00:00,2.0,2,68.68,856.5,ESTEBAN MENESES,JICAMARCA -> HUAROCHIRI,63.86,1,17.71,62.0,0,0.36,108.53,194.26,1.79,135.29,GNV,-26.76,-19.78,-2.29,Normal,Comportamiento Normal
VE-36,CHS718,SINOTRUK,ZZ3315V3266E1,38.75,1,2026-04-20 00:00:00,2026-04-21 00:00:00,1.0,3,100.59,1799.24,ESTEBAN MENESES,JICAMARCA -> HUAROCHIRI,115.53,1,20.16,69.0,0,0.28,128.75,230.46,1.79,139.18,GNV,-10.43,-7.5,-1.47,Normal,Comportamiento Normal
VE-36,CHS718,SINOTRUK,ZZ3315V3266E1,38.75,1,2026-04-21 00:00:00,2026-04-22 00:00:00,1.0,0,0.0,0.0,DESCONOCIDO,DESCONOCIDA,178.75,1,22.07,78.0,10,0.39,117.11,209.62,1.79,138.61,GNV,-21.5,-15.51,-2.03,Normal,Comportamiento Normal
VE-36,CHS718,SINOTRUK,ZZ3315V3266E1,38.75,1,2026-04-22 00:00:00,2026-04-24 00:00:00,2.0,4,135.51,1944.51,ESTEBAN MENESES,JICAMARCA -> HUAROCHIRI,141.95,1,22.33,79.0,18,0.28,148.56,265.92,1.79,142.13,GNV,6.43,4.52,-0.62,Normal,Comportamiento Normal
VE-36,CHS718,SINOTRUK,ZZ3315V3266E1,38.75,1,2026-04-24 00:00:00,2026-04-25 00:00:00,1.0,3,98.03,1667.76,ESTEBAN MENESES,JICAMARCA -> ANCIETA,140.98,1,21.09,75.0,2,0.25,120.04,214.87,1.79,142.13,GNV,-22.09,-15.54,-2.06,Normal,Comportamiento Normal
VE-36,CHS718,SINOTRUK,ZZ3315V3266E1,38.75,1,2026-04-25 00:00:00,2026-04-27 00:00:00,2.0,3,67.11,836.92,ESTEBAN MENESES,JICAMARCA -> HUAROCHIRI,181.73,1,23.06,80.0,27,0.36,118.68,212.43,1.79,141.61,GNV,-22.93,-16.2,-2.1,Normal,Comportamiento Normal
VE-36,CHS718,SINOTRUK,ZZ3315V3266E1,38.75,1,2026-04-27 00:00:00,2026-04-28 00:00:00,1.0,4,64.72,2371.79,ESTEBAN MENESES,VILLA -> JICAMARCA,123.6,1,19.48,73.0,3,0.21,108.17,193.62,1.79,137.36,GNV,-29.19,-21.25,-2.42,Normal,Comportamiento Normal
VE-36,CHS718,SINOTRUK,ZZ3315V3266E1,38.75,1,2026-04-28 00:00:00,2026-04-30 00:00:00,2.0,7,130.4,3759.07,ESTEBAN MENESES,VILLA -> JICAMARCA,387.91,1,27.16,82.0,56,0.35,137.6,246.3,1.79,156.5,GNV,-18.9,-12.07,-1.9,Normal,Comportamiento Normal
VE-36,CHS718,SINOTRUK,ZZ3315V3266E1,38.75,1,2026-04-30 00:00:00,2026-05-03 00:00:00,3.0,0,0.0,0.0,DESCONOCIDO,DESCONOCIDA,86.96,1,26.36,76.0,11,0.36,115.01,205.86,1.79,132.1,GNV,-17.09,-12.94,-1.81,Normal,Comportamiento Normal
VE-36,CHS718,SINOTRUK,ZZ3315V3266E1,38.75,1,2026-05-03 00:00:00,2026-05-05 00:00:00,2.0,8,197.28,4641.69,ESTEBAN MENESES,JICAMARCA -> ANCIETA,162.87,1,22.8,77.0,25,0.27,130.52,233.63,1.79,158.37,GNV,-27.85,-17.58,-2.35,Normal,Comportamiento Normal
VE-36,CHS718,SINOTRUK,ZZ3315V3266E1,38.75,1,2026-05-05 00:00:00,2026-05-08 00:00:00,3.0,3,70.58,2121.13,ESTEBAN MENESES,CONCHAN -> SAN JUAN,354.49,1,30.56,80.0,83,0.35,126.28,226.04,1.79,154.18,GNV,-27.9,-18.1,-2.35,Normal,Comportamiento Normal
VE-36,CHS718,SINOTRUK,ZZ3315V3266E1,38.75,1,2026-05-08 00:00:00,2026-05-10 00:00:00,2.0,4,106.74,2781.17,ESTEBAN MENESES,JICAMARCA -> ANCIETA,167.62,1,25.0,77.0,26,0.47,141.22,252.78,1.79,147.43,GNV,-6.21,-4.21,-1.26,Normal,Comportamiento Normal
VE-36,CHS718,SINOTRUK,ZZ3315V3266E1,38.75,1,2026-05-10 00:00:00,2026-05-11 00:00:00,1.0,2,67.76,845.03,ESTEBAN MENESES,JICAMARCA -> HUAROCHIRI,19.79,1,23.12,48.0,0,0.33,121.98,218.34,1.79,133.92,GNV,-11.94,-8.92,-1.55,Normal,Comportamiento Normal
VE-36,CHS718,SINOTRUK,ZZ3315V3266E1,38.75,1,2026-05-11 00:00:00,2026-05-12 00:00:00,1.0,4,100.84,1257.57,ESTEBAN MENESES,JICAMARCA -> HUAROCHIRI,132.5,1,20.69,75.0,1,0.19,161.65,289.35,1.79,142.13,GNV,19.52,13.73,0.03,Normal,Comportamiento Normal
VE-36,CHS718,SINOTRUK,ZZ3315V3266E1,38.75,1,2026-05-12 00:00:00,2026-05-13 00:00:00,1.0,4,69.48,866.48,ESTEBAN MENESES,VILLA -> JICAMARCA,149.92,1,20.02,76.0,7,0.37,157.37,281.69,1.79,141.61,GNV,15.76,11.13,-0.16,Normal,Comportamiento Normal
VE-36,CHS718,SINOTRUK,ZZ3315V3266E1,38.75,1,2026-05-13 00:00:00,2026-05-14 00:00:00,1.0,4,66.95,834.93,ESTEBAN MENESES,JICAMARCA -> HUAROCHIRI,164.31,1,23.06,83.0,15,0.34,115.8,207.44,1.79,141.61,GNV,-25.81,-18.23,-2.25,Normal,Comportamiento Normal
VE-36,CHS718,SINOTRUK,ZZ3315V3266E1,38.75,1,2026-05-14 00:00:00,2026-05-15 00:00:00,1.0,3,100.77,1256.7,ESTEBAN MENESES,JICAMARCA -> HUAROCHIRI,141.48,1,23.69,68.0,0,0.32,141.95,254.09,1.79,142.13,GNV,-0.18,-0.13,-0.96,Normal,Comportamiento Normal
VE-36,CHS718,SINOTRUK,ZZ3315V3266E1,38.75,1,2026-05-15 00:00:00,2026-05-18 00:00:00,3.0,1,35.81,446.58,ESTEBAN MENESES,JICAMARCA -> HUAROCHIRI,237.94,1,20.09,72.0,2,0.23,137.96,246.94,1.79,148.95,GNV,-10.99,-7.38,-1.5,Normal,Comportamiento Normal
VE-36,CHS718,SINOTRUK,ZZ3315V3266E1,38.75,1,2026-05-18 00:00:00,2026-05-19 00:00:00,1.0,4,64.67,806.5,ESTEBAN MENESES,HUAROCHIRI -> JICAMARCA,19.08,1,21.12,48.0,0,0.27,145.76,260.91,1.79,135.99,GNV,9.77,7.18,-0.46,Normal,Comportamiento Normal
VE-36,CHS718,SINOTRUK,ZZ3315V3266E1,38.75,1,2026-05-19 00:00:00,2026-05-20 00:00:00,1.0,4,103.36,1721.62,ESTEBAN MENESES,JICAMARCA -> HUAROCHIRI,137.56,1,19.87,73.0,6,0.25,135.92,243.29,1.79,142.13,GNV,-6.21,-4.37,-1.26,Normal,Comportamiento Normal
VE-36,CHS718,SINOTRUK,ZZ3315V3266E1,38.75,1,2026-05-20 00:00:00,2026-05-21 00:00:00,1.0,3,67.77,2114.52,ESTEBAN MENESES,JICAMARCA -> ANCIETA,157.4,1,25.03,74.0,12,0.32,133.14,238.32,1.79,141.61,GNV,-8.47,-5.98,-1.37,Normal,Comportamiento Normal
VE-36,CHS718,SINOTRUK,ZZ3315V3266E1,38.75,1,2026-05-21 00:00:00,2026-05-23 00:00:00,2.0,7,130.26,2097.79,ESTEBAN MENESES,JICAMARCA -> HUAROCHIRI,279.13,1,22.87,77.0,27,0.36,156.83,280.72,1.79,156.5,GNV,0.33,0.21,-0.93,Normal,Comportamiento Normal
VE-36,CHS718,SINOTRUK,ZZ3315V3266E1,38.75,1,2026-05-23 00:00:00,2026-05-24 00:00:00,1.0,0,0.0,0.0,DESCONOCIDO,DESCONOCIDA,135.91,1,23.78,80.0,13,0.24,121.84,218.09,1.79,138.61,GNV,-16.77,-12.1,-1.79,Normal,Comportamiento Normal
VE-36,CHS718,SINOTRUK,ZZ3315V3266E1,38.75,1,2026-05-24 00:00:00,2026-05-26 00:00:00,2.0,6,103.51,2158.3,ESTEBAN MENESES,HUAROCHIRI -> JICAMARCA,108.2,1,23.13,74.0,7,0.35,148.77,266.29,1.79,139.18,GNV,9.59,6.89,-0.47,Normal,Comportamiento Normal
VE-36,CHS718,SINOTRUK,ZZ3315V3266E1,38.75,1,2026-05-26 00:00:00,2026-05-27 00:00:00,1.0,4,102.0,2333.06,ESTEBAN MENESES,VILLA -> JICAMARCA,119.88,1,19.84,75.0,7,0.3,109.24,195.53,1.79,139.18,GNV,-29.94,-21.51,-2.45,Normal,Comportamiento Normal
VE-36,CHS718,SINOTRUK,ZZ3315V3266E1,38.75,1,2026-05-27 00:00:00,2026-06-01 00:00:00,5.0,2,67.4,1062.63,ESTEBAN MENESES,JICAMARCA -> ANCIETA,276.49,1,23.11,77.0,36,0.29,148.15,265.18,1.79,152.11,GNV,-3.96,-2.61,-1.15,Normal,Comportamiento Normal
VE-36,CHS718,SINOTRUK,ZZ3315V3266E1,38.75,1,2026-06-01 00:00:00,2026-06-02 00:00:00,1.0,3,105.25,3023.98,ESTEBAN MENESES,JICAMARCA -> ANCIETA,36.09,1,18.74,60.0,0,0.31,100.73,180.3,1.79,146.86,GNV,-46.13,-31.41,-3.27,Normal,Comportamiento Normal
VE-36,CHS718,SINOTRUK,ZZ3315V3266E1,38.75,1,2026-06-02 00:00:00,2026-06-03 00:00:00,1.0,3,70.86,1377.65,ESTEBAN MENESES,JICAMARCA -> ANCIETA,183.4,1,28.06,80.0,26,0.3,124.43,222.72,1.79,141.61,GNV,-17.18,-12.13,-1.81,Normal,Comportamiento Normal
VE-36,CHS718,SINOTRUK,ZZ3315V3266E1,38.75,1,2026-06-03 00:00:00,2026-06-04 00:00:00,1.0,4,64.49,804.25,ESTEBAN MENESES,HUAROCHIRI -> JICAMARCA,187.43,1,27.51,74.0,6,0.27,142.54,255.14,1.79,147.07,GNV,-4.53,-3.08,-1.18,Normal,Comportamiento Normal
VE-36,CHS718,SINOTRUK,ZZ3315V3266E1,38.75,1,2026-06-04 00:00:00,2026-06-05 00:00:00,1.0,4,104.58,2597.21,ESTEBAN MENESES,JICAMARCA -> ANCIETA,131.99,1,18.74,72.0,2,0.28,135.34,242.25,1.79,142.13,GNV,-6.79,-4.78,-1.29,Normal,Comportamiento Normal
VE-36,CHS718,SINOTRUK,ZZ3315V3266E1,38.75,1,2026-06-05 00:00:00,2026-06-08 00:00:00,3.0,4,67.53,842.16,Luis Esteban Meneses Quispe,JICAMARCA -> SAN JUAN,302.68,1,22.84,81.0,21,0.34,164.99,295.33,1.79,154.18,GNV,10.81,7.01,-0.4,Normal,Comportamiento Normal
VE-36,CHS718,SINOTRUK,ZZ3315V3266E1,38.75,1,2026-06-08 00:00:00,2026-06-09 00:00:00,1.0,3,0.0,0.0,Luis Esteban Meneses Quispe,JICAMARCA -> HUAROCHIRI,84.71,1,25.67,72.0,3,0.37,153.93,275.53,1.79,137.36,GNV,16.57,12.06,-0.12,Normal,Comportamiento Normal
VE-36,CHS718,SINOTRUK,ZZ3315V3266E1,38.75,1,2026-06-09 00:00:00,2026-06-13 00:00:00,4.0,4,0.0,0.0,Luis Esteban Meneses Quispe,JICAMARCA -> HUAROCHIRI,242.93,1,21.99,77.0,26,0.42,162.83,291.46,1.79,154.18,GNV,8.65,5.61,-0.51,Normal,Comportamiento Normal
VE-36,CHS718,SINOTRUK,ZZ3315V3266E1,38.75,1,2026-06-13 00:00:00,2026-06-15 00:00:00,2.0,2,0.0,0.0,Luis Esteban Meneses Quispe,JICAMARCA -> COLLIQUE,81.37,1,26.57,82.0,10,0.35,114.58,205.09,1.79,135.29,GNV,-20.71,-15.31,-1.99,Normal,Comportamiento Normal
VE-36,CHS718,SINOTRUK,ZZ3315V3266E1,38.75,1,2026-06-15 00:00:00,2026-06-16 00:00:00,1.0,4,0.0,0.0,Luis Esteban Meneses Quispe,JICAMARCA -> HUAROCHIRI,119.73,1,29.57,77.0,25,0.41,151.57,271.31,1.79,137.36,GNV,14.21,10.34,-0.23,Normal,Comportamiento Normal
VE-36,CHS718,SINOTRUK,ZZ3315V3266E1,38.75,1,2026-06-16 00:00:00,2026-06-17 00:00:00,1.0,3,0.0,0.0,Luis Esteban Meneses Quispe,HUAROCHIRI -> JICAMARCA,203.75,1,23.49,75.0,10,0.25,132.05,236.36,1.79,147.07,GNV,-15.02,-10.21,-1.7,Normal,Comportamiento Normal
VE-36,CHS718,SINOTRUK,ZZ3315V3266E1,38.75,1,2026-06-17 00:00:00,2026-06-18 00:00:00,1.0,3,0.0,0.0,Luis Esteban Meneses Quispe,VILLA -> JICAMARCA,166.57,1,22.88,71.0,4,0.3,133.85,239.59,1.79,141.61,GNV,-7.76,-5.48,-1.34,Normal,Comportamiento Normal
VE-36,CHS718,SINOTRUK,ZZ3315V3266E1,38.75,1,2026-06-18 00:00:00,2026-06-19 00:00:00,1.0,4,0.0,0.0,Luis Esteban Meneses Quispe,ANCIETA -> JICAMARCA,183.53,1,26.94,76.0,20,0.26,151.08,270.43,1.79,141.61,GNV,9.47,6.68,-0.47,Normal,Comportamiento Normal
VE-36,CHS718,SINOTRUK,ZZ3315V3266E1,38.75,1,2026-06-19 00:00:00,2026-06-22 00:00:00,3.0,0,0.0,0.0,DESCONOCIDO,DESCONOCIDA,231.99,1,25.27,72.0,5,0.36,150.52,269.43,1.79,144.74,GNV,5.78,3.99,-0.66,Normal,Comportamiento Normal
VE-36,CHS718,SINOTRUK,ZZ3315V3266E1,38.75,1,2026-06-22 00:00:00,2026-06-23 00:00:00,1.0,0,0.0,0.0,DESCONOCIDO,DESCONOCIDA,70.13,1,18.28,65.0,0,0.22,163.72,293.05,1.79,132.1,GNV,31.62,23.94,0.64,Advertencia,Desviacion Operativa Menor / Eficiencia Conductiva
VE-37,CHW782,SINOTRUK,ZZ3315V3266E1,38.75,1,2026-02-14 00:00:00,2026-02-16 00:00:00,2.0,2,0.0,0.0,BRAULIO TAPARA,MATERIALES -> SAN LORENZO ,12.9,0,0.0,0.0,0,0.0,59.63,98.39,1.65,133.92,GNV,-74.29,-55.47,-4.68,Normal,Comportamiento Normal
VE-37,CHW782,SINOTRUK,ZZ3315V3266E1,38.75,1,2026-02-16 00:00:00,2026-02-20 00:00:00,4.0,2,76.28,2530.81,BRAULIO TAPARA,COLLIQUE -> MEIGGS,66.26,0,0.0,0.0,0,0.0,116.15,191.65,1.65,135.29,GNV,-19.14,-14.15,-1.91,Normal,Comportamiento Normal
VE-37,CHW782,SINOTRUK,ZZ3315V3266E1,38.75,1,2026-02-20 00:00:00,2026-03-10 00:00:00,18.0,11,0.0,0.0,BRAULIO TAPARA,PORTILLO -> ANCIETA,345.62,1,25.98,91.0,32,0.46,177.09,309.91,1.75,156.5,GNV,20.59,13.16,0.09,Normal,Comportamiento Normal
VE-37,CHW782,SINOTRUK,ZZ3315V3266E1,38.75,1,2026-03-10 00:00:00,2026-03-16 00:00:00,6.0,4,0.0,0.0,BRAULIO TAPARA,PORTILLO -> ANCIETA,680.91,1,24.42,99.0,99,0.47,142.88,262.9,1.84,154.18,GNV,-11.3,-7.33,-1.52,Normal,Comportamiento Normal
VE-37,CHW782,SINOTRUK,ZZ3315V3266E1,38.75,1,2026-03-16 00:00:00,2026-03-21 00:00:00,5.0,15,0.0,0.0,BRAULIO TAPARA,PORTILLO -> ANCIETA,871.07,1,27.3,91.0,70,0.33,148.35,272.96,1.84,156.5,GNV,-8.15,-5.21,-1.36,Normal,Comportamiento Normal
VE-37,CHW782,SINOTRUK,ZZ3315V3266E1,38.75,1,2026-03-21 00:00:00,2026-03-24 00:00:00,3.0,7,0.0,0.0,BRAULIO TAPARA,PORTILLO -> ANCIETA,500.98,1,30.34,96.0,109,0.25,183.42,355.83,2.04,156.5,GNV,26.92,17.2,0.41,Advertencia,Estilo de Conduccion Agresivo (Excesos de Velocidad)
VE-37,CHW782,SINOTRUK,ZZ3315V3266E1,38.75,1,2026-03-24 00:00:00,2026-03-25 00:00:00,1.0,3,0.0,0.0,BRAULIO TAPARA,PORTILLO -> ANCIETA,239.95,1,29.18,84.0,18,0.26,136.35,264.51,2.04,154.18,GNV,-17.83,-11.57,-1.84,Normal,Comportamiento Normal
VE-37,CHW782,SINOTRUK,ZZ3315V3266E1,38.75,1,2026-03-25 00:00:00,2026-03-26 00:00:00,1.0,4,0.0,0.0,BRAULIO TAPARA,PORTILLO -> ANCIETA,177.54,1,26.71,77.0,8,0.4,121.36,235.43,2.04,141.61,GNV,-20.25,-14.3,-1.97,Normal,Comportamiento Normal
VE-37,CHW782,SINOTRUK,ZZ3315V3266E1,38.75,1,2026-03-26 00:00:00,2026-03-27 00:00:00,1.0,1,0.0,0.0,BRAULIO TAPARA,PORTILLO -> ANCIETA,181.53,1,24.7,73.0,1,0.34,132.94,257.9,2.04,138.61,GNV,-5.67,-4.09,-1.23,Normal,Comportamiento Normal
VE-37,CHW782,SINOTRUK,ZZ3315V3266E1,38.75,1,2026-03-27 00:00:00,2026-03-30 00:00:00,3.0,5,0.0,0.0,BRAULIO TAPARA,PORTILLO -> ANCIETA,312.77,1,24.36,89.0,38,0.35,157.55,305.64,2.04,156.5,GNV,1.05,0.67,-0.89,Normal,Comportamiento Normal
VE-37,CHW782,SINOTRUK,ZZ3315V3266E1,38.75,1,2026-03-30 00:00:00,2026-03-31 00:00:00,1.0,4,0.0,0.0,BRAULIO TAPARA,PORTILLO -> ANCIETA,202.76,1,27.99,95.0,62,0.29,153.26,297.32,2.04,147.07,GNV,6.19,4.21,-0.64,Normal,Comportamiento Normal
VE-37,CHW782,SINOTRUK,ZZ3315V3266E1,38.75,1,2026-03-31 00:00:00,2026-04-01 00:00:00,1.0,5,0.0,0.0,BRAULIO TAPARA,PORTILLO -> ANCIETA,215.1,1,25.33,78.0,2,0.35,146.75,284.69,2.04,147.07,GNV,-0.32,-0.22,-0.96,Normal,Comportamiento Normal
VE-37,CHW782,SINOTRUK,ZZ3315V3266E1,38.75,1,2026-04-01 00:00:00,2026-04-06 00:00:00,5.0,6,0.0,0.0,BRAULIO TAPARA,PORTILLO -> ANCIETA,355.86,1,26.67,83.0,14,0.22,170.0,329.8,2.04,156.5,GNV,13.5,8.63,-0.27,Normal,Comportamiento Normal
VE-37,CHW782,SINOTRUK,ZZ3315V3266E1,38.75,1,2026-04-06 00:00:00,2026-04-07 00:00:00,1.0,4,0.0,0.0,BRAULIO TAPARA,PORTILLO -> ANCIETA,130.69,1,24.19,66.0,0,0.3,184.3,357.54,2.04,141.61,GNV,42.69,30.14,1.2,Critico,Sospecha de Fuga o Extraccion Injustificada de Combustible
VE-37,CHW782,SINOTRUK,ZZ3315V3266E1,38.75,1,2026-04-07 00:00:00,2026-04-08 00:00:00,1.0,4,0.0,0.0,BRAULIO TAPARA,PORTILLO -> ANCIETA,206.46,1,26.34,84.0,6,0.34,145.87,282.98,2.04,147.07,GNV,-1.2,-0.81,-1.01,Normal,Comportamiento Normal
VE-37,CHW782,SINOTRUK,ZZ3315V3266E1,38.75,1,2026-04-08 00:00:00,2026-04-10 00:00:00,2.0,8,0.0,0.0,BRAULIO TAPARA,PORTILLO -> VILLA 2,397.34,1,25.83,83.0,8,0.38,173.66,336.89,2.04,156.5,GNV,17.16,10.97,-0.09,Normal,Comportamiento Normal
VE-37,CHW782,SINOTRUK,ZZ3315V3266E1,38.75,1,2026-04-10 00:00:00,2026-04-12 00:00:00,2.0,4,0.0,0.0,BRAULIO TAPARA,PORTILLO -> ,323.73,1,27.7,90.0,44,0.54,129.18,224.77,1.74,154.18,GNV,-25.0,-16.22,-2.2,Normal,Comportamiento Normal
VE-37,CHW782,SINOTRUK,ZZ3315V3266E1,38.75,1,2026-04-12 00:00:00,2026-04-14 00:00:00,2.0,9,0.0,0.0,BRAULIO TAPARA,PORTILLO -> ANCIETA,278.0,1,29.04,96.0,56,0.27,193.09,374.59,2.04,156.5,GNV,36.59,23.38,0.89,Advertencia,Estilo de Conduccion Agresivo (Excesos de Velocidad)
VE-37,CHW782,SINOTRUK,ZZ3315V3266E1,38.75,1,2026-04-14 00:00:00,2026-04-18 00:00:00,4.0,1,0.0,0.0,BRAULIO TAPARA,PORTILLO -> FLOR DE NIEVE,189.38,1,27.01,81.0,6,0.28,187.59,363.92,2.04,144.74,GNV,42.85,29.6,1.21,Advertencia,Sospecha de Fuga o Extraccion Injustificada de Combustible
VE-37,CHW782,SINOTRUK,ZZ3315V3266E1,38.75,1,2026-04-18 00:00:00,2026-04-20 00:00:00,2.0,1,0.0,0.0,BRAULIO TAPARA,PORTILLO -> FLOR DE NIEVE,163.06,1,30.01,98.0,47,0.48,182.1,353.27,2.04,138.61,GNV,43.49,31.38,1.24,Critico,Falla Mecanica / Requiere Mantenimiento Preventivo
VE-37,CHW782,SINOTRUK,ZZ3315V3266E1,38.75,1,2026-04-20 00:00:00,2026-04-22 00:00:00,2.0,3,0.0,0.0,CELSO FLORES,PORTILLO -> ,198.38,1,26.8,93.0,30,0.37,122.26,237.18,2.04,147.07,GNV,-24.81,-16.87,-2.19,Normal,Comportamiento Normal
VE-37,CHW782,SINOTRUK,ZZ3315V3266E1,38.75,1,2026-04-22 00:00:00,2026-04-24 00:00:00,2.0,3,0.0,0.0,CELSO FLORES,PORTILLO -> ,163.35,1,24.66,70.0,0,0.35,134.59,261.1,2.04,141.61,GNV,-7.02,-4.96,-1.3,Normal,Comportamiento Normal
VE-37,CHW782,SINOTRUK,ZZ3315V3266E1,38.75,1,2026-04-24 00:00:00,2026-04-28 00:00:00,4.0,3,0.0,0.0,CELSO FLORES,PORTILLO -> ,190.96,1,25.16,77.0,3,0.37,165.12,320.33,2.04,147.07,GNV,18.05,12.28,-0.04,Normal,Comportamiento Normal
VE-37,CHW782,SINOTRUK,ZZ3315V3266E1,38.75,1,2026-04-28 00:00:00,2026-04-29 00:00:00,1.0,3,0.0,0.0,CELSO FLORES,PORTILLO -> ,180.77,1,26.68,73.0,3,0.31,162.39,315.03,2.04,141.61,GNV,20.78,14.67,0.1,Normal,Comportamiento Normal
VE-37,CHW782,SINOTRUK,ZZ3315V3266E1,38.75,1,2026-04-29 00:00:00,2026-05-04 00:00:00,5.0,5,0.0,0.0,CELSO FLORES,PORTILLO -> ,358.03,1,26.31,89.0,25,0.28,153.64,298.06,2.04,156.5,GNV,-2.86,-1.83,-1.09,Normal,Comportamiento Normal
VE-37,CHW782,SINOTRUK,ZZ3315V3266E1,38.75,1,2026-05-04 00:00:00,2026-05-05 00:00:00,1.0,2,0.0,0.0,CELSO FLORES,PORTILLO -> ,261.51,1,29.4,89.0,53,0.27,163.88,317.92,2.04,152.11,GNV,11.77,7.74,-0.36,Normal,Comportamiento Normal
VE-37,CHW782,SINOTRUK,ZZ3315V3266E1,38.75,1,2026-05-05 00:00:00,2026-05-06 00:00:00,1.0,3,0.0,0.0,CELSO FLORES,PORTILLO -> ,207.46,1,26.41,71.0,1,0.27,140.89,273.32,2.04,147.07,GNV,-6.18,-4.2,-1.26,Normal,Comportamiento Normal
VE-37,CHW782,SINOTRUK,ZZ3315V3266E1,38.75,1,2026-05-06 00:00:00,2026-05-07 00:00:00,1.0,2,0.0,0.0,CELSO FLORES,PORTILLO -> ,176.74,1,25.84,72.0,1,0.37,127.63,247.6,2.04,139.54,GNV,-11.91,-8.54,-1.55,Normal,Comportamiento Normal
VE-37,CHW782,SINOTRUK,ZZ3315V3266E1,38.75,1,2026-05-07 00:00:00,2026-05-08 00:00:00,1.0,2,0.0,0.0,CELSO FLORES,PORTILLO -> ,159.03,1,25.64,80.0,5,0.37,117.41,227.77,2.04,139.54,GNV,-22.13,-15.86,-2.06,Normal,Comportamiento Normal
VE-37,CHW782,SINOTRUK,ZZ3315V3266E1,38.75,1,2026-05-08 00:00:00,2026-05-11 00:00:00,3.0,4,0.0,0.0,CELSO FLORES,PORTILLO -> ,271.88,1,25.77,72.0,2,0.29,171.33,332.38,2.04,154.18,GNV,17.15,11.12,-0.09,Normal,Comportamiento Normal
VE-37,CHW782,SINOTRUK,ZZ3315V3266E1,38.75,1,2026-05-11 00:00:00,2026-05-12 00:00:00,1.0,3,0.0,0.0,CELSO FLORES,PORTILLO -> ,98.45,1,25.33,70.0,0,0.31,123.44,239.47,2.04,137.36,GNV,-13.92,-10.14,-1.65,Normal,Comportamiento Normal
VE-37,CHW782,SINOTRUK,ZZ3315V3266E1,38.75,1,2026-05-12 00:00:00,2026-05-13 00:00:00,1.0,2,0.0,0.0,CELSO FLORES,PORTILLO -> ,149.98,1,25.74,75.0,3,0.36,121.91,236.5,2.04,139.54,GNV,-17.63,-12.64,-1.83,Normal,Comportamiento Normal
VE-37,CHW782,SINOTRUK,ZZ3315V3266E1,38.75,1,2026-05-13 00:00:00,2026-05-14 00:00:00,1.0,2,0.0,0.0,CELSO FLORES,PORTILLO -> ,154.97,1,25.1,68.0,0,0.34,107.42,208.39,2.04,139.54,GNV,-32.12,-23.02,-2.56,Normal,Comportamiento Normal
VE-37,CHW782,SINOTRUK,ZZ3315V3266E1,38.75,1,2026-05-14 00:00:00,2026-05-15 00:00:00,1.0,2,0.0,0.0,CELSO FLORES,PORTILLO -> ,127.41,1,24.06,78.0,4,0.41,103.71,201.19,2.04,135.29,GNV,-31.58,-23.34,-2.54,Normal,Comportamiento Normal
VE-37,CHW782,SINOTRUK,ZZ3315V3266E1,38.75,1,2026-05-15 00:00:00,2026-05-18 00:00:00,3.0,4,0.0,0.0,CELSO FLORES,PORTILLO -> ,211.18,1,25.02,79.0,4,0.32,156.06,302.75,2.04,147.07,GNV,8.99,6.11,-0.5,Normal,Comportamiento Normal
VE-37,CHW782,SINOTRUK,ZZ3315V3266E1,38.75,1,2026-05-18 00:00:00,2026-05-19 00:00:00,1.0,2,0.0,0.0,CELSO FLORES,PORTILLO -> ,124.1,1,23.7,64.0,0,0.28,109.89,213.18,2.04,135.29,GNV,-25.4,-18.78,-2.22,Normal,Comportamiento Normal
VE-37,CHW782,SINOTRUK,ZZ3315V3266E1,38.75,1,2026-05-19 00:00:00,2026-05-21 00:00:00,2.0,4,0.0,0.0,CELSO FLORES,PORTILLO -> ,250.74,1,23.78,72.0,2,0.31,184.05,357.05,2.04,154.18,GNV,29.87,19.37,0.55,Advertencia,Desviacion Operativa Menor / Eficiencia Conductiva
VE-37,CHW782,SINOTRUK,ZZ3315V3266E1,38.75,1,2026-05-21 00:00:00,2026-05-25 00:00:00,4.0,4,0.0,0.0,CELSO FLORES,PORTILLO -> ,335.84,1,25.02,76.0,24,0.42,112.2,217.66,2.04,154.18,GNV,-41.98,-27.23,-3.06,Normal,Comportamiento Normal
VE-37,CHW782,SINOTRUK,ZZ3315V3266E1,38.75,1,2026-05-25 00:00:00,2026-05-27 00:00:00,2.0,5,0.0,0.0,CELSO FLORES,PORTILLO -> ,320.99,1,28.07,85.0,49,0.28,183.15,355.3,2.04,156.5,GNV,26.65,17.03,0.39,Advertencia,Estilo de Conduccion Agresivo (Excesos de Velocidad)
VE-37,CHW782,SINOTRUK,ZZ3315V3266E1,38.75,1,2026-05-27 00:00:00,2026-06-01 00:00:00,5.0,8,153.38,5716.56,CELSO FLORES,PORTILLO -> ,626.57,1,25.87,92.0,87,0.27,126.35,245.11,2.04,156.5,GNV,-30.15,-19.26,-2.46,Normal,Comportamiento Normal
VE-37,CHW782,SINOTRUK,ZZ3315V3266E1,38.75,1,2026-06-01 00:00:00,2026-06-02 00:00:00,1.0,2,0.0,0.0,CELSO FLORES,PORTILLO -> ,195.44,1,31.22,89.0,35,0.22,175.93,341.3,2.04,145.0,GNV,30.93,21.33,0.61,Advertencia,Estilo de Conduccion Agresivo (Excesos de Velocidad)
VE-37,CHW782,SINOTRUK,ZZ3315V3266E1,38.75,1,2026-06-02 00:00:00,2026-06-05 00:00:00,3.0,4,0.0,0.0,CELSO FLORES,CONCHAN -> ,141.65,1,21.5,74.0,1,0.36,100.14,194.27,2.04,141.61,GNV,-41.47,-29.29,-3.03,Normal,Comportamiento Normal
VE-37,CHW782,SINOTRUK,ZZ3315V3266E1,38.75,1,2026-06-05 00:00:00,2026-06-08 00:00:00,3.0,2,0.0,0.0,CELSO FLORES,PORTILLO -> ,30.17,1,13.75,50.0,0,0.57,93.93,182.22,2.04,133.92,GNV,-39.99,-29.86,-2.96,Normal,Comportamiento Normal
VE-37,CHW782,SINOTRUK,ZZ3315V3266E1,38.75,1,2026-06-08 00:00:00,2026-06-09 00:00:00,1.0,2,0.0,0.0,CELSO FLORES,PORTILLO -> ,124.63,1,23.93,72.0,2,0.43,121.44,235.59,2.04,135.29,GNV,-13.85,-10.24,-1.64,Normal,Comportamiento Normal
VE-37,CHW782,SINOTRUK,ZZ3315V3266E1,38.75,1,2026-06-09 00:00:00,2026-06-10 00:00:00,1.0,2,0.0,0.0,Celso Sebastian Flores Gambini,PORTILLO -> STOCK 3,155.95,1,24.31,66.0,0,0.33,118.94,230.74,2.04,139.54,GNV,-20.6,-14.77,-1.98,Normal,Comportamiento Normal
VE-37,CHW782,SINOTRUK,ZZ3315V3266E1,38.75,1,2026-06-10 00:00:00,2026-06-11 00:00:00,1.0,2,0.0,0.0,Celso Sebastian Flores Gambini,PORTILLO -> STOCK 3,154.76,1,24.33,68.0,0,0.31,111.03,215.4,2.04,139.54,GNV,-28.51,-20.43,-2.38,Normal,Comportamiento Normal
VE-37,CHW782,SINOTRUK,ZZ3315V3266E1,38.75,1,2026-06-11 00:00:00,2026-06-12 00:00:00,1.0,2,0.0,0.0,Celso Sebastian Flores Gambini,PORTILLO -> STOCK 3,136.44,1,24.32,68.0,0,0.38,102.12,198.11,2.04,139.54,GNV,-37.42,-26.82,-2.83,Normal,Comportamiento Normal
VE-37,CHW782,SINOTRUK,ZZ3315V3266E1,38.75,1,2026-06-12 00:00:00,2026-06-15 00:00:00,3.0,3,0.0,0.0,Celso Sebastian Flores Gambini,PORTILLO -> STOCK 3,224.23,1,27.24,98.0,14,0.31,102.59,199.02,2.04,147.07,GNV,-44.48,-30.24,-3.18,Normal,Comportamiento Normal
VE-37,CHW782,SINOTRUK,ZZ3315V3266E1,38.75,1,2026-06-15 00:00:00,2026-06-16 00:00:00,1.0,2,0.0,0.0,Celso Sebastian Flores Gambini,PORTILLO -> STOCK 3,230.39,1,29.66,92.0,52,0.3,121.48,235.66,2.04,145.0,GNV,-23.52,-16.22,-2.13,Normal,Comportamiento Normal
VE-37,CHW782,SINOTRUK,ZZ3315V3266E1,38.75,1,2026-06-16 00:00:00,2026-06-17 00:00:00,1.0,3,0.0,0.0,Celso Sebastian Flores Gambini,PORTILLO -> STOCK 3,155.43,1,24.1,70.0,0,0.26,131.12,254.37,2.04,141.61,GNV,-10.49,-7.41,-1.48,Normal,Comportamiento Normal
VE-37,CHW782,SINOTRUK,ZZ3315V3266E1,38.75,1,2026-06-17 00:00:00,2026-06-18 00:00:00,1.0,2,0.0,0.0,Celso Sebastian Flores Gambini,PORTILLO -> STOCK 4,172.47,1,22.38,62.0,0,0.23,116.28,225.58,2.04,139.54,GNV,-23.26,-16.67,-2.12,Normal,Comportamiento Normal
VE-37,CHW782,SINOTRUK,ZZ3315V3266E1,38.75,1,2026-06-18 00:00:00,2026-06-19 00:00:00,1.0,2,0.0,0.0,Celso Sebastian Flores Gambini,PORTILLO -> STOCK 3,154.98,1,22.25,50.0,0,0.28,100.27,194.52,2.04,139.54,GNV,-39.27,-28.14,-2.92,Normal,Comportamiento Normal
VE-37,CHW782,SINOTRUK,ZZ3315V3266E1,38.75,1,2026-06-19 00:00:00,2026-06-20 00:00:00,1.0,2,0.0,0.0,Celso Sebastian Flores Gambini,PORTILLO -> STOCK 4,126.64,1,24.42,50.0,0,0.21,158.77,308.01,2.04,135.29,GNV,23.48,17.35,0.23,Advertencia,Desviacion Operativa Menor / Eficiencia Conductiva
VE-37,CHW782,SINOTRUK,ZZ3315V3266E1,38.75,1,2026-06-20 00:00:00,2026-06-23 00:00:00,3.0,3,0.0,0.0,Celso Sebastian Flores Gambini,PORTILLO -> STOCK 3,240.53,1,28.23,87.0,27,0.21,95.26,184.8,2.04,154.18,GNV,-58.92,-38.22,-3.91,Normal,Comportamiento Normal
VE-37,CHW782,SINOTRUK,ZZ3315V3266E1,38.75,1,2026-06-23 00:00:00,2026-06-24 00:00:00,1.0,3,0.0,0.0,Celso Sebastian Flores Gambini,PORTILLO -> STOCK 3,128.54,1,21.83,50.0,0,0.22,124.58,241.68,2.04,137.36,GNV,-12.78,-9.31,-1.59,Normal,Comportamiento Normal
VE-37,CHW782,SINOTRUK,ZZ3315V3266E1,38.75,1,2026-06-24 00:00:00,2026-06-25 00:00:00,1.0,3,0.0,0.0,Celso Sebastian Flores Gambini,PORTILLO -> STOCK 3,174.9,1,23.12,61.0,0,0.2,141.88,275.24,2.04,141.61,GNV,0.27,0.19,-0.93,Normal,Comportamiento Normal
VE-37,CHW782,SINOTRUK,ZZ3315V3266E1,38.75,1,2026-06-25 00:00:00,2026-06-26 00:00:00,1.0,2,0.0,0.0,Celso Sebastian Flores Gambini,PORTILLO -> STOCK 3,186.35,1,24.63,62.0,0,0.19,114.72,222.55,2.04,145.0,GNV,-30.28,-20.88,-2.47,Normal,Comportamiento Normal
VE-37,CHW782,SINOTRUK,ZZ3315V3266E1,38.75,1,2026-06-26 00:00:00,2026-06-30 00:00:00,4.0,4,0.0,0.0,Celso Sebastian Flores Gambini,PORTILLO -> FLOR DE NIEVE,242.71,1,20.95,51.0,0,0.21,140.61,272.78,2.04,154.18,GNV,-13.57,-8.8,-1.63,Normal,Comportamiento Normal
VE-37,CHW782,SINOTRUK,ZZ3315V3266E1,38.75,1,2026-06-30 00:00:00,2026-07-01 00:00:00,1.0,0,0.0,0.0,DESCONOCIDO,DESCONOCIDA,157.58,1,22.32,59.0,0,0.25,167.76,325.45,2.04,138.61,GNV,29.15,21.03,0.52,Advertencia,Desviacion Operativa Menor / Eficiencia Conductiva
VE-37,CHW782,SINOTRUK,ZZ3315V3266E1,38.75,1,2026-07-01 00:00:00,2026-07-02 00:00:00,1.0,0,0.0,0.0,DESCONOCIDO,DESCONOCIDA,161.31,1,23.13,63.0,0,0.22,120.84,234.43,2.04,138.61,GNV,-17.77,-12.82,-1.84,Normal,Comportamiento Normal
VE-37,CHW782,SINOTRUK,ZZ3315V3266E1,38.75,1,2026-07-02 00:00:00,2026-07-03 00:00:00,1.0,0,0.0,0.0,DESCONOCIDO,DESCONOCIDA,158.43,1,22.54,60.0,0,0.24,116.92,226.82,2.04,138.61,GNV,-21.69,-15.65,-2.04,Normal,Comportamiento Normal
VE-37,CHW782,SINOTRUK,ZZ3315V3266E1,38.75,1,2026-07-03 00:00:00,2026-07-06 00:00:00,3.0,0,0.0,0.0,DESCONOCIDO,DESCONOCIDA,382.17,1,27.33,91.0,83,0.2,166.8,323.59,2.04,152.44,GNV,14.36,9.42,-0.23,Normal,Comportamiento Normal
