fecha,factura,placa,m3,precio_unitario,monto_total,km_recorridos
2024-02-19,F014-00001669,CBA709,157.01,1.73,271.62,
2024-02-19,F014-00001669,CBA709,115.29,1.73,199.45,
2025-01-02,F503-19052,BZR781,111.94,1.65,184.7,
2025-01-06,F502-30875,BZR752,71.02,1.65,117.18,
2025-01-12,F502-31025,CBR872,100.02,1.65,165.03,
2025-01-16,F503-19354,CBR846,204.34,1.65,337.16,
2025-01-19,F503-19416,CAZ895,140.84,1.65,232.39,
2025-01-30,F014-00001638,AYM897,124.41,1.73,215.22,
2025-01-31,F014-00001640,AYM897,125.43,1.73,216.99,
2025-02-04,F014-00001645,CBA709,143.84,1.73,248.84,
2025-02-07,F014-00001649,CBA709,137.13,1.73,237.23,
2025-02-13,F014-00001653,CBA709,47.23,1.73,81.71,
2025-02-13,F014-00001655,CBA709,121.63,1.73,210.41,
2025-02-18,F014-00001660,BZR940,201.84,1.73,349.18,
2025-02-18,F014-00001661,CBA709,194.16,1.73,335.89,
2025-02-18,F014-00001663,BZR752,188.46,1.73,326.03,
2025-02-20,F014-00001673,BZR940,148.52,1.73,256.93,
2025-02-21,F014-00001678,BZR752,187.29,1.73,324.01,
2025-02-22,F014-00001679,BZR940,195.73,1.73,338.61,
2025-02-24,F014-00001684,BZR940,164.22,1.73,284.1,
2025-02-25,F014-00001685,CBA709,161.8,1.73,279.91,
2025-02-25,F014-00001686,BZR940,95.2,1.73,164.69,
2025-02-26,F014-00001690,BZR752,165.79,1.73,286.81,
2025-02-27,F014-00001693,BZR752,188.5,1.73,326.1,
2025-02-28,F014-00001697,CBA709,149.83,1.73,259.2,
2025-02-28,F014-00001698,BZR752,145.67,1.73,252.0,
2025-03-01,F014-00001700,BZR940,137.49,1.73,237.85,
2025-03-02,F014-00001702,BZR752,159.49,1.73,275.91,
2025-03-03,F014-00001706,BZR752,157.37,1.73,272.25,
2025-03-04,F014-00001707,BZR940,12.13,1.73,21.0,
2025-03-04,F014-00001708,BZR940,207.59,1.73,359.13,
2025-03-05,F014-00001712,BZR940,156.47,1.73,270.69,
2025-03-05,F014-00001713,BZR752,181.43,1.73,313.87,
2025-03-06,F014-00001717,BZR940,146.27,1.73,253.04,
2025-03-06,F014-00001718,BZR752,195.3,1.73,337.86,
2025-03-08,F014-00001726,BZR940,230.57,1.73,398.88,
2025-03-10,F014-00001731,BZR940,139.24,1.73,240.88,
2025-03-11,F014-00001732,BZR752,193.8,1.73,335.27,
2025-03-11,F014-00001734,BZR940,126.01,1.73,218.0,
2025-03-11,F014-00001736,BZR752,186.68,1.73,322.95,
2025-03-12,F014-00001738,CBA709,115.6,1.73,200.0,
2025-03-12,F014-00001741,BZR940,218.88,1.73,378.66,
2025-03-13,F014-00001743,BZR752,170.82,1.73,295.51,
2025-03-13,F014-00001747,CBA709,145.2,1.73,251.19,
2025-03-14,F014-00001749,BZR752,172.54,1.73,203.6,
2025-04-01,F014-00001829,CCL847,14.4,1.73,24.91,
2025-04-05,F014-00001854,BZR752,59.81,1.73,103.47,
2025-04-05,F014-00001855,BZR940,186.0,1.73,321.78,
2025-04-06,F014-00001856,BYP824,142.62,1.73,246.73,
2025-04-08,F014-00001864,CCL847,161.81,1.73,279.93,
2025-04-08,F014-00001867,BZR940,203.44,1.73,351.95,
2025-04-08,F014-00001868,BYP824,239.05,1.73,413.55,
2025-04-09,F014-00001873,BYP824,29.7,1.73,51.38,
2025-04-10,F014-00001881,BZR940,191.87,1.73,331.93,
2025-04-10,F014-00001884,BYP824,157.62,1.73,272.68,
2025-04-10,F014-00001885,CCL847,164.66,1.73,284.86,
2025-04-11,F014-00001891,CCL847,128.8,1.73,222.82,
2025-04-11,F014-00001892,BYP824,192.82,1.73,333.57,
2025-04-11,F014-00001893,CBA709,134.25,1.73,232.25,
2025-04-11,F014-00001894,BZR940,243.13,1.73,420.61,
2025-04-12,F014-00001900,CCL847,126.98,1.73,219.67,
2025-04-14,F014-00001905,BZR940,194.82,1.73,337.03,
2025-04-14,F014-00001906,BYP824,171.25,1.73,296.26,
2025-04-14,F110-00002247,CCL847,119.0,1.73,205.87,
2025-04-15,F014-00001907,CCL847,140.63,1.73,243.28,
2025-04-15,F014-00001908,BZR940,160.61,1.73,277.85,
2025-04-15,F014-00001909,CBA709,117.42,1.73,203.13,
2025-04-15,F014-00001910,BYP824,190.67,1.73,329.85,
2025-04-16,F014-00001913,BZR940,152.08,1.73,263.09,
2025-04-16,F014-00001915,BYP824,149.32,1.73,258.32,
2025-04-20,F014-00001922,BYP824,169.4,1.73,293.06,
2025-04-21,F014-00001924,BZR940,154.0,1.73,266.42,
2025-04-21,F014-00001928,BYP824,151.77,1.73,262.56,
2025-04-22,F014-00001930,BZR940,214.98,1.73,371.91,
2025-04-22,F014-00001933,BZR940,117.06,1.73,202.51,
2025-04-22,F014-00001934,BYP824,185.37,1.73,320.69,
2025-04-22,F014-00001936,CCL847,137.87,1.73,238.51,
2025-04-23,F014-00001944,BZR940,181.95,1.73,314.77,
2025-04-24,F014-00001949,BYP824,117.34,1.73,203.0,
2025-04-24,F014-00001950,CCL847,167.89,1.73,290.44,
2025-04-24,F014-00001951,BZR940,204.2,1.73,353.26,
2025-04-25,F014-00001953,CBA709,180.48,1.73,312.23,
2025-04-25,F014-00001954,BYP824,115.31,1.73,199.48,
2025-04-25,F014-00001957,CCL847,143.56,1.73,248.35,
2025-04-25,F014-00001958,BYP824,138.41,1.73,239.44,
2025-04-26,F014-00001962,CBA709,174.18,1.73,301.33,
2025-04-26,F014-00001964,BZR940,190.34,1.73,329.28,
2025-04-26,F014-00001965,CCL847,182.33,1.73,315.43,
2025-04-26,F014-00001966,BZR940,180.0,1.73,311.4,
2025-04-27,F014-00001967,BYP824,200.56,1.73,346.96,
2025-04-28,F014-00001971,CCL847,137.51,1.73,237.89,
2025-04-28,F014-00001972,BYP824,221.67,1.73,383.48,
2025-04-29,F014-00001973,BZR940,209.0,1.73,361.57,
2025-04-29,F014-00001974,CCL847,152.74,1.73,264.24,
2025-04-29,F014-00001975,BYP824,197.5,1.73,341.67,
2025-04-29,F014-00001976,BZR940,148.87,1.73,257.54,
2025-04-29,F014-00001977,CBA709,121.05,1.73,209.41,
2025-04-30,F014-00001983,BZR781,132.18,1.73,228.67,
2025-04-30,F014-00001985,CBA709,113.78,1.73,196.83,
2025-04-30,F014-00001987,CCL847,145.35,1.73,251.45,
2025-05-01,F014-00001987,BYP824,147.76,1.73,255.62,
2025-05-02,F014-00001990,BZR940,122.98,1.73,212.75,
2025-05-02,F014-00001993,BYP824,141.53,1.73,244.84,
2025-05-02,F014-00001994,BZR781,172.78,1.73,298.9,
2025-05-02,F014-00001995,CCL847,126.12,1.73,218.18,
2025-05-03,F014-00001998,BZR781,79.9,1.73,138.22,
2025-05-03,F014-00001999,CCL847,96.76,1.73,167.39,
2025-05-04,F014-00002001,BZR940,126.2,1.73,218.32,
2025-05-05,F014-00002004,BZR940,203.37,1.73,351.83,
2025-05-05,F014-00002007,BZR781,163.31,1.73,282.52,
2025-05-05,F014-00002008,BZR940,166.36,1.73,287.8,
2025-05-05,F110-00002275,CCL847,135.8,1.73,234.93,
2025-05-06,F014-00002010,CCL847,94.4,1.73,163.31,
2025-05-06,F014-00002011,BZR781,61.95,1.73,107.17,
2025-05-07,F014-00002012,BZR940,191.7,1.73,331.64,
2025-05-07,F014-00002014,BYP824,219.01,1.73,378.88,
2025-05-07,F014-00002015,CCL847,109.22,1.73,188.95,
2025-05-07,F014-00002016,BZR781,159.88,1.73,276.59,
2025-05-07,F014-00002017,BZR781,57.22,1.73,98.99,
2025-05-07,F014-00002018,BYP838,191.14,1.73,330.67,
2025-05-08,F014-00002022,BZR781,146.36,1.73,253.2,
2025-05-08,F014-00002023,BZR940,146.36,1.73,357.86,
2025-05-08,F014-00002024,BYP838,178.63,1.73,309.02,
2025-05-08,F014-00002025,BYP838,180.34,1.73,312.0,
2025-05-08,F014-00002026,CCL847,156.83,1.73,271.31,
2025-05-09,F014-00002030,BBJ814,161.99,1.73,280.24,
2025-05-09,F014-00002031,BZR781,149.51,1.73,258.65,
2025-05-09,F014-00002032,CCL847,154.78,1.73,267.76,
2025-05-09,F014-00002033,BYP824,188.13,1.73,325.46,
2025-05-09,F014-00002034,BZR752,181.19,1.73,313.45,
2025-05-09,F014-00002036,BYP838,206.25,1.73,356.81,
2025-05-10,F014-00002037,BZR940,193.27,1.73,334.35,
2025-05-10,F014-00002039,BYP824,102.29,1.73,176.96,
2025-05-10,F014-00002040,CCL847,112.29,1.73,194.26,
2025-05-10,F014-00002041,BBJ814,161.58,1.73,279.53,
2025-05-12,F014-00002043,BYP838,110.55,1.73,191.25,
2025-05-12,F014-00002044,BZR940,154.45,1.73,267.19,
2025-05-12,F014-00002046,BBJ814,100.98,1.73,174.69,
2025-05-12,F014-00002048,BYP838,126.74,1.73,219.26,
2025-05-12,F014-00002049,BYP824,97.09,1.73,167.96,
2025-05-12,F014-00002050,CCL847,141.84,1.73,245.38,
2025-05-12,F014-00002052,CBA709,182.02,1.73,314.89,
2025-05-13,F014-00002053,BZR940,151.09,1.73,261.38,
2025-05-13,F014-00002055,CCL847,103.76,1.73,179.5,
2025-05-13,F014-00002056,BYP824,117.76,1.73,203.72,
2025-05-13,F014-00002057,BYP838,138.88,1.73,240.26,
2025-05-14,F014-00002060,BZR940,161.8,1.73,279.91,
2025-05-14,F014-00002061,BBJ814,113.29,1.73,196.0,
2025-05-14,F014-00002062,CCL847,122.18,1.73,211.37,
2025-05-14,F014-00002065,BYP824,140.29,1.73,242.7,
2025-05-15,F014-00002068,BYP838,121.75,1.73,210.62,
2025-05-15,F014-00002069,BZR940,148.2,1.73,256.38,
2025-05-16,F014-00002072,BZR940,167.68,1.73,290.08,
2025-05-16,F014-00002073,BZR781,179.82,1.73,311.08,
2025-05-16,F014-00002074,BYP824,192.61,1.73,333.21,
2025-05-16,F014-00002076,CCL847,170.84,1.73,295.55,
2025-05-16,F014-00002077,CBA709,184.09,1.73,318.47,
2025-05-16,F014-00002079,BYP824,125.46,1.73,217.04,
2025-05-16,F014-00002081,BBJ814,148.63,1.73,257.12,
2025-05-17,F014-00002083,BZR940,159.59,1.73,276.09,
2025-05-17,F014-00002084,CBA709,87.44,1.73,151.27,
2025-05-17,F014-00002085,CCL847,166.77,1.73,288.51,
2025-05-18,F014-00002087,BYP824,86.64,1.73,149.88,
2025-05-19,F014-00002089,BYP838,141.77,1.73,245.26,
2025-05-19,F014-00002091,BZR940,155.43,1.73,268.89,
2025-05-19,F014-00002094,BZR781,166.09,1.73,287.33,
2025-05-19,F014-00002095,BYP838,171.1,1.73,296.0,
2025-05-19,F014-00002096,CBA709,111.8,1.73,193.41,
2025-05-19,F014-00002097,BBJ814,125.07,1.73,216.37,
2025-05-19,F014-00002098,CCL847,129.42,1.73,223.89,
2025-05-19,F014-00002099,BYP824,108.18,1.73,187.15,
2025-05-20,F014-00002102,BZR781,99.31,1.73,171.8,
2025-05-20,F014-00002104,BYP838,169.11,1.73,292.56,
2025-05-20,F014-00002105,BYP824,171.6,1.73,296.86,
2025-05-20,F014-00002106,BBJ814,160.15,1.73,277.05,
2025-05-20,F014-00002107,CCL847,127.63,1.73,220.79,
2025-05-21,F014-00002109,BZR940,139.12,1.73,240.67,
2025-05-21,F014-00002111,CBA709,169.02,1.73,292.4,
2025-05-21,F014-00002112,BYP824,185.97,1.73,321.72,
2025-05-21,F014-00002113,BYP838,168.63,1.73,291.72,
2025-05-21,F014-00002114,CCL847,139.37,1.73,241.11,
2025-05-21,F014-00002115,BBJ814,143.99,1.73,249.1,
2025-05-22,F014-00002117,BZR940,150.56,1.73,260.46,
2025-05-22,F014-00002119,BBJ814,88.36,1.73,152.86,
2025-05-22,F014-00002120,BYP824,155.54,1.73,269.08,
2025-05-22,F014-00002121,BYP838,165.13,1.73,285.67,
2025-05-22,F014-00002122,CBA709,146.99,1.73,254.29,
2025-05-22,F014-00002123,CCL847,116.35,1.73,201.28,
2025-05-22,F014-00002124,BZR781,132.1,1.73,228.53,
2025-05-22,F014-00002125,BZR752,194.42,1.73,336.34,
2025-05-23,F014-00002129,BZR940,128.72,1.73,222.68,
2025-05-23,F014-00002131,CCL847,127.03,1.73,219.76,
2025-05-23,F014-00002132,BYP838,146.29,1.73,253.08,
2025-05-23,F014-00002133,BZR752,136.49,1.73,236.12,
2025-05-23,F014-00002134,CBA709,114.1,1.73,197.39,
2025-05-23,F014-00002135,BBJ814,103.3,1.73,178.7,
2025-05-23,F014-00002136,BYP824,173.64,1.73,300.39,
2025-05-24,F014-00002138,BZR781,116.0,1.73,200.68,
2025-05-24,F014-00002140,BZR940,153.77,1.73,266.02,
2025-05-24,F014-00002142,BYP824,139.43,1.73,241.21,
2025-05-24,F014-00002143,CBA709,108.48,1.73,187.67,
2025-05-25,F014-00002144,BZR781,168.67,1.73,291.79,
2025-05-26,F014-00002145,BZR940,148.91,1.73,257.61,
2025-05-26,F014-00002148,BZR752,190.29,1.73,329.2,
2025-05-26,F014-00002149,CCL847,112.81,1.73,195.16,
2025-05-26,F014-00002150,CBA709,112.24,1.73,194.17,
2025-05-26,F014-00002151,BZR781,130.69,1.73,226.09,
2025-05-26,F014-00002152,BYP824,144.39,1.73,249.79,
2025-05-26,F014-00002153,BBJ814,134.65,1.73,232.94,
2025-05-27,F014-00002154,BZR940,163.29,1.73,282.49,
2025-05-27,F014-00002163,BYP824,194.41,1.73,336.32,
2025-05-27,F014-00002164,BZR781,150.85,1.73,260.97,
2025-05-27,F014-00002165,CCL847,124.61,1.73,215.57,
2025-05-27,F014-00002166,BBJ814,144.82,1.73,250.53,
2025-05-28,F014-00002168,BZR940,166.11,1.73,287.37,
2025-05-28,F014-00002169,CBA709,131.07,1.73,226.75,
2025-05-28,F014-00002171,BYP824,111.56,1.73,192.99,
2025-05-28,F014-00002173,BZR781,121.34,1.73,209.91,
2025-05-28,F014-00002174,CCL847,127.0,1.73,219.71,
2025-05-28,F014-00002176,BYP838,121.49,1.73,210.17,
2025-05-29,F014-00002178,BZR940,121.26,1.73,209.77,
2025-05-29,F014-00002179,CCL847,159.93,1.73,276.67,
2025-05-29,F014-00002180,BZR781,172.69,1.73,298.75,
2025-05-29,F014-00002182,CBA709,138.1,1.73,238.91,
2025-05-29,F014-00002183,BZR940,159.92,1.73,276.66,
2025-05-29,F014-00002184,BYP824,151.19,1.73,261.55,
2025-05-29,F014-00002185,BYP838,134.2,1.73,232.16,
2025-05-30,F014-00002188,BZR940,101.15,1.73,175.0,
2025-05-30,F014-00002191,BYP824,178.54,1.73,308.87,
2025-05-30,F014-00002192,CBA709,132.95,1.73,230.0,
2025-05-30,F014-00002193,BZR781,140.93,1.73,243.8,
2025-05-30,F014-00002194,CCL847,140.52,1.73,243.09,
2025-05-31,F014-00002198,BZR940,112.33,1.73,194.33,
2025-05-31,F014-00002203,CBA709,98.81,1.73,170.94,
2025-05-31,F014-00002204,CCL847,107.93,1.73,186.71,
2025-06-02,F014-00002206,BYP838,237.62,1.73,411.09,
2025-06-02,F014-00002207,BZR940,108.85,1.73,188.31,
2025-06-02,F014-00002211,BYP824,247.47,1.73,428.12,
2025-06-02,F014-00002212,CBA709,114.24,1.73,197.63,
2025-06-02,F014-00002213,CCL847,119.13,1.73,206.09,
2025-06-03,F014-00002215,BZR940,155.91,1.73,269.72,
2025-06-03,F014-00002219,BYP838,247.66,1.73,428.46,
2025-06-03,F014-00002220,BYP824,148.76,1.73,257.35,
2025-06-03,F014-00002221,CBA709,148.76,1.73,257.35,
2025-06-03,F014-00002222,CCL847,161.03,1.73,278.59,
2025-06-04,F014-00002226,BZR940,177.71,1.73,307.43,
2025-06-04,F014-00002230,BYP838,185.77,1.73,321.38,
2025-06-04,F014-00002231,BYP824,198.88,1.73,344.07,
2025-06-04,F014-00002232,CBA709,155.0,1.73,268.15,
2025-06-04,F014-00002233,BZR781,133.06,1.73,230.19,
2025-06-04,F014-00002234,CCL847,160.64,1.73,277.9,
2025-06-05,F014-00002236,BZR940,149.92,1.73,259.36,
2025-06-05,F014-00002238,CBA709,108.74,1.73,188.12,
2025-06-05,F014-00002239,BYP824,156.94,1.73,271.5,
2025-06-05,F014-00002240,CCL847,153.16,1.73,264.96,
2025-06-05,F014-00002241,BZR781,164.03,1.73,283.78,
2025-06-06,F014-00002243,BZR940,120.65,1.73,208.72,
2025-06-06,F014-00002246,BYP838,229.06,1.73,396.27,
2025-06-06,F014-00002247,CBA709,105.16,1.73,181.92,
2025-06-06,F014-00002248,BYP824,196.42,1.73,339.8,
2025-06-08,F014-00002253,BZR781,152.05,1.73,263.04,
2025-06-09,F014-00002254,BZR940,170.77,1.73,295.44,
2025-06-09,F014-00002256,CCL847,127.7,1.73,220.92,
2025-06-09,F014-00002257,BYP824,158.85,1.73,274.81,
2025-06-09,F014-00002258,BZR781,111.55,1.73,192.99,
2025-06-09,F014-00002259,BYP838,163.65,1.73,283.11,
2025-06-09,F014-00002260,BZR752,175.4,1.73,303.44,
2025-06-09,F014-00002261,CBA709,121.17,1.73,209.62,
2025-06-09,F014-00002262,BBJ814,104.06,1.73,180.02,
2025-06-10,F014-00002264,BZR940,128.18,1.73,221.75,
2025-06-10,F014-00002265,CCL847,95.42,1.73,165.07,
2025-06-10,F014-00002270,BYP838,146.03,1.73,252.63,
2025-06-10,F014-00002271,CCL847,91.51,1.73,158.31,
2025-06-10,F014-00002272,BYP824,191.68,1.73,331.6,
2025-06-10,F014-00002273,BBJ814,87.92,1.73,152.1,
2025-06-10,F014-00002274,BZR781,147.45,1.73,255.08,
2025-06-10,F014-00002275,BZR752,177.58,1.73,307.21,
2025-06-11,F014-00002277,BZR940,90.49,1.73,156.54,
2025-06-11,F014-00002278,CCL847,88.06,1.73,152.34,
2025-06-11,F014-00002279,CBA709,197.03,1.73,340.87,
2025-06-11,F014-00002281,BYP838,120.43,1.73,208.34,
2025-06-11,F014-00002282,BBJ814,77.92,1.73,134.81,
2025-06-11,F014-00002283,BYP824,107.62,1.73,186.18,
2025-06-12,F014-00002287,BZR940,184.21,1.73,318.68,
2025-06-12,F014-00002288,BYP824,132.0,1.73,228.36,
2025-06-12,F014-00002289,BZR781,146.42,1.73,253.3,
2025-06-12,F014-00002290,BZR752,146.93,1.73,254.18,
2025-06-12,F014-00002291,CCL847,167.9,1.73,290.46,
2025-06-13,F014-00002293,BZR940,154.27,1.73,266.88,
2025-06-13,F014-00002294,CBA709,200.94,1.73,347.62,
2025-06-13,F014-00002295,BYP824,155.83,1.73,269.58,
2025-06-13,F014-00002298,CCL847,231.42,1.73,273.08,
2025-06-14,F014-00002300,BZR781,111.01,1.73,192.04,
2025-06-14,F014-00002301,BZR940,143.88,1.73,248.91,
2025-06-14,F014-00002303,CBA709,178.05,1.73,308.02,
2025-06-14,F014-00002304,BYP824,120.44,1.73,208.36,
2025-06-14,F014-00002305,CCL847,77.15,1.73,133.46,
2025-06-15,F014-00002307,BZR781,143.56,1.73,248.35,
2025-06-16,F014-00002309,BZR940,157.23,1.73,272.0,
2025-06-16,F014-00002312,BYP824,119.84,1.73,207.32,
2025-06-16,F014-00002314,BZR781,95.32,1.73,164.9,
2025-06-16,F014-00002315,CBA709,130.05,1.73,224.98,
2025-06-17,F014-00002316,BZR940,173.76,1.73,300.6,
2025-06-17,F014-00002318,BBJ814,121.69,1.73,210.52,
2025-06-17,F014-00002319,CBA709,123.04,1.73,212.85,
2025-06-17,F014-00002320,BZR781,155.87,1.73,269.65,
2025-06-17,F014-00002322,BYP824,197.39,1.73,341.48,
2025-06-18,F014-00002324,BZR940,37.17,1.73,64.32,
2025-06-18,F014-00002328,BZR940,167.47,1.73,289.72,
2025-06-18,F014-00002330,BYP824,195.72,1.73,338.59,
2025-06-18,F014-00002331,BBJ814,105.66,1.73,182.79,
2025-06-18,F014-00002332,CCL847,76.97,1.73,133.15,
2025-06-18,F014-00002333,BZR781,176.06,1.73,304.58,
2025-06-18,F014-00002334,BZR752,148.13,1.73,256.26,
2025-06-18,F014-00002335,BYP838,179.45,1.73,310.44,
2025-06-19,F014-00002339,CBA709,169.77,1.73,293.7,
2025-06-19,F014-00002340,BZR940,144.83,1.73,250.55,
2025-06-19,F014-00002341,CCL847,96.14,1.73,166.33,
2025-06-19,F014-00002343,BBJ814,79.34,1.73,137.25,
2025-06-19,F014-00002344,BZR781,164.21,1.73,284.08,
2025-06-20,F014-00002347,BZR940,141.87,1.73,245.43,
2025-06-20,F014-00002348,BYP824,235.14,1.73,406.79,
2025-06-20,F014-00002349,BYP838,188.49,1.73,326.08,
2025-06-20,F014-00002351,CCL847,134.51,1.73,232.71,
2025-06-20,F014-00002352,BZR781,140.21,1.73,242.56,
2025-06-20,F014-00002353,BBJ814,94.4,1.73,163.32,
2025-06-20,F014-00002354,CBA709,184.35,1.73,318.92,
2025-06-21,F014-00002357,BZR940,158.84,1.73,274.79,
2025-06-21,F014-00002358,BYP838,154.64,1.73,267.52,
2025-06-21,F014-00002359,CCL847,125.62,1.73,217.33,
2025-06-21,F014-00002360,BYP824,161.78,1.73,279.87,
2025-06-21,F014-00002361,BZR781,152.11,1.73,263.15,
2025-06-21,F014-00002362,CBA709,109.35,1.73,189.17,
2025-06-23,F014-00002364,BZR940,177.79,1.73,307.57,
2025-06-23,F014-00002367,BYP838,76.01,1.73,131.49,
2025-06-23,F014-00002368,BBJ814,116.68,1.73,201.85,
2025-06-23,F014-00002369,CBA709,108.07,1.73,186.96,
2025-06-23,F014-00002370,BZR781,138.1,1.73,238.91,
2025-06-24,F014-00002372,CCL847,128.38,1.73,222.09,
2025-06-24,F014-00002374,BZR940,152.84,1.73,264.41,
2025-06-24,F014-00002376,BYP838,109.58,1.73,189.57,
2025-06-24,F014-00002377,BYP824,213.75,1.73,369.78,
2025-06-24,F014-00002379,CBA709,126.79,1.73,219.34,
2025-06-24,F014-00002380,BZR781,150.81,1.73,260.9,
2025-06-24,F014-00002381,BBJ814,129.36,1.73,223.79,
2025-06-24,F014-00002382,CCL847,136.29,1.73,235.78,
2025-06-25,F014-00002383,BZR940,145.33,1.73,251.42,
2025-06-25,F014-00002384,CBA709,104.92,1.73,181.51,
2025-06-25,F014-00002386,BYP824,154.78,1.73,267.76,
2025-06-25,F014-00002387,CCL847,123.78,1.73,214.13,
2025-06-25,F014-00002388,BYP838,137.64,1.73,238.11,
2025-06-25,F014-00002389,BBJ814,102.47,1.73,177.27,
2025-06-26,F014-00002390,BZR781,124.5,1.73,215.38,
2025-06-26,F014-00002391,BZR940,142.29,1.73,246.16,
2025-06-26,F014-00002393,CCL847,188.35,1.73,325.84,
2025-06-26,F014-00002395,BBJ814,97.36,1.73,168.43,
2025-06-26,F014-00002396,CBA709,137.64,1.73,238.11,
2025-06-26,F014-00002397,BZR781,142.96,1.73,247.32,
2025-06-26,F014-00002398,BYP838,170.6,1.73,295.13,
2025-06-26,F014-00002399,BYP824,161.89,1.73,280.06,
2025-06-27,F014-00002402,BZR940,161.84,1.73,280.0,
2025-06-27,F014-00002409,BBJ814,100.89,1.73,174.53,
2025-06-28,F014-00002411,BZR940,148.24,1.73,256.45,
2025-06-28,F014-00002412,BZR781,153.61,1.73,265.74,
2025-06-28,F014-00002414,BYP824,173.98,1.73,300.98,
2025-06-28,F014-00002415,CBA709,136.34,1.73,235.86,
2025-06-28,F014-00002417,CCL847,176.24,1.73,304.89,
2025-06-30,F014-00002423,BZR940,116.16,1.73,200.95,
2025-06-30,F014-00002427,BZR752,57.8,1.73,100.0,
2025-06-30,F014-00002428,BZR752,143.1,1.73,247.56,
2025-06-30,F014-00002429,BYP838,251.19,1.73,434.55,
2025-06-30,F014-00002430,CCL847,63.86,1.73,110.47,
2025-06-30,F014-00002432,CBA709,182.74,1.73,316.14,
2025-06-30,F014-00002434,BBJ814,152.84,1.73,264.41,
2025-06-30,F014-00002435,BZR752,59.39,1.73,102.74,
2025-07-01,F014-00002437,BZR940,136.24,1.73,235.69,
2025-07-01,F014-00002438,BZR781,145.82,1.73,252.26,
2025-07-01,F014-00002443,BYP824,186.97,1.73,323.45,
2025-07-01,F014-00002444,CCL847,140.22,1.73,242.58,
2025-07-01,F014-00002446,BBJ814,81.77,1.73,141.46,
2025-07-01,F014-00002447,BZR781,140.19,1.73,242.52,
2025-07-01,F014-00002448,BZR752,165.05,1.73,285.53,
2025-07-02,F014-00002450,BZR940,161.69,1.73,279.72,
2025-07-02,F014-00002454,CBA709,149.58,1.73,258.77,
2025-07-02,F014-00002460,BYP838,224.62,1.73,388.59,
2025-07-02,F014-00002461,CCL847,129.25,1.73,223.6,
2025-07-02,F014-00002464,BZR781,160.92,1.73,278.39,
2025-07-02,F014-00002465,BYP824,154.54,1.73,267.35,
2025-07-02,F014-00002466,BZR752,154.24,1.73,266.83,
2025-07-02,F014-00002467,BZR940,125.4,1.73,216.94,
2025-07-02,F014-00002468,BBJ814,129.35,1.73,223.77,
2025-07-03,F014-00002471,CCL847,100.03,1.73,173.05,
2025-07-03,F014-00002472,BYP824,133.51,1.73,230.97,
2025-07-03,F014-00002473,BBJ814,78.09,1.73,135.09,
2025-07-03,F014-00002474,BYP838,181.85,1.73,314.6,
2025-07-03,F014-00002475,BZR781,135.39,1.73,234.22,
2025-07-03,F014-00002476,CBA709,131.37,1.73,227.27,
2025-07-03,F014-00002477,BZR940,159.11,1.73,275.26,
2025-07-04,F014-00002479,BZR752,175.84,1.73,304.2,
2025-07-04,F014-00002481,BYP838,125.71,1.73,217.47,
2025-07-04,F014-00002482,BYP824,130.06,1.73,225.0,
2025-07-04,F014-00002483,CCL847,139.95,1.73,242.11,
2025-07-04,F014-00002484,BZR752,95.72,1.73,165.59,
2025-07-04,F014-00002485,CBA709,107.17,1.73,185.4,
2025-07-04,F014-00002486,BZR781,106.13,1.73,183.6,
2025-07-05,F014-00002488,BZR940,190.91,1.73,330.27,
2025-07-05,F014-00002490,BZR781,103.52,1.73,179.08,
2025-07-05,F014-00002492,CBA709,83.41,1.73,144.29,
2025-07-05,F014-00002493,CCL847,128.86,1.73,222.92,
2025-07-05,F014-00002494,BYP824,168.04,1.73,290.7,
2025-07-06,F014-00002498,BZR781,163.92,1.73,283.58,
2025-07-07,F014-00002499,BZR940,147.07,1.73,254.43,
2025-07-07,F014-00002501,CCL847,134.21,1.73,232.18,
2025-07-07,F014-00002502,BYP838,229.6,1.73,397.2,
2025-07-07,F014-00002503,BYP824,179.26,1.73,310.11,
2025-07-07,F014-00002504,CBA709,114.19,1.73,197.54,
2025-07-08,F014-00002507,BZR940,129.33,1.73,223.74,
2025-07-08,F014-00002510,BZR781,165.96,1.73,287.11,
2025-07-08,F014-00002511,BBJ814,142.45,1.73,246.43,
2025-07-08,F014-00002517,BYP824,129.97,1.73,224.84,
2025-07-08,F014-00002519,CBA709,114.34,1.73,197.8,
2025-07-08,F014-00002520,CCL847,162.14,1.73,280.5,
2025-07-08,F014-00002521,BZR781,113.22,1.73,195.87,
2025-07-09,F014-00002523,BZR940,95.46,1.73,165.14,
2025-07-09,F014-00002524,BZR940,2.47,1.73,4.27,
2025-07-09,F014-00002526,BBJ814,113.24,1.73,195.9,
2025-07-09,F014-00002532,CCL847,133.93,1.73,231.69,
2025-07-09,F014-00002534,CBA709,98.3,1.73,170.05,
2025-07-09,F014-00002535,BYP824,154.11,1.73,266.61,
2025-07-09,F014-00002537,BYP838,212.37,1.73,367.4,
2025-07-10,F014-00002539,BBJ814,112.59,1.73,194.78,
2025-07-10,F014-00002540,BYP824,186.53,1.73,322.69,
2025-07-10,F014-00002541,CCL847,128.35,1.73,222.04,
2025-07-10,F014-00002542,BYP824,150.4,1.73,260.19,
2025-07-10,F014-00002544,CBA709,110.09,1.73,190.45,
2025-07-11,F014-00002550,BYP838,231.82,1.73,401.04,
2025-07-11,F014-00002551,BZR940,136.54,1.73,236.21,
2025-07-11,F014-00002552,CCL847,120.84,1.73,209.05,
2025-07-11,F014-00002553,BZR752,184.29,1.73,318.82,
2025-07-12,F014-00002556,BZR781,156.76,1.73,271.19,
2025-07-12,F014-00002557,BZR940,94.05,1.73,162.7,
2025-07-12,F014-00002558,CCL847,137.22,1.73,237.39,
2025-07-12,F014-00002559,CBA709,161.18,1.73,278.84,
2025-07-14,F014-00002561,BYP824,223.14,1.73,386.03,
2025-07-14,F014-00002562,BZR781,121.4,1.73,210.02,
2025-07-14,F014-00002563,CBA709,118.04,1.73,204.2,
2025-07-14,F014-00002564,CCL847,148.97,1.73,257.71,
2025-07-14,F014-00002565,CBR854,172.43,1.73,298.3,
2025-07-15,F014-00002566,BZR940,172.12,1.73,297.76,
2025-07-15,F014-00002568,BYP838,231.4,1.73,400.32,
2025-07-15,F014-00002569,CBA709,130.24,1.73,225.31,
2025-07-15,F014-00002570,CCL847,145.84,1.73,252.3,
2025-07-16,F014-00002572,BZR940,149.89,1.73,259.3,
2025-07-16,F014-00002573,BZR781,174.8,1.73,302.4,
2025-07-16,F014-00002575,CBR854,4.88,1.73,8.44,
2025-07-16,F014-00002576,CBR854,168.36,1.73,291.26,
2025-07-16,F014-00002578,BYP838,157.96,1.73,273.27,
2025-07-16,F014-00002579,CBA709,119.08,1.73,206.0,
2025-07-16,F014-00002580,CCL847,197.3,1.73,341.32,
2025-07-17,F014-00002582,BZR781,162.4,1.73,280.95,
2025-07-17,F014-00002583,BZR940,163.45,1.73,282.76,
2025-07-17,F014-00002587,CCL847,89.09,1.73,154.12,
2025-07-17,F014-00002589,CBA709,147.16,1.73,254.58,
2025-07-17,F014-00002590,CBR854,203.01,1.73,351.2,
2025-07-18,F014-00002593,BZR940,120.31,1.73,208.13,
2025-07-18,F014-00002594,BZR781,159.16,1.73,275.34,
2025-07-19,F014-00002597,CCL847,177.36,1.73,306.83,
2025-07-19,F014-00002598,BZR940,137.38,1.73,238.66,
2025-07-19,F014-00002599,BYP838,204.95,1.73,354.56,
2025-07-19,F014-00002600,BYP824,238.72,1.73,412.98,
2025-07-19,F014-00002601,CBA709,209.68,1.73,362.74,
2025-07-19,F014-00002602,CBR854,209.55,1.73,362.52,
2025-07-19,F014-00002603,CCL847,122.85,1.73,212.53,
2025-07-19,F014-00002604,BZR781,139.86,1.73,241.95,
2025-07-20,F014-00002607,BZR781,141.22,1.73,244.31,
2025-07-21,F014-00002608,BZR781,119.53,1.73,206.78,
2025-07-21,F014-00002611,CBA709,89.72,1.73,155.21,
2025-07-21,F014-00002612,BYP824,140.34,1.73,242.78,
2025-07-21,F014-00002613,BZR781,126.2,1.73,218.32,
2025-07-21,F014-00002614,CCL847,160.87,1.73,278.3,
2025-07-21,F014-00002615,CBR854,188.98,1.73,326.93,
2025-07-22,F014-00002617,BZR940,104.34,1.73,180.5,
2025-07-22,F014-00002618,BYP824,178.57,1.73,308.92,
2025-07-22,F014-00002619,CCL847,149.42,1.73,258.49,
2025-07-22,F014-00002620,CBA709,155.5,1.73,269.01,
2025-07-22,F014-00002621,BYP838,222.94,1.73,385.68,
2025-07-22,F014-00002622,CBR854,228.38,1.73,395.09,
2025-07-23,F014-00002625,BZR940,159.19,1.73,275.39,
2025-07-23,F014-00002627,BZR781,125.66,1.73,217.39,
2025-07-23,F014-00002628,CCL847,127.65,1.73,220.83,
2025-07-24,F014-00002631,BZR781,191.88,1.73,331.95,
2025-07-24,F014-00002632,BYP838,164.74,1.73,285.0,
2025-07-24,F014-00002633,CCL847,88.7,1.73,153.45,
2025-07-24,F014-00002635,BZR940,130.22,1.73,225.28,
2025-07-24,F014-00002638,CBR854,146.06,1.73,252.68,
2025-07-24,F014-00002639,CBA709,139.0,1.73,240.47,
2025-07-25,F014-00002641,BYP824,188.12,1.73,325.44,
2025-07-25,F014-00002642,CBA709,117.41,1.73,203.11,
2025-07-25,F014-00002643,CCL847,162.64,1.73,281.36,
2025-07-25,F014-00002644,BZR940,178.25,1.73,308.37,
2025-07-25,F014-00002645,BZR781,64.56,1.73,111.68,
2025-07-25,F014-00002646,CBR854,182.39,1.73,315.53,
2025-07-26,F014-00002647,BYP838,189.16,1.73,327.24,
2025-07-26,F014-00002651,CBA709,90.71,1.73,156.92,
2025-07-26,F014-00002652,CCL847,144.68,1.73,250.29,
2025-07-26,F014-00002653,BZR940,157.96,1.73,273.27,
2025-07-26,F014-00002654,CBR854,195.11,1.73,337.54,
2025-07-26,F014-00002655,BZR781,194.32,1.73,336.17,
2025-07-27,F014-00002656,CCL847,123.52,1.73,213.68,
2025-07-27,F014-00002657,BZR781,168.49,1.73,291.48,
2025-07-30,F014-00002662,BYP838,146.46,1.73,253.37,
2025-07-30,F014-00002663,CBA709,141.83,1.73,245.36,
2025-07-30,F014-00002664,CCL847,134.05,1.73,231.9,
2025-07-30,F014-00002665,BZR752,142.51,1.73,246.54,
2025-07-31,F014-00002667,BZR940,186.19,1.73,322.1,
2025-07-31,F014-00002668,BZR781,223.29,1.73,386.29,
2025-07-31,F014-00002669,BYP838,140.05,1.73,242.28,
2025-07-31,F014-00002670,CCL847,126.16,1.73,218.25,
2025-07-31,F014-00002671,CBA709,141.33,1.73,244.5,
2025-07-31,F014-00002672,BYP824,80.62,1.73,139.47,
2025-08-01,F014-00002676,BZR940,168.79,1.73,292.0,
2025-08-01,F014-00002677,CBA709,128.73,1.73,222.7,
2025-08-01,F014-00002678,CCL847,140.32,1.73,242.75,
2025-08-01,F014-00002679,BZR781,193.6,1.73,334.92,
2025-08-02,F014-00002682,BYP824,241.51,1.73,417.81,
2025-08-02,F014-00002683,BZR781,141.21,1.73,244.29,
2025-08-03,F014-00002684,BYP838,211.88,1.73,366.55,
2025-08-03,F014-00002685,CCL847,166.38,1.73,287.83,
2025-08-04,F014-00002686,BZR940,142.73,1.73,246.92,
2025-08-04,F014-00002688,CBA709,103.8,1.73,179.57,
2025-08-04,F014-00002690,BZR781,215.54,1.73,372.88,
2025-08-04,F014-00002691,CBR854,114.92,1.73,198.81,
2025-08-04,F014-00002692,BYP824,125.91,1.73,217.82,
2025-08-05,F014-00002694,CCL847,167.35,1.73,289.51,
2025-08-05,F014-00002695,BZR940,173.0,1.73,299.29,
2025-08-05,F014-00002696,BYP838,235.83,1.73,407.98,
2025-08-05,F014-00002697,CCL847,152.53,1.73,263.87,
2025-08-05,F014-00002698,CBA709,109.62,1.73,189.64,
2025-08-05,F014-00002700,BYP824,155.61,1.73,269.2,
2025-08-05,F014-00002701,BZR781,209.48,1.73,362.4,
2025-08-06,F014-00002702,BZR940,154.04,1.73,266.48,
2025-08-06,F014-00002703,BYP838,196.67,1.73,340.23,
2025-08-06,F014-00002704,BYP824,136.79,1.73,236.64,
2025-08-06,F014-00002705,CCL847,125.82,1.73,217.66,
2025-08-06,F014-00002706,BZR781,133.9,1.73,231.64,
2025-08-07,F014-00002708,BYP838,157.38,1.73,272.26,
2025-08-07,F014-00002709,BZR940,192.21,1.73,332.52,
2025-08-07,F014-00002710,CCL847,160.1,1.73,276.97,
2025-08-08,F014-00002712,BZR781,197.78,1.73,342.15,
2025-08-08,F014-00002713,BBJ814,133.51,1.73,230.97,
2025-08-08,F014-00002715,BYP838,61.19,1.73,105.85,
2025-08-08,F014-00002719,BZR940,123.16,1.73,213.06,
2025-08-08,F014-00002720,CBA709,155.55,1.73,269.1,
2025-08-09,F014-00002724,CCL847,167.48,1.73,289.74,
2025-08-09,F014-00002726,BBJ814,122.48,1.73,211.89,
2025-08-09,F014-00002728,BYP824,209.5,1.73,362.43,
2025-08-09,F014-00002729,BZR940,159.79,1.73,276.43,
2025-08-09,F014-00002730,CBA709,150.08,1.73,259.63,
2025-08-11,F014-00002735,BZR940,117.76,1.73,203.72,
2025-08-11,F014-00002737,BYP838,202.89,1.73,350.99,
2025-08-11,F014-00002739,BYP824,113.3,1.73,196.0,
2025-08-11,F014-00002742,CCL847,146.47,1.73,253.39,
2025-08-11,F014-00002743,CBA709,119.03,1.73,205.92,
2025-08-12,F014-00002746,BZR940,153.74,1.73,265.97,
2025-08-12,F014-00002748,BZR781,141.75,1.73,245.22,
2025-08-12,F014-00002750,BYP824,139.01,1.73,240.48,
2025-08-12,F014-00002751,CCL847,147.14,1.73,254.55,
2025-08-12,F014-00002752,CBA709,138.88,1.73,240.26,
2025-08-13,F014-00002755,BZR940,170.61,1.73,295.15,
2025-08-13,F014-00002756,BZR781,144.71,1.73,250.34,
2025-08-13,F014-00002757,BYP838,251.97,1.73,435.9,
2025-08-13,F014-00002760,CCL847,157.78,1.73,272.95,
2025-08-13,F014-00002763,BYP824,152.95,1.73,264.6,
2025-08-13,F014-00002765,CBA709,144.85,1.73,250.59,
2025-08-14,F014-00002768,BZR940,176.75,1.73,305.77,
2025-08-14,F014-00002769,BZR781,128.65,1.73,222.56,
2025-08-14,F014-00002772,CCL847,165.3,1.73,285.96,
2025-08-14,F014-00002773,BYP838,231.01,1.73,399.64,
2025-08-14,F014-00002775,CBA709,158.07,1.73,273.46,
2025-08-14,F014-00002776,BZR940,151.82,1.73,262.64,
2025-08-14,F014-00002777,BZR781,205.42,1.73,355.37,
2025-08-15,F014-00002779,AYM897,132.24,1.73,228.77,
2025-08-15,F014-00002781,CBA709,136.07,1.73,235.4,
2025-08-15,F014-00002783,BZR752,104.61,1.73,180.97,
2025-08-15,F014-00002784,BZR781,159.83,1.73,276.5,
2025-08-15,F014-00002785,AYM897,104.13,1.73,180.14,
2025-08-15,F014-00002786,BZR940,179.78,1.73,311.01,
2025-08-16,F014-00002790,CCL847,175.35,1.73,303.35,
2025-08-16,F014-00002791,BYP824,133.47,1.73,230.9,
2025-08-16,F014-00002792,CCL847,100.77,1.73,174.33,
2025-08-16,F014-00002793,CBA709,103.65,1.73,179.31,
2025-08-17,F014-00002796,BZR781,148.85,1.73,257.51,
2025-08-18,F014-00002781,AYM897,197.7,1.73,342.02,
2025-08-18,F014-00002782,CCL847,145.43,1.73,251.59,
2025-08-18,F014-00002797,BZR752,157.77,1.73,272.94,
2025-08-18,F014-00002798,BZR940,158.85,1.73,274.81,
2025-08-18,F014-00002804,CBA709,153.48,1.73,265.52,
2025-08-18,F014-00002805,BZR752,133.26,1.73,230.53,
2025-08-19,F014-00002808,BZR940,155.67,1.73,269.3,
2025-08-19,F014-00002809,AYM897,122.8,1.73,212.44,
2025-08-19,F014-00002811,BZR781,224.9,1.73,389.07,
2025-08-19,F014-00002812,CCL847,120.14,1.73,207.84,
2025-08-19,F014-00002815,CBA709,139.4,1.73,241.17,
2025-08-19,F014-00002816,BYP824,201.18,1.73,348.04,
2025-08-20,F014-00002817,BYP838,227.86,1.73,394.19,
2025-08-20,F014-00002821,BZR940,195.25,1.73,337.78,
2025-08-20,F014-00002822,BYP838,182.96,1.73,316.52,
2025-08-20,F014-00002824,BZR781,211.97,1.73,366.7,
2025-08-20,F014-00002825,BZR752,205.32,1.73,355.2,
2025-08-20,F014-00002826,CBA709,124.28,1.73,215.0,
2025-08-20,F014-00002827,AYM897,210.89,1.73,364.83,
2025-08-21,F014-00002828,AYM897,146.75,1.73,253.87,
2025-08-21,F014-00002830,BYP824,272.58,1.73,471.56,
2025-08-21,F014-00002832,BZR940,179.14,1.73,309.91,
2025-08-21,F014-00002833,CBA709,155.45,1.73,268.92,
2025-08-21,F014-00002834,BZR781,180.47,1.73,312.21,
2025-08-21,F014-00002835,BZR752,159.55,1.73,276.02,
2025-08-21,F014-00002836,AYM897,167.86,1.73,290.39,
2025-08-21,F014-00002837,CCL847,138.05,1.73,238.82,
2025-08-22,F014-00002841,BYP838,236.17,1.73,408.57,
2025-08-22,F014-00002844,CBA709,141.12,1.73,244.13,
2025-08-22,F014-00002846,BZR752,122.45,1.73,211.83,
2025-08-22,F014-00002847,BZR940,166.81,1.73,288.58,
2025-08-23,F014-00002849,CCL847,142.63,1.73,246.74,
2025-08-23,F014-00002851,AYM897,128.61,1.73,222.49,
2025-08-23,F014-00002852,BZR781,140.25,1.73,242.63,
2025-08-23,F014-00002853,BYP824,135.07,1.73,233.67,
2025-08-23,F014-00002854,CCL847,79.89,1.73,138.2,
2025-08-23,F014-00002855,CBA709,111.58,1.73,193.03,
2025-08-23,F014-00002856,BZR940,147.71,1.73,255.53,
2025-08-24,F014-00002858,BZR781,153.01,1.73,264.7,
2025-08-25,F014-00002861,BYP838,234.52,1.73,405.71,
2025-08-25,F014-00002862,BYP824,207.67,1.73,359.26,
2025-08-25,F014-00002863,BZR781,175.31,1.73,303.28,
2025-08-25,F014-00002864,BZR940,159.14,1.73,275.31,
2025-08-25,F014-00002865,CBA709,146.36,1.73,253.2,
2025-08-25,F014-00002866,AYM897,171.97,1.73,297.5,
2025-08-26,F014-00002868,CCL847,172.02,1.73,297.59,
2025-08-26,F014-00002872,BZR752,108.94,1.73,188.46,
2025-08-26,F014-00002873,BZR940,177.59,1.73,307.23,
2025-08-26,F014-00002874,BYP824,222.94,1.73,385.68,
2025-08-26,F014-00002875,CBA709,156.96,1.73,271.54,
2025-08-27,F014-00002876,CCL847,159.91,1.73,276.64,
2025-08-27,F014-00002880,BZR781,167.05,1.73,289.0,
2025-08-27,F014-00002881,BYP838,228.71,1.73,395.66,
2025-08-27,F014-00002882,BZR752,152.73,1.73,264.22,
2025-08-27,F014-00002883,CBA709,114.6,1.73,198.25,
2025-08-27,F014-00002884,BZR781,139.07,1.73,240.59,
2025-08-28,F014-00002887,CCL847,127.37,1.73,220.35,
2025-08-28,F014-00002888,BZR940,173.8,1.73,300.67,
2025-08-28,F014-00002891,BYP824,240.4,1.73,415.89,
2025-08-28,F014-00002894,CBA709,97.86,1.73,169.29,
2025-08-29,F014-00002895,AYM897,108.95,1.73,188.48,
2025-08-29,F014-00002896,CCL847,149.55,1.73,258.72,
2025-08-29,F014-00002902,BYP838,260.9,1.73,451.35,
2025-08-29,F014-00002903,BZR940,182.39,1.73,315.53,
2025-08-29,F014-00002904,BZR781,251.93,1.73,435.83,
2025-08-29,F014-00002905,CBA709,179.67,1.73,310.82,
2025-08-30,F014-00002908,CCL847,127.42,1.73,220.43,
2025-08-30,F014-00002912,BZR940,164.88,1.73,285.24,
2025-08-30,F014-00002913,BZR752,225.64,1.73,390.35,
2025-08-30,F014-00002914,BYP824,181.55,1.73,314.08,
2025-08-30,F014-00002915,CBA709,71.2,1.73,123.17,
2025-08-31,F014-00002917,BZR781,173.31,1.73,299.82,
2025-09-01,F014-00002918,CCL847,116.59,1.73,201.7,
2025-09-01,F014-00002921,BYP838,261.36,1.73,452.15,
2025-09-01,F014-00002924,BZR940,194.2,1.73,335.96,
2025-09-01,F014-00002925,CCL847,58.74,1.73,101.62,
2025-09-02,F014-00002934,BYP838,151.49,1.73,262.07,
2025-09-02,F014-00002935,BYP824,157.98,1.73,273.3,
2025-09-02,F014-00002937,BZR781,242.38,1.73,419.31,
2025-09-02,F014-00002938,BZR940,178.86,1.73,309.42,
2025-09-02,F014-00002940,CBA709,171.07,1.73,295.95,
2025-09-03,F014-00002941,CCL847,223.14,1.73,386.03,
2025-09-03,F014-00002944,BZR781,195.09,1.73,337.5,
2025-09-03,F014-00002946,BZR940,171.56,1.73,296.79,
2025-09-03,F014-00002947,CBA709,179.62,1.73,310.74,
2025-09-03,F014-00002948,BYP824,124.5,1.73,215.38,
2025-09-04,F014-00002950,CCL847,115.7,1.73,200.16,
2025-09-04,F014-00002955,BYP838,235.41,1.73,407.25,
2025-09-04,F014-00002956,BZR781,206.71,1.73,357.6,
2025-09-04,F014-00002958,BYP824,183.69,1.73,317.78,
2025-09-04,F014-00002959,CBA709,174.79,1.73,302.38,
2025-09-05,F014-00002960,BZR940,200.08,1.73,346.13,
2025-09-05,F014-00002961,CCL847,116.32,1.73,201.23,
2025-09-05,F014-00002971,CBA709,152.58,1.73,263.96,
2025-09-05,F014-00002972,BZR781,213.92,1.73,370.08,
2025-09-06,F014-00002974,CCL847,192.43,1.73,332.9,
2025-09-06,F014-00002979,BYP824,276.71,1.73,478.7,
2025-09-06,F014-00002980,BZR940,223.53,1.73,386.7,
2025-09-06,F014-00002980,CCL847,100.6,1.73,174.03,
2025-09-06,F014-00002980,CBA709,119.09,1.73,206.02,
2025-09-07,F014-00002985,BZR781,174.35,1.73,301.62,
2025-09-08,F014-00002988,BYP838,278.02,1.73,480.97,
2025-09-08,F014-00002989,BYP824,164.56,1.73,284.68,
2025-09-08,F014-00002991,BZR940,203.69,1.73,352.38,
2025-09-08,F014-00002993,CCL847,164.26,1.73,284.16,
2025-09-08,F014-00002995,CBA709,155.46,1.73,268.94,
2025-09-09,F014-00002999,BZR781,168.02,1.73,290.67,
2025-09-09,F014-00003003,CCL847,173.81,1.73,300.69,
2025-09-09,F014-00003004,BZR940,163.21,1.73,282.35,
2025-09-09,F014-00003006,CBA709,124.8,1.73,215.9,
2025-09-10,F014-00003013,BYP824,229.24,1.73,396.58,
2025-09-10,F014-00003014,BYP838,242.92,1.73,420.25,
2025-09-10,F014-00003017,BZR781,234.04,1.73,404.88,
2025-09-10,F014-00003018,BZR940,132.96,1.73,230.02,
2025-09-10,F014-00003019,BZR940,35.57,1.73,61.53,
2025-09-10,F014-00003021,CBA709,142.61,1.73,246.71,
2025-09-11,F014-00003027,CCL847,159.46,1.73,275.86,
2025-09-11,F014-00003028,BYP824,231.51,1.73,400.51,
2025-09-11,F014-00003031,BZR781,228.51,1.73,395.32,
2025-09-11,F014-00003032,CBA709,177.01,1.73,306.22,
2025-09-12,F014-00003033,BZR940,180.95,1.73,313.04,
2025-09-12,F014-00003036,BYP838,210.47,1.73,364.11,
2025-09-12,F014-00003038,CBA709,147.49,1.73,255.15,
2025-09-12,F014-00003039,BZR781,184.61,1.73,319.37,
2025-09-12,F014-00003041,AYM897,139.23,1.73,240.86,
2025-09-12,F014-00003042,CCL847,165.74,1.73,286.73,
2025-09-13,F014-00003044,BZR940,189.4,1.73,327.66,
2025-09-13,F014-00003046,BYP838,176.54,1.73,305.41,
2025-09-13,F014-00003047,BYP824,154.58,1.73,267.42,
2025-09-13,F014-00003054,CCL847,152.05,1.73,263.04,
2025-09-13,F014-00003055,CBA709,142.2,1.73,246.0,
2025-09-15,F014-00003060,BZR940,173.59,1.73,300.31,
2025-09-15,F014-00003064,CCL847,109.47,1.73,189.38,
2025-09-15,F014-00003065,BZR781,161.62,1.73,279.6,
2025-09-15,F014-00003066,CBA709,96.72,1.73,167.32,
2025-09-16,F014-00003071,BZR940,202.17,1.73,349.75,
2025-09-16,F014-00003072,CCL847,108.12,1.73,187.04,
2025-09-16,F014-00003073,BYP824,187.34,1.73,324.09,
2025-09-16,F014-00003074,BZR781,128.39,1.73,222.11,
2025-09-16,F014-00003075,CBA709,120.42,1.73,208.32,
2025-09-16,F014-00003077,AYM897,130.39,1.73,225.57,
2025-09-17,F014-00003083,CCL847,143.12,1.73,247.59,
2025-09-17,F014-00003084,BYP824,196.59,1.73,340.1,
2025-09-17,F014-00003085,BZR940,169.3,1.73,292.88,
2025-09-17,F014-00003086,CBA709,84.73,1.73,146.58,
2025-09-17,F014-00003087,BZR781,106.45,1.73,184.15,
2025-09-17,F014-00003088,BZR752,113.38,1.73,196.14,
2025-09-17,F014-00003089,AYM897,147.84,1.73,255.76,
2025-09-18,F014-00003097,BYP838,119.82,1.73,207.28,
2025-09-18,F014-00003099,CCL847,187.23,1.73,323.9,
2025-09-18,F014-00003101,BZR940,166.56,1.73,288.14,
2025-09-18,F014-00003104,BZR781,171.98,1.73,297.52,
2025-09-18,F014-00003105,BZR752,161.83,1.73,279.96,
2025-09-18,F014-00003106,CBA709,133.19,1.73,230.41,
2025-09-18,F014-00003107,AYM897,143.87,1.73,248.89,
2025-09-19,F014-00003112,BZR940,166.21,1.73,287.54,
2025-09-19,F014-00003114,CCL847,149.82,1.73,259.18,
2025-09-19,F014-00003117,CBA709,160.48,1.73,277.63,
2025-09-20,F014-00003119,BYP824,161.69,1.73,279.72,
2025-09-20,F014-00003122,BZR940,172.67,1.73,298.71,
2025-09-20,F014-00003123,CBA709,91.36,1.73,158.05,
2025-09-20,F014-00003125,BZR781,191.45,1.73,331.2,
2025-09-22,F014-00003127,BYP838,181.54,1.73,314.06,
2025-09-22,F014-00003128,CCL847,174.11,1.73,301.21,
2025-09-22,F014-00003134,BYP824,127.03,1.73,219.76,
2025-09-22,F014-00003135,CBA709,119.15,1.73,206.12,
2025-09-22,F014-00003136,CCL847,136.98,1.73,236.97,
2025-09-22,F014-00003137,AYM897,151.34,1.73,261.81,
2025-09-23,F014-00003141,BZR940,157.93,1.73,273.21,
2025-09-23,F014-00003143,BYP838,198.86,1.73,344.2,
2025-09-23,F014-00003144,BZR781,186.55,1.73,322.73,
2025-09-23,F014-00003145,CBA709,172.72,1.73,203.81,
2025-09-23,F014-00003146,BYP824,160.03,1.73,276.85,
2025-09-24,F014-00003148,CCL847,194.71,1.73,336.84,
2025-09-24,F014-00003151,BBJ814,128.56,1.73,222.4,
2025-09-24,F014-00003152,BZR940,193.66,1.73,335.04,
2025-09-24,F014-00003153,BZR940,131.59,1.73,227.65,
2025-09-24,F014-00003155,BZR781,168.12,1.73,290.84,
2025-09-24,F014-00003156,CBA709,6.95,1.73,12.02,
2025-09-24,F014-00003156,CBA709,89.62,1.73,155.04,
2025-09-24,F014-00003157,CBA709,42.14,1.73,72.91,
2025-09-24,F014-00003158,BYP824,151.62,1.73,262.3,
2025-09-25,942762,BBJ814,116.58,1.73,201.68,
2025-09-25,942770,CCL847,131.68,1.73,227.8,
2025-09-25,942771,CBA709,114.21,1.73,197.58,
2025-09-25,942791,BZR940,167.23,1.73,289.3,
2025-09-25,F014-00003165,BYP838,168.05,1.73,290.72,
2025-09-26,942968,BZR781,206.23,1.73,356.77,
2025-09-26,942984,BBJ814,101.15,1.73,174.98,
2025-09-26,942998,BYP838,115.6,1.73,200.0,
2025-09-26,943007,CCL847,141.12,1.73,244.13,
2025-09-26,943020,BZR781,145.46,1.73,251.64,
2025-09-26,943051,CBA709,113.73,1.73,196.75,
2025-09-27,943261,BYP824,200.58,1.73,347.0,
2025-09-27,943328,CBA709,110.51,1.73,191.18,
2025-09-28,943514,BZR781,244.37,1.73,422.76,
2025-09-29,943797,BYP838,187.65,1.73,324.63,
2025-09-29,943867,BZR940,206.62,1.73,357.45,
2025-09-29,943894,CCL847,180.4,1.73,312.09,
2025-09-29,943896,BBJ814,81.33,1.73,140.7,
2025-09-29,943902,BZR781,97.98,1.73,169.5,
2025-09-29,943941,CBA709,112.83,1.73,195.19,
2025-09-30,944137,CCL847,104.07,1.73,180.04,
2025-09-30,944181,BZR940,201.29,1.73,348.23,
2025-09-30,944184,BYP824,176.62,1.73,305.55,
2025-09-30,944195,BZR781,132.83,1.73,229.79,
2025-09-30,944198,BBJ814,100.6,1.73,174.03,
2025-10-01,944394,CCL847,104.83,1.73,181.35,
2025-10-01,944445,BZR781,0.44,1.73,0.76,
2025-10-01,9444461,CBA709,76.9,1.73,133.03,
2025-10-01,944448,BZR781,127.24,1.73,220.12,
2025-10-01,944450,BBJ814,93.46,1.73,161.68,
2025-10-02,944550,BYP838,238.4,1.73,412.43,
2025-10-02,944563,BZR940,178.88,1.73,309.46,
2025-10-02,944656,CCL847,160.94,1.73,278.42,
2025-10-03,944679,BYP838,266.95,1.73,461.82,
2025-10-03,944776,BBJ814,173.67,1.73,300.44,
2025-10-03,944790,BZR940,162.39,1.73,280.93,
2025-10-03,944795,BZR940,38.12,1.73,65.94,
2025-10-03,944825,CBA709,177.57,1.73,307.19,
2025-10-03,944941,BZR781,38.15,1.73,66.0,
2025-10-04,944992,BZR781,235.55,1.73,407.5,
2025-10-04,945032,CCL847,117.21,1.73,202.77,
2025-10-04,945061,BZR940,165.29,1.73,285.95,
2025-10-04,945086,CBA709,108.88,1.73,188.36,
2025-10-06,945610,BYP838,263.85,1.73,456.46,
2025-10-06,945631,BBJ814,83.87,1.73,145.09,
2025-10-06,945656,CBA709,87.75,1.73,151.8,
2025-10-06,945661,BZR940,165.45,1.73,286.22,
2025-10-06,945669,BZR781,162.04,1.73,280.32,
2025-10-07,945909,CBA709,85.27,1.73,147.51,
2025-10-09,946408,BZR940,197.99,1.73,342.52,
2025-10-09,946518,CBA709,102.61,1.73,177.51,
2025-10-09,946531,BZR781,85.42,1.73,147.77,
2025-10-10,946581,CCL847,107.43,1.73,185.85,
2025-10-10,946714,BZR940,211.52,1.73,365.92,
2025-10-10,946730,CBA709,99.55,1.73,172.22,
2025-10-10,946757,BZR781,168.56,1.73,291.6,
2025-10-11,946826,CCL847,181.75,1.73,314.42,
2025-10-11,946936,CCL847,114.28,1.73,197.7,
2025-10-11,946939,CBA709,90.14,1.73,155.94,
2025-10-11,947001,BZR781,167.08,1.73,289.04,
2025-10-13,947410,BYP838,285.37,1.73,493.69,
2025-10-13,947424,BZR940,205.23,1.73,355.04,
2025-10-13,947546,BZR781,114.57,1.73,198.2,
2025-10-13,947576,CBA709,116.25,1.73,201.11,
2025-10-13,947580,CCL847,121.57,1.73,210.31,
2025-10-14,947722,BZR940,174.71,1.73,302.24,
2025-10-14,947803,CCL847,127.13,1.73,219.93,
2025-10-14,947814,CBA709,103.48,1.73,179.02,
2025-10-14,947820,BZR781,173.34,1.73,299.87,
2025-10-15,947974,BYP824,267.2,1.73,462.25,
2025-10-15,947996,BZR940,162.6,1.73,281.29,
2025-10-15,948019,CBA709,154.86,1.73,267.9,
2025-10-15,948030,CCL847,142.73,1.73,246.92,
2025-10-15,948049,BZR781,178.48,1.73,308.77,
2025-10-16,948138,BYP838,204.87,1.73,354.42,
2025-10-16,948240,CBA709,126.74,1.73,219.26,
2025-10-16,948251,BZR940,155.77,1.73,269.48,
2025-10-16,948260,BZR781,145.73,1.73,252.11,
2025-10-16,948263,CCL847,125.47,1.73,217.06,
2025-10-16,948299,BYP824,143.5,1.73,248.25,
2025-10-17,948453,CCL847,124.03,1.73,214.57,
2025-10-17,948457,CBA709,67.34,1.73,116.49,
2025-10-18,948560,BYP838,239.78,1.73,414.81,
2025-10-18,948697,CBA709,155.41,1.73,268.85,
2025-10-18,948707,BZR940,195.46,1.73,338.14,
2025-10-19,948883,BYP824,213.6,1.73,369.52,
2025-10-19,949046,BZR781,131.57,1.73,227.61,
2025-10-20,949255,CCL847,164.89,1.73,285.25,
2025-10-20,949258,CBA709,104.35,1.73,180.52,
2025-10-20,949263,BZR781,107.5,1.73,185.97,
2025-10-20,949277,BYP824,139.09,1.73,240.62,
2025-10-21,949308,BYP924,149.2,1.73,258.11,
2025-10-21,949365,BZR940,172.63,1.73,298.64,
2025-10-21,949366,BZR781,156.3,1.73,270.39,
2025-10-21,949476,CCL847,154.29,1.73,266.92,
2025-10-21,949489,CBA709,180.17,1.73,180.17,
2025-10-22,949562,BYP924,214.6,1.73,371.25,
2025-10-22,949570,BZR940,175.59,1.73,303.77,
2025-10-22,949686,CBA709,127.36,1.73,220.33,
2025-10-22,949692,CCL847,141.82,1.73,245.34,
2025-10-22,949698,BYP824,129.56,1.73,224.13,
2025-10-22,949718,BZR781,178.1,1.73,308.11,
2025-10-23,949473,BYP838,170.42,1.73,294.82,
2025-10-23,949877,BZR940,147.58,1.73,255.31,
2025-10-23,949880,BZR940,49.57,1.73,85.75,
2025-10-23,949905,BYP824,139.29,1.73,240.97,
2025-10-23,949916,CCL847,130.17,1.73,225.19,
2025-10-23,949918,CBA709,92.87,1.73,160.66,
2025-10-23,949980,BZR781,184.68,1.73,319.49,
2025-10-24,950115,BZR940,181.93,1.73,314.73,
2025-10-24,950154,CBA709,119.3,1.73,206.38,
2025-10-24,950218,BZR781,220.42,1.73,381.32,
2025-10-25,950271,CCL847,173.65,1.73,300.41,
2025-10-25,950368,CCL847,73.87,1.73,127.79,
2025-10-25,950391,BZR940,135.83,1.73,234.98,
2025-10-25,950437,CBA709,87.7,1.73,151.72,
2025-10-26,950772,BZR781,130.18,1.73,225.21,
2025-10-27,950913,BYP824,217.8,1.73,376.79,
2025-10-27,951025,CCL847,104.3,1.73,180.43,
2025-10-27,951030,CBA709,115.99,1.73,200.66,
2025-10-27,951034,BZR781,68.9,1.73,119.19,
2025-10-28,951152,BYP824,173.81,1.73,300.69,
2025-10-28,951207,CBA709,103.91,1.73,179.76,
2025-10-28,951213,BYP837,252.52,1.73,436.85,
2025-10-28,951248,CCL847,79.72,1.73,137.91,
2025-10-28,951301,CCL847,96.23,1.73,166.47,
2025-10-29,951443,BZR781,232.24,1.73,401.77,
2025-10-29,951447,CBA709,90.65,1.73,156.82,
2025-10-29,951462,CCL847,112.95,1.73,195.4,
2025-10-29,951495,CAP946,147.06,1.73,254.41,
2025-10-30,951621,BYP824,141.61,1.73,244.98,
2025-10-30,951687,CCL847,88.06,1.73,152.34,
2025-10-30,951711,BZR940,159.83,1.73,276.5,
2025-10-30,951716,CBA709,103.18,1.73,178.5,
2025-10-30,951758,CAP946,124.58,1.73,215.52,
2025-10-31,951906,BZR940,124.31,1.73,215.05,
2025-10-31,951958,CCL847,100.36,1.73,173.62,
2025-10-31,951984,CBA709,141.75,1.73,245.22,
2025-11-03,952789,BZR940,55.4,1.73,95.84,
2025-11-03,952802,BYP824,247.8,1.73,428.69,
2025-11-03,952903,CCL847,107.37,1.73,185.75,
2025-11-03,952906,BZR781,160.54,1.73,277.73,
2025-11-03,952914,CBA709,80.78,1.73,139.74,
2025-11-04,953061,BZR940,180.17,1.73,311.69,
2025-11-04,953094,BYP824,209.78,1.73,362.91,
2025-11-04,953097,BYP838,204.28,1.73,353.4,
2025-11-04,953140,CCL847,138.13,1.73,238.96,
2025-11-04,953151,CBA709,101.48,1.73,175.56,
2025-11-04,953185,BZR781,188.21,1.73,325.6,
2025-11-05,953304,BZR940,164.83,1.73,285.15,
2025-11-05,953327,CAP946,188.15,1.73,325.49,
2025-11-05,953369,CCL847,136.73,1.73,236.54,
2025-11-05,953399,CBA709,127.42,1.73,220.43,
2025-11-06,953550,BZR781,155.25,1.73,268.58,
2025-11-06,953582,BYP838,221.53,1.73,283.24,
2025-11-06,953606,CCL847,44.15,1.73,76.37,
2025-11-06,953610,CCL847,53.94,1.73,93.31,
2025-11-06,953623,CBA709,98.69,1.73,170.73,
2025-11-06,953660,BZR781,95.25,1.73,164.78,
2025-11-07,953827,BYP824,216.47,1.73,374.49,
2025-11-07,953834,CBA709,101.13,1.73,174.95,
2025-11-07,953849,BZR781,98.61,1.73,170.59,
2025-11-07,953855,CAP946,161.99,1.73,280.24,
2025-11-08,953919,CCL847,169.88,1.73,293.89,
2025-11-08,953971,BYP824,94.95,1.73,164.26,
2025-11-08,954035,CBA709,120.97,1.73,209.27,
2025-11-08,954052,BZR940,155.79,1.73,269.51,
2025-11-09,954200,BZR940,115.86,1.73,200.43,
2025-11-10,954456,CCL847,165.06,1.73,285.55,
2025-11-10,954460,BZR781,152.8,1.73,264.34,
2025-11-10,954508,CCL847,74.91,1.73,129.59,
2025-11-10,954516,CBA709,97.76,1.73,169.12,
2025-11-10,954554,BZR781,134.84,1.73,233.27,
2025-11-11,954610,BZR940,188.44,1.73,326.0,
2025-11-11,954646,BYP838,241.49,1.73,417.77,
2025-11-11,954701,BYP824,200.29,1.73,346.5,
2025-11-11,954713,CCL847,103.66,1.73,179.33,
2025-11-11,954733,CAP946,173.3,1.73,299.8,
2025-11-11,954735,CBA709,110.28,1.73,190.78,
2025-11-12,954827,BZR940,177.73,1.73,307.47,
2025-11-12,954915,CCL847,99.25,1.73,171.7,
2025-11-12,954935,BYP824,166.38,1.73,287.83,
2025-11-12,954949,CBA709,132.98,1.73,230.05,
2025-11-12,954970,CAP946,123.75,1.73,214.08,
2025-11-13,955064,BZR940,193.08,1.73,334.02,
2025-11-13,955144,BZR781,153.18,1.73,265.0,
2025-11-13,955164,CCL847,98.2,1.73,169.88,
2025-11-13,955201,CBA709,130.98,1.73,226.59,
2025-11-14,955358,CBA709,103.03,1.73,178.24,
2025-11-14,955379,BZR940,156.36,1.73,270.5,
2025-11-14,955395,CAP946,117.93,1.73,204.01,
2025-11-14,955400,CCL847,141.68,1.73,245.1,
2025-11-15,955554,BYP824,224.36,1.73,388.14,
2025-11-15,955582,CCL847,116.34,1.73,201.26,
2025-11-15,955588,CBA709,106.11,1.73,183.57,
2025-11-17,956060,BZR940,191.3,1.73,330.94,
2025-11-17,956120,BYP838,127.09,1.73,219.86,
2025-11-17,956139,CBA709,152.55,1.73,263.91,
2025-11-17,956157,CCL847,155.6,1.73,269.18,
2025-11-17,956168,BYP824,173.22,1.73,299.67,
2025-11-18,956292,BZR940,180.98,1.73,313.09,
2025-11-18,956364,CBA709,103.14,1.73,178.43,
2025-11-19,956443,CCL847,167.73,1.73,290.17,
2025-11-19,956489,BZR940,157.01,1.73,271.62,
2025-11-19,956547,CCL847,88.46,1.73,153.03,
2025-11-19,956576,CBA709,96.89,1.73,167.61,
2025-11-19,956595,BYP824,175.17,1.73,303.04,
2025-11-20,956770,BZR940,155.37,1.73,268.79,
2025-11-20,956795,CCL847,126.92,1.73,219.57,
2025-11-20,956802,CBA709,128.14,1.73,221.68,
2025-11-21,956956,BYP824,206.64,1.73,357.48,
2025-11-21,956965,BZR940,140.43,1.73,242.94,
2025-11-21,957047,CCL847,99.72,1.73,172.51,
2025-11-21,957066,CBA709,78.41,1.73,135.64,
2025-11-22,957254,BZR940,190.0,1.73,328.7,
2025-11-22,957260,CBA709,142.04,1.73,245.72,
2025-11-22,957303,CCL847,152.17,1.73,263.25,
2025-11-24,957852,BYP824,158.98,1.73,275.03,
2025-11-24,957859,CCL847,145.9,1.73,252.4,
2025-11-24,957864,CBA709,125.93,1.73,217.85,
2025-11-24,957868,BZR940,189.59,1.73,327.99,
2025-11-25,958054,CCL847,116.78,1.73,202.02,
2025-11-25,958078,CBA709,118.36,1.73,204.76,
2025-11-26,958158,BZR940,213.29,1.73,368.99,
2025-11-26,958283,BY824,270.5,1.73,467.96,
2025-11-26,958301,VBA709,124.77,1.73,215.85,
2025-11-27,958362,CCL847,214.22,1.73,370.6,
2025-11-27,958410,BZR940,218.13,1.73,377.36,
2025-11-27,958496,CCL847,129.75,1.73,224.46,
2025-11-27,958518,CBA708,146.73,1.73,253.84,
2025-11-27,958557,CAP946,197.4,1.73,341.51,
2025-11-28,958631,BZR940,201.05,1.73,347.81,
2025-11-28,958684,CBA708,112.58,1.73,194.76,
2025-11-29,958787,CCL847,132.01,1.73,228.37,
2025-11-29,958837,BZR940,159.14,1.73,275.32,
2025-11-29,958842,CBA709,57.92,1.73,100.21,
2025-11-29,958850,CAP946,163.91,1.73,283.56,
2025-11-29,959268,CCL847,168.82,1.73,292.05,
2025-12-01,959339,BYP824,201.97,1.73,349.4,
2025-12-01,959376,CCL847,94.19,1.73,162.94,
2025-12-01,959386,BZR940,129.95,1.73,224.81,
2025-12-01,959401,CBA709,111.1,1.73,192.2,
2025-12-01,959478,CAP946,159.49,1.73,275.91,
2025-12-02,959571,BYP824,185.43,1.73,320.79,
2025-12-02,959610,BZR940,167.64,1.73,290.01,
2025-12-02,959630,CBA709,147.76,1.73,255.62,
2025-12-02,959681,CAP946,146.5,1.73,253.44,
2025-12-03,959715,CCL847,192.88,1.73,333.68,
2025-12-03,959828,BZR940,174.23,1.73,301.41,
2025-12-03,959848,CBA709,131.64,1.73,227.73,
2025-12-03,959859,CCL847,133.03,1.73,230.15,
2025-12-03,959879,CAP946,152.95,1.73,264.6,
2025-12-04,959966,BYP824,201.58,1.73,348.73,
2025-12-04,960039,BZR940,187.18,1.73,323.82,
2025-12-04,960041,CCL847,160.39,1.73,277.47,
2025-12-04,960046,CAP946,137.69,1.73,238.2,
2025-12-04,960051,CBA709,54.22,1.73,93.8,
2025-12-05,960206,CCL847,159.94,1.73,276.69,
2025-12-05,960249,BZR940,197.03,1.73,340.86,
2025-12-05,960251,CBA709,115.82,1.73,200.36,
2025-12-05,960277,CAP946,152.12,1.73,263.16,
2025-12-06,960414,CCL847,189.38,1.73,327.62,
2025-12-06,960460,CBA709,143.96,1.73,249.05,
2025-12-10,961349,CCL847,194.9,1.73,337.17,
2025-12-10,961368,CBA709,176.91,1.73,306.05,
2025-12-11,961404,CAP946,132.64,1.73,229.46,
2025-12-11,961452,BZR940,219.0,1.73,380.49,
2025-12-11,961513,CBA709,85.41,1.73,147.75,
2025-12-11,961581,CAP946,118.25,1.73,204.57,
2025-12-12,961692,BZR940,105.18,1.73,181.96,
2025-12-12,961695,BZR940,83.27,1.73,144.05,
2025-12-12,961702,CBA709,174.37,1.73,301.66,
2025-12-13,961747,CCL847,192.15,1.73,332.41,
2025-12-13,961819,BZR940,106.54,1.73,184.31,
2025-12-13,961842,CBA709,110.98,1.73,191.99,
2025-12-13,961847,CCL847,89.96,1.73,155.63,
2025-12-13,961868,CAP946,189.88,1.73,328.49,
2025-12-15,962296,BZR940,157.07,1.73,271.73,
2025-12-15,962325,CCL847,64.77,1.73,112.05,
2025-12-15,962330,CCL847,87.77,1.73,151.84,
2025-12-15,962334,CAP946,144.34,1.73,249.7,
2025-12-15,962341,CBA709,101.16,1.73,175.0,
2025-12-16,962483,CCL847,169.43,1.73,293.11,
2025-12-16,962490,CBA709,115.53,1.73,199.86,
2025-12-16,962495,BZR940,174.65,1.73,302.14,
2025-12-17,962618,BZR940,162.55,1.73,281.21,
2025-12-17,962667,CCL847,190.51,1.73,329.58,
2025-12-17,962686,CBA709,139.3,1.73,240.98,
2025-12-17,962737,CAP946,191.11,1.73,330.62,
2025-12-18,962863,BZR940,202.63,1.73,350.54,
2025-12-18,962873,CCL847,130.81,1.73,226.3,
2025-12-18,962928,CBA709,149.5,1.73,258.63,
2025-12-18,962964,CAP946,198.17,1.73,342.83,
2025-12-19,963065,CCL847,138.53,1.73,239.65,
2025-12-19,963113,BZR940,142.04,1.73,245.72,
2025-12-19,963117,BZR940,74.83,1.73,129.45,
2025-12-19,963122,CBA709,125.68,1.73,217.42,
2025-12-19,963191,CAP946,167.96,1.73,290.57,
2025-12-20,963357,CCL847,152.84,1.73,264.41,
2025-12-20,963382,CBA709,110.54,1.73,191.23,
2025-12-20,963417,BZR940,179.86,1.73,311.15,
2025-12-22,963940,CCL847,124.96,1.73,216.18,
2025-12-22,963976,BZR940,177.73,1.73,307.47,
2025-12-22,964045,CBA709,149.64,1.73,258.87,
2025-12-23,964112,CCL847,152.62,1.73,264.03,
2025-12-23,964221,BZR940,178.09,1.73,308.09,
2025-12-23,964254,CBA709,121.87,1.73,210.83,
2025-12-26,964840,CCL847,179.65,1.73,310.79,
2025-12-26,964938,BZR940,183.24,1.73,317.0,
2025-12-26,964986,CCL847,104.58,1.73,180.92,
2025-12-26,964990,CBA709,114.17,1.73,197.51,
2025-12-27,965154,BZR940,177.4,1.73,306.9,
2025-12-27,965191,CAP946,72.0,1.73,124.71,
2025-12-28,965396,BZR940,176.62,1.73,305.55,
2025-12-28,965455,CAP946,112.12,1.73,193.96,
2025-12-29,965742,CCL847,140.77,1.73,243.53,
2025-12-29,965771,CAP946,172.92,1.73,299.15,
2025-12-29,F014-3492,CHS718,55.62,1.73,96.22,
2025-12-30,965841,BZR940,121.16,1.73,209.6,
2025-12-30,965845,BZR940,97.07,1.73,167.93,
2025-12-30,965934,CHS718,124.4,1.73,215.21,
2025-12-30,965966,CBA709,150.58,1.73,260.5,
2026-01-02,966610,CCL847,62.7,1.73,108.47,
2026-01-02,966611,CCL847,1.23,1.73,2.12,
2026-01-02,966619,BZR940,140.79,1.73,243.56,
2026-01-02,966719,CCL847,163.11,1.73,282.19,
2026-01-02,966776,CBA709,150.98,1.73,261.19,
2026-01-02,F503-19048,CBR846,156.43,1.65,258.11,
2026-01-02,F503-19050,CBR796,121.17,1.65,199.93,
2026-01-02,F503-19053,BZR752,92.12,1.65,152.0,
2026-01-02,F503-19251,CAZ895,146.22,1.65,241.26,
2026-01-03,966851,CCL847,98.17,1.73,169.83,
2026-01-03,966909,BZR940,182.59,1.73,315.88,
2026-01-03,966924,CCL847,102.22,1.73,176.84,
2026-01-03,966927,CBA709,72.56,1.73,125.52,
2026-01-03,966931,CHS718,126.5,1.73,218.84,
2026-01-03,F502-30795,CBR872,195.78,1.65,323.04,
2026-01-03,F503-19067,CAZ895,78.22,1.65,129.06,
2026-01-03,F503-19068,BYP824,92.13,1.65,152.01,
2026-01-03,F503-19069,BZR752,71.75,1.65,118.39,
2026-01-03,F503-19071,CBR796,126.05,1.65,207.98,
2026-01-03,F503-19073,BZR781,109.63,1.65,180.89,
2026-01-05,967474,CHS718,108.49,1.73,187.68,
2026-01-05,967477,CCL847,129.7,1.73,224.38,
2026-01-05,967492,BZR940,141.29,1.73,244.43,
2026-01-05,967512,CBA709,99.03,1.73,171.32,
2026-01-05,F502-30836,CBR872,96.77,1.65,159.67,
2026-01-05,F502-30849,CBR872,93.71,1.65,154.62,
2026-01-05,F502-30851,CBR796,141.1,1.65,232.81,
2026-01-05,F502-30852,BYP824,122.48,1.65,202.09,
2026-01-05,F503-19098,BZR752,114.78,1.65,189.39,
2026-01-05,F503-19104,BZR781,105.79,1.65,174.55,
2026-01-06,967728,CCL847,146.21,1.73,252.94,
2026-01-06,967736,CHS718,131.92,1.73,228.22,
2026-01-06,967749,CBA709,125.33,1.73,216.82,
2026-01-06,F502-30877,CBR796,95.27,1.65,157.2,
2026-01-06,F503-19120,BZR781,95.6,1.65,157.74,
2026-01-07,968008,CBA709,86.75,1.73,150.07,
2026-01-07,968034,CCL847,92.65,1.73,160.28,
2026-01-07,F502-30893,CBR872,116.79,1.65,192.7,
2026-01-07,F503-19140,BZR781,52.3,1.65,86.3,
2026-01-07,F503-19142,BZR752,120.25,1.65,198.41,
2026-01-07,F503-19143,CBR796,165.75,1.65,273.49,
2026-01-07,F503-19147,CBR872,124.76,1.65,205.85,
2026-01-07,F503-19149,BYP824,191.28,1.65,315.61,
2026-01-08,968059,CHS718,158.97,1.73,275.01,
2026-01-08,968193,CCL847,181.85,1.73,314.6,
2026-01-08,968199,CHS718,109.45,1.73,189.34,
2026-01-08,968215,CBA709,102.74,1.73,177.74,
2026-01-08,F503-19174,CBR796,173.27,1.65,285.9,
2026-01-08,F503-19176,CBR872,178.77,1.65,294.97,
2026-01-08,F503-19178,BZR752,117.01,1.65,193.07,
2026-01-09,968445,CCL847,169.71,1.73,293.59,
2026-01-09,968451,CHS718,149.34,1.73,258.35,
2026-01-09,968454,CBA709,126.97,1.73,219.65,
2026-01-09,F502-30963,CBR846,246.65,1.65,406.97,
2026-01-09,F502-30965,CBR796,170.24,1.65,280.9,
2026-01-09,F502-30967,BZR752,152.05,1.65,250.88,
2026-01-09,F503-19198,BYP824,207.23,1.65,341.93,
2026-01-10,968655,CCL847,128.8,1.73,222.82,
2026-01-10,968659,CHS718,128.6,1.73,222.47,
2026-01-10,F502-30984,BZR752,62.84,1.65,103.69,
2026-01-10,F502-30985,BYP824,128.72,1.65,212.39,
2026-01-10,F502-30989,CBR796,115.56,1.65,190.67,
2026-01-10,F503-19220,CBR872,98.19,1.65,162.01,
2026-01-12,969364,CBA709,118.58,1.53,205.14,
2026-01-12,F502-31030,BYP824,88.9,1.65,146.69,
2026-01-12,F503-19253,CBR796,82.59,1.65,136.27,
2026-01-12,F503-19254,BZR752,79.83,1.65,131.72,
2026-01-12,F503-19260,CAZ895,76.41,1.65,126.08,
2026-01-13,969449,CCL847,201.63,1.73,348.81,
2026-01-13,969497,CHS718,141.34,1.73,244.51,
2026-01-13,969572,CCL847,150.13,1.73,259.72,
2026-01-13,969603,CBA709,159.79,1.73,276.43,
2026-01-13,F503-19281,BZR752,111.7,1.65,184.31,
2026-01-13,F503-19282,CBR872,160.85,1.65,265.4,
2026-01-13,F503-19284,CBR796,194.26,1.65,320.53,
2026-01-14,969685,CHS718,128.02,1.73,221.47,
2026-01-14,969789,CBA709,77.04,1.73,133.27,
2026-01-14,969793,CBA709,41.0,1.73,70.93,
2026-01-14,969830,CCL847,186.32,1.73,322.33,
2026-01-14,969866,CHS718,158.6,1.73,274.37,
2026-01-14,F502-31065,BZR752,148.36,1.65,244.79,
2026-01-14,F503-19309,BZR752,91.09,1.65,150.3,
2026-01-15,970020,CCL847,135.43,1.73,234.29,
2026-01-15,970106,CBA709,156.11,1.73,270.07,
2026-01-15,B503-365962,CBR782,195.94,1.65,323.3,
2026-01-15,F502-31111,BZR752,112.82,1.65,186.15,
2026-01-15,F502-31113,BZR940,169.67,1.65,279.96,
2026-01-15,F502-31119,CBR796,207.6,1.65,342.54,
2026-01-15,F503-19315,BZR752,142.65,1.65,235.37,
2026-01-15,F503-19332,CAZ895,99.1,1.65,163.51,
2026-01-15,F503-19335,BYP824,219.27,1.65,361.8,
2026-01-16,970211,CHS718,149.29,1.73,258.27,
2026-01-16,970310,CHS718,108.97,1.73,188.51,
2026-01-16,970314,CCL847,183.59,1.73,317.61,
2026-01-16,970333,CBA709,123.79,1.73,214.15,
2026-01-16,970353,BZR940,175.19,1.73,303.07,
2026-01-16,F502-31125,CBR872,190.06,1.65,313.6,
2026-01-16,F503-19352,BYP824,115.93,1.65,191.28,
2026-01-16,F503-19355,BZR752,127.45,1.65,210.29,
2026-01-16,F503-19356,BYP838,117.35,1.65,193.63,
2026-01-16,F503-19357,CBR796,162.28,1.65,267.76,
2026-01-17,970561,CCL847,147.43,1.73,255.05,
2026-01-17,970565,CHS718,136.83,1.73,236.71,
2026-01-17,970587,CBA709,68.32,1.73,118.19,
2026-01-17,F502-31148,BZR752,154.16,1.65,254.36,
2026-01-17,F502-31149,CBR872,180.4,1.65,297.66,
2026-01-17,F503-19377,CAZ895,47.9,1.65,79.03,
2026-01-17,F503-19379,CBR872,91.58,1.65,151.11,
2026-01-17,F503-19380,BYP838,97.04,1.65,160.12,
2026-01-17,F503-19382,CBR796,126.43,1.65,208.61,
2026-01-19,971068,BZR940,176.8,1.73,305.86,
2026-01-19,971174,CHS718,122.56,1.73,212.02,
2026-01-19,971270,CBA709,89.17,1.73,154.26,
2026-01-19,F502-31192,BZR752,125.76,1.65,207.5,
2026-01-19,F502-31200,BYP824,121.69,1.65,200.79,
2026-01-19,F503-19415,BYP838,131.89,1.65,217.62,
2026-01-19,F503-19417,BZR752,100.9,1.65,166.49,
2026-01-19,F503-19419,CBR796,213.01,1.65,351.47,
2026-01-20,971334,BZR940,164.17,1.73,284.01,
2026-01-20,971419,CHS718,156.72,1.73,271.12,
2026-01-20,971467,CCL847,183.78,1.73,317.93,
2026-01-20,971469,BZR940,146.51,1.73,253.46,
2026-01-20,971474,CBA709,121.09,1.73,209.48,
2026-01-20,F502-31220,CBR872,225.6,1.65,372.24,
2026-01-20,F503-19420,BZR752,143.26,1.65,236.38,
2026-01-20,F503-19435,BYP838,105.11,1.65,173.43,
2026-01-20,F503-19437,BYP824,140.73,1.65,232.2,
2026-01-20,F503-19440,CBR796,194.85,1.65,321.5,
2026-01-20,F503-19441,CAZ895,128.0,1.65,211.2,
2026-01-20,F503-19442,BZR752,115.8,1.65,191.07,
2026-01-21,971611,CHS718,135.52,1.73,234.44,
2026-01-21,971711,BZR940,167.23,1.73,289.3,
2026-01-21,971759,CHS718,115.23,1.73,199.34,
2026-01-21,971769,CCL847,174.31,1.73,301.55,
2026-01-21,971780,CBA709,135.78,1.73,234.89,
2026-01-21,B503-368306,BYP824,102.87,1.65,169.74,
2026-01-21,F502-31253,CBR872,183.02,1.65,301.98,
2026-01-21,F502-31271,CBR846,214.03,1.65,353.15,
2026-01-21,F502-31275,BYP838,154.87,1.65,255.54,
2026-01-21,F503-19458,BZR752,79.49,1.65,131.16,
2026-01-21,F503-19462,CBR796,168.39,1.65,277.84,
2026-01-21,F503-19463,CAZ895,137.62,1.65,227.07,
2026-01-21,F503-19466,BZR781,166.34,1.65,274.46,
2026-01-22,971956,CHS718,130.6,1.73,225.93,
2026-01-22,971997,BZR940,194.63,1.73,336.7,
2026-01-22,972013,CCL847,158.39,1.73,274.01,
2026-01-22,972056,CBA709,119.22,1.73,206.25,
2026-01-22,F502-19487,BZR752,152.12,1.65,251.0,
2026-01-22,F502-31299,BYP824,129.8,1.65,214.17,
2026-01-22,F503-19469,CBR872,160.34,1.65,264.56,
2026-01-22,F503-19482,CBR796,122.83,1.65,202.67,
2026-01-22,F503-19483,CAZ895,99.51,1.65,164.19,
2026-01-22,F503-19484,BYP838,104.92,1.65,173.12,
2026-01-22,F503-19486,CBR872,100.58,1.65,165.96,
2026-01-22,F503-19490,BZR781,138.39,1.65,228.34,
2026-01-23,972211,CHS718,109.32,1.73,189.12,
2026-01-23,972253,BZR940,152.72,1.73,264.2,
2026-01-23,972352,CBA709,132.9,1.73,229.91,
2026-01-23,F502-31317,CBR846,195.35,1.65,322.33,
2026-01-23,F502-31327,BYP824,94.9,1.65,156.59,
2026-01-23,F503-19494,BZR752,154.69,1.65,255.24,
2026-01-23,F503-19505,CBR796,92.9,1.65,153.28,
2026-01-23,F503-19507,BZR752,115.77,1.65,191.02,
2026-01-23,F503-19512,CAZ895,128.18,1.65,211.5,
2026-01-23,F503-19513,BZR781,121.04,1.65,199.72,
2026-01-24,972458,CCL847,154.39,1.73,267.09,
2026-01-24,972472,BZR940,142.35,1.73,246.26,
2026-01-24,972588,CCL847,139.68,1.73,241.64,
2026-01-24,972681,CBA709,118.98,1.73,205.83,
2026-01-24,972713,BZR940,139.48,1.73,241.3,
2026-01-24,F502-31353,CAZ895,104.63,1.65,172.64,
2026-01-24,F503-19523,CBR872,135.49,1.65,223.56,
2026-01-24,F503-19525,BZR752,174.07,1.65,287.22,
2026-01-24,F503-19541,CBR846,200.45,1.65,330.74,
2026-01-24,F503-19542,CBR796,169.77,1.65,280.12,
2026-01-24,F503-19544,BYP824,158.74,1.65,261.92,
2026-01-24,F503-19545,BZR781,141.77,1.65,233.92,
2026-01-24,F503-19546,BZR752,75.37,1.65,124.36,
2026-01-25,973162,CHS718,157.76,1.73,272.92,
2026-01-26,973353,CCL847,141.93,1.73,245.53,
2026-01-26,973385,BZR940,109.01,1.73,188.58,
2026-01-26,973402,CHS718,123.5,1.73,213.65,
2026-01-26,973410,CBA709,93.81,1.73,162.29,
2026-01-26,F502-31386,CBR872,186.97,1.65,308.5,
2026-01-26,F503-19577,CBR796,131.14,1.65,216.38,
2026-01-26,F503-19580,CBR872,99.7,1.65,164.5,
2026-01-26,F503-19581,BYP838,93.51,1.65,154.29,
2026-01-26,F503-19583,CAZ895,112.17,1.65,185.08,
2026-01-26,F503-19585,BZR752,94.55,1.65,156.01,
2026-01-26,F503-19586,BYP824,124.92,1.65,206.12,
2026-01-27,973592,BZR940,128.95,1.73,223.08,
2026-01-27,973613,CCL847,132.8,1.73,229.74,
2026-01-27,973644,CBA709,78.32,1.73,135.49,
2026-01-27,F503-19601,BYP838,70.61,1.65,116.51,
2026-01-27,F503-19603,CAZ895,89.05,1.65,146.93,
2026-01-27,F503-19604,CBR796,173.71,1.65,286.62,
2026-01-27,F503-19605,BYP824,145.81,1.65,240.59,
2026-01-27,F503-19608,BZR781,152.94,1.65,252.35,
2026-01-28,973723,CHS718,157.59,1.73,272.63,
2026-01-28,973855,CCL847,177.66,1.73,307.35,
2026-01-28,973862,CHS718,112.04,1.73,193.82,
2026-01-28,973919,CBA709,112.4,1.73,194.45,
2026-01-28,F502-31466,CBR796,133.83,1.65,220.82,
2026-01-28,F503-19607,BZR752,122.92,1.65,202.82,
2026-01-28,F503-19615,CBR872,197.84,1.65,326.44,
2026-01-28,F503-19627,BZR752,81.71,1.65,134.82,
2026-01-28,F503-19636,CAZ895,110.33,1.65,182.04,
2026-01-28,F503-19637,BYP824,149.93,1.65,247.38,
2026-01-28,F503-19639,BZR781,111.09,1.65,183.3,
2026-01-28,F503-19645,CHW782,137.89,1.65,227.52,
2026-01-29,974042,BZR940,215.56,1.73,372.91,
2026-01-29,974208,CBA709,125.43,1.73,216.99,
2026-01-29,F502-31508,CBR872,118.42,1.65,195.39,
2026-01-30,974341,CCL847,141.33,1.73,244.5,
2026-01-30,974352,BZR940,166.79,1.73,288.54,
2026-01-30,974360,CCL847,77.13,1.73,133.43,
2026-01-30,F501-19687,CBR796,167.9,1.65,277.04,
2026-01-30,F503-19685,BYP824,156.63,1.65,258.44,
2026-01-31,974653,CCL847,182.1,1.73,315.03,
2026-01-31,974658,BZR940,214.01,1.73,370.23,
2026-01-31,974732,CHS718,122.56,1.73,212.02,
2026-01-31,974781,BZR940,86.59,1.73,149.8,
2026-01-31,974883,CBA709,116.33,1.73,201.25,
2026-01-31,F502-31549,CBR872,177.34,1.65,292.61,
2026-01-31,F503-197.08,CBR796,96.23,1.65,158.78,
2026-01-31,F503-19705,BZR752,149.02,1.65,245.88,
2026-01-31,F503-19711,CAZ895,83.05,1.65,137.03,
2026-01-31,F503-19716,BZR781,135.64,1.65,223.81,
2026-02-02,975443,CCL847,142.83,1.73,247.09,
2026-02-02,975612,BZR940,157.91,1.73,273.18,
2026-02-02,975620,CHS718,156.1,1.73,270.05,
2026-02-02,975639,CCL847,100.18,1.73,173.31,
2026-02-02,975704,CBA709,112.78,1.73,195.1,
2026-02-02,F502-31599,BZR752,88.02,1.65,145.23,
2026-02-02,F503-19746,BYP824,162.11,1.65,267.48,
2026-02-02,F503-19750,CBR796,91.68,1.65,151.27,
2026-02-03,975958,BZR940,191.7,1.73,331.64,
2026-02-03,975961,CBA709,121.26,1.73,209.77,
2026-02-03,F503-19755,CBR872,134.92,1.65,222.62,
2026-02-03,F503-19772,CAZ895,39.87,1.65,65.79,
2026-02-03,F503-19774,CBR872,79.29,1.65,130.83,
2026-02-03,F503-19776,CBR796,157.3,1.65,259.55,
2026-02-04,976123,CHS718,170.33,1.73,294.67,
2026-02-04,976240,CHS718,104.63,1.73,181.0,
2026-02-04,976284,BZR940,140.88,1.73,243.72,
2026-02-04,976303,CBA709,112.04,1.73,193.82,
2026-02-04,976329,CCL847,194.53,1.73,336.53,
2026-02-04,F502-31656,CBR796,106.85,1.65,176.3,
2026-02-04,F502-31657,CBR872,104.17,1.65,171.88,
2026-02-04,F502-31658,CAZ895,92.68,1.65,152.92,
2026-02-04,F503-19799,CBR846,197.07,1.65,325.17,
2026-02-04,F503-19813,BZR752,88.82,1.65,146.55,
2026-02-05,976572,CCL847,152.03,1.73,263.01,
2026-02-05,976577,CHS718,156.55,1.73,270.83,
2026-02-05,976619,CBA709,66.92,1.73,115.77,
2026-02-05,976635,BZR940,183.43,1.73,317.33,
2026-02-05,F502-31671,BZR752,121.9,1.65,201.13,
2026-02-05,F502-31688,CBR846,187.94,1.65,310.1,
2026-02-05,F503-19843,BZR752,77.57,1.65,127.99,
2026-02-05,F503-19844,CBR796,173.92,1.65,286.97,
2026-02-06,976822,CHS718,124.92,1.73,216.11,
2026-02-06,976856,BZR940,202.36,1.73,350.08,
2026-02-06,976940,CCL847,203.91,1.73,352.76,
2026-02-06,976956,CBA709,194.28,1.73,336.1,
2026-02-06,F502-31705,CBR872,210.62,1.65,347.52,
2026-02-06,F502-31719,CBR846,173.44,1.65,286.18,
2026-02-06,F503-19866,BZR752,144.68,1.65,238.72,
2026-02-06,F503-19869,CBR872,135.49,1.65,223.56,
2026-02-06,F503-19870,CBR796,148.31,1.65,244.71,
2026-02-06,F503-19875,BZR752,82.22,1.65,135.66,
2026-02-07,977081,CHS718,116.16,1.73,200.95,
2026-02-07,977164,BZR940,155.16,1.73,268.42,
2026-02-07,977215,CBA709,104.63,1.73,181.0,
2026-02-07,F502-31740,CBR872,71.09,1.65,117.3,
2026-02-07,F503-19881,CBR796,51.95,1.65,85.72,
2026-02-07,F503-19892,CHW782,159.47,1.65,263.13,
2026-02-07,F503-19893,BZR781,151.17,1.65,249.43,
2026-02-09,977941,CHS718,147.77,1.73,255.64,
2026-02-09,977956,BZR940,142.13,1.73,245.88,
2026-02-09,977964,CBA709,98.64,1.73,170.64,
2026-02-09,F503-19915,BZR752,102.69,1.65,169.44,
2026-02-09,F503-19929,CBR872,64.06,1.65,105.7,
2026-02-09,F503-19930,CBR796,57.74,1.65,95.27,
2026-02-09,F503-19938,BZR752,107.87,1.65,177.99,
2026-02-10,978105,CCL847,80.34,1.73,139.0,
2026-02-10,978182,BYP824,178.63,1.73,309.02,
2026-02-10,978200,BZR940,145.19,1.73,251.17,
2026-02-10,978235,CCL847,196.11,1.73,339.27,
2026-02-10,978271,CBA709,137.81,1.73,238.41,
2026-02-10,978288,CHS718,147.36,1.73,254.93,
2026-02-10,F502-31817,CBR846,234.14,1.65,386.33,
2026-02-10,F502-31821,BZR752,112.79,1.65,186.1,
2026-02-10,F503-19961,CAZ895,149.84,1.65,247.24,
2026-02-10,F503-19968,CBR796,169.71,1.65,280.02,
2026-02-11,978484,BZR940,155.18,1.73,268.46,
2026-02-11,978529,CHS718,141.99,1.73,245.64,
2026-02-11,978552,CCL847,196.53,1.73,339.99,
2026-02-11,978581,CBA709,118.56,1.73,205.1,
2026-02-11,978625,BYP824,204.37,1.73,353.56,
2026-02-11,978650,CAP946,154.25,1.73,266.85,
2026-02-11,F502-31830,CBR872,201.1,1.65,331.81,
2026-02-11,F503-1998,CAZ895,91.49,1.65,150.96,
2026-02-11,F503-19987,CBR872,73.57,1.65,121.39,
2026-02-11,F503-19997,BZR752,65.79,1.65,108.55,
2026-02-11,F503-20001,CBR796,98.07,1.65,161.82,
2026-02-11,F503-20003,BZR781,185.54,1.65,306.14,
2026-02-11,F503-2009,BZR752,148.34,1.65,244.76,
2026-02-12,978798,BZR940,213.01,1.73,368.5,
2026-02-12,978809,CHS718,171.04,1.73,295.89,
2026-02-12,978853,CCL847,193.91,1.73,335.46,
2026-02-12,978885,CBA709,105.88,1.73,183.17,
2026-02-12,978949,CAP946,92.7,1.73,160.37,
2026-02-12,F503-19984,BZR752,149.45,1.65,246.59,
2026-02-12,F503-20015,CBR846,184.44,1.65,304.33,
2026-02-12,F503-20023,CBR796,88.46,1.65,145.96,
2026-02-12,F503-20031,CAZ895,139.91,1.65,230.85,
2026-02-12,F503-20037,BZR752,126.92,1.65,209.42,
2026-02-13,979038,BYP824,183.32,1.73,317.14,
2026-02-13,979068,BZR940,188.19,1.73,325.56,
2026-02-13,979119,CHS718,177.6,1.73,307.24,
2026-02-13,979123,CCL847,176.5,1.73,305.34,
2026-02-13,979138,CBA709,116.6,1.73,201.71,
2026-02-13,979215,CAP946,170.2,1.73,294.44,
2026-02-13,F502-31881,BZR752,146.66,1.65,241.99,
2026-02-13,F502-31884,CBR796,92.43,1.65,152.51,
2026-02-13,F503-20040,CBR7872,115.32,1.65,190.28,
2026-02-13,F503-20066,BZR752,80.01,1.65,132.02,
2026-02-14,979364,CCL847,140.4,1.73,242.89,
2026-02-14,979369,BZR940,162.45,1.73,281.03,
2026-02-14,979453,CBA709,82.39,1.73,142.53,
2026-02-14,979481,CHS718,151.86,1.73,262.71,
2026-02-14,F502-31909,BYP824,158.67,1.65,261.81,
2026-02-14,F503-20071,BZR752,133.24,1.65,219.85,
2026-02-14,F503-20086,CHW782,113.55,1.65,187.36,
2026-02-14,F503-20087,BZR781,111.17,1.65,183.43,
2026-02-15,979967,CAP946,135.21,1.73,233.91,
2026-02-16,980111,BZR940,159.39,1.73,275.74,
2026-02-16,980121,CHS718,147.36,1.73,254.93,
2026-02-16,980133,CAP946,107.04,1.73,185.17,
2026-02-16,980134,BYP824,127.76,1.73,221.02,
2026-02-16,980182,CBA709,119.37,1.73,206.51,
2026-02-16,F503-20109,CBR872,96.68,1.65,159.52,
2026-02-16,F503-20116,CHW782,59.63,1.65,98.39,
2026-02-16,F503-20120,CAZ895,98.17,1.65,161.98,
2026-02-16,F503-20121,BZR781,99.5,1.65,164.18,
2026-02-16,F503-20122,CBR846,193.51,1.65,319.29,
2026-02-16,F503-20125,CBR796,133.76,1.65,220.7,
2026-02-16,F503-20130,CBR872,164.32,1.65,271.13,
2026-02-16,F503-20131,BZR752,95.29,1.65,157.23,
2026-02-17,980230,CCL847,169.25,1.73,292.8,
2026-02-17,980401,CHS718,154.55,1.73,267.37,
2026-02-17,980408,BZR940,181.79,1.73,314.49,
2026-02-17,980417,BYP824,134.31,1.73,232.35,
2026-02-17,980418,CBA709,120.6,1.73,208.63,
2026-02-17,F502-31973,BZR752,165.6,1.65,273.24,
2026-02-17,F502-31977,CBR872,100.04,1.65,165.07,
2026-02-17,F502-31979,CBR796,119.56,1.65,197.27,
2026-02-17,F503-20156,CAZ895,75.19,1.65,124.06,
2026-02-17,F503-20157,BZR781,91.79,1.65,151.45,
2026-02-18,980505,CCL847,121.69,1.73,210.52,
2026-02-18,980612,BZR940,58.95,1.73,101.98,
2026-02-18,980616,BZR940,76.96,1.73,133.14,
2026-02-18,980639,BYP824,77.76,1.73,134.52,
2026-02-18,980651,CHS718,125.56,1.73,217.21,
2026-02-18,980708,CBA709,135.0,1.73,233.55,
2026-02-18,980716,CCL847,137.5,1.73,237.87,
2026-02-18,B503-379162,CBR796,161.1,1.65,265.81,
2026-02-18,F502-32014,CBR872,166.1,1.65,274.06,
2026-02-18,F503-20163,BZR752,134.03,1.65,221.15,
2026-02-18,F503-20185,BZR752,84.43,1.65,139.31,
2026-02-19,980979,BZR940,169.74,1.73,293.65,
2026-02-19,980994,CHS718,164.21,1.73,284.08,
2026-02-19,981008,CBA709,146.96,1.73,254.24,
2026-02-19,F503-20204,BZR781,70.56,1.65,116.42,
2026-02-19,F503-20208,CBR876,168.1,1.65,277.37,
2026-02-19,F503-20213,CAZ895,122.13,1.65,201.51,
2026-02-19,F503-20214,CBR796,156.2,1.65,257.73,
2026-02-19,F503-20215,BZR752,124.92,1.65,206.12,
2026-02-20,981096,CCL847,159.37,1.73,275.71,
2026-02-20,981157,BYP824,204.73,1.73,354.18,
2026-02-20,981234,CCL847,136.93,1.73,236.88,
2026-02-20,981260,BZR940,206.0,1.73,356.38,
2026-02-20,981268,CBA709,124.57,1.73,215.5,
2026-02-20,F502-32080,CBR872,182.51,1.65,301.14,
2026-02-20,F503-20223,BZR752,133.53,1.65,220.32,
2026-02-20,F503-20226,BZR752,69.78,1.65,115.14,
2026-02-20,F503-20243,CBR796,126.21,1.65,208.25,
2026-02-20,F503-20246,BZR781,88.22,1.65,145.56,
2026-02-20,F503-20247,CHW782,116.15,1.65,191.65,
2026-02-20,F503-20249,CAZ895,154.69,1.65,255.24,
2026-02-21,981406,CHS718,155.46,1.73,268.94,
2026-02-21,981464,BZR940,126.63,1.73,219.06,
2026-02-21,981477,CBA709,79.48,1.73,137.5,
2026-02-21,981507,CCL847,167.79,1.73,290.27,
2026-02-21,B503-380127,BYP824,112.97,1.65,186.4,
2026-02-21,F503-20257,BZR752,148.29,1.65,244.68,
2026-02-21,F503-20264,CBR796,92.46,1.65,152.56,
2026-02-21,F503-20265,CAZ895,116.04,1.65,191.47,
2026-02-21,F503-20271,BZR781,89.81,1.65,148.19,
2026-02-23,982238,CCL847,118.68,1.73,205.31,
2026-02-23,982242,BZR940,161.07,1.73,278.65,
2026-02-23,982268,CBA709,138.06,1.73,238.84,
2026-02-23,982287,BYP824,187.73,1.73,324.77,
2026-02-23,F503-20298,CBR872,144.84,1.65,238.99,
2026-02-23,F503-20309,CBR872,71.25,1.65,117.56,
2026-02-23,F503-20310,CBR796,80.42,1.65,132.69,
2026-02-23,F503-20311,CAZ895,73.25,1.65,120.86,
2026-02-24,982370,CHS718,99.29,1.73,171.77,
2026-02-24,982442,BZR940,153.36,1.73,265.31,
2026-02-24,982473,BYP824,116.06,1.73,200.78,
2026-02-24,982491,CHS718,151.86,1.73,262.71,
2026-02-24,982496,CAP946,174.52,1.73,301.91,
2026-02-24,982521,CBA709,126.11,1.73,218.17,
2026-02-24,982604,CCL847,213.82,1.73,369.9,
2026-02-24,F503-20343,BZR752,92.63,1.65,152.84,
2026-02-24,F503-20344,BZR752,61.95,1.65,102.22,
2026-02-25,982786,CHS718,161.31,1.73,279.06,
2026-02-25,982800,CBA709,111.62,1.73,193.11,
2026-02-25,982812,CAP946,167.34,1.73,289.49,
2026-02-25,982823,BYP924,173.32,1.73,299.84,
2026-02-25,982834,CCL847,186.17,1.73,322.07,
2026-02-25,F503-20365,CBR796,187.63,1.65,309.59,
2026-02-25,F503-20366,CAZ895,165.65,1.65,273.32,
2026-02-25,F503-20372,BZR752,79.53,1.65,131.22,
2026-02-26,983034,CCL847,138.19,1.73,239.06,
2026-02-26,983037,BYP924,109.66,1.73,189.71,
2026-02-26,983043,CHS718,151.97,1.73,262.9,
2026-02-26,983047,CBA709,124.61,1.73,215.57,
2026-02-26,F502-32239,CBR796,96.47,1.65,159.18,
2026-02-26,F503-20373,CBR872,203.93,1.65,336.48,
2026-02-26,F503-20390,CAZ895,153.28,1.65,252.91,
2026-02-26,F503-20395,BZR752,77.13,1.65,127.26,
2026-02-27,983305,BYP924,91.64,1.73,158.53,
2026-02-27,983367,CHS718,160.46,1.73,277.59,
2026-02-27,983385,CCL847,110.4,1.73,191.0,
2026-02-27,983425,CBA709,170.56,1.73,295.06,
2026-02-27,F502-32263,CBR872,193.73,1.65,319.65,
2026-02-27,F503-20408,CAZ895,82.95,1.65,136.87,
2026-02-27,F503-20409,CBR796,84.15,1.65,138.85,
2026-02-27,F503-20420,BZR752,119.89,1.65,197.82,
2026-02-28,983585,CHS718,130.0,1.73,224.9,
2026-02-28,983606,CCL847,161.51,1.73,279.41,
2026-02-28,983656,CBA709,113.93,1.73,197.09,
2026-02-28,F503-20423,BZR752,118.61,1.65,195.71,
2026-02-28,F503-20429,BYP824,92.75,1.65,153.04,
2026-02-28,F503-20434,CAZ895,83.72,1.65,138.14,
2026-02-28,F503-20437,CBR796,99.26,1.65,163.78,
2026-03-02,F503-20460,CBR872,172.94,1.65,285.35,
2026-03-02,F503-20468,CBR796,87.51,1.65,144.39,
2026-03-02,F503-20470,CAZ895,109.22,1.65,180.21,
2026-03-02,F503-20471,CBR846,201.31,1.65,332.16,
2026-03-03,F503-20466,CAP946,146.7,1.65,242.06,
2026-03-09,F502-32370,BYP824,182.32,1.75,319.06,
2026-03-09,F503-20488,BZR752,205.14,1.75,359.0,
2026-03-09,F503-20489,BZR781,196.43,1.75,343.75,
2026-03-10,984342,CCL847,159.9,1.99,318.2,
2026-03-10,984343,CBA709,62.37,1.99,124.11,
2026-03-10,984344,CBA709,133.11,1.99,264.88,109.32
2026-03-10,984345,BYP824,201.08,1.99,400.14,197.82
2026-03-10,984346,CHS718,150.24,1.99,298.97,
2026-03-10,F502-32371,BZR752,82.51,1.75,144.39,160.16
2026-03-10,F503-20492,CBR796,187.93,1.75,328.88,225.21
2026-03-10,F503-20495,CBR872,189.37,1.75,331.4,96.21
2026-03-10,F503-20496,CAZ895,210.6,1.75,368.55,234.85
2026-03-10,F503-20497,CHW782,177.09,1.75,309.91,
2026-03-10,F503-20498,CAZ895,60.39,1.65,99.64,100.95
2026-03-10,F503-20499,CBR872,75.37,1.65,124.36,101.15
2026-03-10,F503-20502,CBR796,145.93,1.65,240.78,134.33
2026-03-10,F503-20504,BZR752,89.48,1.65,147.64,58.88
2026-03-11,984350,CHS718,140.19,1.99,278.97,117.71
2026-03-11,984351,CCL847,188.09,1.99,374.29,152.52
2026-03-11,984352,CBA709,143.0,1.99,284.57,99.59
2026-03-11,F502-32378,CAZ895,85.37,1.65,140.86,51.31
2026-03-11,F503-20511,CBR796,127.41,1.65,210.23,63.47
2026-03-12,984353,BYP824,206.47,1.99,410.87,257.66
2026-03-12,984355,CHS718,80.85,1.99,160.89,143.03
2026-03-12,984358,CCL847,220.7,1.99,439.19,223.96
2026-03-12,984360,CBA709,137.72,1.99,274.06,135.63
2026-03-12,984361,CHS718,146.18,1.99,290.89,149.59
2026-03-12,984362,BYP824,72.85,1.99,144.97,36.95
2026-03-12,F502-32380,BZR752,174.86,1.65,288.52,244.2
2026-03-12,F502-32381,CBR872,193.17,1.65,318.73,257.69
2026-03-12,F502-32383,CAZ895,67.19,1.65,110.86,123.46
2026-03-12,F502-32384,CBR796,94.75,1.65,156.34,143.71
2026-03-12,F502-32385,CBR872,86.51,1.65,142.74,28.57
2026-03-12,F503-20517,BZR752,116.96,1.65,192.98,55.82
2026-03-13,984526,CHS718,128.04,1.79,229.19,143.15
2026-03-13,984594,CCL847,170.67,1.79,305.49,194.02
2026-03-13,984606,CBA709,125.67,1.79,224.94,125.94
2026-03-13,984667,BYP824,153.41,1.79,274.6,143.61
2026-03-13,F503-20519,BZR752,126.27,1.65,208.35,185.79
2026-03-13,F503-20528,BZR940,191.93,1.84,353.15,
2026-03-14,984943,CHS718,144.13,1.79,257.99,174.81
2026-03-14,984956,CBA709,128.23,1.79,229.53,180.91
2026-03-14,984961,CCL847,139.33,1.79,249.4,190.08
2026-03-14,F503-20535,CBR872,181.7,1.84,334.33,277.81
2026-03-14,F503-20538,CBR796,177.67,1.84,326.91,244.82
2026-03-14,F503-20549,CAZ895,49.0,1.84,90.16,279.29
2026-03-14,F503-20554,CBR796,84.76,1.84,155.96,39.9
2026-03-14,F503-20561,BZR752,118.23,1.84,217.54,96.64
2026-03-16,985568,BYP824,157.37,1.79,281.69,305.45
2026-03-16,985756,CCL847,104.53,1.79,187.1,113.04
2026-03-16,985785,CHS718,116.94,1.79,209.32,74.34
2026-03-16,985789,BYP824,95.54,1.79,171.01,100.57
2026-03-16,985822,CBA709,139.5,1.79,249.7,76.69
2026-03-16,F502-32442,CBR872,150.56,1.84,277.03,63.22
2026-03-16,F503-20578,CHW782,142.88,1.84,262.9,662.43
2026-03-16,F503-20580,CAZ895,59.65,1.84,109.76,91.12
2026-03-16,F503-20581,CBR796,85.57,1.84,157.45,92.17
2026-03-16,F503-20582,BZR752,117.7,1.84,216.57,147.98
2026-03-17,986014,CCL847,193.74,1.79,346.79,220.16
2026-03-17,986016,CHS718,156.19,1.79,279.58,214.32
2026-03-17,986038,CBA709,141.5,1.79,253.28,170.76
2026-03-17,986050,BYP824,194.94,1.79,348.94,117.47
2026-03-17,F502-32454,BZR752,155.56,1.84,286.23,231.93
2026-03-17,F503-20603,CBR796,144.36,1.84,265.62,127.7
2026-03-17,F503-20611,CBR796,113.44,1.8,204.19,243.45
2026-03-18,986283,CCL847,175.43,1.79,314.01,147.79
2026-03-18,986287,CHS718,162.4,1.79,290.69,186.43
2026-03-18,986317,BYP824,153.23,1.79,274.28,192.98
2026-03-18,986322,CBA709,114.5,1.79,204.95,119.51
2026-03-18,F502-32478,CBR872,131.45,1.8,236.61,146.88
2026-03-18,F502-32495,CBR872,100.3,1.84,184.55,83.78
2026-03-18,F502-32496,CAZ895,91.41,1.84,168.19,86.43
2026-03-18,F502-32503,CBR796,132.26,1.8,238.07,118.78
2026-03-18,F503-20631,CBR796,162.87,1.84,299.68,225.17
2026-03-18,F503-20640,BZR752,137.82,1.8,248.08,99.94
2026-03-19,986587,CBA709,125.43,1.79,224.51,139.83
2026-03-19,986646,CHS718,108.91,1.79,194.94,111.96
2026-03-19,986648,CHS718,2.92,1.79,5.22,57.62
2026-03-19,986657,CCL847,149.18,1.79,267.03,155.22
2026-03-19,F503-20658,CBR796,162.73,1.84,299.42,180.43
2026-03-19,F503-20663,BYP824,57.73,1.84,106.22,121.94
2026-03-19,F503-20664,CBR796,120.63,1.84,221.96,223.06
2026-03-20,986782,CHS718,162.38,1.79,290.66,157.74
2026-03-20,986797,CCL847,127.63,1.79,228.45,133.41
2026-03-20,986834,BYP824,148.31,1.79,265.47,159.45
2026-03-20,986846,CBA709,147.63,1.79,264.25,152.17
2026-03-20,F502-32531,CBR872,211.34,1.84,388.87,287.33
2026-03-20,F502-32553,CBR796,210.3,1.84,386.95,166.44
2026-03-20,F503-20673,CAZ895,153.46,1.84,282.37,287.34
2026-03-20,F503-20694,BZR752,113.49,1.84,208.82,134.34
2026-03-21,987055,CHS718,126.33,1.79,226.13,177.94
2026-03-21,987076,CCL847,82.92,1.79,148.42,108.09
2026-03-21,987084,CBA709,90.7,1.79,162.35,145.25
2026-03-21,F502-32559,CAZ895,145.66,1.84,268.01,138.96
2026-03-21,F502-32571,CBR872,189.49,1.84,348.66,97.64
2026-03-21,F503-20714,CAZ895,82.25,1.84,151.34,63.37
2026-03-21,F503-20717,BZR752,120.8,1.84,222.27,115.93
2026-03-21,F503-20718,CHW782,148.35,1.84,272.96,986.0
2026-03-21,F503-20721,BZR871,168.75,1.84,310.5,
2026-03-21,F503-20722,CBR796,128.75,1.84,236.9,207.47
2026-03-22,B503-386789,BZR752,133.14,1.84,244.98,317.38
2026-03-23,987524,BYP824,168.0,1.79,300.72,261.47
2026-03-23,987618,CCL847,97.08,1.79,173.77,103.98
2026-03-23,987643,CBA709,121.75,1.79,217.93,90.4
2026-03-23,987651,CHS718,154.74,1.79,276.98,93.09
2026-03-23,F503-20745,BZR752,131.3,1.74,228.46,16.46
2026-03-23,F503-20750,CBR872,111.89,1.74,194.69,112.4
2026-03-23,F503-20761,BZR752,155.31,1.74,270.24,177.72
2026-03-24,987899,CCL847,187.71,1.79,336.0,174.36
2026-03-24,987903,CHS718,146.17,1.79,261.64,200.96
2026-03-24,987933,CBA709,134.67,1.79,241.05,131.64
2026-03-24,F002 23229,BZR781,194.16,2.04,376.66,2870.67
2026-03-24,F002 23230,CAP946,155.81,2.04,317.85,1532.23
2026-03-24,F002 23231,CHW782,183.42,2.04,355.83,483.91
2026-03-24,F002 23271,CAP946,132.14,2.04,269.56,206.28
2026-03-24,F502-32620,BZR752,150.41,1.74,261.71,342.98
2026-03-24,F503-20778,CAZ895,83.24,1.74,144.84,46.87
2026-03-24,F503-20780,CBR872,166.96,1.74,290.51,133.51
2026-03-25,988103,BYP824,161.69,1.79,289.42,123.52
2026-03-25,988158,CCL847,191.24,1.79,342.31,194.57
2026-03-25,988174,CBA709,145.46,1.79,260.37,172.84
2026-03-25,988201,CHS718,145.79,1.79,260.96,170.98
2026-03-25,988251,BYP824,142.49,1.79,255.05,162.8
2026-03-25,F002 23270,BZR940,115.16,2.04,223.4,126.77
2026-03-25,F002 23272,BZR781,144.54,2.04,280.41,237.4
2026-03-25,F002 23273,CHW782,136.35,2.04,264.51,238.81
2026-03-25,F502-32656,BZR752,131.06,1.74,228.04,67.87
2026-03-25,F503-20793,CBR872,146.19,1.74,254.37,241.1
2026-03-25,F503-20797,CAZ895,92.4,1.74,160.78,87.51
2026-03-26,988438,CCL847,171.05,1.79,306.17,201.61
2026-03-26,988497,CBA709,161.32,1.79,288.76,183.36
2026-03-26,988546,CHS718,104.64,1.79,187.3,151.96
2026-03-26,F002 23312,CAP946,126.88,2.04,258.83,276.85
2026-03-26,F002 23313,CHW782,121.36,2.04,235.43,149.65
2026-03-26,F002 23314,BZR940,90.56,2.04,175.68,31.6
2026-03-26,F002 23316,BZR781,144.72,2.04,280.75,134.93
2026-03-26,F503-20807,BZR752,144.48,1.74,251.4,168.09
2026-03-26,F503-20830,CAZ895,129.93,1.74,226.08,107.16
2026-03-26,F503-20833,BZR752,95.04,1.74,165.37,100.36
2026-03-26,F503-20835,BYP824,174.53,1.74,303.68,152.0
2026-03-27,988765,CCL847,147.17,1.79,263.43,169.1
2026-03-27,988785,CHS718,131.55,1.79,235.47,139.73
2026-03-27,988823,CBA709,143.63,1.79,257.09,139.71
2026-03-27,F002 23353,CHW782,132.94,2.04,257.9,134.95
2026-03-27,F002 23354,BZR781,199.58,2.04,387.18,182.35
2026-03-27,F002 23355,BZR940,167.66,2.04,325.25,197.58
2026-03-27,F002 23356,CAP946,169.66,2.04,329.13,197.93
2026-03-27,F502-32698,BZR752,134.1,1.74,233.33,184.81
2026-03-27,F502-32702,CBR872,209.55,1.74,364.62,363.58
2026-03-27,F502-32724,CBR846,204.92,1.74,356.56,2983.67
2026-03-27,F503-20860,BYP824,179.76,1.74,312.78,257.96
2026-03-27,F503-20863,CBR796,228.33,1.74,397.29,190.05
2026-03-27,F503-20864,CAZ895,156.76,1.74,272.76,173.51
2026-03-28,988947,CHS718,109.91,1.79,196.73,131.79
2026-03-28,989000,CBA709,64.25,1.79,115.0,140.79
2026-03-28,989052,CCL847,143.15,1.79,256.23,150.59
2026-03-28,F502-32733,BZR752,135.12,1.74,235.11,243.54
2026-03-28,F502-32734,CBR872,194.27,1.74,338.03,198.98
2026-03-28,F503-20888,CBR796,175.12,1.74,304.71,187.67
2026-03-28,F503-20891,CAZ895,165.06,1.74,287.2,173.13
2026-03-29,F503-20906,BZR940,126.24,1.74,219.66,268.33
2026-03-30,989729,CCL847,105.9,1.79,189.56,92.16
2026-03-30,989737,BYP824,168.04,1.79,300.79,439.35
2026-03-30,989754,CBA709,142.97,1.79,255.91,73.49
2026-03-30,F002 23398,CAP946,120.19,2.04,245.18,234.04
2026-03-30,F002 23400,CHW782,157.55,2.04,305.64,351.35
2026-03-30,F002 23438,BZR781,213.72,2.04,414.61,305.18
2026-03-30,F002 23439,CHW782,101.39,2.04,196.69,120.92
2026-03-30,F002 23440,CAP946,86.3,2.04,176.05,132.8
2026-03-30,F002 23441,BZR940,159.23,2.04,308.9,116.42
2026-03-30,F502-32780,CBR872,186.88,1.74,325.17,95.98
2026-03-30,F502-32788,BZR752,150.49,1.74,261.85,122.85
2026-03-30,F502-32800,CBR872,110.09,1.74,191.56,111.39
2026-03-30,F502-32814,BZR752,137.13,1.74,238.61,63.83
2026-03-30,F504-20230,CAZ895,156.53,1.74,272.36,190.86
2026-03-30,F504-20232,BZR752,148.89,1.74,259.07,71.29
2026-03-30,F50420234,CBR796,196.76,1.74,342.36,141.02
2026-03-31,98968,CCL847,188.14,1.79,336.77,193.17
2026-03-31,989837,CHS718,130.67,1.79,233.89,181.71
2026-03-31,989947,CHS718,106.55,1.79,190.72,93.35
2026-03-31,989984,CBA709,129.06,1.79,231.01,161.01
2026-03-31,990028,BYP824,162.19,1.79,290.32,135.34
2026-03-31,F002 23489,CHW782,153.26,2.04,297.32,91.79
2026-03-31,F002 23490,BZR781,175.6,2.04,340.66,163.15
2026-03-31,F002 23491,BZR940,166.27,2.04,322.56,199.01
2026-03-31,F502-32844,CBR796,155.58,1.74,270.71,185.39
2026-03-31,F503-20925,CBR872,160.71,1.74,279.64,93.19
2026-03-31,F503-20928,BZR752,98.11,1.74,170.71,250.32
2026-04-01,990234,CCL847,185.48,1.79,332.0,205.72
2026-04-01,990238,CHS718,148.66,1.79,266.1,105.98
2026-04-01,990306,CBA709,125.66,1.79,224.93,119.45
2026-04-01,F002 23498,CAP946,131.95,2.04,269.17,289.38
2026-04-01,F002 23524,CHW782,146.75,2.04,284.69,231.29
2026-04-01,F002 23525,BZR940,165.63,2.04,321.32,215.66
2026-04-01,F002 23526,BZR781,178.56,2.04,346.4,228.47
2026-04-01,F503-20497,CAZ895,110.88,1.74,192.93,315.43
2026-04-01,F503-20930,CAZ895,154.3,1.74,268.48,87.96
2026-04-01,F503-20948,CBR796,143.26,1.74,249.27,162.06
2026-04-01,F503-20952,BZR752,131.09,1.74,228.1,93.32
2026-04-02,F002 23535,CAP946,144.17,2.04,294.1,209.67
2026-04-02,F503-20969,BZR752,137.16,1.74,238.66,140.32
2026-04-03,990730,BYP824,223.43,1.79,399.93,350.78
2026-04-03,F502-32890,BZR752,194.21,1.74,337.93,379.59
2026-04-04,991292,CBA709,43.25,1.79,77.41,150.39
2026-04-04,F502-32893,CBR872,194.29,1.74,338.06,343.06
2026-04-04,F503-20989,CBR846,225.52,1.74,392.4,801.15
2026-04-04,F503-20995,BZR752,96.21,1.74,167.41,96.97
2026-04-04,F503-21000,CBR796,168.5,1.74,293.19,179.66
2026-04-04,F503-21001,CAZ895,146.22,1.74,254.42,117.95
2026-04-04,F503-21003,BYP824,210.79,1.74,366.77,174.98
2026-04-05,991667,CHS718,136.7,1.79,244.69,180.76
2026-04-06,991721,CCL847,144.51,1.79,258.67,257.79
2026-04-06,991877,CCL847,144.0,1.79,257.76,110.66
2026-04-06,991890,CBA709,189.16,1.79,338.59,126.12
2026-04-06,F002 23575,BZR940,157.09,2.04,304.75,405.18
2026-04-06,F002 23588,CHW782,170.0,2.04,329.8,332.18
2026-04-06,F002 23592,BZR781,214.47,2.04,416.06,272.84
2026-04-06,F002 23599,BZR781,60.4,2.04,117.17,143.43
2026-04-06,F002 23600,CAP946,190.83,2.04,389.29,90.28
2026-04-06,F502-32923,CBR872,173.52,1.74,301.92,107.6
2026-04-06,F503-21020,CAZ895,93.86,1.74,163.32,152.12
2026-04-06,F503-21021,CBR796,128.41,1.74,223.43,159.8
2026-04-06,F503-21022,CBR872,124.09,1.74,215.92,127.99
2026-04-06,F503-21024,BZR752,102.62,1.74,178.56,75.29
2026-04-07,992019,CHS718,172.25,1.79,308.32,208.3
2026-04-07,992114,CCL847,168.65,1.79,301.88,140.51
2026-04-07,992171,CBA709,62.04,1.79,111.05,122.73
2026-04-07,992180,CHS718,144.32,1.79,258.33,126.62
2026-04-07,F002 23605,BZR940,131.35,2.04,254.81,87.16
2026-04-07,F002 23644,CHW782,184.3,2.04,357.54,156.22
2026-04-07,F002 23645,BZR781,164.04,2.04,318.24,101.45
2026-04-07,F002 23646,BZR940,138.4,2.04,268.49,148.85
2026-04-07,F002 23647,CAP946,156.25,2.04,318.75,204.81
2026-04-07,F503-21043,CAZ895,88.42,1.74,153.85,94.68
2026-04-07,F503-21044,CBR796,131.73,1.74,229.21,108.89
2026-04-07,F503-21045,CBR872,123.72,1.74,215.27,51.64
2026-04-07,F503-21048,BZR752,83.6,1.74,145.46,73.77
2026-04-07,F503-21052,BYP824,122.05,1.74,212.37,223.41
2026-04-08,992398,CCL847,184.96,1.79,331.07,180.72
2026-04-08,992405,CHS718,132.19,1.79,236.62,115.54
2026-04-08,992439,CBA709,190.65,1.79,341.26,148.96
2026-04-08,F002 23684,BZR781,161.26,2.04,312.84,206.8
2026-04-08,F002 23685,CAP946,133.54,2.04,259.07,199.24
2026-04-08,F002 23686,BZR940,143.19,2.04,277.78,90.87
2026-04-08,F002 23687,CHW782,145.87,2.04,282.98,202.22
2026-04-08,F503-21075,CBR796,131.41,1.74,228.65,80.34
2026-04-08,F503-21076,BZR752,89.54,1.74,155.8,76.42
2026-04-08,F503-21079,CAZ895,107.02,1.74,186.21,70.83
2026-04-08,F503-21081,BYP824,213.98,1.74,372.33,192.64
2026-04-09,992568,CHS718,85.72,1.79,153.43,112.48
2026-04-09,992678,CCL847,184.91,1.79,330.98,162.35
2026-04-09,992713,CHS718,126.93,1.79,227.2,114.46
2026-04-09,992747,CBA709,151.89,1.79,271.88,103.81
2026-04-09,992749,BYP824,194.73,1.79,348.56,212.5
2026-04-09,F002 23728,BZR781,171.11,2.04,331.95,173.0
2026-04-09,F503-21099,CBR796,116.35,1.74,202.45,138.85
2026-04-09,F503-21103,BZR752,110.74,1.74,192.69,88.77
2026-04-09,F503-21104,CAZ895,117.61,1.74,204.64,141.32
2026-04-10,992966,CCL847,167.72,1.79,300.21,191.74
2026-04-10,993002,BYP824,180.37,1.79,322.86,180.01
2026-04-10,993010,CBA709,161.64,1.79,289.33,180.05
2026-04-10,993040,CHS718,172.14,1.79,308.13,107.2
2026-04-10,F002 23735,CHW782,173.66,2.04,336.89,324.85
2026-04-10,F002 23736,BZR940,200.97,2.04,389.87,334.73
2026-04-10,F002 23737,CAP946,166.99,2.04,323.95,406.63
2026-04-10,F002 23769,CHW782,92.96,2.04,180.33,107.73
2026-04-10,F002 23770,BZR781,148.65,2.04,288.37,201.62
2026-04-10,F002 23773,BZR940,157.07,2.04,304.71,187.24
2026-04-10,F503-21117,CBR796,100.61,1.74,175.06,113.51
2026-04-10,F503-21118,CAZ895,77.72,1.74,135.23,118.72
2026-04-10,F503-21123,BZR752,112.49,1.74,195.73,121.11
2026-04-11,993158,CCL847,136.97,1.79,245.17,191.47
2026-04-11,F002 23776,CAP946,163.3,2.04,316.8,239.53
2026-04-11,F502-33088,CAZ895,65.58,1.74,114.11,64.26
2026-04-11,F502-33090,CBR796,93.75,1.74,163.12,66.27
2026-04-11,F503-21126,BZR752,130.46,1.74,227.0,229.09
2026-04-11,F503-21149,BZR752,127.93,1.74,222.6,86.87
2026-04-12,F503-21151,BZR752,147.92,1.74,257.38,320.2
2026-04-12,F503-21162,CHW782,129.18,1.74,224.77,188.08
2026-04-13,993878,CCL847,140.47,1.79,251.44,81.79
2026-04-13,993908,BYP824,178.75,1.79,319.96,189.17
2026-04-13,993922,CHS718,154.5,1.79,276.55,166.88
2026-04-13,F002 23817,BZR940,195.72,2.04,379.69,208.2
2026-04-13,F002 23836,CAP946,199.85,2.04,387.7,120.09
2026-04-13,F002 23839,BZR781,253.12,2.04,491.05,274.52
2026-04-13,F002 23840,BZR940,109.53,2.04,212.49,178.96
2026-04-13,F502-33136,CAZ895,116.21,1.74,202.21,79.89
2026-04-13,F502-33145,BZR752,79.17,1.74,137.76,122.95
2026-04-13,F503-21168,BZR752,118.23,1.74,205.72,96.59
2026-04-13,F503-21186,BZR752,119.55,1.74,208.02,52.1
2026-04-14,994113,BYP824,205.81,1.79,368.39,194.18
2026-04-14,F002 23847,CHW782,193.09,2.04,374.59,375.84
2026-04-14,F002 23876,BZR781,154.73,2.04,300.17,173.11
2026-04-14,F002 23877,BZR940,177.76,2.04,344.85,106.54
2026-04-14,F002 23881,CAP946,186.89,2.04,362.56,209.87
2026-04-14,F503-21211,BZR752,91.92,1.74,159.94,145.79
2026-04-14,F503-21215,CAZ895,151.01,1.74,262.76,119.52
2026-04-14,F503-21217,CBR796,189.59,1.74,329.89,95.83
2026-04-15,994354,CHS718,138.04,1.79,247.09,386.86
2026-04-15,994389,CCL847,200.06,1.79,358.1,359.63
2026-04-15,994421,BYP824,133.12,1.79,238.28,152.32
2026-04-15,994424,BYP824,38.67,1.79,69.21,133.6
2026-04-15,F002 23920,BZR781,148.92,2.04,288.9,181.36
2026-04-15,F002 23921,BZR940,178.55,2.04,346.38,228.88
2026-04-15,F002 23922,CAP946,144.53,2.04,280.39,223.65
2026-04-15,F502-33197,CAZ895,101.82,1.74,177.17,191.31
2026-04-15,F503-21235,CBR796,99.08,1.74,172.4,195.43
2026-04-16,994675,CHS718,151.44,1.79,271.07,175.67
2026-04-16,994714,BYP824,178.16,1.79,318.9,131.25
2026-04-16,F002 23959,CAP946,118.21,2.04,229.32,180.04
2026-04-16,F002 23960,BZR940,145.21,2.04,281.7,171.49
2026-04-16,F002 23961,BZR781,123.19,2.04,238.98,151.66
2026-04-16,F015-0007,CAZ895,87.47,1.74,152.2,61.0
2026-04-16,F502-33233,CBR872,220.02,1.74,382.83,907.21
2026-04-16,F503-21265,CBR796,122.87,1.74,213.79,61.98
2026-04-17,994797,CCL847,189.87,1.79,339.86,323.48
2026-04-17,994877,CHS718,128.47,1.79,229.96,167.54
2026-04-17,994994,BYP824,99.17,1.79,177.51,131.24
2026-04-17,F002 24003,BZR781,136.0,2.04,263.84,153.44
2026-04-17,F503-21284,BZR752,156.85,1.74,272.92,206.57
2026-04-17,F503-21287,CAZ895,79.13,1.74,137.69,92.51
2026-04-17,F503-21292,CBR796,102.31,1.74,178.02,114.72
2026-04-18,995113,CCL847,164.05,1.79,293.64,141.98
2026-04-18,995158,CHS718,96.5,1.79,172.73,73.65
2026-04-18,995291,CBA709,119.73,1.79,214.31,189.43
2026-04-18,F002 24011,CAP946,129.85,2.04,251.9,315.31
2026-04-18,F002 24023,CHW782,187.59,2.04,363.92,175.39
2026-04-18,F002 24027,BZR940,197.2,2.04,382.56,289.39
2026-04-18,F503-21314,CBR796,86.24,1.74,150.06,119.94
2026-04-18,F503-21315,CAZ895,90.81,1.74,158.01,112.06
2026-04-20,995766,CCL847,136.91,1.79,245.06,115.54
2026-04-20,995793,BYP824,68.92,1.79,123.36,166.73
2026-04-20,995874,CHS718,108.53,1.79,194.26,71.16
2026-04-20,995917,BYP838,113.86,1.79,203.8,
2026-04-20,995956,BYP824,196.52,1.79,351.77,151.0
2026-04-20,995975,CBA709,143.93,1.79,257.63,88.55
2026-04-20,F002 24070,CAP946,188.65,2.04,365.97,113.16
2026-04-20,F002 24071,CHW782,182.1,2.04,353.27,179.54
2026-04-20,F002 24072,BZR781,208.07,2.04,403.65,195.65
2026-04-20,F502-33308,CBR872,206.49,1.74,359.29,282.62
2026-04-20,F502-33322,CBR872,102.7,1.74,178.7,73.13
2026-04-20,F503-21342,BZR752,170.63,1.74,296.9,238.66
2026-04-20,F503-21359,CBR796,110.45,1.74,192.18,90.81
2026-04-20,F503-21366,BZR752,112.47,1.74,195.7,60.74
2026-04-21,996042,CCL847,134.85,1.79,241.38,147.48
2026-04-21,996119,CHS718,128.75,1.79,230.46,152.76
2026-04-21,996141,CAZ895,183.16,1.79,327.85,200.87
2026-04-21,996189,CBA709,139.13,1.79,249.04,167.71
2026-04-21,996220,BYP838,194.41,1.79,347.99,154.27
2026-04-21,F002 24080,BZR940,96.87,2.04,187.92,231.48
2026-04-21,F002 24114,BZR781,161.81,2.04,313.91,225.94
2026-04-21,F503-21386,CBR796,119.17,1.74,207.36,104.68
2026-04-21,F503-21388,CBR872,106.53,1.74,185.36,84.08
2026-04-22,996292,CCL847,158.12,1.79,283.03,137.67
2026-04-22,996383,CAZ895,146.28,1.79,261.84,146.52
2026-04-22,996424,CCL847,118.39,1.79,211.91,64.6
2026-04-22,996453,BYP824,165.81,1.79,296.79,308.88
2026-04-22,996467,CBA709,149.87,1.79,268.26,73.32
2026-04-22,996486,CHS718,117.11,1.79,209.62,74.84
2026-04-22,996668,CHS718,103.94,1.79,186.05,19.7
2026-04-22,996691,CAZ895,129.71,1.79,232.18,52.66
2026-04-22,996698,CCL847,141.03,1.79,252.44,40.85
2026-04-22,996707,BYP824,153.95,1.79,275.57,100.01
2026-04-22,996766,CBA709,143.46,1.79,256.79,132.59
2026-04-22,B503-397497,CBR796,218.07,1.74,379.44,147.28
2026-04-22,F002 24122,BZR940,171.1,2.04,331.93,134.9
2026-04-22,F002 24123,CAP946,170.45,2.04,330.66,314.95
2026-04-22,F002 24152,CHW782,122.26,2.04,237.18,156.03
2026-04-22,F002 24153,BZR781,133.14,2.04,258.29,149.17
2026-04-22,F002 24154,BZR940,144.53,2.04,280.39,164.96
2026-04-22,F002 24155,CAP946,116.18,2.04,225.38,161.43
2026-04-22,F502-33384,BYP838,233.55,1.74,406.38,253.55
2026-04-22,F502-33386,BZR752,142.83,1.74,248.52,115.63
2026-04-23,F002 24188,BZR781,108.63,2.04,210.74,151.01
2026-04-23,F002 24190,BZR940,160.2,2.04,310.78,77.4
2026-04-23,F014-00001946,BYP824,248.77,1.73,430.37,114.82
2026-04-23,F502-33394,CBR872,232.92,1.74,405.28,383.26
2026-04-23,F503-21445,CBR796,217.52,1.74,378.48,332.48
2026-04-23,F503-21446,BZR752,159.37,1.74,277.3,182.65
2026-04-23,F503-21447,CBR872,179.28,1.74,311.95,119.94
2026-04-24,997031,CAZ895,169.79,1.79,303.92,311.51
2026-04-24,997032,BYP824,136.7,1.79,244.69,143.38
2026-04-24,997047,CBA709,120.73,1.79,216.1,210.77
2026-04-24,997111,CHS718,148.56,1.79,265.92,237.39
2026-04-24,F002 24202,CAP946,133.92,2.04,259.8,189.23
2026-04-24,F002 24235,CHW782,134.59,2.04,261.1,196.46
2026-04-24,F002 24236,CAP946,116.58,2.04,226.16,162.66
2026-04-24,F002 24237,BZR940,154.18,2.04,299.1,188.69
2026-04-24,F002 24238,BZR781,161.08,2.04,312.49,142.87
2026-04-24,F502-33448,BYP838,228.85,1.74,398.2,786.48
2026-04-24,F502-33451,CBR796,231.16,1.74,402.22,281.66
2026-04-24,F503-21469,BZR752,94.26,1.74,164.01,83.05
2026-04-25,997165,CCL847,221.96,1.79,397.3,390.9
2026-04-25,997297,CAZ895,132.69,1.79,237.51,168.62
2026-04-25,997311,CHS718,120.04,1.79,214.87,140.9
2026-04-25,997333,CBA709,115.78,1.79,207.24,132.98
2026-04-25,F502-33472,CBR796,166.85,1.74,290.32,336.63
2026-04-25,F502-33473,CBR846,155.64,1.74,270.81,5972.85
2026-04-25,F503-21478,CBR872,192.81,1.74,335.49,372.74
2026-04-27,997944,CCL847,125.51,1.79,224.66,112.75
2026-04-27,997961,BYP824,193.91,1.79,347.09,263.19
2026-04-27,998080,CHS718,118.68,1.79,212.43,133.65
2026-04-27,998130,CBA709,75.42,1.79,135.0,103.06
2026-04-27,998158,BYP824,156.25,1.79,279.68,116.88
2026-04-27,F002 24274,BZR940,220.81,2.04,428.37,396.18
2026-04-27,F002 24296,CAP946,157.12,2.04,304.81,198.39
2026-04-27,F002 24301,BZR781,197.37,2.04,382.89,215.12
2026-04-27,F002 24302,BZR940,168.96,2.04,327.77,186.84
2026-04-27,F502-33511,CBR872,185.93,1.74,323.52,137.75
2026-04-27,F502-33533,CBR796,180.69,1.74,314.4,103.94
2026-04-27,F503-21508,BZR752,133.42,1.74,232.15,164.13
2026-04-27,F503-21527,BZR752,107.18,1.74,186.49,86.05
2026-04-28,998224,CAZ895,130.71,1.79,233.97,204.04
2026-04-28,998226,CCL847,136.62,1.79,244.54,117.85
2026-04-28,998276,CHS718,108.17,1.79,193.62,126.12
2026-04-28,998384,CCL847,131.97,1.79,236.22,134.68
2026-04-28,998416,BYP824,164.34,1.79,294.16,119.11
2026-04-28,998512,CHS718,111.8,1.79,200.12,104.0
2026-04-28,F002 24341,CAP946,178.25,2.04,345.8,191.22
2026-04-28,F002 24343,CHW782,165.12,2.04,320.33,158.16
2026-04-28,F002 24344,BZR940,167.22,2.04,324.4,90.58
2026-04-28,F002 24345,BZR781,103.5,2.04,200.79,167.54
2026-04-28,F502-33544,CBR872,170.7,1.74,297.02,201.01
2026-04-28,F503-21553,CBR796,185.49,1.74,322.75,195.62
2026-04-29,998620,CAZ895,149.91,1.79,268.33,84.94
2026-04-29,998632,CBA709,161.85,1.79,289.71,201.81
2026-04-29,998705,BYP824,130.46,1.79,233.52,146.73
2026-04-29,998710,CBA709,71.86,1.79,128.62,112.62
2026-04-29,998756,CAZ895,87.56,1.79,156.73,158.28
2026-04-29,F002 24395,CAP946,154.06,2.04,298.87,193.78
2026-04-29,F002 24396,BZR940,167.62,2.04,325.18,184.43
2026-04-29,F002 24397,BZR781,139.69,2.04,270.99,97.14
2026-04-29,F002 24398,CHW782,162.39,2.04,315.03,219.41
2026-04-29,F502-33575,BZR752,145.67,1.74,253.47,153.14
2026-04-29,F502-33577,CBR872,181.88,1.74,316.47,288.47
2026-04-29,F503-21574,CBR796,216.06,1.74,375.94,336.63
2026-04-29,F503-21578,BZR752,140.18,1.74,243.91,141.91
2026-04-30,998874,CCL847,156.97,1.79,280.97,356.73
2026-04-30,998884,CHS718,137.6,1.79,246.3,301.44
2026-04-30,999010,CBA709,93.62,1.79,167.57,86.13
2026-04-30,F502-33616,CBR872,253.85,1.74,441.7,308.9
2026-04-30,F502-33629,CBR796,169.35,1.74,294.67,322.99
2026-05-02,999587,CCL847,215.27,1.79,385.33,86.09
2026-05-02,999782,CAZ895,155.9,1.79,279.06,144.99
2026-05-02,F009-20057,ANQ212,4.48,20.6891,92.77,
2026-05-02,F502-33679,BZR752,176.11,1.74,306.43,170.56
2026-05-02,F503-21624,CBR796,131.59,1.74,228.97,203.27
2026-05-02,F50321619,CBR872,119.3,1.74,207.58,207.45
2026-05-03,1000158,CHS718,115.01,1.79,205.86,0.06
2026-05-03,F502-33687,BZR752,148.51,1.74,258.41,225.24
2026-05-04,1000301,CAZ895,118.42,1.79,211.97,175.62
2026-05-04,1000330,CCL847,134.02,1.79,239.89,151.79
2026-05-04,1000362,CBA709,90.34,1.79,161.7,106.31
2026-05-04,F003 60956,CHW782,153.64,2.04,298.06,353.37
2026-05-04,F003 60957,BZR940,152.31,2.04,295.48,337.35
2026-05-04,F003 61013,BZR940,150.65,2.04,292.25,164.75
2026-05-04,F003 61015,CHW782,133.39,2.04,258.77,161.15
2026-05-04,F003 61016,CAP946,177.45,2.04,344.24,242.57
2026-05-04,F003 61018,BZR781,172.45,2.04,334.54,241.04
2026-05-04,F502-33705,CBR872,156.06,1.74,271.54,246.84
2026-05-04,F502-33726,CBR796,263.94,1.74,459.25,248.07
2026-05-04,F503-21675,BZR752,114.73,1.74,199.63,55.17
2026-05-05,1000489,CHS718,140.58,1.79,251.63,246.0
2026-05-05,1000577,CAZ895,136.31,1.79,243.99,103.4
2026-05-05,1000624,BYP824,212.21,1.79,379.85,269.05
2026-05-05,1000657,CHS718,130.52,1.79,233.63,132.77
2026-05-05,1000661,CBA709,91.81,1.79,164.33,93.11
2026-05-05,1000663,CCL847,203.88,1.79,364.94,179.77
2026-05-05,1000710,CAZ895,85.04,1.79,152.22,131.59
2026-05-05,F003 61096,BZR940,200.35,2.04,388.67,111.29
2026-05-05,F003 61098,CHW782,163.88,2.04,317.92,105.7
2026-05-05,F003 61099,BZR781,147.85,2.04,286.82,140.67
2026-05-05,F003 61100,CAP946,150.12,2.04,291.23,206.77
2026-05-05,F503-21700,CBR872,225.18,1.74,391.81,124.51
2026-05-06,1000955,CCL847,127.73,1.79,228.63,175.92
2026-05-06,1000973,CBA709,85.33,1.79,152.74,121.66
2026-05-06,F002 24454,BZR781,131.79,2.04,255.67,151.89
2026-05-06,F002 24456,BZR940,153.29,2.04,297.38,200.26
2026-05-06,F002 24457,CHW782,140.89,2.04,273.32,164.39
2026-05-06,F502-33797,BZR752,179.75,1.74,312.76,193.73
2026-05-06,F502-33799,CBR796,263.11,1.74,457.81,301.27
2026-05-07,1001098,CAZ895,123.1,1.79,220.34,206.24
2026-05-07,1001261,CCL847,154.83,1.79,277.14,167.12
2026-05-07,1001266,CAZ895,147.8,1.79,264.56,118.47
2026-05-07,1001277,CBA709,121.4,1.79,217.3,116.22
2026-05-07,F002 24463,CAP946,142.4,2.04,276.25,316.78
2026-05-07,F002 24493,CHW782,127.63,2.04,247.6,205.41
2026-05-07,F002 24495,BZR781,161.86,2.04,314.0,163.29
2026-05-07,F002 24496,BZR940,160.14,2.04,310.67,190.01
2026-05-07,F002 24497,CAP946,123.29,2.04,251.51,160.27
2026-05-07,F502-33810,CBR872,210.1,1.74,365.57,386.81
2026-05-07,F502-33829,CBR796,127.36,1.74,221.61,276.78
2026-05-07,F503-21757,BZR752,171.01,1.74,297.56,194.39
2026-05-08,1001448,CCL847,153.67,1.79,275.06,186.13
2026-05-08,1001461,CAZ895,149.12,1.79,266.92,115.69
2026-05-08,1001533,CBA709,65.23,1.79,116.76,135.87
2026-05-08,1001581,CHS718,126.28,1.79,226.04,138.59
2026-05-08,F002 24534,CHW782,117.41,2.04,227.77,158.46
2026-05-08,F002 24535,BZR781,143.63,2.04,278.64,164.26
2026-05-08,F002 24536,CAP946,107.63,2.04,208.8,86.11
2026-05-08,F002 24537,BZR940,156.91,2.04,304.4,183.5
2026-05-08,F503-21764,CBR872,173.26,1.74,301.47,173.47
2026-05-08,F503-21787,BYP824,197.22,1.74,343.16,486.42
2026-05-09,1001718,CAZ895,123.4,1.79,220.88,140.15
2026-05-09,1001802,CBA709,159.72,1.79,285.89,158.01
2026-05-09,F502-33868,CBR872,189.31,1.74,329.4,179.18
2026-05-09,F502-33869,CBR796,200.29,1.74,348.5,256.98
2026-05-09,F502-33885,BYP824,114.99,1.74,200.08,126.73
2026-05-09,F503-21808,CBR796,101.86,1.74,177.24,75.11
2026-05-09,F503-21816,BZR752,163.2,1.74,283.97,144.09
2026-05-10,1002399,CHS718,141.22,1.79,252.78,167.63
2026-05-11,1002470,CCL847,174.06,1.79,311.56,230.27
2026-05-11,1002603,CAZ895,118.2,1.79,211.57,47.56
2026-05-11,1002645,CBA709,116.05,1.79,207.72,82.35
2026-05-11,1002743,CHS718,121.98,1.79,218.34,84.9
2026-05-11,1002761,CAZ895,91.77,1.79,164.26,126.87
2026-05-11,F002 24567,CAP946,138.01,2.04,267.74,300.64
2026-05-11,F002 24568,BZR940,180.97,2.04,351.07,354.22
2026-05-11,F002 24596,CAP946,62.82,2.04,121.87,72.97
2026-05-11,F002 24597,BZR940,94.97,2.04,184.23,82.34
2026-05-11,F002 24599,CHW782,171.33,2.04,332.38,204.18
2026-05-11,F002 24601,BZR781,223.41,2.04,433.41,238.85
2026-05-11,F502-33944,CBR796,254.24,1.74,442.38,282.35
2026-05-11,F502-33952,BYP824,195.83,1.74,340.74,91.41
2026-05-11,F503-21827,CBR872,118.61,1.74,206.38,294.16
2026-05-12,1002811,CCL847,88.67,1.79,158.71,141.7
2026-05-12,1002812,CCL847,67.13,1.79,120.16,57.82
2026-05-12,1003017,CBA709,148.94,1.79,266.6,134.41
2026-05-12,1003023,CCL847,162.85,1.79,291.5,63.33
2026-05-12,1003073,CAZ895,164.53,1.79,294.5,113.61
2026-05-12,1003104,CHS718,161.65,1.79,289.35,159.09
2026-05-12,F002 24640,BZR940,148.68,2.04,288.43,92.72
2026-05-12,F002 24641,BZR781,124.49,2.04,241.5,139.18
2026-05-12,F002 24642,CHW782,123.44,2.04,239.47,165.96
2026-05-12,F502-33980,CBR796,151.3,1.74,263.26,247.42
2026-05-12,F503-21850,CBR872,228.0,1.74,396.72,272.2
2026-05-12,F503-21859,CBR796,119.81,1.74,208.47,215.66
2026-05-12,F503-21860,CBR872,115.34,1.74,200.69,229.96
2026-05-13,1003377,CCL847,115.04,1.79,205.92,77.23
2026-05-13,1003404,CBA709,123.06,1.79,220.27,81.54
2026-05-13,1003471,CHS718,157.37,1.79,281.69,160.28
2026-05-13,1003525,CBA709,32.4,1.79,57.99,87.05
2026-05-13,F002 24651,CAP946,138.97,2.04,269.59,209.66
2026-05-13,F002 24674,CHW782,121.91,2.04,236.5,138.56
2026-05-13,F002 24675,CAP946,86.42,2.04,167.65,125.71
2026-05-13,F002 24676,BZR781,141.55,2.04,274.6,126.0
2026-05-13,F002 24677,BZR940,158.11,2.04,306.73,152.58
2026-05-13,F502-33998,CBR872,176.97,1.74,307.93,184.12
2026-05-13,F502-34028,CBR796,218.27,1.74,379.79,207.78
2026-05-13,F503-21875,BZR752,109.68,1.74,190.84,151.08
2026-05-13,F503-21889,BZR752,117.66,1.74,204.73,89.24
2026-05-14,1003569,CAZ895,111.99,1.79,200.3,275.06
2026-05-14,1003708,CCL847,166.33,1.79,297.73,181.46
2026-05-14,1003719,CHS718,115.8,1.79,207.44,190.28
2026-05-14,1003741,CAZ895,157.35,1.79,281.65,120.0
2026-05-14,1003757,CBA709,116.32,1.79,208.21,156.02
2026-05-14,F002 24711,CAP946,99.89,2.04,193.78,85.4
2026-05-14,F002 24712,BZR781,122.9,2.04,238.42,167.77
2026-05-14,F002 24713,BZR940,119.73,2.04,232.27,192.03
2026-05-14,F002 24714,CHW782,107.42,2.04,208.39,157.5
2026-05-14,F502-34034,BZR752,83.24,1.74,144.84,134.63
2026-05-14,F502-34054,CBR872,141.69,1.74,246.54,213.29
2026-05-14,F502-34055,BYP828,212.93,1.74,370.5,
2026-05-14,F502-34059,CBR796,260.62,1.74,453.48,292.36
2026-05-14,F503-21895,CBR872,202.54,1.74,352.42,77.9
2026-05-15,1004050,CHS718,141.95,1.79,254.09,129.05
2026-05-15,1004095,CAZ895,171.16,1.79,306.37,139.45
2026-05-15,1004102,CCL847,185.16,1.79,331.43,181.89
2026-05-15,1004110,CBA709,83.84,1.79,150.07,124.9
2026-05-15,F002 24761,BZR781,116.16,2.04,225.34,142.71
2026-05-15,F002 24762,BZR940,107.43,2.04,208.41,131.19
2026-05-15,F002 24763,CHW782,103.71,2.04,201.19,126.5
2026-05-15,F002 24765,CAP946,93.97,2.04,182.29,120.86
2026-05-15,F502-34074,BYP838,138.16,1.74,240.4,3031.71
2026-05-15,F502-34109,CBR796,224.03,1.74,389.81,330.27
2026-05-15,F503-21933,BZR752,151.95,1.74,264.39,85.31
2026-05-15,F503-21938,CBR872,252.25,1.74,438.92,197.19
2026-05-16,1004507,CCL847,175.08,1.79,313.39,179.98
2026-05-16,1004515,CBA709,170.19,1.79,304.64,168.28
2026-05-18,1005067,CAZ895,143.76,1.79,257.33,204.01
2026-05-18,1005182,BYP824,152.64,1.79,273.22,702.65
2026-05-18,1005267,CBA709,101.19,1.79,181.13,127.04
2026-05-18,1005286,CCL847,137.1,1.79,245.4,130.88
2026-05-18,1005293,CAZ895,91.77,1.79,164.26,125.87
2026-05-18,1005319,CHS718,137.96,1.79,246.94,122.33
2026-05-18,F002 24801,CAP946,124.14,2.04,240.83,264.22
2026-05-18,F002 24803,BZR781,124.65,2.04,241.81,222.58
2026-05-18,F002 24835,CHW782,156.06,2.04,302.75,193.63
2026-05-18,F002 24836,BZR781,110.72,2.04,214.79,113.76
2026-05-18,F002 24837,CAP946,96.31,2.04,186.84,135.21
2026-05-18,F502-34170,BZR752,98.96,1.74,172.19,159.92
2026-05-18,F502-34171,CBR872,176.25,1.74,306.68,522.7
2026-05-18,F502-34193,CBR872,255.05,1.74,443.79,223.54
2026-05-18,F502-34195,CBR796,260.35,1.74,453.01,526.68
2026-05-18,F503-21985,CBR796,170.61,1.74,296.86,220.01
2026-05-19,1005536,CHS718,145.76,1.79,260.91,111.83
2026-05-19,1005569,CBA709,102.65,1.79,183.74,158.51
2026-05-19,1005573,CCL847,176.35,1.79,315.06,180.37
2026-05-19,1005619,CAZ895,165.64,1.79,296.49,86.91
2026-05-19,F002 24844,BZR940,146.66,2.04,284.51,249.25
2026-05-19,F002 24873,BZR940,114.41,2.04,221.95,136.07
2026-05-19,F002 24874,CHW782,109.89,2.04,213.18,80.74
2026-05-19,F002 24875,BZR781,121.71,2.04,236.11,57.45
2026-05-19,F002 24876,CAP946,115.23,2.04,223.54,82.04
2026-05-19,F502-34203,BZR752,155.32,1.74,270.26,177.51
2026-05-19,F503-21998,CHW782,210.88,1.74,366.93,112.86
2026-05-19,F503-22026,CBR872,231.24,1.74,402.36,250.87
2026-05-19,F5802-34226,CBR796,238.91,1.74,415.7,249.11
2026-05-20,1005824,CHS718,135.92,1.79,243.29,155.34
2026-05-20,1005847,CBA709,66.96,1.79,119.85,98.71
2026-05-20,F502-22051,CBR796,208.19,1.74,362.25,311.87
2026-05-20,F502-34233,BZR752,156.75,1.74,272.75,176.97
2026-05-20,F502-34252,BYP838,182.04,1.74,316.75,393.11
2026-05-21,1005987,CAZ895,178.25,1.79,319.06,339.05
2026-05-21,1005990,CCL847,140.91,1.79,252.22,247.22
2026-05-21,1006156,CCL847,122.54,1.79,219.34,117.37
2026-05-21,1006161,CAZ895,104.04,1.79,186.23,121.07
2026-05-21,1006172,CBA709,103.02,1.79,184.4,111.72
2026-05-21,1006250,CHS718,133.14,1.79,238.32,169.13
2026-05-21,F002 24953,BZR940,201.18,2.04,390.28,205.61
2026-05-21,F002 24954,CHW782,184.05,2.04,357.05,197.76
2026-05-21,F002 24955,BZR781,213.5,2.04,414.19,266.67
2026-05-21,F002 24956,CAP946,172.87,2.04,335.36,295.47
2026-05-21,F502-34277,CBR872,125.88,1.74,219.03,609.69
2026-05-21,F502-34294,CBR846,249.9,1.74,434.83,6815.31
2026-05-21,F503-22068,BZR752,217.21,1.74,377.95,95.28
2026-05-22,F502-34304,CBR872,185.3,1.74,322.42,255.92
2026-05-22,F502-34325,CBR796,128.04,1.74,222.79,236.15
2026-05-22,F502-34328,BYP838,256.74,1.74,446.73,703.83
2026-05-22,F503-22086,CBR796,130.55,1.74,227.16,186.35
2026-05-22,F503-22093,CBR872,212.65,1.74,370.01,195.64
2026-05-23,1006447,CCL847,122.69,1.79,219.61,236.52
2026-05-23,1006462,CAZ895,170.2,1.79,304.65,258.61
2026-05-23,1006468,CHS718,156.83,1.79,280.72,247.4
2026-05-23,1006534,CBA709,58.79,1.79,105.23,240.56
2026-05-23,1006622,CBA709,210.14,1.79,376.15,116.27
2026-05-23,F502-34355,CBR796,106.86,1.74,185.94,90.17
2026-05-23,F503-22102,BZR940,154.7,1.74,269.18,269.68
2026-05-23,F503-22123,BZR781,167.2,1.74,290.93,239.57
2026-05-24,1007259,CHS718,121.84,1.79,218.09,45.42
2026-05-24,1007316,CAZ895,133.5,1.79,238.96,21.59
2026-05-25,1007340,CCL847,168.81,1.79,302.16,21.9
2026-05-25,1007516,CCL847,113.84,1.79,203.77,144.61
2026-05-25,1007518,CBA709,115.73,1.79,207.15,53.62
2026-05-25,1007615,CAZ895,122.08,1.79,218.52,75.93
2026-05-25,B502-825072,CBR796,214.08,1.74,372.5,232.75
2026-05-25,F002 25034,CHW782,112.2,2.04,217.66,400.99
2026-05-25,F002 25035,BZR781,159.13,2.04,308.71,139.58
2026-05-25,F003 61837,CAP946,160.8,2.04,311.95,340.48
2026-05-25,F502-34389,CBR872,176.29,1.74,306.74,462.18
2026-05-25,F503-22162,BZR752,140.87,1.74,245.11,144.21
2026-05-26,1007686,CHS718,148.77,1.79,266.29,214.4
2026-05-26,1007775,CAZ895,138.79,1.79,248.43,196.42
2026-05-26,1007799,CBA709,109.76,1.79,196.47,175.99
2026-05-26,F002 25043,BZR940,118.36,2.04,229.61,146.88
2026-05-26,F002 25076,CAP946,134.19,2.04,260.32,109.9
2026-05-26,F002 25077,BZR781,116.28,2.04,225.58,114.63
2026-05-26,F502-34418,CBR872,232.79,1.74,405.05,232.6
2026-05-26,F502-34431,CBR872,113.51,1.74,197.51,233.64
2026-05-26,F502-34439,CBR796,237.55,1.74,413.34,366.27
2026-05-26,F502-34442,BZR752,127.76,1.74,222.3,98.19
2026-05-27,1007884,CCL847,188.22,1.79,336.91,191.32
2026-05-27,1007928,CHS718,112.82,1.79,201.94,71.51
2026-05-27,1008057,CHS718,109.24,1.79,195.53,125.47
2026-05-27,1008077,CAZ895,165.26,1.79,295.81,212.39
2026-05-27,1008104,CBA709,120.32,1.79,215.37,130.31
2026-05-27,1008121,CCL847,140.29,1.79,251.11,147.72
2026-05-27,F002 25102,CHW782,183.15,2.04,355.3,256.8
2026-05-27,F002 25103,BZR940,190.0,2.04,368.6,124.73
2026-05-27,F502-34451,CBR872,164.05,1.74,285.45,146.37
2026-05-27,F502-34468,CBR872,214.2,1.74,372.71,182.66
2026-05-27,F502-34472,BZR752,116.84,1.74,203.3,131.1
2026-05-27,F503-22212,BYP824,186.17,1.74,323.94,1444.4
2026-05-28,1008330,CCL847,111.44,1.79,199.47,113.48
2026-05-28,1008368,CBA709,94.56,1.79,169.26,120.34
2026-05-28,F002 25136,BZR781,193.0,2.04,374.42,202.56
2026-05-28,F502-34490,CBR796,123.49,1.74,214.87,450.28
2026-05-28,F502-34510,BZR752,102.71,1.74,178.72,79.66
2026-05-28,F503-22253,CBR796,157.84,1.74,274.64,246.17
2026-05-28,F503-22256,BZR781,82.79,1.74,144.05,170.31
2026-05-28,F503-22258,BZR940,155.04,1.74,269.77,154.51
2026-05-29,1008474,CAZ895,181.86,1.79,325.52,332.84
2026-05-29,1008669,CBA709,111.05,1.79,198.77,93.29
2026-05-29,F002 25152,CAP946,182.86,2.04,354.74,513.94
2026-05-29,F502-34543,CBR796,236.77,1.74,411.98,253.56
2026-05-29,F503-22276,CBR872,242.85,1.74,422.56,253.95
2026-05-29,F503-22278,BZR781,124.05,1.74,215.85,52.75
2026-05-30,1008780,CCL847,171.98,1.79,307.84,293.93
2026-05-30,1008800,CAZ895,148.48,1.79,265.77,143.81
2026-05-30,1008903,CBA709,39.66,1.79,70.99,139.79
2026-05-30,F502-34559,BZR752,167.32,1.74,291.14,226.64
2026-05-30,F502-34587,CBR796,139.36,1.74,242.49,208.06
2026-06-01,1009399,CAZ895,90.37,1.79,161.58,92.91
2026-06-01,1009519,CCL847,219.21,1.79,392.38,95.72
2026-06-01,1009599,CBA709,171.64,1.79,307.23,77.42
2026-06-01,1009616,CHS718,148.15,1.79,265.18,101.83
2026-06-01,F002 25217,CHW782,126.35,2.04,245.11,700.35
2026-06-01,F002 25218,BZR940,161.74,2.04,313.77,352.86
2026-06-01,F002 25242,BZR781,137.58,2.04,266.9,184.46
2026-06-01,F502-34607,CBR872,154.23,1.74,268.36,368.93
2026-06-01,F502-34615,CBR796,125.79,1.74,218.87,260.78
2026-06-01,F503-22328,CBR872,103.61,1.74,180.28,103.41
2026-06-01,F503-22338,CBR872,132.5,1.74,230.55,124.47
2026-06-02,1009660,CAZ895,144.65,1.79,258.92,232.64
2026-06-02,1009778,CCL847,160.92,1.79,288.04,233.57
2026-06-02,1009784,CHS718,100.73,1.79,180.3,171.3
2026-06-02,1009811,CBA709,30.16,1.79,53.98,150.65
2026-06-02,1009825,CBA709,55.99,1.79,100.22,82.3
2026-06-02,F002 25282,BZR940,194.2,2.04,376.74,115.99
2026-06-02,F002 25283,CHW782,175.93,2.04,341.3,119.41
2026-06-02,F002 25287,BZR781,117.91,2.04,228.74,128.45
2026-06-02,F502-34645,BZR752,163.08,1.74,283.76,182.8
2026-06-02,F502-34647,CBR796,153.39,1.74,266.9,274.33
2026-06-02,F502-34653,CBR872,139.68,1.74,243.04,169.45
2026-06-02,F502-34663,CBR872,143.55,1.74,249.78,211.48
2026-06-02,F503-22351,CBR796,110.49,1.74,192.25,219.07
2026-06-03,1009933,CAZ895,114.12,1.79,204.27,232.27
2026-06-03,1010077,CHS718,124.43,1.79,222.72,149.47
2026-06-03,1010086,CCL847,177.62,1.79,317.93,191.56
2026-06-03,1010106,CBA709,80.32,1.79,143.77,74.01
2026-06-03,F002 25322,BZR781,104.14,2.04,202.03,124.81
2026-06-03,F502-34673,CBR796,160.26,1.74,278.85,229.78
2026-06-03,F502-34688,BZR752,230.49,1.74,401.05,301.99
2026-06-03,F503-222375,CBR872,215.37,1.74,374.74,266.63
2026-06-03,F503-22380,BYP824,88.41,1.74,153.83,1918.82
2026-06-04,1010216,CAZ895,127.06,1.79,227.43,194.11
2026-06-04,1010417,CHS718,142.54,1.79,255.14,155.31
2026-06-04,F502-34723,CBR872,143.86,1.74,250.32,283.49
2026-06-04,F503-22392,CBR796,105.1,1.74,182.87,289.33
2026-06-04,F503-22409,BZR752,121.32,1.74,211.1,74.73
2026-06-05,1010538,CCL847,186.92,1.79,334.58,278.42
2026-06-05,1010569,CAZ895,184.07,1.79,329.48,72.56
2026-06-05,1010696,CHS718,135.34,1.79,242.25,181.77
2026-06-05,1010766,CBA709,207.01,1.79,370.54,253.56
2026-06-05,1010878,CAZ895,120.29,1.79,215.31,118.23
2026-06-05,1010881,CCL847,130.71,1.79,233.97,105.22
2026-06-05,F002 25403,BZR940,216.59,2.04,420.18,201.33
2026-06-05,F002 25404,CHW782,100.14,2.04,194.27,80.0
2026-06-05,F503-22418,CBR796,154.23,1.74,268.36,132.69
2026-06-05,F503-22442,CBR796,208.38,1.74,362.58,218.57
2026-06-06,1011039,CBA709,87.21,1.79,156.1,164.77
2026-06-06,F502-34766,CBR872,125.43,1.74,218.25,550.99
2026-06-06,F503-22444,BYP824,111.75,1.74,194.44,886.07
2026-06-06,F503-22451,BYP824,105.06,1.74,182.8,76.17
2026-06-07,1011600,CAZ895,128.85,1.79,230.64,127.21
2026-06-08,1011706,CHS718,164.99,1.79,295.33,220.53
2026-06-08,1011801,CCL847,127.37,1.79,227.99,109.93
2026-06-08,1011825,CBA709,119.8,1.79,214.44,116.38
2026-06-08,1011901,CAZ895,133.19,1.79,238.41,71.08
2026-06-08,F002 25434,BZR940,96.55,2.04,187.3,218.94
2026-06-08,F002 25459,BZR781,199.79,2.04,387.59,147.98
2026-06-08,F002 25461,CHW782,93.93,2.04,182.22,75.08
2026-06-08,F502-34821,CBR872,147.28,1.74,256.27,161.15
2026-06-08,F502-34834,CBR796,145.07,1.74,252.42,451.82
2026-06-08,F502-34854,CBR796,141.89,1.74,246.89,97.15
2026-06-08,F503-22485,CBR796,158.98,1.74,276.63,121.82
2026-06-08,F503-22486,BZR752,99.8,1.74,173.65,142.62
2026-06-08,F503-22490,CBR854,83.79,1.74,145.79,
2026-06-08,F503-22492,CBR872,93.29,1.74,162.32,219.03
2026-06-08,F503-22502,BYP824,98.92,1.74,172.12,186.09
2026-06-09,1012079,CHS718,153.93,1.79,275.53,101.99
2026-06-09,1012080,CCL847,148.79,1.79,266.33,165.21
2026-06-09,1012167,CAZ895,105.61,1.79,189.04,171.44
2026-06-09,F002 25506,CHW782,121.44,2.04,235.59,136.23
2026-06-09,F002 25508,BZR781,130.73,2.04,253.61,102.01
2026-06-09,F002 25509,BZR940,207.16,2.04,401.88,90.75
2026-06-09,F502-34870,CBR872,167.74,1.74,291.87,146.28
2026-06-09,F502-34879,CBR796,130.02,1.74,226.23,165.08
2026-06-09,F502-34883,CBR872,118.8,1.74,206.71,201.58
2026-06-09,F502-34891,CBR796,127.53,1.74,221.9,181.66
2026-06-09,F502-34892,BZR752,189.84,1.74,330.32,104.78
2026-06-10,1012114,CBA709,119.48,1.79,213.86,245.46
2026-06-10,1012229,CBA709,122.25,1.79,218.82,98.85
2026-06-10,F002 25545,BZR781,136.51,2.04,264.83,151.05
2026-06-10,F002 25547,CHW782,118.94,2.04,230.74,172.11
2026-06-10,F002 25549,BZR940,152.69,2.04,296.21,185.96
2026-06-10,F502-34901,CBR872,145.9,1.74,253.87,169.89
2026-06-10,F502-34910,CBR796,83.71,1.74,145.66,166.11
2026-06-10,F502-34928,BZR752,100.95,1.74,175.65,81.78
2026-06-10,F502-34929,CBR872,142.75,1.74,248.38,87.65
2026-06-10,F503-22537,CBR872,77.9,1.74,135.55,82.33
2026-06-10,F503-22549,CBR796,143.93,1.74,250.44,168.63
2026-06-11,1012294,CAZ895,166.15,1.79,297.4,282.95
2026-06-11,1012295,CCL847,168.21,1.79,301.09,274.77
2026-06-11,1012427,CBA709,95.32,1.79,170.62,56.7
2026-06-11,F002 25586,BZR781,120.01,2.04,232.82,142.22
2026-06-11,F002 25587,CHW782,111.03,2.04,215.4,148.65
2026-06-11,F002 25588,BZR940,123.53,2.04,239.65,175.48
2026-06-11,F502-34957,CBR872,144.26,1.74,251.01,120.26
2026-06-11,F502-34966,BZR752,97.54,1.74,169.72,98.1
2026-06-11,F502-34969,CBR872,122.68,1.74,213.46,255.61
2026-06-11,F503-22565,BYP824,143.46,1.74,249.62,272.6
2026-06-11,F503-22567,CBR796,79.95,1.74,139.11,118.73
2026-06-11,F503-22576,CBR796,182.48,1.74,317.52,252.98
2026-06-11,F503-22581,BYP824,124.8,1.74,217.15,247.57
2026-06-12,1012533,CCL847,122.6,1.79,219.45,142.13
2026-06-12,1012534,CAZ895,108.1,1.79,193.49,168.81
2026-06-12,1012685,CBA709,84.98,1.79,152.11,115.72
2026-06-12,F002 25633,BZR781,97.29,2.04,188.74,102.63
2026-06-12,F002 25634,BZR940,109.73,2.04,212.87,127.99
2026-06-12,F002 25635,CHW782,102.12,2.04,198.11,135.81
2026-06-12,F502-34994,CBR796,169.22,1.74,294.44,126.74
2026-06-12,F502-35003,CBR796,118.6,1.74,206.36,244.93
2026-06-12,F502-35005,CBR872,105.34,1.74,183.29,226.48
2026-06-12,F503-22601,BYP824,29.54,1.74,51.4,190.57
2026-06-13,1012807,CAZ895,127.28,1.79,227.83,156.4
2026-06-13,1012828,CHS718,162.83,1.79,291.46,261.6
2026-06-13,1012842,CCL847,162.73,1.79,291.28,147.96
2026-06-13,1012920,CBA709,79.97,1.79,143.14,144.46
2026-06-13,F502-35033,CBR872,167.77,1.74,291.92,394.07
2026-06-13,F502-35036,CBR796,145.23,1.74,252.7,139.92
2026-06-13,F503-22626,BYP824,140.45,1.74,244.38,264.47
2026-06-15,1013678,CHS718,114.58,1.79,205.09,55.62
2026-06-15,1013681,CCL847,132.31,1.79,236.83,68.85
2026-06-15,1013684,CBA709,86.05,1.79,154.02,85.05
2026-06-15,F002 25665,CHW782,102.59,2.04,199.02,237.99
2026-06-15,F002 25666,BZR940,176.4,2.04,342.21,321.35
2026-06-15,F002 25703,BZR940,100.99,2.04,195.91,114.5
2026-06-15,F002 25705,CHW782,111.56,2.04,216.42,135.63
2026-06-15,F002 25706,BZR781,176.34,2.04,342.1,319.34
2026-06-15,F502-35059,BZR752,100.5,1.74,174.87,165.62
2026-06-15,F503-222656,CBR796,125.81,1.74,218.91,194.93
2026-06-15,F503-22658,CBR872,108.97,1.74,189.61,115.78
2026-06-15,F503-22663,CBR872,128.5,1.74,223.59,247.1
2026-06-15,F503-22667,CBR796,155.41,1.74,270.41,216.63
2026-06-16,1013789,CAZ895,122.04,1.79,218.45,202.26
2026-06-16,1013877,CAZ895,140.35,1.79,251.22,61.4
2026-06-16,1013900,CHS718,151.57,1.79,271.31,184.26
2026-06-16,1013945,CBA709,119.88,1.79,214.58,148.58
2026-06-16,1014067,CCL847,155.53,1.79,278.39,194.13
2026-06-16,F002 25753,CHW782,121.48,2.04,235.66,75.96
2026-06-16,F502-35085,BZR752,92.71,1.74,161.32,51.34
2026-06-16,F503-22686,CBR846,216.41,1.74,376.55,7614.04
2026-06-16,F503-22691,BYP824,160.55,1.74,279.36,115.43
2026-06-16,F503-22693,BZR752,96.05,1.74,167.13,61.12
2026-06-16,f502-35091,CBR872,71.95,1.74,125.19,49.63
2026-06-17,1014184,CHS718,132.05,1.79,236.36,179.19
2026-06-17,1014206,CCL847,169.2,1.79,302.86,161.18
2026-06-17,1014246,CAZ895,175.37,1.79,313.91,117.3
2026-06-17,1014260,CBA709,114.21,1.79,204.43,162.68
2026-06-17,F002 25792,BZR940,230.95,2.04,448.03,195.72
2026-06-17,F002 25796,CHW782,131.12,2.04,254.37,160.56
2026-06-17,F502-35135,CBR854,83.79,1.74,145.79,1405.22
2026-06-17,F503-22704,CBR872,111.1,1.74,193.31,162.23
2026-06-17,F503-22707,CBR796,83.79,1.74,145.79,161.38
2026-06-17,F503-22711,CBR872,108.04,1.74,187.99,175.14
2026-06-17,F503-22715,BYP824,153.66,1.74,267.37,199.99
2026-06-17,F503-22717,CBR796,164.95,1.74,287.01,180.04
2026-06-18,1014494,CHS718,133.85,1.79,239.59,207.65
2026-06-18,1014572,CAZ895,174.25,1.79,311.9,270.18
2026-06-18,1014601,CBA709,123.34,1.79,220.77,170.75
2026-06-18,1014610,CCL847,197.0,1.79,352.63,177.14
2026-06-18,F002 25842,CHW782,116.28,2.04,225.58,168.08
2026-06-18,F002 25843,BZR940,144.56,2.04,280.44,155.34
2026-06-18,F502-35165,BZR752,105.51,1.74,183.59,99.58
2026-06-18,F502-35182,CBR872,166.63,1.74,289.94,105.02
2026-06-18,F503-22724,BYP824,115.36,1.74,200.73,174.48
2026-06-18,F503-22725,CBR796,222.56,1.74,387.25,214.98
2026-06-18,F503-22727,CBR872,116.92,1.74,203.44,265.19
2026-06-18,F503-22728,BZR752,90.78,1.74,157.96,52.43
2026-06-19,1014863,CHS718,151.08,1.79,270.43,168.7
2026-06-19,1015026,CAZ895,179.59,1.79,321.46,222.15
2026-06-19,F002 25884,BZR940,118.82,2.04,230.51,171.43
2026-06-19,F002 25885,CHW782,100.27,2.04,194.52,166.25
2026-06-19,F502-35222,CBR872,194.41,1.74,338.27,218.44
2026-06-19,F503-22742,CBR796,83.79,1.74,145.79,210.83
2026-06-19,F503-22753,BYP824,121.18,1.74,210.85,140.37
2026-06-19,F503-22755,CBR796,201.71,1.74,350.98,213.66
2026-06-19,F503-22759,BZR752,95.42,1.74,166.03,122.14
2026-06-20,1015108,CCL847,171.35,1.79,306.71,289.71
2026-06-20,1015227,CBA709,129.42,1.79,231.66,173.48
2026-06-20,F002 25914,CHW782,158.77,2.04,308.01,123.65
2026-06-20,F502-35244,CBR872,151.57,1.74,263.73,236.91
2026-06-20,F503-22762,BZR752,104.24,1.74,181.38,125.18
2026-06-20,F503-22763,BYP838,209.53,1.74,364.58,5326.0
2026-06-20,F503-22773,BZR781,151.72,1.74,263.99,265.96
2026-06-20,F503-22778,CBR796,203.29,1.74,353.72,205.46
2026-06-21,F502-35270,BZR752,192.29,1.74,334.58,291.85
2026-06-22,1015969,CHS718,150.52,1.79,269.43,150.29
2026-06-22,F002 25960,BZR781,185.78,2.04,360.41,147.98
2026-06-22,F502-35294,CBR872,131.49,1.74,228.79,159.56
2026-06-22,F502-35298,CBR796,142.07,1.74,247.2,246.29
2026-06-22,F502-35305,CBR872,140.54,1.74,244.54,218.78
2026-06-22,F503-22806,BYP824,135.62,1.74,235.98,137.6
2026-06-22,F503-22809,BZR752,123.4,1.74,214.72,105.99
2026-06-23,1016124,CAZ895,66.21,1.79,118.51,255.26
2026-06-23,1016287,CCL847,168.19,1.79,301.06,106.16
2026-06-23,1016296,CBA709,140.39,1.79,251.29,108.48
2026-06-23,1016309,CHS718,163.72,1.79,293.05,157.95
2026-06-23,F002 26002,CHW782,95.26,2.04,184.8,205.74
2026-06-23,F002 26004,BZR781,166.01,2.04,322.06,165.76
2026-06-23,F002 26005,B7V961,77.33,2.04,157.75,
2026-06-23,F002 26006,CAP946,126.87,2.04,258.81,2597.08
2026-06-23,F501-36712,CBR796,127.71,1.74,222.22,165.43
2026-06-23,F502-35319,CBR872,121.53,1.74,211.46,160.77
2026-06-23,F503-22835,CBR872,117.95,1.74,205.23,179.44
2026-06-23,F503-22842,CBR796,104.45,1.74,181.74,169.5
2026-06-23,F503-22843,BYP824,146.26,1.74,254.49,205.99
2026-06-23,F503-22846,BZR752,147.14,1.74,256.02,211.31
2026-06-24,1016414,CAZ895,117.26,1.79,209.89,219.52
2026-06-24,1016578,CCL847,158.0,1.79,282.82,213.56
2026-06-24,1016599,CBA709,113.59,1.79,203.32,148.58
2026-06-24,F002 26046,BZR781,128.15,2.04,248.6,189.13
2026-06-24,F002 26048,CHW782,124.58,2.04,241.68,162.23
2026-06-24,F502-35352,BZR752,218.66,1.74,380.47,284.16
2026-06-24,F502-35353,CBR872,151.66,1.74,263.89,203.91
2026-06-24,F502-35360,BYP824,155.7,1.74,270.92,164.61
2026-06-24,F503-22863,CBR796,167.33,1.74,291.15,210.87
2026-06-25,1016702,CAZ895,154.87,1.79,277.21,142.08
2026-06-25,1016871,CBA709,107.2,1.79,191.88,146.53
2026-06-25,1016895,CCL847,173.19,1.79,310.01,200.03
2026-06-25,1016906,CAZ895,178.12,1.79,318.83,151.09
2026-06-25,F002 26090,BZR781,142.32,2.04,276.1,123.48
2026-06-25,F002 26091,CHW782,141.88,2.04,275.24,171.18
2026-06-25,F503-22877,BZR752,81.7,1.74,142.16,118.7
2026-06-25,F503-22891,CBR872,142.01,1.74,247.1,217.82
2026-06-25,F503-22905,CBR796,233.72,1.74,406.67,227.45
2026-06-25,F503-22906,BZR752,100.04,1.74,174.07,86.65
2026-06-26,1017145,CCL847,59.89,1.79,107.2,152.45
2026-06-26,1017153,CCL847,73.0,1.79,130.67,76.55
2026-06-26,1017170,CAZ895,127.89,1.79,228.92,107.17
2026-06-26,1017175,CBA709,100.63,1.79,180.12,170.83
2026-06-26,F002 26132,CHW782,114.72,2.04,222.55,169.54
2026-06-26,F502-35413,CBR796,142.19,1.74,247.41,212.33
2026-06-26,F502-35416,BZR940,174.26,1.74,303.21,240.96
2026-06-26,F502-35425,CBR872,161.05,1.74,280.23,145.84
2026-06-26,F502-35426,CBR796,147.17,1.74,256.08,231.58
2026-06-26,F502-35428,BZR752,129.56,1.74,225.43,81.2
2026-06-26,F503-22922,CBR872,130.44,1.74,226.97,228.42
2026-06-27,1017435,CCL847,100.51,1.79,179.91,107.99
2026-06-27,1017504,CBA709,65.14,1.79,116.6,65.58
2026-06-27,F502-35440,CBR872,156.91,1.74,273.02,208.86
2026-06-27,F503-22943,CBR796,145.12,1.74,252.51,203.7
2026-06-27,F503-22955,BYP824,156.44,1.74,272.21,627.73
2026-06-27,F503-22957,BZR781,103.28,1.74,179.71,184.6
2026-06-28,F502-35488,BZR752,202.9,1.74,353.05,128.76
2026-06-29,1018307,CAZ895,140.04,1.79,250.67,151.81
2026-06-30,1018469,CCL847,127.79,1.79,228.74,83.07
2026-06-30,1018548,CBA709,108.6,1.79,194.39,80.78
2026-06-30,F002 26172,BZR940,136.19,2.04,264.2,153.13
2026-06-30,F002 26199,CHW782,140.61,2.04,272.78,256.04
2026-06-30,F002 26207,BZR940,123.88,2.04,240.32,136.93
2026-06-30,F002 26208,BZR781,160.89,2.04,312.12,140.49
2026-06-30,F503-22983,CBR796,126.24,1.74,219.66,164.3
2026-06-30,F503-22998,CBR796,168.54,1.74,293.26,211.52
2026-07-01,1018682,CAZ895,139.73,1.79,250.11,255.02
2026-07-01,1018863,CCL847,193.67,1.79,346.66,170.99
2026-07-01,1018891,CBA709,101.52,1.79,181.72,127.02
2026-07-01,F002 26246,BZR781,137.54,2.04,266.83,172.11
2026-07-01,F002 26247,CHW782,167.76,2.04,325.45,165.8
2026-07-01,F502-35545,CBR872,224.28,1.74,390.25,483.47
2026-07-01,F503-23005,BYP824,173.1,1.74,301.19,314.09
2026-07-01,F503-23007,BZR752,148.65,1.74,258.65,391.21
2026-07-02,1019038,CAZ895,171.84,1.79,307.59,183.08
2026-07-02,1019223,CCL847,186.2,1.79,333.29,152.33
2026-07-02,1019252,CBA709,131.77,1.79,235.86,139.41
2026-07-02,1019271,BYP824,137.66,1.79,246.41,122.27
2026-07-02,F002 26295,BZR781,116.52,2.04,226.05,124.89
2026-07-02,F002 26296,CHW782,120.84,2.04,234.43,167.25
2026-07-03,F002 26343,CHW782,116.92,2.04,226.82,136.44
2026-07-03,F002 26344,BZR781,140.24,2.04,272.06,136.41
2026-07-06,F002 26389,CHW782,166.8,2.04,323.59,395.01
2026-08-13,F503-22635,BZR781,107.44,1.74,186.95,
