id,liquidacion_nro,transportista,fecha,nro_guia,placa,vehiculo_id,insumo,material_id,peso_seco,peso_humedo,monto_total,flete,ruta,origen,destino,fecha_carga
46352-1910563135,46352,VIRGEN DE ESTRELLA S.A.C.,2026-01-02,191/0563135,C9W737,21.0,ARENA,14,30.59,34.26,390.22,,,JICAMARCA,SAN JUAN,2026-07-01T08:40:16.951561Z
46352-1910563118,46352,VIRGEN DE ESTRELLA S.A.C.,2026-01-02,191/0563118,CBA709,43.0,ARENA,14,32.23,36.43,344.58,,,JICAMARCA,ANCIETA,2026-07-01T08:40:16.951676Z
46352-1910563103,46352,VIRGEN DE ESTRELLA S.A.C.,2026-01-02,191/0563103,BZR940,40.0,PIEDRA,2,35.96,38.16,361.0,,,JICAMARCA,ANCIETA,2026-07-01T08:40:16.951959Z
46352-1910563005,46352,VIRGEN DE ESTRELLA S.A.C.,2026-01-02,191/0563005,BZR940,40.0,ARENA,14,32.2,35.42,472.12,,,JICAMARCA,VILLA 1,2026-07-01T08:40:16.952230Z
46352-1910563060,46352,VIRGEN DE ESTRELLA S.A.C.,2026-01-02,191/0563060,CBA709,43.0,ARENA,14,33.11,36.43,485.55,,,JICAMARCA,VILLA 1,2026-07-01T08:40:16.952256Z
46352-1910562993,46352,VIRGEN DE ESTRELLA S.A.C.,2026-01-02,191/0562993,CCL847,44.0,ARENA,14,30.7,34.38,551.1,,,JICAMARCA,SAN ANTONIO,2026-07-01T08:40:16.952514Z
46352-1910562996,46352,VIRGEN DE ESTRELLA S.A.C.,2026-01-02,191/0562996,C9W737,21.0,ARENA,14,29.73,33.29,533.7,,,JICAMARCA,SAN ANTONIO,2026-07-01T08:40:16.952541Z
46352-1910562998,46352,VIRGEN DE ESTRELLA S.A.C.,2026-01-02,191/0562998,CBA709,43.0,ARENA,14,31.07,34.8,557.8,,,JICAMARCA,SAN ANTONIO,2026-07-01T08:40:16.952572Z
46352-1910563187,46352,VIRGEN DE ESTRELLA S.A.C.,2026-01-03,191/0563187,CBA709,43.0,ARENA,14,33.18,37.49,354.7,,,JICAMARCA,ANCIETA,2026-07-01T08:40:16.951708Z
46352-1910563235,46352,VIRGEN DE ESTRELLA S.A.C.,2026-01-03,191/0563235,CBA709,43.0,ARENA,14,35.17,39.74,375.96,,,JICAMARCA,ANCIETA,2026-07-01T08:40:16.951751Z
46352-1910563283,46352,VIRGEN DE ESTRELLA S.A.C.,2026-01-03,191/0563283,C9W737,21.0,ARENA,14,32.56,33.91,320.83,,,JICAMARCA,BLOQUES ANCIETA INSUMOS SUMINISTROS,2026-07-01T08:40:16.952179Z
46352-1910563240,46352,VIRGEN DE ESTRELLA S.A.C.,2026-01-03,191/0563240,BZR940,40.0,PIEDRA N#8 ASTM,2,36.42,36.78,501.31,,,JICAMARCA,VILLA 1,2026-07-01T08:40:16.952339Z
46352-1910563214,46352,VIRGEN DE ESTRELLA S.A.C.,2026-01-03,191/0563214,CCL847,44.0,PIEDRA,2,37.3,37.3,508.4,,,JICAMARCA,EMBOLSADOS INS. Y SUM.,2026-07-01T08:40:16.952363Z
46352-1910563217,46352,VIRGEN DE ESTRELLA S.A.C.,2026-01-03,191/0563217,CHS718,45.0,PIEDRA,2,36.9,36.9,502.95,,,JICAMARCA,EMBOLSADOS INS. Y SUM.,2026-07-01T08:40:16.952389Z
46352-1910563232,46352,VIRGEN DE ESTRELLA S.A.C.,2026-01-03,191/0563232,C9W737,21.0,PIEDRA,2,36.32,36.32,495.04,,,JICAMARCA,EMBOLSADOS INS. Y SUM.,2026-07-01T08:40:16.952414Z
46352-1910563385,46352,VIRGEN DE ESTRELLA S.A.C.,2026-01-05,191/0563385,BZR940,40.0,ARENA,14,31.04,34.77,396.03,,,JICAMARCA,SAN JUAN,2026-07-01T08:40:16.951606Z
46352-1910563360,46352,VIRGEN DE ESTRELLA S.A.C.,2026-01-05,191/0563360,CHS718,45.0,ARENA,14,31.29,35.36,334.46,,,JICAMARCA,ANCIETA,2026-07-01T08:40:16.951782Z
46352-1910563381,46352,VIRGEN DE ESTRELLA S.A.C.,2026-01-05,191/0563381,CBA709,43.0,ARENA,14,33.26,37.59,355.58,,,JICAMARCA,ANCIETA,2026-07-01T08:40:16.951814Z
46352-1910563414,46352,VIRGEN DE ESTRELLA S.A.C.,2026-01-05,191/0563414,C9W737,21.0,PIEDRA,2,34.4,34.39,325.37,,,JICAMARCA,ANCIETA,2026-07-01T08:40:16.951985Z
46352-1910563350,46352,VIRGEN DE ESTRELLA S.A.C.,2026-01-05,191/0563350,CCL847,44.0,ARENA,14,32.49,35.74,476.45,,,JICAMARCA,VILLA 1,2026-07-01T08:40:16.952283Z
46352-1910563388,46352,VIRGEN DE ESTRELLA S.A.C.,2026-01-05,191/0563388,C9W737,21.0,ARENA,14,33.22,35.54,145.01,,,JICAMARCA,BLOQUES HUACHIPA INSUMOS SUMINISTRO,2026-07-01T08:40:16.952313Z
46352-1910563305,46352,VIRGEN DE ESTRELLA S.A.C.,2026-01-05,191/0563305,CCL847,44.0,ARENA,14,31.69,35.49,568.98,,,JICAMARCA,SAN ANTONIO,2026-07-01T08:40:16.952599Z
46352-1910563319,46352,VIRGEN DE ESTRELLA S.A.C.,2026-01-05,191/0563319,CHS718,45.0,ARENA,14,27.21,30.47,488.48,,,JICAMARCA,SAN ANTONIO,2026-07-01T08:40:16.952626Z
46352-1910563329,46352,VIRGEN DE ESTRELLA S.A.C.,2026-01-05,191/0563329,CBA709,43.0,ARENA,14,33.85,37.91,607.75,,,JICAMARCA,SAN ANTONIO,2026-07-01T08:40:16.952653Z
46352-1910563508,46352,VIRGEN DE ESTRELLA S.A.C.,2026-01-06,191/0563508,CBA709,43.0,PIEDRA,2,31.99,31.99,436.02,,,JICAMARCA,EMBOLSADOS INS. Y SUM.,2026-07-01T08:40:16.952438Z
46352-1910563448,46352,VIRGEN DE ESTRELLA S.A.C.,2026-01-06,191/0563448,C9W737,21.0,ARENA,14,31.61,35.4,567.49,,,JICAMARCA,SAN ANTONIO,2026-07-01T08:40:16.952680Z
46352-1910563450,46352,VIRGEN DE ESTRELLA S.A.C.,2026-01-06,191/0563450,BZR940,40.0,ARENA,14,32.58,36.49,584.89,,,JICAMARCA,SAN ANTONIO,2026-07-01T08:40:16.952707Z
46352-1910563455,46352,VIRGEN DE ESTRELLA S.A.C.,2026-01-06,191/0563455,CHS718,45.0,ARENA,14,31.9,35.73,572.71,,,JICAMARCA,SAN ANTONIO,2026-07-01T08:40:16.952736Z
46352-1910563462,46352,VIRGEN DE ESTRELLA S.A.C.,2026-01-06,191/0563462,CBA709,43.0,ARENA,14,31.35,35.11,562.77,,,JICAMARCA,SAN ANTONIO,2026-07-01T08:40:16.952764Z
46408-1910563509,46408,VIRGEN DE ESTRELLA S.A.C.,2026-01-06,191/0563509,CCL847,44.0,PIEDRA,2,32.12,32.12,437.8,,,JICAMARCA,CONCRETO PRETENSADO,2026-07-01T08:48:21.104941Z
46408-1910563513,46408,VIRGEN DE ESTRELLA S.A.C.,2026-01-06,191/0563513,CHS718,45.0,PIEDRA,2,33.03,33.03,450.2,,,JICAMARCA,CONCRETO PRETENSADO,2026-07-01T08:48:21.104967Z
46352-1910563634,46352,VIRGEN DE ESTRELLA S.A.C.,2026-01-07,191/0563634,CBA709,43.0,ARENA,14,33.29,37.62,355.87,,,JICAMARCA,ANCIETA,2026-07-01T08:40:16.951843Z
46352-1910563651,46352,VIRGEN DE ESTRELLA S.A.C.,2026-01-07,191/0563651,CCL847,44.0,ARENA,14,32.36,36.56,345.9,,,JICAMARCA,ANCIETA,2026-07-01T08:40:16.951873Z
46352-1910563660,46352,VIRGEN DE ESTRELLA S.A.C.,2026-01-07,191/0563660,C9W737,21.0,PIEDRA,2,35.96,35.96,340.18,,,JICAMARCA,ANCIETA,2026-07-01T08:40:16.952012Z
46352-1910563662,46352,VIRGEN DE ESTRELLA S.A.C.,2026-01-07,191/0563662,CHS718,45.0,PIEDRA,2,37.96,37.96,359.1,,,JICAMARCA,ANCIETA,2026-07-01T08:40:16.952041Z
46352-1910563675,46352,VIRGEN DE ESTRELLA S.A.C.,2026-01-07,191/0563675,CHS718,45.0,PIEDRA,2,33.9,33.9,320.68,,,JICAMARCA,ANCIETA,2026-07-01T08:40:16.952077Z
46352-1910563694,46352,VIRGEN DE ESTRELLA S.A.C.,2026-01-07,191/0563694,CBA709,43.0,PIEDRA,2,34.22,34.22,323.76,,,JICAMARCA,ANCIETA,2026-07-01T08:40:16.952102Z
46352-1910563680,46352,VIRGEN DE ESTRELLA S.A.C.,2026-01-07,191/0563680,C9W737,21.0,PIEDRA,2,33.05,33.05,312.61,,,JICAMARCA,BLOQUES ANCIETA INSUMOS SUMINISTROS,2026-07-01T08:40:16.952203Z
46352-1910563845,46352,VIRGEN DE ESTRELLA S.A.C.,2026-01-08,191/0563845,CHS718,45.0,PIEDRA,2,34.25,34.25,390.11,,,JICAMARCA,SAN JUAN,2026-07-01T08:40:16.951475Z
46352-1910563824,46352,VIRGEN DE ESTRELLA S.A.C.,2026-01-08,191/0563824,CBA709,43.0,ARENA,14,33.08,37.05,422.0,,,JICAMARCA,SAN JUAN,2026-07-01T08:40:16.951642Z
46352-1910563833,46352,VIRGEN DE ESTRELLA S.A.C.,2026-01-08,191/0563833,C9W737,21.0,ARENA,14,31.04,35.08,331.82,,,JICAMARCA,ANCIETA,2026-07-01T08:40:16.951903Z
46352-1910563893,46352,VIRGEN DE ESTRELLA S.A.C.,2026-01-08,191/0563893,C9W737,21.0,ARENA,14,30.62,34.6,327.28,,,JICAMARCA,ANCIETA,2026-07-01T08:40:16.951931Z
46352-1910563781,46352,VIRGEN DE ESTRELLA S.A.C.,2026-01-08,191/0563781,CBA709,43.0,PIEDRA,2,36.72,36.72,347.37,,,JICAMARCA,ANCIETA,2026-07-01T08:40:16.952128Z
46352-1910563823,46352,VIRGEN DE ESTRELLA S.A.C.,2026-01-08,191/0563823,CHS718,45.0,PIEDRA,2,35.77,35.77,338.42,,,JICAMARCA,ANCIETA,2026-07-01T08:40:16.952152Z
46352-1910563817,46352,VIRGEN DE ESTRELLA S.A.C.,2026-01-08,191/0563817,C9W737,21.0,PIEDRA,2,34.84,34.84,474.87,,,JICAMARCA,EMBOLSADOS INS. Y SUM.,2026-07-01T08:40:16.952462Z
46352-1910563822,46352,VIRGEN DE ESTRELLA S.A.C.,2026-01-08,191/0563822,CCL847,44.0,PIEDRA,2,36.15,36.15,492.72,,,JICAMARCA,EMBOLSADOS INS. Y SUM.,2026-07-01T08:40:16.952487Z
46440-1910564154,46440,VIRGEN DE ESTRELLA S.A.C.,2026-01-12,191/0564154,CCL847,44.0,ARENA,14,34.49,34.49,552.83,,,JICAMARCA,CONCHAN,2026-06-30T22:19:39.490866Z
46440-1910564166,46440,VIRGEN DE ESTRELLA S.A.C.,2026-01-12,191/0564166,CBA709,43.0,ARENA,14,31.2,34.32,550.1,,,JICAMARCA,CONCHAN,2026-06-30T22:19:39.490912Z
46378-1910564235,46378,VIRGEN DE ESTRELLA S.A.C.,2026-01-12,191/0564235,C9W737,21.0,PIEDRA,2,34.65,34.65,327.77,,,JICAMARCA,BLOQUES ANCIETA INSUMOS SUMINISTROS,2026-07-01T08:43:30.493076Z
46378-1910564216,46378,VIRGEN DE ESTRELLA S.A.C.,2026-01-12,191/0564216,CCL847,44.0,ARENA,14,35.79,40.08,534.31,,,JICAMARCA,VILLA 1,2026-07-01T08:43:30.493127Z
46378-1910564224,46378,VIRGEN DE ESTRELLA S.A.C.,2026-01-12,191/0564224,CBA709,43.0,ARENA,14,32.79,36.72,489.47,,,JICAMARCA,VILLA 1,2026-07-01T08:43:30.493167Z
46378-3770003683,46378,VIRGEN DE ESTRELLA S.A.C.,2026-01-12,377/0003683,D8E728,24.0,ARENA,14,37.34,37.34,201.64,,,OQUENDO,MEIGGS,2026-07-01T08:43:30.494739Z
46378-3770003686,46378,VIRGEN DE ESTRELLA S.A.C.,2026-01-12,377/0003686,AHJ786,28.0,ARENA,14,37.44,37.44,202.18,,,OQUENDO,MEIGGS,2026-07-01T08:43:30.494777Z
46378-1950185302,46378,VIRGEN DE ESTRELLA S.A.C.,2026-01-12,195/0185302,CBR846,12.0,PIEDRA,2,41.0,41.0,552.27,,,YERBABUENA,OQUENDO,2026-07-01T08:43:30.495008Z
46378-1950185301,46378,VIRGEN DE ESTRELLA S.A.C.,2026-01-12,195/0185301,ATN880,5.0,ARENA,14,42.38,42.8,576.52,,,YERBABUENA,OQUENDO,2026-07-01T08:43:30.495039Z
46378-1950185303,46378,VIRGEN DE ESTRELLA S.A.C.,2026-01-12,195/0185303,D8B795,22.0,ARENA,14,34.17,34.51,464.85,,,YERBABUENA,OQUENDO,2026-07-01T08:43:30.495068Z
46378-1950185304,46378,VIRGEN DE ESTRELLA S.A.C.,2026-01-12,195/0185304,AWH708,33.0,ARENA,14,37.84,38.22,514.82,,,YERBABUENA,OQUENDO,2026-07-01T08:43:30.495096Z
46378-1950185300,46378,VIRGEN DE ESTRELLA S.A.C.,2026-01-12,195/0185300,F3F817,1.0,PIEDRA,2,35.5,35.5,512.27,,,YERBABUENA,MEIGGS,2026-07-01T08:43:30.495123Z
46378-1950185281,46378,VIRGEN DE ESTRELLA S.A.C.,2026-01-12,195/0185281,AFX735,25.0,PIEDRA,2,36.49,36.49,526.55,,,YERBABUENA,MEIGGS,2026-07-01T08:43:30.495265Z
46378-1950185284,46378,VIRGEN DE ESTRELLA S.A.C.,2026-01-12,195/0185284,CBR854,14.0,PIEDRA,2,39.14,39.14,564.79,,,YERBABUENA,MEIGGS,2026-07-01T08:43:30.495291Z
46378-1950185286,46378,VIRGEN DE ESTRELLA S.A.C.,2026-01-12,195/0185286,CBR872,16.0,PIEDRA,2,40.46,40.46,583.84,,,YERBABUENA,MEIGGS,2026-07-01T08:43:30.495315Z
46378-0010013630,46378,VIRGEN DE ESTRELLA S.A.C.,2026-01-12,001/0013630,BYP824,9.0,PIEDRA,2,42.53,43.81,317.18,,,SAN LORENZO,COLLIQUE,2026-07-01T08:43:30.497510Z
46378-0010013634,46378,VIRGEN DE ESTRELLA S.A.C.,2026-01-12,001/0013634,CBR796,18.0,PIEDRA,2,38.72,39.88,288.73,,,SAN LORENZO,COLLIQUE,2026-07-01T08:43:30.497534Z
46378-0010013635,46378,VIRGEN DE ESTRELLA S.A.C.,2026-01-12,001/0013635,AHJ786,28.0,PIEDRA,2,37.74,38.87,281.42,,,SAN LORENZO,COLLIQUE,2026-07-01T08:43:30.497556Z
46378-0010013639,46378,VIRGEN DE ESTRELLA S.A.C.,2026-01-12,001/0013639,D8E728,24.0,PIEDRA,2,35.91,36.99,267.81,,,SAN LORENZO,COLLIQUE,2026-07-01T08:43:30.497581Z
46378-0010013646,46378,VIRGEN DE ESTRELLA S.A.C.,2026-01-12,001/0013646,BYP824,9.0,PIEDRA,2,45.08,46.43,336.15,,,SAN LORENZO,COLLIQUE,2026-07-01T08:43:30.497603Z
46378-0010013647,46378,VIRGEN DE ESTRELLA S.A.C.,2026-01-12,001/0013647,CBR796,18.0,PIEDRA,2,39.96,41.16,298.0,,,SAN LORENZO,COLLIQUE,2026-07-01T08:43:30.497626Z
46378-0010013658,46378,VIRGEN DE ESTRELLA S.A.C.,2026-01-12,001/0013658,AJC805,30.0,PIEDRA,2,40.56,41.78,302.49,,,SAN LORENZO,COLLIQUE,2026-07-01T08:43:30.497648Z
46378-0010013631,46378,VIRGEN DE ESTRELLA S.A.C.,2026-01-12,001/0013631,AJA905,29.0,ARENA,14,35.97,39.93,289.09,,,SAN LORENZO,COLLIQUE,2026-07-01T08:43:30.498788Z
46378-0010013632,46378,VIRGEN DE ESTRELLA S.A.C.,2026-01-12,001/0013632,D8E728,24.0,ARENA,14,33.33,37.0,267.88,,,SAN LORENZO,COLLIQUE,2026-07-01T08:43:30.498810Z
46378-0010013633,46378,VIRGEN DE ESTRELLA S.A.C.,2026-01-12,001/0013633,BFI758,37.0,ARENA,14,39.16,43.47,314.72,,,SAN LORENZO,COLLIQUE,2026-07-01T08:43:30.498833Z
46378-0010013636,46378,VIRGEN DE ESTRELLA S.A.C.,2026-01-12,001/0013636,BZR752,38.0,ARENA,14,36.92,40.98,296.7,,,SAN LORENZO,COLLIQUE,2026-07-01T08:43:30.498854Z
46378-0010013637,46378,VIRGEN DE ESTRELLA S.A.C.,2026-01-12,001/0013637,AKE789,31.0,ARENA,14,35.77,39.71,287.5,,,SAN LORENZO,COLLIQUE,2026-07-01T08:43:30.498880Z
46378-0010013638,46378,VIRGEN DE ESTRELLA S.A.C.,2026-01-12,001/0013638,AJC805,30.0,ARENA,14,39.61,43.97,318.34,,,SAN LORENZO,COLLIQUE,2026-07-01T08:43:30.498906Z
46378-0010013640,46378,VIRGEN DE ESTRELLA S.A.C.,2026-01-12,001/0013640,ABN852,27.0,ARENA,14,37.3,41.4,299.74,,,SAN LORENZO,COLLIQUE,2026-07-01T08:43:30.498930Z
46378-0010013642,46378,VIRGEN DE ESTRELLA S.A.C.,2026-01-12,001/0013642,D8E728,24.0,PIEDRA,2,36.61,37.34,231.13,,,SAN LORENZO,OQUENDO,2026-07-01T08:43:30.500057Z
46378-0010013643,46378,VIRGEN DE ESTRELLA S.A.C.,2026-01-12,001/0013643,BFI758,37.0,PIEDRA,2,40.75,41.57,257.32,,,SAN LORENZO,OQUENDO,2026-07-01T08:43:30.500083Z
46378-0010013644,46378,VIRGEN DE ESTRELLA S.A.C.,2026-01-12,001/0013644,AKE789,31.0,PIEDRA,2,38.13,38.89,240.73,,,SAN LORENZO,OQUENDO,2026-07-01T08:43:30.500104Z
46378-0010013645,46378,VIRGEN DE ESTRELLA S.A.C.,2026-01-12,001/0013645,AHJ786,28.0,PIEDRA,2,39.59,40.38,249.95,,,SAN LORENZO,OQUENDO,2026-07-01T08:43:30.500127Z
46378-0010013650,46378,VIRGEN DE ESTRELLA S.A.C.,2026-01-12,001/0013650,AJC805,30.0,PIEDRA,2,39.76,40.56,221.05,,,SAN LORENZO,MEIGGS,2026-07-01T08:43:30.500872Z
46378-0010013651,46378,VIRGEN DE ESTRELLA S.A.C.,2026-01-12,001/0013651,D8D861,23.0,PIEDRA,2,36.57,37.3,203.29,,,SAN LORENZO,MEIGGS,2026-07-01T08:43:30.500898Z
46378-0010013652,46378,VIRGEN DE ESTRELLA S.A.C.,2026-01-12,001/0013652,BZR752,38.0,PIEDRA,2,38.47,39.24,213.86,,,SAN LORENZO,MEIGGS,2026-07-01T08:43:30.500923Z
46378-0010013653,46378,VIRGEN DE ESTRELLA S.A.C.,2026-01-12,001/0013653,AJA905,29.0,PIEDRA,2,37.17,37.91,206.61,,,SAN LORENZO,MEIGGS,2026-07-01T08:43:30.500949Z
46378-0010013654,46378,VIRGEN DE ESTRELLA S.A.C.,2026-01-12,001/0013654,ABN852,27.0,PIEDRA,2,38.88,39.66,216.15,,,SAN LORENZO,MEIGGS,2026-07-01T08:43:30.500974Z
46378-0010013655,46378,VIRGEN DE ESTRELLA S.A.C.,2026-01-12,001/0013655,BFI758,37.0,PIEDRA,2,39.44,40.23,219.25,,,SAN LORENZO,MEIGGS,2026-07-01T08:43:30.500998Z
46378-0010013657,46378,VIRGEN DE ESTRELLA S.A.C.,2026-01-12,001/0013657,AKE789,31.0,PIEDRA,2,37.59,38.34,208.95,,,SAN LORENZO,MEIGGS,2026-07-01T08:43:30.501026Z
46378-0010013659,46378,VIRGEN DE ESTRELLA S.A.C.,2026-01-12,001/0013659,ABN852,27.0,PIEDRA,2,40.91,41.73,227.43,,,SAN LORENZO,MEIGGS,2026-07-01T08:43:30.501050Z
46440-1910564270,46440,VIRGEN DE ESTRELLA S.A.C.,2026-01-13,191/0564270,CCL847,44.0,ARENA,14,33.38,36.72,588.61,,,JICAMARCA,CONCHAN,2026-06-30T22:19:39.490955Z
46440-1910564291,46440,VIRGEN DE ESTRELLA S.A.C.,2026-01-13,191/0564291,C9W737,21.0,ARENA,14,30.38,33.42,535.69,,,JICAMARCA,CONCHAN,2026-06-30T22:19:39.490996Z
46378-1910564402,46378,VIRGEN DE ESTRELLA S.A.C.,2026-01-13,191/0564402,CBA709,43.0,ARENA,14,31.52,35.62,336.96,,,JICAMARCA,ANCIETA,2026-07-01T08:43:30.492991Z
46378-1910564307,46378,VIRGEN DE ESTRELLA S.A.C.,2026-01-13,191/0564307,CBA709,43.0,ARENA,14,32.21,36.08,480.95,,,JICAMARCA,VILLA 1,2026-07-01T08:43:30.493202Z
46378-1910564343,46378,VIRGEN DE ESTRELLA S.A.C.,2026-01-13,191/0564343,CCL847,44.0,ARENA,14,31.85,35.67,475.48,,,JICAMARCA,VILLA 1,2026-07-01T08:43:30.493235Z
46378-1910564358,46378,VIRGEN DE ESTRELLA S.A.C.,2026-01-13,191/0564358,CBA709,43.0,ARENA,14,32.5,36.4,485.21,,,JICAMARCA,VILLA 1,2026-07-01T08:43:30.493266Z
46378-1910564354,46378,VIRGEN DE ESTRELLA S.A.C.,2026-01-13,191/0564354,C9W737,21.0,PIEDRA,2,35.49,35.49,483.73,,,JICAMARCA,EMBOLSADOS INS. Y SUM.,2026-07-01T08:43:30.493328Z
46378-1910564287,46378,VIRGEN DE ESTRELLA S.A.C.,2026-01-13,191/0564287,CHS718,45.0,PIEDRA,2,33.81,33.81,541.97,,,JICAMARCA,SAN ANTONIO,2026-07-01T08:43:30.494166Z
46378-1910564331,46378,VIRGEN DE ESTRELLA S.A.C.,2026-01-13,191/0564331,CHS718,45.0,PIEDRA,2,37.63,37.63,603.27,,,JICAMARCA,SAN ANTONIO,2026-07-01T08:43:30.494273Z
46378-1910564377,46378,VIRGEN DE ESTRELLA S.A.C.,2026-01-13,191/0564377,CHS718,45.0,PIEDRA,2,36.04,36.04,577.68,,,JICAMARCA,SAN ANTONIO,2026-07-01T08:43:30.494299Z
46378-1910564396,46378,VIRGEN DE ESTRELLA S.A.C.,2026-01-13,191/0564396,CCL847,44.0,PIEDRA,2,36.26,36.26,581.16,,,JICAMARCA,SAN ANTONIO,2026-07-01T08:43:30.494326Z
46378-3770003691,46378,VIRGEN DE ESTRELLA S.A.C.,2026-01-13,377/0003691,BZR752,38.0,ARENA,14,40.71,40.71,219.83,,,OQUENDO,MEIGGS,2026-07-01T08:43:30.494804Z
46378-3770003696,46378,VIRGEN DE ESTRELLA S.A.C.,2026-01-13,377/0003696,D8B795,22.0,ARENA,14,38.93,38.93,210.22,,,OQUENDO,MEIGGS,2026-07-01T08:43:30.494834Z
46378-3770003697,46378,VIRGEN DE ESTRELLA S.A.C.,2026-01-13,377/0003697,AKE789,31.0,ARENA,14,40.72,40.72,219.89,,,OQUENDO,MEIGGS,2026-07-01T08:43:30.494863Z
46378-1950185354,46378,VIRGEN DE ESTRELLA S.A.C.,2026-01-13,195/0185354,CBR796,18.0,PIEDRA,2,39.64,39.64,572.01,,,YERBABUENA,MEIGGS,2026-07-01T08:43:30.495339Z
46378-1950185358,46378,VIRGEN DE ESTRELLA S.A.C.,2026-01-13,195/0185358,CBR872,16.0,PIEDRA,2,41.07,41.07,592.64,,,YERBABUENA,MEIGGS,2026-07-01T08:43:30.495364Z
46378-1950185360,46378,VIRGEN DE ESTRELLA S.A.C.,2026-01-13,195/0185360,CBR846,12.0,PIEDRA,2,41.27,41.27,595.53,,,YERBABUENA,MEIGGS,2026-07-01T08:43:30.495388Z
46378-1950185395,46378,VIRGEN DE ESTRELLA S.A.C.,2026-01-13,195/0185395,CBR872,16.0,PIEDRA,2,41.93,41.93,605.05,,,YERBABUENA,MEIGGS,2026-07-01T08:43:30.495412Z
46378-1950185396,46378,VIRGEN DE ESTRELLA S.A.C.,2026-01-13,195/0185396,CBR796,18.0,PIEDRA,2,41.31,41.31,596.1,,,YERBABUENA,MEIGGS,2026-07-01T08:43:30.495436Z
46378-1950185351,46378,VIRGEN DE ESTRELLA S.A.C.,2026-01-13,195/0185351,AFX735,25.0,ARENA,14,35.41,35.76,516.02,,,YERBABUENA,MEIGGS,2026-07-01T08:43:30.496077Z
46378-1950185353,46378,VIRGEN DE ESTRELLA S.A.C.,2026-01-13,195/0185353,CBR854,14.0,ARENA,14,41.39,41.8,603.17,,,YERBABUENA,MEIGGS,2026-07-01T08:43:30.496103Z
46378-1950185356,46378,VIRGEN DE ESTRELLA S.A.C.,2026-01-13,195/0185356,D8D861,23.0,ARENA,14,35.11,35.46,511.69,,,YERBABUENA,MEIGGS,2026-07-01T08:43:30.496130Z
46378-1950185361,46378,VIRGEN DE ESTRELLA S.A.C.,2026-01-13,195/0185361,ATN880,5.0,ARENA,14,42.01,42.43,612.26,,,YERBABUENA,MEIGGS,2026-07-01T08:43:30.496154Z
46378-1950185364,46378,VIRGEN DE ESTRELLA S.A.C.,2026-01-13,195/0185364,AWH708,33.0,ARENA,14,35.12,35.47,511.83,,,YERBABUENA,MEIGGS,2026-07-01T08:43:30.496178Z
46378-1950185367,46378,VIRGEN DE ESTRELLA S.A.C.,2026-01-13,195/0185367,F3F817,1.0,ARENA,14,42.4,42.82,617.89,,,YERBABUENA,MEIGGS,2026-07-01T08:43:30.496202Z
46378-1950185371,46378,VIRGEN DE ESTRELLA S.A.C.,2026-01-13,195/0185371,D8B795,22.0,ARENA,14,36.38,36.74,530.16,,,YERBABUENA,MEIGGS,2026-07-01T08:43:30.496225Z
46378-1950185372,46378,VIRGEN DE ESTRELLA S.A.C.,2026-01-13,195/0185372,AYM897,7.0,ARENA,14,42.75,43.18,623.09,,,YERBABUENA,MEIGGS,2026-07-01T08:43:30.496252Z
46378-1950185393,46378,VIRGEN DE ESTRELLA S.A.C.,2026-01-13,195/0185393,D8D861,23.0,ARENA,14,35.03,35.38,510.53,,,YERBABUENA,MEIGGS,2026-07-01T08:43:30.496277Z
46378-1950185397,46378,VIRGEN DE ESTRELLA S.A.C.,2026-01-13,195/0185397,ATN880,5.0,ARENA,14,45.33,45.78,660.61,,,YERBABUENA,MEIGGS,2026-07-01T08:43:30.496301Z
46378-1950185401,46378,VIRGEN DE ESTRELLA S.A.C.,2026-01-13,195/0185401,AFX735,25.0,ARENA,14,36.06,36.42,525.54,,,YERBABUENA,MEIGGS,2026-07-01T08:43:30.496326Z
46378-1950185402,46378,VIRGEN DE ESTRELLA S.A.C.,2026-01-13,195/0185402,CBR854,14.0,ARENA,14,42.53,42.96,619.91,,,YERBABUENA,MEIGGS,2026-07-01T08:43:30.496351Z
46378-1950185428,46378,VIRGEN DE ESTRELLA S.A.C.,2026-01-13,195/0185428,AYM897,7.0,ARENA,14,41.93,42.35,611.11,,,YERBABUENA,MEIGGS,2026-07-01T08:43:30.496374Z
46378-1950185429,46378,VIRGEN DE ESTRELLA S.A.C.,2026-01-13,195/0185429,F3F817,1.0,ARENA,14,41.91,42.33,610.82,,,YERBABUENA,MEIGGS,2026-07-01T08:43:30.496399Z
46378-1950185430,46378,VIRGEN DE ESTRELLA S.A.C.,2026-01-13,195/0185430,CBR846,12.0,ARENA,14,41.09,41.5,598.85,,,YERBABUENA,MEIGGS,2026-07-01T08:43:30.496427Z
46378-0010013670,46378,VIRGEN DE ESTRELLA S.A.C.,2026-01-13,001/0013670,AKE789,31.0,PIEDRA,2,38.33,39.48,285.84,,,SAN LORENZO,COLLIQUE,2026-07-01T08:43:30.497670Z
46378-0010013671,46378,VIRGEN DE ESTRELLA S.A.C.,2026-01-13,001/0013671,AHJ786,28.0,PIEDRA,2,38.69,39.85,288.51,,,SAN LORENZO,COLLIQUE,2026-07-01T08:43:30.497693Z
46378-0010013672,46378,VIRGEN DE ESTRELLA S.A.C.,2026-01-13,001/0013672,AJC805,30.0,PIEDRA,2,39.22,40.4,292.5,,,SAN LORENZO,COLLIQUE,2026-07-01T08:43:30.497722Z
46378-0010013674,46378,VIRGEN DE ESTRELLA S.A.C.,2026-01-13,001/0013674,AJA905,29.0,PIEDRA,2,37.52,38.65,279.83,,,SAN LORENZO,COLLIQUE,2026-07-01T08:43:30.497744Z
46378-0010013683,46378,VIRGEN DE ESTRELLA S.A.C.,2026-01-13,001/0013683,AKE789,31.0,PIEDRA,2,38.6,39.76,287.86,,,SAN LORENZO,COLLIQUE,2026-07-01T08:43:30.497767Z
46378-0010013697,46378,VIRGEN DE ESTRELLA S.A.C.,2026-01-13,001/0013697,BZR752,38.0,PIEDRA,2,38.5,39.65,287.07,,,SAN LORENZO,COLLIQUE,2026-07-01T08:43:30.497790Z
46378-0010013698,46378,VIRGEN DE ESTRELLA S.A.C.,2026-01-13,001/0013698,D8E728,24.0,PIEDRA,2,36.84,37.95,274.76,,,SAN LORENZO,COLLIQUE,2026-07-01T08:43:30.497815Z
46378-0010013703,46378,VIRGEN DE ESTRELLA S.A.C.,2026-01-13,001/0013703,AHJ786,28.0,PIEDRA,2,38.97,40.14,290.61,,,SAN LORENZO,COLLIQUE,2026-07-01T08:43:30.497841Z
46378-0010013706,46378,VIRGEN DE ESTRELLA S.A.C.,2026-01-13,001/0013706,CBR796,18.0,PIEDRA,2,38.49,39.64,286.99,,,SAN LORENZO,COLLIQUE,2026-07-01T08:43:30.497864Z
46378-0010013708,46378,VIRGEN DE ESTRELLA S.A.C.,2026-01-13,001/0013708,ABN852,27.0,PIEDRA,2,39.06,40.23,291.27,,,SAN LORENZO,COLLIQUE,2026-07-01T08:43:30.497888Z
46378-0010013667,46378,VIRGEN DE ESTRELLA S.A.C.,2026-01-13,001/0013667,ABN852,27.0,ARENA,14,36.77,40.82,295.54,,,SAN LORENZO,COLLIQUE,2026-07-01T08:43:30.498954Z
46378-0010013668,46378,VIRGEN DE ESTRELLA S.A.C.,2026-01-13,001/0013668,BZR752,38.0,ARENA,14,36.82,40.87,295.9,,,SAN LORENZO,COLLIQUE,2026-07-01T08:43:30.498978Z
46378-0010013669,46378,VIRGEN DE ESTRELLA S.A.C.,2026-01-13,001/0013669,D8E728,24.0,ARENA,14,36.92,40.98,296.7,,,SAN LORENZO,COLLIQUE,2026-07-01T08:43:30.499000Z
46378-0010013673,46378,VIRGEN DE ESTRELLA S.A.C.,2026-01-13,001/0013673,BFI758,37.0,ARENA,14,38.64,42.89,310.52,,,SAN LORENZO,COLLIQUE,2026-07-01T08:43:30.499027Z
46378-0010013699,46378,VIRGEN DE ESTRELLA S.A.C.,2026-01-13,001/0013699,AJC805,30.0,ARENA,14,38.77,43.03,311.54,,,SAN LORENZO,COLLIQUE,2026-07-01T08:43:30.499054Z
46378-0010013700,46378,VIRGEN DE ESTRELLA S.A.C.,2026-01-13,001/0013700,AJA905,29.0,ARENA,14,36.98,41.05,297.2,,,SAN LORENZO,COLLIQUE,2026-07-01T08:43:30.499077Z
46378-0010013705,46378,VIRGEN DE ESTRELLA S.A.C.,2026-01-13,001/0013705,BFI758,37.0,ARENA,14,39.05,43.35,313.85,,,SAN LORENZO,COLLIQUE,2026-07-01T08:43:30.499102Z
46378-0010013707,46378,VIRGEN DE ESTRELLA S.A.C.,2026-01-13,001/0013707,AWH708,33.0,ARENA,14,40.27,44.7,323.63,,,SAN LORENZO,COLLIQUE,2026-07-01T08:43:30.499129Z
46378-0010013679,46378,VIRGEN DE ESTRELLA S.A.C.,2026-01-13,001/0013679,BFI758,37.0,PIEDRA,2,41.87,42.71,264.37,,,SAN LORENZO,OQUENDO,2026-07-01T08:43:30.500155Z
46378-0010013680,46378,VIRGEN DE ESTRELLA S.A.C.,2026-01-13,001/0013680,D8B795,22.0,PIEDRA,2,36.64,37.37,231.32,,,SAN LORENZO,OQUENDO,2026-07-01T08:43:30.500179Z
46378-0010013681,46378,VIRGEN DE ESTRELLA S.A.C.,2026-01-13,001/0013681,ABN852,27.0,PIEDRA,2,41.04,41.86,259.11,,,SAN LORENZO,OQUENDO,2026-07-01T08:43:30.500202Z
46378-0010013685,46378,VIRGEN DE ESTRELLA S.A.C.,2026-01-13,001/0013685,D8E728,24.0,PIEDRA,2,38.05,38.81,240.23,,,SAN LORENZO,OQUENDO,2026-07-01T08:43:30.500225Z
46378-0010013686,46378,VIRGEN DE ESTRELLA S.A.C.,2026-01-13,001/0013686,AJA905,29.0,PIEDRA,2,35.66,36.37,198.22,,,SAN LORENZO,MEIGGS,2026-07-01T08:43:30.501076Z
46378-0010013687,46378,VIRGEN DE ESTRELLA S.A.C.,2026-01-13,001/0013687,AHJ786,28.0,PIEDRA,2,37.05,37.79,205.96,,,SAN LORENZO,MEIGGS,2026-07-01T08:43:30.501100Z
46378-0010013689,46378,VIRGEN DE ESTRELLA S.A.C.,2026-01-13,001/0013689,AJC805,30.0,PIEDRA,2,38.46,39.23,213.8,,,SAN LORENZO,MEIGGS,2026-07-01T08:43:30.501127Z
46378-0010013692,46378,VIRGEN DE ESTRELLA S.A.C.,2026-01-13,001/0013692,AWH708,33.0,PIEDRA,2,27.75,28.31,154.29,,,SAN LORENZO,MEIGGS,2026-07-01T08:43:30.501154Z
46378-0010013693,46378,VIRGEN DE ESTRELLA S.A.C.,2026-01-13,001/0013693,BFI758,37.0,PIEDRA,2,37.36,38.11,207.7,,,SAN LORENZO,MEIGGS,2026-07-01T08:43:30.501180Z
46378-0010013695,46378,VIRGEN DE ESTRELLA S.A.C.,2026-01-13,001/0013695,ABN852,27.0,PIEDRA,2,37.34,38.09,207.59,,,SAN LORENZO,MEIGGS,2026-07-01T08:43:30.501205Z
46378-0010013696,46378,VIRGEN DE ESTRELLA S.A.C.,2026-01-13,001/0013696,AJA905,29.0,PIEDRA,2,35.06,35.76,194.89,,,SAN LORENZO,MEIGGS,2026-07-01T08:43:30.501229Z
46378-1910564439,46378,VIRGEN DE ESTRELLA S.A.C.,2026-01-14,191/0564439,CCL847,44.0,ARENA,14,33.93,38.01,609.24,,,JICAMARCA,SAN ANTONIO,2026-07-01T08:43:30.493368Z
46378-1910564469,46378,VIRGEN DE ESTRELLA S.A.C.,2026-01-14,191/0564469,CCL847,44.0,ARENA,14,31.37,35.14,563.27,,,JICAMARCA,SAN ANTONIO,2026-07-01T08:43:30.493397Z
46378-1910564471,46378,VIRGEN DE ESTRELLA S.A.C.,2026-01-14,191/0564471,CHS718,45.0,ARENA,14,31.32,35.08,562.28,,,JICAMARCA,SAN ANTONIO,2026-07-01T08:43:30.493428Z
46378-1910564474,46378,VIRGEN DE ESTRELLA S.A.C.,2026-01-14,191/0564474,CBA709,43.0,ARENA,14,32.18,36.04,577.68,,,JICAMARCA,SAN ANTONIO,2026-07-01T08:43:30.493462Z
46378-1910564504,46378,VIRGEN DE ESTRELLA S.A.C.,2026-01-14,191/0564504,CBA709,43.0,ARENA,14,32.84,36.78,589.61,,,JICAMARCA,SAN ANTONIO,2026-07-01T08:43:30.493492Z
46378-1910564509,46378,VIRGEN DE ESTRELLA S.A.C.,2026-01-14,191/0564509,C9W737,21.0,ARENA,14,30.28,33.91,543.64,,,JICAMARCA,SAN ANTONIO,2026-07-01T08:43:30.493530Z
46378-1910564512,46378,VIRGEN DE ESTRELLA S.A.C.,2026-01-14,191/0564512,CHS718,45.0,ARENA,14,31.93,35.76,573.21,,,JICAMARCA,SAN ANTONIO,2026-07-01T08:43:30.493562Z
46378-1910564543,46378,VIRGEN DE ESTRELLA S.A.C.,2026-01-14,191/0564543,CCL847,44.0,ARENA,14,32.15,36.01,577.18,,,JICAMARCA,SAN ANTONIO,2026-07-01T08:43:30.493593Z
46378-1910564546,46378,VIRGEN DE ESTRELLA S.A.C.,2026-01-14,191/0564546,CHS718,45.0,ARENA,14,32.11,35.96,576.44,,,JICAMARCA,SAN ANTONIO,2026-07-01T08:43:30.493623Z
46378-1910564548,46378,VIRGEN DE ESTRELLA S.A.C.,2026-01-14,191/0564548,C9W737,21.0,ARENA,14,30.71,34.39,551.34,,,JICAMARCA,SAN ANTONIO,2026-07-01T08:43:30.493653Z
46378-1950185442,46378,VIRGEN DE ESTRELLA S.A.C.,2026-01-14,195/0185442,CBR796,18.0,PIEDRA,2,40.14,40.14,579.22,,,YERBABUENA,MEIGGS,2026-07-01T08:43:30.495463Z
46378-1950185446,46378,VIRGEN DE ESTRELLA S.A.C.,2026-01-14,195/0185446,CBR846,12.0,PIEDRA,2,40.62,40.62,586.15,,,YERBABUENA,MEIGGS,2026-07-01T08:43:30.495490Z
46378-1950185447,46378,VIRGEN DE ESTRELLA S.A.C.,2026-01-14,195/0185447,CBR872,16.0,PIEDRA,2,40.66,40.66,586.72,,,YERBABUENA,MEIGGS,2026-07-01T08:43:30.495513Z
46378-1950185510,46378,VIRGEN DE ESTRELLA S.A.C.,2026-01-14,195/0185510,CBR872,16.0,PIEDRA,2,39.26,39.65,572.15,,,YERBABUENA,MEIGGS,2026-07-01T08:43:30.495539Z
46378-1950185511,46378,VIRGEN DE ESTRELLA S.A.C.,2026-01-14,195/0185511,D8B795,22.0,PIEDRA,2,31.86,31.86,459.74,,,YERBABUENA,MEIGGS,2026-07-01T08:43:30.496027Z
46378-1950185440,46378,VIRGEN DE ESTRELLA S.A.C.,2026-01-14,195/0185440,AFX735,25.0,ARENA,14,34.52,34.87,503.17,,,YERBABUENA,MEIGGS,2026-07-01T08:43:30.496450Z
46378-1950185441,46378,VIRGEN DE ESTRELLA S.A.C.,2026-01-14,195/0185441,CBR854,14.0,ARENA,14,41.69,42.11,607.65,,,YERBABUENA,MEIGGS,2026-07-01T08:43:30.496474Z
46378-1950185453,46378,VIRGEN DE ESTRELLA S.A.C.,2026-01-14,195/0185453,ATN880,5.0,ARENA,14,42.35,42.77,617.17,,,YERBABUENA,MEIGGS,2026-07-01T08:43:30.496502Z
46378-1950185456,46378,VIRGEN DE ESTRELLA S.A.C.,2026-01-14,195/0185456,D8B795,22.0,ARENA,14,35.3,35.65,514.43,,,YERBABUENA,MEIGGS,2026-07-01T08:43:30.496527Z
46378-1950185458,46378,VIRGEN DE ESTRELLA S.A.C.,2026-01-14,195/0185458,F3F817,1.0,ARENA,14,42.29,42.71,616.31,,,YERBABUENA,MEIGGS,2026-07-01T08:43:30.496550Z
46378-1950185477,46378,VIRGEN DE ESTRELLA S.A.C.,2026-01-14,195/0185477,BYP824,9.0,ARENA,14,41.61,42.03,606.49,,,YERBABUENA,MEIGGS,2026-07-01T08:43:30.496574Z
46378-1950185509,46378,VIRGEN DE ESTRELLA S.A.C.,2026-01-14,195/0185509,CBR854,14.0,ARENA,14,40.61,41.02,591.92,,,YERBABUENA,MEIGGS,2026-07-01T08:43:30.496599Z
46378-1950185512,46378,VIRGEN DE ESTRELLA S.A.C.,2026-01-14,195/0185512,CBR796,18.0,ARENA,14,40.9,41.31,596.1,,,YERBABUENA,MEIGGS,2026-07-01T08:43:30.496624Z
46378-1950185513,46378,VIRGEN DE ESTRELLA S.A.C.,2026-01-14,195/0185513,AFX735,25.0,ARENA,14,34.1,34.44,496.97,,,YERBABUENA,MEIGGS,2026-07-01T08:43:30.496648Z
46378-1950185514,46378,VIRGEN DE ESTRELLA S.A.C.,2026-01-14,195/0185514,CBR846,12.0,ARENA,14,40.56,40.97,591.2,,,YERBABUENA,MEIGGS,2026-07-01T08:43:30.496674Z
46378-1950185515,46378,VIRGEN DE ESTRELLA S.A.C.,2026-01-14,195/0185515,ATN880,5.0,ARENA,14,43.05,43.48,627.42,,,YERBABUENA,MEIGGS,2026-07-01T08:43:30.496698Z
46378-1950185517,46378,VIRGEN DE ESTRELLA S.A.C.,2026-01-14,195/0185517,F3F817,1.0,ARENA,14,39.0,39.39,568.4,,,YERBABUENA,MEIGGS,2026-07-01T08:43:30.496731Z
46378-0010013711,46378,VIRGEN DE ESTRELLA S.A.C.,2026-01-14,001/0013711,BYP824,9.0,PIEDRA,2,45.34,46.7,338.11,,,SAN LORENZO,COLLIQUE,2026-07-01T08:43:30.497909Z
46378-0010013714,46378,VIRGEN DE ESTRELLA S.A.C.,2026-01-14,001/0013714,D8E728,24.0,PIEDRA,2,37.43,38.55,279.1,,,SAN LORENZO,COLLIQUE,2026-07-01T08:43:30.497931Z
46378-0010013716,46378,VIRGEN DE ESTRELLA S.A.C.,2026-01-14,001/0013716,AHJ786,28.0,PIEDRA,2,40.24,41.45,300.1,,,SAN LORENZO,COLLIQUE,2026-07-01T08:43:30.497955Z
46378-0010013743,46378,VIRGEN DE ESTRELLA S.A.C.,2026-01-14,001/0013743,AJA905,29.0,PIEDRA,2,39.69,40.88,295.97,,,SAN LORENZO,COLLIQUE,2026-07-01T08:43:30.497981Z
46378-0010013745,46378,VIRGEN DE ESTRELLA S.A.C.,2026-01-14,001/0013745,AKE789,31.0,PIEDRA,2,38.76,39.92,289.02,,,SAN LORENZO,COLLIQUE,2026-07-01T08:43:30.498003Z
46378-0010013746,46378,VIRGEN DE ESTRELLA S.A.C.,2026-01-14,001/0013746,D8D861,23.0,PIEDRA,2,38.97,40.14,290.61,,,SAN LORENZO,COLLIQUE,2026-07-01T08:43:30.498026Z
46378-0010013712,46378,VIRGEN DE ESTRELLA S.A.C.,2026-01-14,001/0013712,AKE789,31.0,ARENA,14,35.33,39.92,289.02,,,SAN LORENZO,COLLIQUE,2026-07-01T08:43:30.499156Z
46378-0010013713,46378,VIRGEN DE ESTRELLA S.A.C.,2026-01-14,001/0013713,ABN852,27.0,ARENA,14,37.04,41.86,303.07,,,SAN LORENZO,COLLIQUE,2026-07-01T08:43:30.499178Z
46378-0010013715,46378,VIRGEN DE ESTRELLA S.A.C.,2026-01-14,001/0013715,AJA905,29.0,ARENA,14,34.84,39.37,285.04,,,SAN LORENZO,COLLIQUE,2026-07-01T08:43:30.499204Z
46378-0010013742,46378,VIRGEN DE ESTRELLA S.A.C.,2026-01-14,001/0013742,AHJ786,28.0,ARENA,14,35.19,39.77,287.93,,,SAN LORENZO,COLLIQUE,2026-07-01T08:43:30.499229Z
46378-0010013744,46378,VIRGEN DE ESTRELLA S.A.C.,2026-01-14,001/0013744,BZR752,38.0,ARENA,14,36.72,41.49,300.39,,,SAN LORENZO,COLLIQUE,2026-07-01T08:43:30.499252Z
46378-0010013720,46378,VIRGEN DE ESTRELLA S.A.C.,2026-01-14,001/0013720,BZR752,38.0,ARENA,14,37.66,41.43,256.45,,,SAN LORENZO,OQUENDO,2026-07-01T08:43:30.499869Z
46378-0010013736,46378,VIRGEN DE ESTRELLA S.A.C.,2026-01-14,001/0013736,AJA905,29.0,ARENA,14,34.75,38.22,236.58,,,SAN LORENZO,OQUENDO,2026-07-01T08:43:30.499891Z
46378-0010013737,46378,VIRGEN DE ESTRELLA S.A.C.,2026-01-14,001/0013737,AJC805,30.0,ARENA,14,36.45,40.09,248.16,,,SAN LORENZO,OQUENDO,2026-07-01T08:43:30.499916Z
46378-0010013738,46378,VIRGEN DE ESTRELLA S.A.C.,2026-01-14,001/0013738,BZR752,38.0,ARENA,14,37.0,40.7,251.93,,,SAN LORENZO,OQUENDO,2026-07-01T08:43:30.499939Z
46378-0010013721,46378,VIRGEN DE ESTRELLA S.A.C.,2026-01-14,001/0013721,AJC805,30.0,PIEDRA,2,39.69,40.48,250.57,,,SAN LORENZO,OQUENDO,2026-07-01T08:43:30.500248Z
46378-0010013722,46378,VIRGEN DE ESTRELLA S.A.C.,2026-01-14,001/0013722,D8D861,23.0,PIEDRA,2,39.64,40.43,250.26,,,SAN LORENZO,OQUENDO,2026-07-01T08:43:30.500271Z
46378-0010013734,46378,VIRGEN DE ESTRELLA S.A.C.,2026-01-14,001/0013734,ABN852,27.0,PIEDRA,2,40.52,41.33,255.83,,,SAN LORENZO,OQUENDO,2026-07-01T08:43:30.500293Z
46378-0010013740,46378,VIRGEN DE ESTRELLA S.A.C.,2026-01-14,001/0013740,D8E728,24.0,PIEDRA,2,38.46,39.23,242.83,,,SAN LORENZO,OQUENDO,2026-07-01T08:43:30.500316Z
46378-0010013741,46378,VIRGEN DE ESTRELLA S.A.C.,2026-01-14,001/0013741,ABN852,27.0,PIEDRA,2,40.84,41.66,257.88,,,SAN LORENZO,OQUENDO,2026-07-01T08:43:30.500339Z
46378-0010013717,46378,VIRGEN DE ESTRELLA S.A.C.,2026-01-14,001/0013717,BFI758,37.0,ARENA,14,37.72,41.87,228.19,,,SAN LORENZO,MEIGGS,2026-07-01T08:43:30.500415Z
46378-0010013718,46378,VIRGEN DE ESTRELLA S.A.C.,2026-01-14,001/0013718,D8D861,23.0,ARENA,14,35.74,39.67,216.2,,,SAN LORENZO,MEIGGS,2026-07-01T08:43:30.500440Z
46378-0010013723,46378,VIRGEN DE ESTRELLA S.A.C.,2026-01-14,001/0013723,BZR752,38.0,ARENA,14,39.06,43.36,236.31,,,SAN LORENZO,MEIGGS,2026-07-01T08:43:30.500465Z
46378-0010013724,46378,VIRGEN DE ESTRELLA S.A.C.,2026-01-14,001/0013724,BFI758,37.0,ARENA,14,39.14,43.44,236.75,,,SAN LORENZO,MEIGGS,2026-07-01T08:43:30.500489Z
46378-0010013726,46378,VIRGEN DE ESTRELLA S.A.C.,2026-01-14,001/0013726,AJC805,30.0,ARENA,14,37.82,41.98,228.79,,,SAN LORENZO,MEIGGS,2026-07-01T08:43:30.500513Z
46378-0010013727,46378,VIRGEN DE ESTRELLA S.A.C.,2026-01-14,001/0013727,D8E728,24.0,ARENA,14,34.93,38.77,211.3,,,SAN LORENZO,MEIGGS,2026-07-01T08:43:30.500536Z
46378-0010013728,46378,VIRGEN DE ESTRELLA S.A.C.,2026-01-14,001/0013728,AHJ786,28.0,ARENA,14,37.48,41.6,226.72,,,SAN LORENZO,MEIGGS,2026-07-01T08:43:30.500561Z
46378-0010013730,46378,VIRGEN DE ESTRELLA S.A.C.,2026-01-14,001/0013730,AKE789,31.0,ARENA,14,38.64,42.89,233.75,,,SAN LORENZO,MEIGGS,2026-07-01T08:43:30.500586Z
46378-0010013732,46378,VIRGEN DE ESTRELLA S.A.C.,2026-01-14,001/0013732,D8D861,23.0,ARENA,14,34.6,38.41,209.33,,,SAN LORENZO,MEIGGS,2026-07-01T08:43:30.500611Z
46378-0010013735,46378,VIRGEN DE ESTRELLA S.A.C.,2026-01-14,001/0013735,BFI758,37.0,ARENA,14,38.0,42.18,229.88,,,SAN LORENZO,MEIGGS,2026-07-01T08:43:30.500637Z
46378-1910564673,46378,VIRGEN DE ESTRELLA S.A.C.,2026-01-15,191/0564673,CBA709,43.0,ARENA,14,32.0,35.84,477.69,,,JICAMARCA,VILLA 1,2026-07-01T08:43:30.493298Z
46378-1910564588,46378,VIRGEN DE ESTRELLA S.A.C.,2026-01-15,191/0564588,CCL847,44.0,ARENA,14,28.76,32.5,521.03,,,JICAMARCA,SAN ANTONIO,2026-07-01T08:43:30.493683Z
46378-1910564608,46378,VIRGEN DE ESTRELLA S.A.C.,2026-01-15,191/0564608,C9W737,21.0,ARENA,14,30.25,34.18,547.87,,,JICAMARCA,SAN ANTONIO,2026-07-01T08:43:30.493722Z
46378-1910564615,46378,VIRGEN DE ESTRELLA S.A.C.,2026-01-15,191/0564615,CHS718,45.0,PIEDRA,2,34.11,34.11,546.78,,,JICAMARCA,SAN ANTONIO,2026-07-01T08:43:30.494192Z
46378-1910564636,46378,VIRGEN DE ESTRELLA S.A.C.,2026-01-15,191/0564636,CBA709,43.0,PIEDRA,2,37.43,37.43,600.04,,,JICAMARCA,SAN ANTONIO,2026-07-01T08:43:30.494356Z
46378-1910564661,46378,VIRGEN DE ESTRELLA S.A.C.,2026-01-15,191/0564661,CCL847,44.0,PIEDRA,2,37.12,37.12,595.07,,,JICAMARCA,SAN ANTONIO,2026-07-01T08:43:30.494386Z
46378-1910564662,46378,VIRGEN DE ESTRELLA S.A.C.,2026-01-15,191/0564662,C9W737,21.0,PIEDRA,2,36.05,36.05,577.93,,,JICAMARCA,SAN ANTONIO,2026-07-01T08:43:30.494413Z
46378-1910564664,46378,VIRGEN DE ESTRELLA S.A.C.,2026-01-15,191/0564664,CHS718,45.0,PIEDRA,2,36.77,36.77,589.36,,,JICAMARCA,SAN ANTONIO,2026-07-01T08:43:30.494439Z
46378-1950185541,46378,VIRGEN DE ESTRELLA S.A.C.,2026-01-15,195/0185541,F3F817,1.0,PIEDRA,2,36.36,36.36,524.67,,,YERBABUENA,MEIGGS,2026-07-01T08:43:30.495153Z
46378-1950185542,46378,VIRGEN DE ESTRELLA S.A.C.,2026-01-15,195/0185542,D8B795,22.0,PIEDRA,2,31.46,31.46,453.97,,,YERBABUENA,MEIGGS,2026-07-01T08:43:30.495180Z
46378-1950185547,46378,VIRGEN DE ESTRELLA S.A.C.,2026-01-15,195/0185547,BYP824,9.0,PIEDRA,2,38.58,38.58,556.71,,,YERBABUENA,MEIGGS,2026-07-01T08:43:30.495208Z
46378-1950185607,46378,VIRGEN DE ESTRELLA S.A.C.,2026-01-15,195/0185607,F3F817,1.0,PIEDRA,2,35.01,35.01,505.19,,,YERBABUENA,MEIGGS,2026-07-01T08:43:30.495236Z
46378-1950185535,46378,VIRGEN DE ESTRELLA S.A.C.,2026-01-15,195/0185535,CBR796,18.0,PIEDRA,2,39.04,39.04,563.35,,,YERBABUENA,MEIGGS,2026-07-01T08:43:30.495563Z
46378-1950185550,46378,VIRGEN DE ESTRELLA S.A.C.,2026-01-15,195/0185550,CBR846,12.0,PIEDRA,2,38.2,38.2,551.23,,,YERBABUENA,MEIGGS,2026-07-01T08:43:30.495587Z
46378-1950185552,46378,VIRGEN DE ESTRELLA S.A.C.,2026-01-15,195/0185552,CBR872,16.0,PIEDRA,2,38.81,38.81,560.03,,,YERBABUENA,MEIGGS,2026-07-01T08:43:30.495610Z
46378-1950185576,46378,VIRGEN DE ESTRELLA S.A.C.,2026-01-15,195/0185576,CBR854,14.0,PIEDRA,2,40.51,40.51,584.56,,,YERBABUENA,MEIGGS,2026-07-01T08:43:30.495634Z
46378-1950185601,46378,VIRGEN DE ESTRELLA S.A.C.,2026-01-15,195/0185601,CBR872,16.0,PIEDRA,2,41.77,41.77,602.74,,,YERBABUENA,MEIGGS,2026-07-01T08:43:30.495658Z
46378-1950185604,46378,VIRGEN DE ESTRELLA S.A.C.,2026-01-15,195/0185604,CBR796,18.0,PIEDRA,2,39.27,39.27,566.67,,,YERBABUENA,MEIGGS,2026-07-01T08:43:30.495682Z
46378-1950185605,46378,VIRGEN DE ESTRELLA S.A.C.,2026-01-15,195/0185605,CBR846,12.0,PIEDRA,2,41.58,41.58,600.0,,,YERBABUENA,MEIGGS,2026-07-01T08:43:30.495707Z
46378-1950185533,46378,VIRGEN DE ESTRELLA S.A.C.,2026-01-15,195/0185533,AFX735,25.0,ARENA,14,35.44,35.79,516.45,,,YERBABUENA,MEIGGS,2026-07-01T08:43:30.496761Z
46378-1950185534,46378,VIRGEN DE ESTRELLA S.A.C.,2026-01-15,195/0185534,CBR854,14.0,ARENA,14,40.49,40.89,590.04,,,YERBABUENA,MEIGGS,2026-07-01T08:43:30.496785Z
46378-1950185545,46378,VIRGEN DE ESTRELLA S.A.C.,2026-01-15,195/0185545,ATN880,5.0,ARENA,14,41.29,41.7,601.73,,,YERBABUENA,MEIGGS,2026-07-01T08:43:30.496810Z
46378-1950185566,46378,VIRGEN DE ESTRELLA S.A.C.,2026-01-15,195/0185566,BFI758,37.0,ARENA,14,41.2,41.61,600.43,,,YERBABUENA,MEIGGS,2026-07-01T08:43:30.496845Z
46378-1950185567,46378,VIRGEN DE ESTRELLA S.A.C.,2026-01-15,195/0185567,D8D861,23.0,ARENA,14,38.29,38.67,558.01,,,YERBABUENA,MEIGGS,2026-07-01T08:43:30.496886Z
46378-1950185571,46378,VIRGEN DE ESTRELLA S.A.C.,2026-01-15,195/0185571,D8B795,22.0,ARENA,14,35.12,35.47,511.83,,,YERBABUENA,MEIGGS,2026-07-01T08:43:30.496932Z
46378-1950185602,46378,VIRGEN DE ESTRELLA S.A.C.,2026-01-15,195/0185602,AFX735,25.0,ARENA,14,34.92,35.27,508.95,,,YERBABUENA,MEIGGS,2026-07-01T08:43:30.496963Z
46378-1950185603,46378,VIRGEN DE ESTRELLA S.A.C.,2026-01-15,195/0185603,ATN880,5.0,ARENA,14,43.2,43.63,629.58,,,YERBABUENA,MEIGGS,2026-07-01T08:43:30.496989Z
46378-1950185608,46378,VIRGEN DE ESTRELLA S.A.C.,2026-01-15,195/0185608,BYP824,9.0,ARENA,14,39.82,40.22,580.37,,,YERBABUENA,MEIGGS,2026-07-01T08:43:30.497014Z
46378-0010013751,46378,VIRGEN DE ESTRELLA S.A.C.,2026-01-15,001/0013751,AJC805,30.0,PIEDRA,2,39.29,40.47,293.0,,,SAN LORENZO,COLLIQUE,2026-07-01T08:43:30.498051Z
46378-0010013752,46378,VIRGEN DE ESTRELLA S.A.C.,2026-01-15,001/0013752,D8E728,24.0,PIEDRA,2,37.88,39.02,282.5,,,SAN LORENZO,COLLIQUE,2026-07-01T08:43:30.498073Z
46378-0010013753,46378,VIRGEN DE ESTRELLA S.A.C.,2026-01-15,001/0013753,BZR752,38.0,PIEDRA,2,41.25,42.49,307.63,,,SAN LORENZO,COLLIQUE,2026-07-01T08:43:30.498098Z
46378-0010013754,46378,VIRGEN DE ESTRELLA S.A.C.,2026-01-15,001/0013754,BFI758,37.0,PIEDRA,2,42.5,43.78,316.97,,,SAN LORENZO,COLLIQUE,2026-07-01T08:43:30.498120Z
46378-0010013759,46378,VIRGEN DE ESTRELLA S.A.C.,2026-01-15,001/0013759,AJA905,29.0,PIEDRA,2,38.04,39.18,283.66,,,SAN LORENZO,COLLIQUE,2026-07-01T08:43:30.498142Z
46378-0010013760,46378,VIRGEN DE ESTRELLA S.A.C.,2026-01-15,001/0013760,AHJ786,28.0,PIEDRA,2,40.5,41.71,301.98,,,SAN LORENZO,COLLIQUE,2026-07-01T08:43:30.498165Z
46378-0010013761,46378,VIRGEN DE ESTRELLA S.A.C.,2026-01-15,001/0013761,ABN852,27.0,PIEDRA,2,40.3,41.51,300.53,,,SAN LORENZO,COLLIQUE,2026-07-01T08:43:30.498187Z
46378-0010013762,46378,VIRGEN DE ESTRELLA S.A.C.,2026-01-15,001/0013762,AKE789,31.0,PIEDRA,2,38.25,39.4,285.26,,,SAN LORENZO,COLLIQUE,2026-07-01T08:43:30.498209Z
46378-0010013748,46378,VIRGEN DE ESTRELLA S.A.C.,2026-01-15,001/0013748,ABN852,27.0,ARENA,14,34.23,37.99,275.05,,,SAN LORENZO,COLLIQUE,2026-07-01T08:43:30.499277Z
46378-0010013749,46378,VIRGEN DE ESTRELLA S.A.C.,2026-01-15,001/0013749,D8D861,23.0,ARENA,14,32.88,36.5,264.26,,,SAN LORENZO,COLLIQUE,2026-07-01T08:43:30.499301Z
46378-0010013750,46378,VIRGEN DE ESTRELLA S.A.C.,2026-01-15,001/0013750,AKE789,31.0,ARENA,14,33.15,36.8,266.43,,,SAN LORENZO,COLLIQUE,2026-07-01T08:43:30.499324Z
46378-0010013779,46378,VIRGEN DE ESTRELLA S.A.C.,2026-01-15,001/0013779,BFI758,37.0,ARENA,14,35.68,39.6,286.7,,,SAN LORENZO,COLLIQUE,2026-07-01T08:43:30.499346Z
46378-0010013781,46378,VIRGEN DE ESTRELLA S.A.C.,2026-01-15,001/0013781,D8D861,23.0,ARENA,14,33.01,36.64,265.27,,,SAN LORENZO,COLLIQUE,2026-07-01T08:43:30.499369Z
46378-0010013769,46378,VIRGEN DE ESTRELLA S.A.C.,2026-01-15,001/0013769,AJC805,30.0,PIEDRA,2,37.51,38.26,208.52,,,SAN LORENZO,MEIGGS,2026-07-01T08:43:30.501253Z
46378-0010013770,46378,VIRGEN DE ESTRELLA S.A.C.,2026-01-15,001/0013770,AJC805,30.0,PIEDRA,2,37.36,38.11,207.7,,,SAN LORENZO,MEIGGS,2026-07-01T08:43:30.501278Z
46378-0010013771,46378,VIRGEN DE ESTRELLA S.A.C.,2026-01-15,001/0013771,AKE789,31.0,PIEDRA,2,36.4,37.13,202.36,,,SAN LORENZO,MEIGGS,2026-07-01T08:43:30.501301Z
46378-0010013774,46378,VIRGEN DE ESTRELLA S.A.C.,2026-01-15,001/0013774,D8E728,24.0,PIEDRA,2,35.25,35.96,195.98,,,SAN LORENZO,MEIGGS,2026-07-01T08:43:30.501325Z
46378-0010013777,46378,VIRGEN DE ESTRELLA S.A.C.,2026-01-15,001/0013777,ABN852,27.0,PIEDRA,2,37.55,38.3,208.74,,,SAN LORENZO,MEIGGS,2026-07-01T08:43:30.501350Z
46378-0010013778,46378,VIRGEN DE ESTRELLA S.A.C.,2026-01-15,001/0013778,AJA905,29.0,PIEDRA,2,36.24,36.96,201.43,,,SAN LORENZO,MEIGGS,2026-07-01T08:43:30.501375Z
46378-1910564736,46378,VIRGEN DE ESTRELLA S.A.C.,2026-01-16,191/0564736,CCL847,44.0,ARENA,14,32.54,36.77,589.36,,,JICAMARCA,SAN ANTONIO,2026-07-01T08:43:30.493753Z
46378-1910564765,46378,VIRGEN DE ESTRELLA S.A.C.,2026-01-16,191/0564765,BZR940,40.0,ARENA,14,31.62,35.73,572.71,,,JICAMARCA,SAN ANTONIO,2026-07-01T08:43:30.493787Z
46378-1910564767,46378,VIRGEN DE ESTRELLA S.A.C.,2026-01-16,191/0564767,C9W737,21.0,ARENA,14,27.74,31.34,502.4,,,JICAMARCA,SAN ANTONIO,2026-07-01T08:43:30.493818Z
46378-1910564770,46378,VIRGEN DE ESTRELLA S.A.C.,2026-01-16,191/0564770,CHS718,45.0,ARENA,14,30.89,34.91,559.54,,,JICAMARCA,SAN ANTONIO,2026-07-01T08:43:30.493847Z
46378-1910564778,46378,VIRGEN DE ESTRELLA S.A.C.,2026-01-16,191/0564778,CBA709,43.0,ARENA,14,31.21,35.26,565.26,,,JICAMARCA,SAN ANTONIO,2026-07-01T08:43:30.493877Z
46378-1910564857,46378,VIRGEN DE ESTRELLA S.A.C.,2026-01-16,191/0564857,CCL847,44.0,ARENA,14,28.72,32.46,520.29,,,JICAMARCA,SAN ANTONIO,2026-07-01T08:43:30.493908Z
46378-1910564860,46378,VIRGEN DE ESTRELLA S.A.C.,2026-01-16,191/0564860,CHS718,45.0,ARENA,14,31.01,35.05,561.78,,,JICAMARCA,SAN ANTONIO,2026-07-01T08:43:30.493939Z
46378-1910564872,46378,VIRGEN DE ESTRELLA S.A.C.,2026-01-16,191/0564872,C9W737,21.0,ARENA,14,28.23,31.9,511.34,,,JICAMARCA,SAN ANTONIO,2026-07-01T08:43:30.493968Z
46378-1910564886,46378,VIRGEN DE ESTRELLA S.A.C.,2026-01-16,191/0564886,BZR940,40.0,ARENA,14,32.39,36.6,586.63,,,JICAMARCA,SAN ANTONIO,2026-07-01T08:43:30.493996Z
46378-1910564807,46378,VIRGEN DE ESTRELLA S.A.C.,2026-01-16,191/0564807,CCL847,44.0,PIEDRA,2,34.24,34.24,548.95,,,JICAMARCA,SAN ANTONIO,2026-07-01T08:43:30.494219Z
46378-1910564818,46378,VIRGEN DE ESTRELLA S.A.C.,2026-01-16,191/0564818,CBA709,43.0,PIEDRA,2,32.4,32.4,519.37,,,JICAMARCA,SAN ANTONIO,2026-07-01T08:43:30.494245Z
46378-1910564812,46378,VIRGEN DE ESTRELLA S.A.C.,2026-01-16,191/0564812,C9W737,21.0,PIEDRA,2,33.22,33.22,532.46,,,JICAMARCA,SAN ANTONIO,2026-07-01T08:43:30.494465Z
46378-1910564815,46378,VIRGEN DE ESTRELLA S.A.C.,2026-01-16,191/0564815,CHS718,45.0,PIEDRA,2,36.08,36.08,578.43,,,JICAMARCA,SAN ANTONIO,2026-07-01T08:43:30.494492Z
46378-1910564836,46378,VIRGEN DE ESTRELLA S.A.C.,2026-01-16,191/0564836,BZR940,40.0,PIEDRA,2,35.15,35.15,563.52,,,JICAMARCA,SAN ANTONIO,2026-07-01T08:43:30.494517Z
46378-3770003706,46378,VIRGEN DE ESTRELLA S.A.C.,2026-01-16,377/0003706,AHJ786,28.0,ARENA,14,41.95,41.95,226.53,,,OQUENDO,MEIGGS,2026-07-01T08:43:30.494890Z
46378-3770003710,46378,VIRGEN DE ESTRELLA S.A.C.,2026-01-16,377/0003710,AJA905,29.0,ARENA,14,39.65,39.65,214.11,,,OQUENDO,MEIGGS,2026-07-01T08:43:30.494918Z
46378-3770003711,46378,VIRGEN DE ESTRELLA S.A.C.,2026-01-16,377/0003711,ABN852,27.0,ARENA,14,39.5,39.5,213.3,,,OQUENDO,MEIGGS,2026-07-01T08:43:30.494948Z
46378-3770003712,46378,VIRGEN DE ESTRELLA S.A.C.,2026-01-16,377/0003712,AKE789,31.0,ARENA,14,40.82,40.82,220.43,,,OQUENDO,MEIGGS,2026-07-01T08:43:30.494977Z
46378-1950185616,46378,VIRGEN DE ESTRELLA S.A.C.,2026-01-16,195/0185616,CBR796,18.0,PIEDRA,2,41.13,41.13,593.51,,,YERBABUENA,MEIGGS,2026-07-01T08:43:30.495744Z
46378-1950185631,46378,VIRGEN DE ESTRELLA S.A.C.,2026-01-16,195/0185631,CBR846,12.0,PIEDRA,2,40.01,40.41,583.12,,,YERBABUENA,MEIGGS,2026-07-01T08:43:30.495768Z
46378-1950185633,46378,VIRGEN DE ESTRELLA S.A.C.,2026-01-16,195/0185633,CBR872,16.0,PIEDRA,2,39.56,39.96,576.62,,,YERBABUENA,MEIGGS,2026-07-01T08:43:30.495796Z
46378-1950185659,46378,VIRGEN DE ESTRELLA S.A.C.,2026-01-16,195/0185659,CBR796,18.0,PIEDRA,2,40.13,40.53,584.85,,,YERBABUENA,MEIGGS,2026-07-01T08:43:30.495821Z
46378-1950185660,46378,VIRGEN DE ESTRELLA S.A.C.,2026-01-16,195/0185660,F3F817,1.0,PIEDRA,2,42.04,42.46,612.7,,,YERBABUENA,MEIGGS,2026-07-01T08:43:30.495846Z
46378-1950185662,46378,VIRGEN DE ESTRELLA S.A.C.,2026-01-16,195/0185662,CBR854,14.0,PIEDRA,2,40.42,40.42,583.26,,,YERBABUENA,MEIGGS,2026-07-01T08:43:30.495873Z
46378-1950185664,46378,VIRGEN DE ESTRELLA S.A.C.,2026-01-16,195/0185664,CBR872,16.0,PIEDRA,2,40.83,41.24,595.09,,,YERBABUENA,MEIGGS,2026-07-01T08:43:30.495898Z
46378-1950185692,46378,VIRGEN DE ESTRELLA S.A.C.,2026-01-16,195/0185692,CBR846,12.0,PIEDRA,2,40.38,40.78,588.46,,,YERBABUENA,MEIGGS,2026-07-01T08:43:30.495925Z
46378-1950185693,46378,VIRGEN DE ESTRELLA S.A.C.,2026-01-16,195/0185693,AWH708,33.0,PIEDRA,2,37.37,37.74,544.59,,,YERBABUENA,MEIGGS,2026-07-01T08:43:30.495950Z
46378-1950185627,46378,VIRGEN DE ESTRELLA S.A.C.,2026-01-16,195/0185627,D8B795,22.0,PIEDRA,2,32.89,32.89,474.6,,,YERBABUENA,MEIGGS,2026-07-01T08:43:30.496052Z
46378-1950185613,46378,VIRGEN DE ESTRELLA S.A.C.,2026-01-16,195/0185613,AFX735,25.0,ARENA,14,33.87,34.21,493.65,,,YERBABUENA,MEIGGS,2026-07-01T08:43:30.497041Z
46378-1950185614,46378,VIRGEN DE ESTRELLA S.A.C.,2026-01-16,195/0185614,CBR854,14.0,ARENA,14,38.21,38.59,556.85,,,YERBABUENA,MEIGGS,2026-07-01T08:43:30.497073Z
46378-1950185618,46378,VIRGEN DE ESTRELLA S.A.C.,2026-01-16,195/0185618,D8D861,23.0,ARENA,14,37.04,37.41,539.83,,,YERBABUENA,MEIGGS,2026-07-01T08:43:30.497099Z
46378-1950185619,46378,VIRGEN DE ESTRELLA S.A.C.,2026-01-16,195/0185619,BFI758,37.0,ARENA,14,37.78,38.16,550.65,,,YERBABUENA,MEIGGS,2026-07-01T08:43:30.497124Z
46378-1950185628,46378,VIRGEN DE ESTRELLA S.A.C.,2026-01-16,195/0185628,ATN880,5.0,ARENA,14,42.29,42.71,616.31,,,YERBABUENA,MEIGGS,2026-07-01T08:43:30.497151Z
46378-1950185629,46378,VIRGEN DE ESTRELLA S.A.C.,2026-01-16,195/0185629,BYP824,9.0,ARENA,14,42.38,42.8,617.6,,,YERBABUENA,MEIGGS,2026-07-01T08:43:30.497177Z
46378-1950185632,46378,VIRGEN DE ESTRELLA S.A.C.,2026-01-16,195/0185632,AWH708,33.0,ARENA,14,38.04,38.42,554.4,,,YERBABUENA,MEIGGS,2026-07-01T08:43:30.497202Z
46378-1950185637,46378,VIRGEN DE ESTRELLA S.A.C.,2026-01-16,195/0185637,ABL875,26.0,ARENA,14,35.28,35.63,514.14,,,YERBABUENA,MEIGGS,2026-07-01T08:43:30.497230Z
46378-1950185665,46378,VIRGEN DE ESTRELLA S.A.C.,2026-01-16,195/0185665,AFX735,25.0,ARENA,14,33.87,34.21,493.65,,,YERBABUENA,MEIGGS,2026-07-01T08:43:30.497256Z
46378-0010013785,46378,VIRGEN DE ESTRELLA S.A.C.,2026-01-16,001/0013785,BYP838,10.0,PIEDRA,2,42.79,44.07,319.07,,,SAN LORENZO,COLLIQUE,2026-07-01T08:43:30.498230Z
46378-0010013786,46378,VIRGEN DE ESTRELLA S.A.C.,2026-01-16,001/0013786,AHJ786,28.0,PIEDRA,2,38.23,39.38,285.11,,,SAN LORENZO,COLLIQUE,2026-07-01T08:43:30.498252Z
46378-0010013787,46378,VIRGEN DE ESTRELLA S.A.C.,2026-01-16,001/0013787,BZR752,38.0,PIEDRA,2,38.96,40.13,290.54,,,SAN LORENZO,COLLIQUE,2026-07-01T08:43:30.498276Z
46378-0010013788,46378,VIRGEN DE ESTRELLA S.A.C.,2026-01-16,001/0013788,D8E728,24.0,PIEDRA,2,37.14,38.25,276.93,,,SAN LORENZO,COLLIQUE,2026-07-01T08:43:30.498298Z
46378-0010013789,46378,VIRGEN DE ESTRELLA S.A.C.,2026-01-16,001/0013789,AJC805,30.0,PIEDRA,2,39.54,40.73,294.89,,,SAN LORENZO,COLLIQUE,2026-07-01T08:43:30.498321Z
46378-0010013795,46378,VIRGEN DE ESTRELLA S.A.C.,2026-01-16,001/0013795,BYP838,10.0,PIEDRA,2,44.45,45.78,331.45,,,SAN LORENZO,COLLIQUE,2026-07-01T08:43:30.498343Z
46378-0010013800,46378,VIRGEN DE ESTRELLA S.A.C.,2026-01-16,001/0013800,D8B795,22.0,PIEDRA,2,36.55,37.65,272.59,,,SAN LORENZO,COLLIQUE,2026-07-01T08:43:30.498364Z
46378-0010013803,46378,VIRGEN DE ESTRELLA S.A.C.,2026-01-16,001/0013803,ATN880,5.0,PIEDRA,2,44.49,45.82,331.74,,,SAN LORENZO,COLLIQUE,2026-07-01T08:43:30.498386Z
46378-0010013805,46378,VIRGEN DE ESTRELLA S.A.C.,2026-01-16,001/0013805,BYP824,9.0,PIEDRA,2,46.32,47.71,345.42,,,SAN LORENZO,COLLIQUE,2026-07-01T08:43:30.498407Z
46378-0010013782,46378,VIRGEN DE ESTRELLA S.A.C.,2026-01-16,001/0013782,ABN852,27.0,ARENA,14,36.05,40.01,289.67,,,SAN LORENZO,COLLIQUE,2026-07-01T08:43:30.499391Z
46378-0010013783,46378,VIRGEN DE ESTRELLA S.A.C.,2026-01-16,001/0013783,AJA905,29.0,ARENA,14,33.96,37.7,272.95,,,SAN LORENZO,COLLIQUE,2026-07-01T08:43:30.499414Z
46378-0010013784,46378,VIRGEN DE ESTRELLA S.A.C.,2026-01-16,001/0013784,AKE789,31.0,ARENA,14,34.49,38.28,277.15,,,SAN LORENZO,COLLIQUE,2026-07-01T08:43:30.499439Z
46378-0010013794,46378,VIRGEN DE ESTRELLA S.A.C.,2026-01-16,001/0013794,BFI758,37.0,ARENA,14,37.64,41.78,302.49,,,SAN LORENZO,COLLIQUE,2026-07-01T08:43:30.499461Z
46378-0010013801,46378,VIRGEN DE ESTRELLA S.A.C.,2026-01-16,001/0013801,AJC805,30.0,ARENA,14,37.44,41.56,300.89,,,SAN LORENZO,COLLIQUE,2026-07-01T08:43:30.499484Z
46378-0010013804,46378,VIRGEN DE ESTRELLA S.A.C.,2026-01-16,001/0013804,ABL875,26.0,ARENA,14,37.4,41.51,300.53,,,SAN LORENZO,COLLIQUE,2026-07-01T08:43:30.499507Z
46378-0010013806,46378,VIRGEN DE ESTRELLA S.A.C.,2026-01-16,001/0013806,AJA905,29.0,ARENA,14,36.28,40.27,291.55,,,SAN LORENZO,COLLIQUE,2026-07-01T08:43:30.499530Z
46378-0010013808,46378,VIRGEN DE ESTRELLA S.A.C.,2026-01-16,001/0013808,D8E728,24.0,ARENA,14,35.46,39.36,284.97,,,SAN LORENZO,COLLIQUE,2026-07-01T08:43:30.499552Z
46378-0010013792,46378,VIRGEN DE ESTRELLA S.A.C.,2026-01-16,001/0013792,ABN852,27.0,ARENA,14,36.8,40.48,250.57,,,SAN LORENZO,OQUENDO,2026-07-01T08:43:30.499963Z
46378-0010013793,46378,VIRGEN DE ESTRELLA S.A.C.,2026-01-16,001/0013793,AKE789,31.0,ARENA,14,35.14,38.65,239.24,,,SAN LORENZO,OQUENDO,2026-07-01T08:43:30.499986Z
46378-0010013798,46378,VIRGEN DE ESTRELLA S.A.C.,2026-01-16,001/0013798,D8E728,24.0,ARENA,14,35.02,38.52,238.44,,,SAN LORENZO,OQUENDO,2026-07-01T08:43:30.500013Z
46378-0010013799,46378,VIRGEN DE ESTRELLA S.A.C.,2026-01-16,001/0013799,D8D861,23.0,ARENA,14,35.37,38.91,240.85,,,SAN LORENZO,OQUENDO,2026-07-01T08:43:30.500036Z
46378-1910564922,46378,VIRGEN DE ESTRELLA S.A.C.,2026-01-17,191/0564922,CCL847,44.0,ARENA,14,30.89,34.91,559.54,,,JICAMARCA,SAN ANTONIO,2026-07-01T08:43:30.494027Z
46378-1910564931,46378,VIRGEN DE ESTRELLA S.A.C.,2026-01-17,191/0564931,CHS718,45.0,ARENA,14,29.26,33.06,529.98,,,JICAMARCA,SAN ANTONIO,2026-07-01T08:43:30.494054Z
46378-1910564934,46378,VIRGEN DE ESTRELLA S.A.C.,2026-01-17,191/0564934,C9W737,21.0,ARENA,14,26.76,30.24,484.76,,,JICAMARCA,SAN ANTONIO,2026-07-01T08:43:30.494084Z
46378-1910564953,46378,VIRGEN DE ESTRELLA S.A.C.,2026-01-17,191/0564953,CBA709,43.0,ARENA,14,31.69,35.81,573.95,,,JICAMARCA,SAN ANTONIO,2026-07-01T08:43:30.494112Z
46378-1910564983,46378,VIRGEN DE ESTRELLA S.A.C.,2026-01-17,191/0564983,CCL847,44.0,ARENA,14,31.23,35.29,565.75,,,JICAMARCA,SAN ANTONIO,2026-07-01T08:43:30.494140Z
46378-1910564959,46378,VIRGEN DE ESTRELLA S.A.C.,2026-01-17,191/0564959,BZR940,40.0,PIEDRA,2,37.26,37.26,597.31,,,JICAMARCA,SAN ANTONIO,2026-07-01T08:43:30.494542Z
46378-1910564986,46378,VIRGEN DE ESTRELLA S.A.C.,2026-01-17,191/0564986,CHS718,45.0,PIEDRA,2,35.84,35.84,574.45,,,JICAMARCA,SAN ANTONIO,2026-07-01T08:43:30.494571Z
46378-1950185710,46378,VIRGEN DE ESTRELLA S.A.C.,2026-01-17,195/0185710,CBR846,12.0,PIEDRA,2,40.66,40.66,586.72,,,YERBABUENA,MEIGGS,2026-07-01T08:43:30.495976Z
46378-1950185711,46378,VIRGEN DE ESTRELLA S.A.C.,2026-01-17,195/0185711,CBR872,16.0,PIEDRA,2,40.56,40.56,585.28,,,YERBABUENA,MEIGGS,2026-07-01T08:43:30.496002Z
46378-1950185703,46378,VIRGEN DE ESTRELLA S.A.C.,2026-01-17,195/0185703,AFX735,25.0,ARENA,14,35.43,35.78,516.31,,,YERBABUENA,MEIGGS,2026-07-01T08:43:30.497283Z
46378-1950185705,46378,VIRGEN DE ESTRELLA S.A.C.,2026-01-17,195/0185705,CBR854,14.0,ARENA,14,40.4,40.8,588.74,,,YERBABUENA,MEIGGS,2026-07-01T08:43:30.497309Z
46378-1950185707,46378,VIRGEN DE ESTRELLA S.A.C.,2026-01-17,195/0185707,D8D861,23.0,ARENA,14,36.18,36.54,527.27,,,YERBABUENA,MEIGGS,2026-07-01T08:43:30.497337Z
46378-1950185712,46378,VIRGEN DE ESTRELLA S.A.C.,2026-01-17,195/0185712,D8B795,22.0,ARENA,14,35.34,35.69,515.01,,,YERBABUENA,MEIGGS,2026-07-01T08:43:30.497362Z
46378-1950185714,46378,VIRGEN DE ESTRELLA S.A.C.,2026-01-17,195/0185714,AWH708,33.0,ARENA,14,38.45,38.83,560.32,,,YERBABUENA,MEIGGS,2026-07-01T08:43:30.497386Z
46378-1950185715,46378,VIRGEN DE ESTRELLA S.A.C.,2026-01-17,195/0185715,ATN880,5.0,ARENA,14,42.31,42.73,616.59,,,YERBABUENA,MEIGGS,2026-07-01T08:43:30.497410Z
46378-1950185725,46378,VIRGEN DE ESTRELLA S.A.C.,2026-01-17,195/0185725,F3F817,1.0,ARENA,14,43.59,43.59,629.0,,,YERBABUENA,MEIGGS,2026-07-01T08:43:30.497434Z
46378-1950185729,46378,VIRGEN DE ESTRELLA S.A.C.,2026-01-17,195/0185729,AWW871,32.0,ARENA,14,41.25,41.25,595.24,,,YERBABUENA,MEIGGS,2026-07-01T08:43:30.497461Z
46378-1950185730,46378,VIRGEN DE ESTRELLA S.A.C.,2026-01-17,195/0185730,CAZ895,42.0,ARENA,14,38.35,42.57,614.29,,,YERBABUENA,MEIGGS,2026-07-01T08:43:30.497486Z
46378-0010013822,46378,VIRGEN DE ESTRELLA S.A.C.,2026-01-17,001/0013822,BYP838,10.0,PIEDRA,2,45.01,46.36,335.65,,,SAN LORENZO,COLLIQUE,2026-07-01T08:43:30.498428Z
46378-0010013823,46378,VIRGEN DE ESTRELLA S.A.C.,2026-01-17,001/0013823,BYP824,9.0,PIEDRA,2,47.09,48.5,351.14,,,SAN LORENZO,COLLIQUE,2026-07-01T08:43:30.498449Z
46378-0010013824,46378,VIRGEN DE ESTRELLA S.A.C.,2026-01-17,001/0013824,CBR796,18.0,PIEDRA,2,40.15,41.35,299.37,,,SAN LORENZO,COLLIQUE,2026-07-01T08:43:30.498471Z
46378-0010013838,46378,VIRGEN DE ESTRELLA S.A.C.,2026-01-17,001/0013838,D8E728,24.0,PIEDRA,2,36.28,37.37,270.56,,,SAN LORENZO,COLLIQUE,2026-07-01T08:43:30.498494Z
46378-0010013839,46378,VIRGEN DE ESTRELLA S.A.C.,2026-01-17,001/0013839,AKE789,31.0,PIEDRA,2,37.88,39.02,282.5,,,SAN LORENZO,COLLIQUE,2026-07-01T08:43:30.498518Z
46378-0010013841,46378,VIRGEN DE ESTRELLA S.A.C.,2026-01-17,001/0013841,AHJ786,28.0,PIEDRA,2,39.8,40.99,296.77,,,SAN LORENZO,COLLIQUE,2026-07-01T08:43:30.498540Z
46378-0010013842,46378,VIRGEN DE ESTRELLA S.A.C.,2026-01-17,001/0013842,AJC805,30.0,PIEDRA,2,40.64,41.86,303.07,,,SAN LORENZO,COLLIQUE,2026-07-01T08:43:30.498564Z
46378-0010013849,46378,VIRGEN DE ESTRELLA S.A.C.,2026-01-17,001/0013849,ATN880,5.0,PIEDRA,2,46.15,47.53,344.12,,,SAN LORENZO,COLLIQUE,2026-07-01T08:43:30.498584Z
46378-0010013850,46378,VIRGEN DE ESTRELLA S.A.C.,2026-01-17,001/0013850,CBR796,18.0,PIEDRA,2,40.87,42.1,304.8,,,SAN LORENZO,COLLIQUE,2026-07-01T08:43:30.498605Z
46378-0010013853,46378,VIRGEN DE ESTRELLA S.A.C.,2026-01-17,001/0013853,CBR872,16.0,PIEDRA,2,39.0,40.17,290.83,,,SAN LORENZO,COLLIQUE,2026-07-01T08:43:30.498626Z
46378-0010013855,46378,VIRGEN DE ESTRELLA S.A.C.,2026-01-17,001/0013855,ABL875,26.0,PIEDRA,2,39.96,41.16,298.0,,,SAN LORENZO,COLLIQUE,2026-07-01T08:43:30.498648Z
46378-0010013859,46378,VIRGEN DE ESTRELLA S.A.C.,2026-01-17,001/0013859,BYP838,10.0,PIEDRA,2,44.56,45.9,332.32,,,SAN LORENZO,COLLIQUE,2026-07-01T08:43:30.498670Z
46378-0010013865,46378,VIRGEN DE ESTRELLA S.A.C.,2026-01-17,001/0013865,F3F817,1.0,PIEDRA,2,43.69,45.0,325.8,,,SAN LORENZO,COLLIQUE,2026-07-01T08:43:30.498691Z
46378-0010013866,46378,VIRGEN DE ESTRELLA S.A.C.,2026-01-17,001/0013866,D8E728,24.0,PIEDRA,2,35.75,36.82,266.58,,,SAN LORENZO,COLLIQUE,2026-07-01T08:43:30.498722Z
46378-0010013869,46378,VIRGEN DE ESTRELLA S.A.C.,2026-01-17,001/0013869,ABN852,27.0,PIEDRA,2,39.36,40.54,293.51,,,SAN LORENZO,COLLIQUE,2026-07-01T08:43:30.498744Z
46378-0010013870,46378,VIRGEN DE ESTRELLA S.A.C.,2026-01-17,001/0013870,CBR796,18.0,PIEDRA,2,38.12,39.26,284.24,,,SAN LORENZO,COLLIQUE,2026-07-01T08:43:30.498765Z
46378-0010013833,46378,VIRGEN DE ESTRELLA S.A.C.,2026-01-17,001/0013833,ABL875,26.0,ARENA,14,34.74,38.74,280.48,,,SAN LORENZO,COLLIQUE,2026-07-01T08:43:30.499577Z
46378-0010013834,46378,VIRGEN DE ESTRELLA S.A.C.,2026-01-17,001/0013834,BZR752,38.0,ARENA,14,34.76,38.76,280.62,,,SAN LORENZO,COLLIQUE,2026-07-01T08:43:30.499600Z
46378-0010013835,46378,VIRGEN DE ESTRELLA S.A.C.,2026-01-17,001/0013835,AJA905,29.0,ARENA,14,33.2,37.02,268.02,,,SAN LORENZO,COLLIQUE,2026-07-01T08:43:30.499627Z
46378-0010013837,46378,VIRGEN DE ESTRELLA S.A.C.,2026-01-17,001/0013837,BFI758,37.0,ARENA,14,35.0,39.02,282.5,,,SAN LORENZO,COLLIQUE,2026-07-01T08:43:30.499650Z
46378-0010013844,46378,VIRGEN DE ESTRELLA S.A.C.,2026-01-17,001/0013844,ABN852,27.0,ARENA,14,35.69,39.79,288.08,,,SAN LORENZO,COLLIQUE,2026-07-01T08:43:30.499676Z
46378-0010013851,46378,VIRGEN DE ESTRELLA S.A.C.,2026-01-17,001/0013851,AWH708,33.0,ARENA,14,34.26,38.2,276.57,,,SAN LORENZO,COLLIQUE,2026-07-01T08:43:30.499699Z
46378-0010013854,46378,VIRGEN DE ESTRELLA S.A.C.,2026-01-17,001/0013854,BZR752,38.0,ARENA,14,35.23,39.28,284.39,,,SAN LORENZO,COLLIQUE,2026-07-01T08:43:30.499727Z
46378-0010013856,46378,VIRGEN DE ESTRELLA S.A.C.,2026-01-17,001/0013856,BFI758,37.0,ARENA,14,36.33,40.51,293.29,,,SAN LORENZO,COLLIQUE,2026-07-01T08:43:30.499754Z
46378-0010013857,46378,VIRGEN DE ESTRELLA S.A.C.,2026-01-17,001/0013857,AKE789,31.0,ARENA,14,32.22,35.93,260.13,,,SAN LORENZO,COLLIQUE,2026-07-01T08:43:30.499777Z
46378-0010013861,46378,VIRGEN DE ESTRELLA S.A.C.,2026-01-17,001/0013861,D8D861,23.0,ARENA,14,31.63,35.27,255.35,,,SAN LORENZO,COLLIQUE,2026-07-01T08:43:30.499799Z
46378-0010013862,46378,VIRGEN DE ESTRELLA S.A.C.,2026-01-17,001/0013862,AHJ786,28.0,ARENA,14,36.0,40.14,290.61,,,SAN LORENZO,COLLIQUE,2026-07-01T08:43:30.499823Z
46378-0010013863,46378,VIRGEN DE ESTRELLA S.A.C.,2026-01-17,001/0013863,AJA905,29.0,ARENA,14,32.6,36.35,263.17,,,SAN LORENZO,COLLIQUE,2026-07-01T08:43:30.499846Z
46378-0010013846,46378,VIRGEN DE ESTRELLA S.A.C.,2026-01-17,001/0013846,BYP838,10.0,PIEDRA,2,43.5,44.37,274.65,,,SAN LORENZO,OQUENDO,2026-07-01T08:43:30.500367Z
46378-0010013847,46378,VIRGEN DE ESTRELLA S.A.C.,2026-01-17,001/0013847,BYP824,9.0,PIEDRA,2,45.81,46.73,289.26,,,SAN LORENZO,OQUENDO,2026-07-01T08:43:30.500391Z
46378-0010013819,46378,VIRGEN DE ESTRELLA S.A.C.,2026-01-17,001/0013819,ABL875,26.0,ARENA,14,34.33,38.11,207.7,,,SAN LORENZO,MEIGGS,2026-07-01T08:43:30.500662Z
46378-0010013820,46378,VIRGEN DE ESTRELLA S.A.C.,2026-01-17,001/0013820,BZR752,38.0,ARENA,14,33.43,37.11,202.25,,,SAN LORENZO,MEIGGS,2026-07-01T08:43:30.500687Z
46378-0010013825,46378,VIRGEN DE ESTRELLA S.A.C.,2026-01-17,001/0013825,AJA905,29.0,ARENA,14,36.81,36.81,200.61,,,SAN LORENZO,MEIGGS,2026-07-01T08:43:30.500716Z
46378-0010013826,46378,VIRGEN DE ESTRELLA S.A.C.,2026-01-17,001/0013826,D8E728,24.0,ARENA,14,32.56,36.14,196.96,,,SAN LORENZO,MEIGGS,2026-07-01T08:43:30.500742Z
46378-0010013827,46378,VIRGEN DE ESTRELLA S.A.C.,2026-01-17,001/0013827,BFI758,37.0,ARENA,14,37.27,41.37,225.47,,,SAN LORENZO,MEIGGS,2026-07-01T08:43:30.500769Z
46378-0010013828,46378,VIRGEN DE ESTRELLA S.A.C.,2026-01-17,001/0013828,AKE789,31.0,ARENA,14,33.94,37.67,205.3,,,SAN LORENZO,MEIGGS,2026-07-01T08:43:30.500795Z
46378-0010013831,46378,VIRGEN DE ESTRELLA S.A.C.,2026-01-17,001/0013831,AJC805,30.0,ARENA,14,36.56,40.58,221.16,,,SAN LORENZO,MEIGGS,2026-07-01T08:43:30.500821Z
46378-0010013832,46378,VIRGEN DE ESTRELLA S.A.C.,2026-01-17,001/0013832,AHJ786,28.0,ARENA,14,34.62,38.43,209.44,,,SAN LORENZO,MEIGGS,2026-07-01T08:43:30.500847Z
46408-1950185736,46408,VIRGEN DE ESTRELLA S.A.C.,2026-01-17,195/0185736,CBR854,14.0,ARENA,14,49.5,49.5,714.29,,,YERBABUENA,MEIGGS,2026-07-01T08:48:21.106233Z
46408-1950185747,46408,VIRGEN DE ESTRELLA S.A.C.,2026-01-17,195/0185747,AFX735,25.0,ARENA,14,37.19,37.19,536.65,,,YERBABUENA,MEIGGS,2026-07-01T08:48:21.106270Z
46408-1950185748,46408,VIRGEN DE ESTRELLA S.A.C.,2026-01-17,195/0185748,CBR846,12.0,ARENA,14,43.61,43.61,629.29,,,YERBABUENA,MEIGGS,2026-07-01T08:48:21.106300Z
46378-3770003720,46378,VIRGEN DE ESTRELLA S.A.C.,2026-01-18,377/0003720,AKE789,31.0,ARENA,14,35.41,35.41,217.42,,,OQUENDO,COLLIQUE,2026-07-01T08:43:30.494605Z
46378-3770003721,46378,VIRGEN DE ESTRELLA S.A.C.,2026-01-18,377/0003721,AHJ786,28.0,ARENA,14,37.59,37.59,230.8,,,OQUENDO,COLLIQUE,2026-07-01T08:43:30.494639Z
46378-3770003722,46378,VIRGEN DE ESTRELLA S.A.C.,2026-01-18,377/0003722,AHJ786,28.0,ARENA,14,36.14,36.14,221.9,,,OQUENDO,COLLIQUE,2026-07-01T08:43:30.494669Z
46378-3770003723,46378,VIRGEN DE ESTRELLA S.A.C.,2026-01-18,377/0003723,AKE789,31.0,ARENA,14,33.9,33.9,208.15,,,OQUENDO,COLLIQUE,2026-07-01T08:43:30.494697Z
46408-1910565075,46408,VIRGEN DE ESTRELLA S.A.C.,2026-01-19,191/0565075,CHS718,45.0,ARENA,14,32.43,36.64,587.37,,,JICAMARCA,SAN ANTONIO,2026-07-01T08:48:21.103371Z
46408-1910565102,46408,VIRGEN DE ESTRELLA S.A.C.,2026-01-19,191/0565102,BZR940,40.0,ARENA,14,32.63,36.87,591.1,,,JICAMARCA,SAN ANTONIO,2026-07-01T08:48:21.103421Z
46408-1910565020,46408,VIRGEN DE ESTRELLA S.A.C.,2026-01-19,191/0565020,CHS718,45.0,PIEDRA,2,35.76,35.76,573.21,,,JICAMARCA,SAN ANTONIO,2026-07-01T08:48:21.104434Z
46408-1910565039,46408,VIRGEN DE ESTRELLA S.A.C.,2026-01-19,191/0565039,BZR940,40.0,PIEDRA,2,37.35,37.36,598.8,,,JICAMARCA,SAN ANTONIO,2026-07-01T08:48:21.104463Z
46408-1910565044,46408,VIRGEN DE ESTRELLA S.A.C.,2026-01-19,191/0565044,CBA709,43.0,PIEDRA,2,36.28,36.29,581.66,,,JICAMARCA,SAN ANTONIO,2026-07-01T08:48:21.104495Z
46408-3770003725,46408,VIRGEN DE ESTRELLA S.A.C.,2026-01-19,377/0003725,D8E728,24.0,ARENA,14,38.89,38.89,210.01,,,OQUENDO,MEIGGS,2026-07-01T08:48:21.105109Z
46408-3770003726,46408,VIRGEN DE ESTRELLA S.A.C.,2026-01-19,377/0003726,ABN852,27.0,ARENA,14,40.74,40.74,220.0,,,OQUENDO,MEIGGS,2026-07-01T08:48:21.105139Z
46408-3770003727,46408,VIRGEN DE ESTRELLA S.A.C.,2026-01-19,377/0003727,AKE789,31.0,ARENA,14,40.46,40.46,218.48,,,OQUENDO,MEIGGS,2026-07-01T08:48:21.105169Z
46408-3770003728,46408,VIRGEN DE ESTRELLA S.A.C.,2026-01-19,377/0003728,AHJ786,28.0,ARENA,14,41.57,41.57,224.48,,,OQUENDO,MEIGGS,2026-07-01T08:48:21.105195Z
46408-1950185755,46408,VIRGEN DE ESTRELLA S.A.C.,2026-01-19,195/0185755,CBR796,18.0,PIEDRA,2,39.59,39.59,571.28,,,YERBABUENA,MEIGGS,2026-07-01T08:48:21.105493Z
46408-1950185771,46408,VIRGEN DE ESTRELLA S.A.C.,2026-01-19,195/0185771,CBR846,12.0,PIEDRA,2,41.21,41.21,594.66,,,YERBABUENA,MEIGGS,2026-07-01T08:48:21.105519Z
46408-1950185774,46408,VIRGEN DE ESTRELLA S.A.C.,2026-01-19,195/0185774,CBR872,16.0,PIEDRA,2,39.95,39.95,576.48,,,YERBABUENA,MEIGGS,2026-07-01T08:48:21.105543Z
46408-1950185804,46408,VIRGEN DE ESTRELLA S.A.C.,2026-01-19,195/0185804,CBR796,18.0,PIEDRA,2,39.63,39.63,571.86,,,YERBABUENA,MEIGGS,2026-07-01T08:48:21.105569Z
46408-1950185811,46408,VIRGEN DE ESTRELLA S.A.C.,2026-01-19,195/0185811,CBR846,12.0,PIEDRA,2,39.68,39.68,572.58,,,YERBABUENA,MEIGGS,2026-07-01T08:48:21.105594Z
46408-1950185813,46408,VIRGEN DE ESTRELLA S.A.C.,2026-01-19,195/0185813,CBR872,16.0,PIEDRA,2,41.31,41.31,596.1,,,YERBABUENA,MEIGGS,2026-07-01T08:48:21.105618Z
46408-1950185753,46408,VIRGEN DE ESTRELLA S.A.C.,2026-01-19,195/0185753,CBR854,14.0,ARENA,14,40.91,40.91,590.33,,,YERBABUENA,MEIGGS,2026-07-01T08:48:21.106328Z
46408-1950185756,46408,VIRGEN DE ESTRELLA S.A.C.,2026-01-19,195/0185756,D8D861,23.0,ARENA,14,34.91,34.91,503.75,,,YERBABUENA,MEIGGS,2026-07-01T08:48:21.106356Z
46408-1950185765,46408,VIRGEN DE ESTRELLA S.A.C.,2026-01-19,195/0185765,F3F817,1.0,ARENA,14,42.76,42.76,617.03,,,YERBABUENA,MEIGGS,2026-07-01T08:48:21.106384Z
46408-1950185768,46408,VIRGEN DE ESTRELLA S.A.C.,2026-01-19,195/0185768,ATN880,5.0,ARENA,14,41.77,41.77,602.74,,,YERBABUENA,MEIGGS,2026-07-01T08:48:21.106413Z
46408-1950185770,46408,VIRGEN DE ESTRELLA S.A.C.,2026-01-19,195/0185770,CAZ895,42.0,ARENA,14,41.25,41.25,595.24,,,YERBABUENA,MEIGGS,2026-07-01T08:48:21.106442Z
46408-1950185772,46408,VIRGEN DE ESTRELLA S.A.C.,2026-01-19,195/0185772,AWH708,33.0,ARENA,14,35.14,35.14,507.07,,,YERBABUENA,MEIGGS,2026-07-01T08:48:21.106470Z
46408-1950185778,46408,VIRGEN DE ESTRELLA S.A.C.,2026-01-19,195/0185778,AWW871,32.0,ARENA,14,32.97,32.97,475.76,,,YERBABUENA,MEIGGS,2026-07-01T08:48:21.106498Z
46408-1950185803,46408,VIRGEN DE ESTRELLA S.A.C.,2026-01-19,195/0185803,AWW871,32.0,ARENA,14,38.76,38.76,559.31,,,YERBABUENA,MEIGGS,2026-07-01T08:48:21.106528Z
46408-1950185808,46408,VIRGEN DE ESTRELLA S.A.C.,2026-01-19,195/0185808,CAZ895,42.0,ARENA,14,37.58,37.58,542.28,,,YERBABUENA,MEIGGS,2026-07-01T08:48:21.106561Z
46408-1950185809,46408,VIRGEN DE ESTRELLA S.A.C.,2026-01-19,195/0185809,F3F817,1.0,ARENA,14,45.2,45.2,652.24,,,YERBABUENA,MEIGGS,2026-07-01T08:48:21.106590Z
46408-1950185810,46408,VIRGEN DE ESTRELLA S.A.C.,2026-01-19,195/0185810,CBR854,14.0,ARENA,14,43.27,43.27,624.39,,,YERBABUENA,MEIGGS,2026-07-01T08:48:21.106617Z
46408-1950185812,46408,VIRGEN DE ESTRELLA S.A.C.,2026-01-19,195/0185812,ATN880,5.0,ARENA,14,44.33,44.33,639.68,,,YERBABUENA,MEIGGS,2026-07-01T08:48:21.106647Z
46408-0010013873,46408,VIRGEN DE ESTRELLA S.A.C.,2026-01-19,001/0013873,D8E728,24.0,PIEDRA,2,38.1,39.24,284.1,,,SAN LORENZO,COLLIQUE,2026-07-01T08:48:21.107613Z
46408-0010013874,46408,VIRGEN DE ESTRELLA S.A.C.,2026-01-19,001/0013874,AJC805,30.0,PIEDRA,2,40.14,41.34,299.3,,,SAN LORENZO,COLLIQUE,2026-07-01T08:48:21.107646Z
46408-0010013875,46408,VIRGEN DE ESTRELLA S.A.C.,2026-01-19,001/0013875,BYP838,10.0,PIEDRA,2,45.61,46.98,340.14,,,SAN LORENZO,COLLIQUE,2026-07-01T08:48:21.107674Z
46408-0010013878,46408,VIRGEN DE ESTRELLA S.A.C.,2026-01-19,001/0013878,AJA905,29.0,PIEDRA,2,37.44,38.56,279.17,,,SAN LORENZO,COLLIQUE,2026-07-01T08:48:21.107701Z
46408-0010013881,46408,VIRGEN DE ESTRELLA S.A.C.,2026-01-19,001/0013881,CBR796,18.0,PIEDRA,2,39.84,41.04,297.13,,,SAN LORENZO,COLLIQUE,2026-07-01T08:48:21.107738Z
46408-0010013882,46408,VIRGEN DE ESTRELLA S.A.C.,2026-01-19,001/0013882,CBR854,14.0,PIEDRA,2,39.33,40.51,293.29,,,SAN LORENZO,COLLIQUE,2026-07-01T08:48:21.107769Z
46408-0010013883,46408,VIRGEN DE ESTRELLA S.A.C.,2026-01-19,001/0013883,BYP838,10.0,PIEDRA,2,43.93,45.25,327.61,,,SAN LORENZO,COLLIQUE,2026-07-01T08:48:21.107797Z
46408-0010013884,46408,VIRGEN DE ESTRELLA S.A.C.,2026-01-19,001/0013884,CBR872,16.0,PIEDRA,2,40.01,41.21,298.36,,,SAN LORENZO,COLLIQUE,2026-07-01T08:48:21.107826Z
46408-0010013900,46408,VIRGEN DE ESTRELLA S.A.C.,2026-01-19,001/0013900,BYP824,9.0,PIEDRA,2,41.55,42.8,309.87,,,SAN LORENZO,COLLIQUE,2026-07-01T08:48:21.107855Z
46408-0010013903,46408,VIRGEN DE ESTRELLA S.A.C.,2026-01-19,001/0013903,BYP838,10.0,PIEDRA,2,43.88,45.2,327.25,,,SAN LORENZO,COLLIQUE,2026-07-01T08:48:21.107889Z
46408-0010013914,46408,VIRGEN DE ESTRELLA S.A.C.,2026-01-19,001/0013914,D8E728,24.0,PIEDRA,2,36.64,37.74,273.24,,,SAN LORENZO,COLLIQUE,2026-07-01T08:48:21.107918Z
46408-0010013916,46408,VIRGEN DE ESTRELLA S.A.C.,2026-01-19,001/0013916,D8D861,23.0,PIEDRA,2,35.97,37.05,268.24,,,SAN LORENZO,COLLIQUE,2026-07-01T08:48:21.107946Z
46408-0010013871,46408,VIRGEN DE ESTRELLA S.A.C.,2026-01-19,001/0013871,ABN852,27.0,ARENA,14,33.13,36.77,266.21,,,SAN LORENZO,COLLIQUE,2026-07-01T08:48:21.109897Z
46408-0010013872,46408,VIRGEN DE ESTRELLA S.A.C.,2026-01-19,001/0013872,AKE789,31.0,ARENA,14,31.36,34.81,252.02,,,SAN LORENZO,COLLIQUE,2026-07-01T08:48:21.109939Z
46408-0010013876,46408,VIRGEN DE ESTRELLA S.A.C.,2026-01-19,001/0013876,AHJ786,28.0,ARENA,14,31.51,34.98,253.26,,,SAN LORENZO,COLLIQUE,2026-07-01T08:48:21.109975Z
46408-0010013879,46408,VIRGEN DE ESTRELLA S.A.C.,2026-01-19,001/0013879,BZR752,38.0,ARENA,14,31.95,35.47,256.8,,,SAN LORENZO,COLLIQUE,2026-07-01T08:48:21.110011Z
46408-0010013885,46408,VIRGEN DE ESTRELLA S.A.C.,2026-01-19,001/0013885,AWH708,33.0,ARENA,14,33.82,37.54,271.79,,,SAN LORENZO,COLLIQUE,2026-07-01T08:48:21.110046Z
46408-0010013888,46408,VIRGEN DE ESTRELLA S.A.C.,2026-01-19,001/0013888,AJA905,29.0,ARENA,14,31.03,34.44,249.35,,,SAN LORENZO,COLLIQUE,2026-07-01T08:48:21.110087Z
46408-0010013895,46408,VIRGEN DE ESTRELLA S.A.C.,2026-01-19,001/0013895,D8E728,24.0,ARENA,14,32.22,35.76,258.9,,,SAN LORENZO,COLLIQUE,2026-07-01T08:48:21.110123Z
46408-0010013901,46408,VIRGEN DE ESTRELLA S.A.C.,2026-01-19,001/0013901,AJC805,30.0,ARENA,14,36.06,40.03,289.82,,,SAN LORENZO,COLLIQUE,2026-07-01T08:48:21.110165Z
46408-0010013905,46408,VIRGEN DE ESTRELLA S.A.C.,2026-01-19,001/0013905,ABN852,27.0,ARENA,14,34.05,37.8,273.67,,,SAN LORENZO,COLLIQUE,2026-07-01T08:48:21.110200Z
46408-0010013906,46408,VIRGEN DE ESTRELLA S.A.C.,2026-01-19,001/0013906,AKE789,31.0,ARENA,14,33.65,37.35,270.41,,,SAN LORENZO,COLLIQUE,2026-07-01T08:48:21.110235Z
46408-0010013910,46408,VIRGEN DE ESTRELLA S.A.C.,2026-01-19,001/0013910,BZR752,38.0,ARENA,14,35.54,39.45,285.62,,,SAN LORENZO,COLLIQUE,2026-07-01T08:48:21.110272Z
46408-0010013913,46408,VIRGEN DE ESTRELLA S.A.C.,2026-01-19,001/0013913,AWH708,33.0,ARENA,14,34.46,38.25,276.93,,,SAN LORENZO,COLLIQUE,2026-07-01T08:48:21.110308Z
46408-0010013886,46408,VIRGEN DE ESTRELLA S.A.C.,2026-01-19,001/0013886,ATN880,5.0,PIEDRA,2,46.12,47.04,291.18,,,SAN LORENZO,OQUENDO,2026-07-01T08:48:21.112384Z
46408-0010013890,46408,VIRGEN DE ESTRELLA S.A.C.,2026-01-19,001/0013890,CBR846,12.0,PIEDRA,2,40.17,40.97,253.6,,,SAN LORENZO,OQUENDO,2026-07-01T08:48:21.112412Z
46408-0010013889,46408,VIRGEN DE ESTRELLA S.A.C.,2026-01-19,001/0013889,D8D861,23.0,ARENA,14,30.43,34.39,215.28,,,SAN LORENZO,MATERIALES,2026-07-01T08:48:21.112774Z
46408-0010013892,46408,VIRGEN DE ESTRELLA S.A.C.,2026-01-19,001/0013892,BZR752,38.0,ARENA,14,32.78,37.04,231.87,,,SAN LORENZO,MATERIALES,2026-07-01T08:48:21.112804Z
46408-0010013897,46408,VIRGEN DE ESTRELLA S.A.C.,2026-01-19,001/0013897,ABN852,27.0,PIEDRA,2,38.82,38.82,211.57,,,SAN LORENZO,MEIGGS,2026-07-01T08:48:21.113304Z
46408-0010013898,46408,VIRGEN DE ESTRELLA S.A.C.,2026-01-19,001/0013898,AKE789,31.0,PIEDRA,2,36.49,36.49,198.87,,,SAN LORENZO,MEIGGS,2026-07-01T08:48:21.113330Z
46408-0010013899,46408,VIRGEN DE ESTRELLA S.A.C.,2026-01-19,001/0013899,AHJ786,28.0,PIEDRA,2,38.73,38.73,211.08,,,SAN LORENZO,MEIGGS,2026-07-01T08:48:21.113356Z
46408-0010013902,46408,VIRGEN DE ESTRELLA S.A.C.,2026-01-19,001/0013902,AJA905,29.0,PIEDRA,2,35.64,35.64,194.24,,,SAN LORENZO,MEIGGS,2026-07-01T08:48:21.113382Z
46408-0010013907,46408,VIRGEN DE ESTRELLA S.A.C.,2026-01-19,001/0013907,D8E728,24.0,PIEDRA,2,35.92,35.92,195.76,,,SAN LORENZO,MEIGGS,2026-07-01T08:48:21.113408Z
46408-0010013908,46408,VIRGEN DE ESTRELLA S.A.C.,2026-01-19,001/0013908,AHJ786,28.0,PIEDRA,2,38.66,38.66,210.7,,,SAN LORENZO,MEIGGS,2026-07-01T08:48:21.113438Z
46408-0010013909,46408,VIRGEN DE ESTRELLA S.A.C.,2026-01-19,001/0013909,D8D861,23.0,PIEDRA,2,35.73,35.73,194.73,,,SAN LORENZO,MEIGGS,2026-07-01T08:48:21.113464Z
46408-0010013912,46408,VIRGEN DE ESTRELLA S.A.C.,2026-01-19,001/0013912,AJC805,30.0,PIEDRA,2,38.69,38.69,210.86,,,SAN LORENZO,MEIGGS,2026-07-01T08:48:21.113490Z
46408-0010013887,46408,VIRGEN DE ESTRELLA S.A.C.,2026-01-19,001/0013887,AJC805,30.0,PIEDRA,2,39.13,39.13,213.26,,,SAN LORENZO,MEIGGS,2026-07-01T08:48:21.113746Z
46408-0010013904,46408,VIRGEN DE ESTRELLA S.A.C.,2026-01-19,001/0013904,AWH708,33.0,PIEDRA,2,39.77,39.77,216.75,,,SAN LORENZO,MEIGGS,2026-07-01T08:48:21.113775Z
46408-1910565160,46408,VIRGEN DE ESTRELLA S.A.C.,2026-01-20,191/0565160,CCL847,44.0,ARENA,14,30.42,34.38,551.1,,,JICAMARCA,SAN ANTONIO,2026-07-01T08:48:21.103461Z
46408-1910565166,46408,VIRGEN DE ESTRELLA S.A.C.,2026-01-20,191/0565166,CHS718,45.0,ARENA,14,31.84,35.98,576.69,,,JICAMARCA,SAN ANTONIO,2026-07-01T08:48:21.103494Z
46408-1910565189,46408,VIRGEN DE ESTRELLA S.A.C.,2026-01-20,191/0565189,C9W737,21.0,ARENA,14,31.91,36.05,577.93,,,JICAMARCA,SAN ANTONIO,2026-07-01T08:48:21.103528Z
46408-1910565193,46408,VIRGEN DE ESTRELLA S.A.C.,2026-01-20,191/0565193,BZR940,40.0,ARENA,14,33.3,37.63,603.27,,,JICAMARCA,SAN ANTONIO,2026-07-01T08:48:21.103559Z
46408-1910565208,46408,VIRGEN DE ESTRELLA S.A.C.,2026-01-20,191/0565208,CBA709,43.0,ARENA,14,32.81,37.08,594.33,,,JICAMARCA,SAN ANTONIO,2026-07-01T08:48:21.103588Z
46408-1910565260,46408,VIRGEN DE ESTRELLA S.A.C.,2026-01-20,191/0565260,CHS718,45.0,ARENA,14,32.88,37.15,595.57,,,JICAMARCA,SAN ANTONIO,2026-07-01T08:48:21.103618Z
46408-1910565287,46408,VIRGEN DE ESTRELLA S.A.C.,2026-01-20,191/0565287,CCL847,44.0,ARENA,14,33.54,37.9,607.5,,,JICAMARCA,SAN ANTONIO,2026-07-01T08:48:21.103650Z
46408-1910565289,46408,VIRGEN DE ESTRELLA S.A.C.,2026-01-20,191/0565289,BZR940,40.0,ARENA,14,31.91,36.05,577.93,,,JICAMARCA,SAN ANTONIO,2026-07-01T08:48:21.103680Z
46408-1910565292,46408,VIRGEN DE ESTRELLA S.A.C.,2026-01-20,191/0565292,C9W737,21.0,ARENA,14,30.48,34.44,552.09,,,JICAMARCA,SAN ANTONIO,2026-07-01T08:48:21.103719Z
46408-1910565298,46408,VIRGEN DE ESTRELLA S.A.C.,2026-01-20,191/0565298,CHS718,45.0,ARENA,14,32.6,36.84,590.6,,,JICAMARCA,SAN ANTONIO,2026-07-01T08:48:21.103751Z
46408-1910565244,46408,VIRGEN DE ESTRELLA S.A.C.,2026-01-20,191/0565244,CCL847,44.0,PIEDRA,2,35.0,35.0,561.03,,,JICAMARCA,SAN ANTONIO,2026-07-01T08:48:21.104523Z
46408-1910565246,46408,VIRGEN DE ESTRELLA S.A.C.,2026-01-20,191/0565246,C9W737,21.0,PIEDRA,2,35.05,35.05,561.78,,,JICAMARCA,SAN ANTONIO,2026-07-01T08:48:21.104549Z
46408-1910565248,46408,VIRGEN DE ESTRELLA S.A.C.,2026-01-20,191/0565248,BZR940,40.0,PIEDRA,2,37.15,37.15,595.57,,,JICAMARCA,SAN ANTONIO,2026-07-01T08:48:21.104578Z
46408-1910565252,46408,VIRGEN DE ESTRELLA S.A.C.,2026-01-20,191/0565252,CBA709,43.0,PIEDRA,2,36.52,36.52,585.38,,,JICAMARCA,SAN ANTONIO,2026-07-01T08:48:21.104606Z
46408-1950185833,46408,VIRGEN DE ESTRELLA S.A.C.,2026-01-20,195/0185833,CBR796,18.0,PIEDRA,2,41.17,41.36,596.82,,,YERBABUENA,MEIGGS,2026-07-01T08:48:21.105642Z
46408-1950185855,46408,VIRGEN DE ESTRELLA S.A.C.,2026-01-20,195/0185855,CBR846,12.0,PIEDRA,2,39.52,39.7,572.87,,,YERBABUENA,MEIGGS,2026-07-01T08:48:21.105669Z
46408-1950185858,46408,VIRGEN DE ESTRELLA S.A.C.,2026-01-20,195/0185858,CBR872,16.0,PIEDRA,2,39.61,39.79,574.17,,,YERBABUENA,MEIGGS,2026-07-01T08:48:21.105693Z
46408-1950185887,46408,VIRGEN DE ESTRELLA S.A.C.,2026-01-20,195/0185887,CBR796,18.0,PIEDRA,2,43.36,43.56,628.57,,,YERBABUENA,MEIGGS,2026-07-01T08:48:21.105724Z
46408-1950185888,46408,VIRGEN DE ESTRELLA S.A.C.,2026-01-20,195/0185888,AFX735,25.0,PIEDRA,2,35.66,35.82,516.88,,,YERBABUENA,MEIGGS,2026-07-01T08:48:21.105748Z
46408-1950185889,46408,VIRGEN DE ESTRELLA S.A.C.,2026-01-20,195/0185889,AWH708,33.0,PIEDRA,2,37.72,37.89,546.75,,,YERBABUENA,MEIGGS,2026-07-01T08:48:21.105774Z
46408-1950185890,46408,VIRGEN DE ESTRELLA S.A.C.,2026-01-20,195/0185890,D8D861,23.0,PIEDRA,2,39.01,39.19,565.51,,,YERBABUENA,MEIGGS,2026-07-01T08:48:21.105802Z
46408-1950185856,46408,VIRGEN DE ESTRELLA S.A.C.,2026-01-20,195/0185856,AWH708,33.0,PIEDRA,2,37.38,37.38,539.39,,,YERBABUENA,MEIGGS,2026-07-01T08:48:21.106202Z
46408-1950185829,46408,VIRGEN DE ESTRELLA S.A.C.,2026-01-20,195/0185829,AFX735,25.0,ARENA,14,33.55,33.92,489.47,,,YERBABUENA,MEIGGS,2026-07-01T08:48:21.106674Z
46408-1950185831,46408,VIRGEN DE ESTRELLA S.A.C.,2026-01-20,195/0185831,CBR854,14.0,ARENA,14,39.52,39.96,576.62,,,YERBABUENA,MEIGGS,2026-07-01T08:48:21.106705Z
46408-1950185835,46408,VIRGEN DE ESTRELLA S.A.C.,2026-01-20,195/0185835,D8D861,23.0,ARENA,14,33.26,33.63,485.28,,,YERBABUENA,MEIGGS,2026-07-01T08:48:21.106745Z
46408-1950185847,46408,VIRGEN DE ESTRELLA S.A.C.,2026-01-20,195/0185847,F3F817,1.0,ARENA,14,41.91,42.38,611.54,,,YERBABUENA,MEIGGS,2026-07-01T08:48:21.106774Z
46408-1950185851,46408,VIRGEN DE ESTRELLA S.A.C.,2026-01-20,195/0185851,A1H872,,ARENA,14,41.04,41.5,598.85,,,YERBABUENA,MEIGGS,2026-07-01T08:48:21.106834Z
46408-1950185853,46408,VIRGEN DE ESTRELLA S.A.C.,2026-01-20,195/0185853,CAZ895,42.0,ARENA,14,34.67,35.05,505.77,,,YERBABUENA,MEIGGS,2026-07-01T08:48:21.106865Z
46408-1950185860,46408,VIRGEN DE ESTRELLA S.A.C.,2026-01-20,195/0185860,AWW871,32.0,ARENA,14,32.78,33.14,478.21,,,YERBABUENA,MEIGGS,2026-07-01T08:48:21.106899Z
46408-1950185876,46408,VIRGEN DE ESTRELLA S.A.C.,2026-01-20,195/0185876,CBR854,14.0,ARENA,14,43.87,44.36,640.11,,,YERBABUENA,MEIGGS,2026-07-01T08:48:21.106931Z
46408-1950185877,46408,VIRGEN DE ESTRELLA S.A.C.,2026-01-20,195/0185877,CBR872,16.0,ARENA,14,43.86,44.35,639.97,,,YERBABUENA,MEIGGS,2026-07-01T08:48:21.106961Z
46408-1950185896,46408,VIRGEN DE ESTRELLA S.A.C.,2026-01-20,195/0185896,ATN880,5.0,ARENA,14,46.03,46.54,671.57,,,YERBABUENA,MEIGGS,2026-07-01T08:48:21.106995Z
46408-0010013919,46408,VIRGEN DE ESTRELLA S.A.C.,2026-01-20,001/0013919,AJA905,29.0,PIEDRA,2,36.0,37.08,268.46,,,SAN LORENZO,COLLIQUE,2026-07-01T08:48:21.107974Z
46408-0010013924,46408,VIRGEN DE ESTRELLA S.A.C.,2026-01-20,001/0013924,BYP838,10.0,PIEDRA,2,44.33,45.66,330.58,,,SAN LORENZO,COLLIQUE,2026-07-01T08:48:21.108002Z
46408-0010013925,46408,VIRGEN DE ESTRELLA S.A.C.,2026-01-20,001/0013925,AKE789,31.0,PIEDRA,2,37.91,39.05,282.72,,,SAN LORENZO,COLLIQUE,2026-07-01T08:48:21.108029Z
46408-0010013926,46408,VIRGEN DE ESTRELLA S.A.C.,2026-01-20,001/0013926,D8E728,24.0,PIEDRA,2,37.08,38.19,276.5,,,SAN LORENZO,COLLIQUE,2026-07-01T08:48:21.108058Z
46408-0010013927,46408,VIRGEN DE ESTRELLA S.A.C.,2026-01-20,001/0013927,BFI758,37.0,PIEDRA,2,39.76,40.95,296.48,,,SAN LORENZO,COLLIQUE,2026-07-01T08:48:21.108087Z
46408-0010013929,46408,VIRGEN DE ESTRELLA S.A.C.,2026-01-20,001/0013929,AJC805,30.0,PIEDRA,2,38.31,39.46,285.69,,,SAN LORENZO,COLLIQUE,2026-07-01T08:48:21.108119Z
46408-0010013930,46408,VIRGEN DE ESTRELLA S.A.C.,2026-01-20,001/0013930,AHJ786,28.0,PIEDRA,2,38.48,39.63,286.92,,,SAN LORENZO,COLLIQUE,2026-07-01T08:48:21.108149Z
46408-0010013932,46408,VIRGEN DE ESTRELLA S.A.C.,2026-01-20,001/0013932,AJA905,29.0,PIEDRA,2,36.83,37.93,274.61,,,SAN LORENZO,COLLIQUE,2026-07-01T08:48:21.108184Z
46408-0010013950,46408,VIRGEN DE ESTRELLA S.A.C.,2026-01-20,001/0013950,BYP838,10.0,PIEDRA,2,44.08,45.4,328.7,,,SAN LORENZO,COLLIQUE,2026-07-01T08:48:21.108215Z
46408-0010013952,46408,VIRGEN DE ESTRELLA S.A.C.,2026-01-20,001/0013952,CBR846,12.0,PIEDRA,2,40.53,41.75,302.27,,,SAN LORENZO,COLLIQUE,2026-07-01T08:48:21.108245Z
46408-0010013958,46408,VIRGEN DE ESTRELLA S.A.C.,2026-01-20,001/0013958,BYP824,9.0,PIEDRA,2,41.59,42.84,310.16,,,SAN LORENZO,COLLIQUE,2026-07-01T08:48:21.108276Z
46408-0010013963,46408,VIRGEN DE ESTRELLA S.A.C.,2026-01-20,001/0013963,F3F817,1.0,PIEDRA,2,43.41,44.71,323.7,,,SAN LORENZO,COLLIQUE,2026-07-01T08:48:21.108308Z
46408-0010013967,46408,VIRGEN DE ESTRELLA S.A.C.,2026-01-20,001/0013967,CBR796,18.0,PIEDRA,2,37.54,38.67,279.97,,,SAN LORENZO,COLLIQUE,2026-07-01T08:48:21.108342Z
46408-0010013940,46408,VIRGEN DE ESTRELLA S.A.C.,2026-01-20,001/0013940,D8E728,24.0,ARENA,14,32.59,36.17,261.87,,,SAN LORENZO,COLLIQUE,2026-07-01T08:48:21.110343Z
46408-0010013942,46408,VIRGEN DE ESTRELLA S.A.C.,2026-01-20,001/0013942,BFI758,37.0,ARENA,14,35.48,39.38,285.11,,,SAN LORENZO,COLLIQUE,2026-07-01T08:48:21.110379Z
46408-0010013944,46408,VIRGEN DE ESTRELLA S.A.C.,2026-01-20,001/0013944,AJC805,30.0,ARENA,14,33.86,37.58,272.08,,,SAN LORENZO,COLLIQUE,2026-07-01T08:48:21.110414Z
46408-0010013949,46408,VIRGEN DE ESTRELLA S.A.C.,2026-01-20,001/0013949,ABN852,27.0,ARENA,14,33.45,37.13,268.82,,,SAN LORENZO,COLLIQUE,2026-07-01T08:48:21.110449Z
46408-0010013961,46408,VIRGEN DE ESTRELLA S.A.C.,2026-01-20,001/0013961,BFI758,37.0,ARENA,14,36.05,40.01,289.67,,,SAN LORENZO,COLLIQUE,2026-07-01T08:48:21.110486Z
46408-0010013962,46408,VIRGEN DE ESTRELLA S.A.C.,2026-01-20,001/0013962,D8E728,24.0,ARENA,14,33.23,36.88,267.01,,,SAN LORENZO,COLLIQUE,2026-07-01T08:48:21.110533Z
46408-0010013965,46408,VIRGEN DE ESTRELLA S.A.C.,2026-01-20,001/0013965,ABN852,27.0,ARENA,14,35.77,39.7,287.43,,,SAN LORENZO,COLLIQUE,2026-07-01T08:48:21.110569Z
46408-0010013966,46408,VIRGEN DE ESTRELLA S.A.C.,2026-01-20,001/0013966,AJC805,30.0,ARENA,14,35.39,39.28,284.39,,,SAN LORENZO,COLLIQUE,2026-07-01T08:48:21.110604Z
46408-0010013922,46408,VIRGEN DE ESTRELLA S.A.C.,2026-01-20,001/0013922,BZR752,38.0,ARENA,14,33.99,37.39,231.44,,,SAN LORENZO,OQUENDO,2026-07-01T08:48:21.112165Z
46408-0010013935,46408,VIRGEN DE ESTRELLA S.A.C.,2026-01-20,001/0013935,ABN852,27.0,ARENA,14,34.59,38.05,235.53,,,SAN LORENZO,OQUENDO,2026-07-01T08:48:21.112199Z
46408-0010013937,46408,VIRGEN DE ESTRELLA S.A.C.,2026-01-20,001/0013937,AKE789,31.0,ARENA,14,32.2,35.42,219.25,,,SAN LORENZO,OQUENDO,2026-07-01T08:48:21.112232Z
46408-0010013947,46408,VIRGEN DE ESTRELLA S.A.C.,2026-01-20,001/0013947,AJA905,29.0,ARENA,14,32.25,35.48,219.62,,,SAN LORENZO,OQUENDO,2026-07-01T08:48:21.112262Z
46408-0010013921,46408,VIRGEN DE ESTRELLA S.A.C.,2026-01-20,001/0013921,ABN852,27.0,PIEDRA,2,40.44,41.25,255.34,,,SAN LORENZO,OQUENDO,2026-07-01T08:48:21.112440Z
46408-0010013923,46408,VIRGEN DE ESTRELLA S.A.C.,2026-01-20,001/0013923,BZR752,38.0,PIEDRA,2,39.58,40.37,249.89,,,SAN LORENZO,OQUENDO,2026-07-01T08:48:21.112469Z
46408-0010013936,46408,VIRGEN DE ESTRELLA S.A.C.,2026-01-20,001/0013936,BYP838,10.0,PIEDRA,2,42.51,43.36,268.4,,,SAN LORENZO,OQUENDO,2026-07-01T08:48:21.112500Z
46408-0010013946,46408,VIRGEN DE ESTRELLA S.A.C.,2026-01-20,001/0013946,F3F817,1.0,PIEDRA,2,43.4,44.27,274.03,,,SAN LORENZO,OQUENDO,2026-07-01T08:48:21.112529Z
46408-0010013943,46408,VIRGEN DE ESTRELLA S.A.C.,2026-01-20,001/0013943,AHJ786,28.0,ARENA,14,33.53,37.89,237.19,,,SAN LORENZO,MATERIALES,2026-07-01T08:48:21.112834Z
46408-0010013956,46408,VIRGEN DE ESTRELLA S.A.C.,2026-01-20,001/0013956,CAZ895,42.0,ARENA,14,33.19,37.51,234.81,,,SAN LORENZO,MATERIALES,2026-07-01T08:48:21.112864Z
46408-0010013951,46408,VIRGEN DE ESTRELLA S.A.C.,2026-01-20,001/0013951,BZR752,38.0,PIEDRA,2,36.64,37.55,204.65,,,SAN LORENZO,MEIGGS,2026-07-01T08:48:21.113519Z
46408-0010013953,46408,VIRGEN DE ESTRELLA S.A.C.,2026-01-20,001/0013953,AWW871,32.0,PIEDRA,2,37.2,38.13,207.81,,,SAN LORENZO,MEIGGS,2026-07-01T08:48:21.113549Z
46408-0010013957,46408,VIRGEN DE ESTRELLA S.A.C.,2026-01-20,001/0013957,AKE789,31.0,PIEDRA,2,34.8,35.67,194.4,,,SAN LORENZO,MEIGGS,2026-07-01T08:48:21.113575Z
46408-0010013959,46408,VIRGEN DE ESTRELLA S.A.C.,2026-01-20,001/0013959,AHJ786,28.0,PIEDRA,2,36.27,37.17,202.58,,,SAN LORENZO,MEIGGS,2026-07-01T08:48:21.113602Z
46408-0010013964,46408,VIRGEN DE ESTRELLA S.A.C.,2026-01-20,001/0013964,BZR752,38.0,PIEDRA,2,36.41,37.32,203.39,,,SAN LORENZO,MEIGGS,2026-07-01T08:48:21.113627Z
46440-1910565413,46440,VIRGEN DE ESTRELLA S.A.C.,2026-01-21,191/0565413,CHS718,45.0,ARENA,14,32.51,35.76,573.21,,,JICAMARCA,CONCHAN,2026-06-30T22:19:39.491042Z
46440-1910565418,46440,VIRGEN DE ESTRELLA S.A.C.,2026-01-21,191/0565418,C9W737,21.0,ARENA,14,32.49,35.74,572.96,,,JICAMARCA,CONCHAN,2026-06-30T22:19:39.491080Z
46440-1910565436,46440,VIRGEN DE ESTRELLA S.A.C.,2026-01-21,191/0565436,CBA709,43.0,ARENA,14,32.83,36.12,578.92,,,JICAMARCA,CONCHAN,2026-06-30T22:19:39.491119Z
46440-1910565441,46440,VIRGEN DE ESTRELLA S.A.C.,2026-01-21,191/0565441,BZR940,40.0,ARENA,14,36.47,40.11,643.03,,,JICAMARCA,CONCHAN,2026-06-30T22:19:39.491156Z
46408-1910565359,46408,VIRGEN DE ESTRELLA S.A.C.,2026-01-21,191/0565359,BZR940,40.0,PIEDRA,2,33.65,33.64,539.33,,,JICAMARCA,SAN ANTONIO,2026-07-01T08:48:21.104373Z
46408-1910565393,46408,VIRGEN DE ESTRELLA S.A.C.,2026-01-21,191/0565393,CBA709,43.0,PIEDRA,2,34.08,34.08,546.3,,,JICAMARCA,SAN ANTONIO,2026-07-01T08:48:21.104402Z
46408-1910565344,46408,VIRGEN DE ESTRELLA S.A.C.,2026-01-21,191/0565344,CCL847,44.0,PIEDRA,2,34.58,34.58,554.33,,,JICAMARCA,SAN ANTONIO,2026-07-01T08:48:21.104633Z
46408-1910565358,46408,VIRGEN DE ESTRELLA S.A.C.,2026-01-21,191/0565358,C9W737,21.0,PIEDRA,2,35.54,35.54,569.73,,,JICAMARCA,SAN ANTONIO,2026-07-01T08:48:21.104659Z
46408-1910565371,46408,VIRGEN DE ESTRELLA S.A.C.,2026-01-21,191/0565371,CHS718,45.0,PIEDRA,2,35.87,35.87,574.95,,,JICAMARCA,SAN ANTONIO,2026-07-01T08:48:21.104685Z
46408-1910565472,46408,VIRGEN DE ESTRELLA S.A.C.,2026-01-21,191/0565472,CHS718,45.0,PIEDRA,2,36.35,36.35,582.65,,,JICAMARCA,SAN ANTONIO,2026-07-01T08:48:21.104717Z
46408-1910565424,46408,VIRGEN DE ESTRELLA S.A.C.,2026-01-21,191/0565424,CCL847,44.0,PIEDRA,2,34.76,34.76,473.78,,,JICAMARCA,CONCRETO PRETENSADO,2026-07-01T08:48:21.104992Z
46408-3770003734,46408,VIRGEN DE ESTRELLA S.A.C.,2026-01-21,377/0003734,AKE789,31.0,ARENA,14,39.87,39.87,215.3,,,OQUENDO,MEIGGS,2026-07-01T08:48:21.105222Z
46408-3770003735,46408,VIRGEN DE ESTRELLA S.A.C.,2026-01-21,377/0003735,BZR752,38.0,ARENA,14,40.66,40.66,219.56,,,OQUENDO,MEIGGS,2026-07-01T08:48:21.105248Z
46408-3770003736,46408,VIRGEN DE ESTRELLA S.A.C.,2026-01-21,377/0003736,ABN852,27.0,ARENA,14,40.67,40.67,219.62,,,OQUENDO,MEIGGS,2026-07-01T08:48:21.105274Z
46408-1950185920,46408,VIRGEN DE ESTRELLA S.A.C.,2026-01-21,195/0185920,AFX735,25.0,PIEDRA,2,33.35,33.45,482.68,,,YERBABUENA,MEIGGS,2026-07-01T08:48:21.105437Z
46408-1950185971,46408,VIRGEN DE ESTRELLA S.A.C.,2026-01-21,195/0185971,CBR872,16.0,PIEDRA,2,35.27,35.37,510.39,,,YERBABUENA,MEIGGS,2026-07-01T08:48:21.105464Z
46408-1950185922,46408,VIRGEN DE ESTRELLA S.A.C.,2026-01-21,195/0185922,CBR854,14.0,PIEDRA,2,39.13,39.33,567.53,,,YERBABUENA,MEIGGS,2026-07-01T08:48:21.105830Z
46408-1950185924,46408,VIRGEN DE ESTRELLA S.A.C.,2026-01-21,195/0185924,CBR796,18.0,PIEDRA,2,38.46,38.66,557.86,,,YERBABUENA,MEIGGS,2026-07-01T08:48:21.105855Z
46408-1950185939,46408,VIRGEN DE ESTRELLA S.A.C.,2026-01-21,195/0185939,CBR846,12.0,PIEDRA,2,38.02,38.22,551.51,,,YERBABUENA,MEIGGS,2026-07-01T08:48:21.105882Z
46408-1950185942,46408,VIRGEN DE ESTRELLA S.A.C.,2026-01-21,195/0185942,CBR872,16.0,PIEDRA,2,39.82,40.03,577.63,,,YERBABUENA,MEIGGS,2026-07-01T08:48:21.105905Z
46408-1950185968,46408,VIRGEN DE ESTRELLA S.A.C.,2026-01-21,195/0185968,CBR846,12.0,PIEDRA,2,39.83,40.04,577.78,,,YERBABUENA,MEIGGS,2026-07-01T08:48:21.105933Z
46408-1950185999,46408,VIRGEN DE ESTRELLA S.A.C.,2026-01-21,195/0185999,CBR796,18.0,PIEDRA,2,40.76,40.97,591.2,,,YERBABUENA,MEIGGS,2026-07-01T08:48:21.105958Z
46408-1950185933,46408,VIRGEN DE ESTRELLA S.A.C.,2026-01-21,195/0185933,F3F817,1.0,ARENA,14,44.07,44.48,641.85,,,YERBABUENA,MEIGGS,2026-07-01T08:48:21.107024Z
46408-1950185936,46408,VIRGEN DE ESTRELLA S.A.C.,2026-01-21,195/0185936,A1H872,,ARENA,14,45.77,46.2,666.67,,,YERBABUENA,MEIGGS,2026-07-01T08:48:21.107064Z
46408-1950185940,46408,VIRGEN DE ESTRELLA S.A.C.,2026-01-21,195/0185940,AWH708,33.0,ARENA,14,37.24,37.59,542.42,,,YERBABUENA,MEIGGS,2026-07-01T08:48:21.107097Z
46408-1950185945,46408,VIRGEN DE ESTRELLA S.A.C.,2026-01-21,195/0185945,AWW871,32.0,ARENA,14,37.19,37.54,541.7,,,YERBABUENA,MEIGGS,2026-07-01T08:48:21.107129Z
46408-1950185965,46408,VIRGEN DE ESTRELLA S.A.C.,2026-01-21,195/0185965,A1H872,,ARENA,14,44.18,44.6,643.58,,,YERBABUENA,MEIGGS,2026-07-01T08:48:21.107168Z
46408-1950185966,46408,VIRGEN DE ESTRELLA S.A.C.,2026-01-21,195/0185966,CBR854,14.0,ARENA,14,44.98,45.4,655.12,,,YERBABUENA,MEIGGS,2026-07-01T08:48:21.107203Z
46408-1950185967,46408,VIRGEN DE ESTRELLA S.A.C.,2026-01-21,195/0185967,AWH708,33.0,ARENA,14,38.66,39.02,563.06,,,YERBABUENA,MEIGGS,2026-07-01T08:48:21.107236Z
46408-1950185969,46408,VIRGEN DE ESTRELLA S.A.C.,2026-01-21,195/0185969,CAZ895,42.0,ARENA,14,35.9,36.24,522.94,,,YERBABUENA,MEIGGS,2026-07-01T08:48:21.107268Z
46408-1950185970,46408,VIRGEN DE ESTRELLA S.A.C.,2026-01-21,195/0185970,AWW871,32.0,ARENA,14,36.76,37.11,535.5,,,YERBABUENA,MEIGGS,2026-07-01T08:48:21.107301Z
46408-1950185972,46408,VIRGEN DE ESTRELLA S.A.C.,2026-01-21,195/0185972,AFX735,25.0,ARENA,14,35.04,35.37,510.39,,,YERBABUENA,MEIGGS,2026-07-01T08:48:21.107334Z
46408-1950185993,46408,VIRGEN DE ESTRELLA S.A.C.,2026-01-21,195/0185993,ATN880,5.0,ARENA,14,43.92,44.33,639.68,,,YERBABUENA,MEIGGS,2026-07-01T08:48:21.107366Z
46408-1950185994,46408,VIRGEN DE ESTRELLA S.A.C.,2026-01-21,195/0185994,F3F817,1.0,ARENA,14,43.45,43.86,632.9,,,YERBABUENA,MEIGGS,2026-07-01T08:48:21.107401Z
46408-0010013970,46408,VIRGEN DE ESTRELLA S.A.C.,2026-01-21,001/0013970,AJA905,29.0,PIEDRA,2,36.14,37.22,269.47,,,SAN LORENZO,COLLIQUE,2026-07-01T08:48:21.108372Z
46408-0010013971,46408,VIRGEN DE ESTRELLA S.A.C.,2026-01-21,001/0013971,CAZ895,42.0,PIEDRA,2,38.08,39.22,283.95,,,SAN LORENZO,COLLIQUE,2026-07-01T08:48:21.108402Z
46408-0010013975,46408,VIRGEN DE ESTRELLA S.A.C.,2026-01-21,001/0013975,BYP838,10.0,PIEDRA,2,40.37,41.58,301.04,,,SAN LORENZO,COLLIQUE,2026-07-01T08:48:21.108432Z
46408-0010013976,46408,VIRGEN DE ESTRELLA S.A.C.,2026-01-21,001/0013976,BYP824,9.0,PIEDRA,2,45.28,46.64,337.67,,,SAN LORENZO,COLLIQUE,2026-07-01T08:48:21.108462Z
46408-0010013978,46408,VIRGEN DE ESTRELLA S.A.C.,2026-01-21,001/0013978,CAZ895,42.0,PIEDRA,2,37.71,38.84,281.2,,,SAN LORENZO,COLLIQUE,2026-07-01T08:48:21.108496Z
46408-0010013979,46408,VIRGEN DE ESTRELLA S.A.C.,2026-01-21,001/0013979,AJA905,29.0,PIEDRA,2,36.84,37.95,274.76,,,SAN LORENZO,COLLIQUE,2026-07-01T08:48:21.108527Z
46408-0010013980,46408,VIRGEN DE ESTRELLA S.A.C.,2026-01-21,001/0013980,ABN852,27.0,PIEDRA,2,39.72,40.91,296.19,,,SAN LORENZO,COLLIQUE,2026-07-01T08:48:21.108558Z
46408-0010013981,46408,VIRGEN DE ESTRELLA S.A.C.,2026-01-21,001/0013981,AHJ786,28.0,PIEDRA,2,37.31,38.43,278.23,,,SAN LORENZO,COLLIQUE,2026-07-01T08:48:21.108590Z
46408-0010013982,46408,VIRGEN DE ESTRELLA S.A.C.,2026-01-21,001/0013982,D8E728,24.0,PIEDRA,2,36.53,37.63,272.44,,,SAN LORENZO,COLLIQUE,2026-07-01T08:48:21.108621Z
46408-0010013983,46408,VIRGEN DE ESTRELLA S.A.C.,2026-01-21,001/0013983,BFI758,37.0,PIEDRA,2,39.61,40.8,295.39,,,SAN LORENZO,COLLIQUE,2026-07-01T08:48:21.108653Z
46408-0010013984,46408,VIRGEN DE ESTRELLA S.A.C.,2026-01-21,001/0013984,AJC805,30.0,PIEDRA,2,37.68,38.81,280.98,,,SAN LORENZO,COLLIQUE,2026-07-01T08:48:21.108684Z
46408-0010014000,46408,VIRGEN DE ESTRELLA S.A.C.,2026-01-21,001/0014000,BYP838,10.0,PIEDRA,2,42.12,43.38,314.07,,,SAN LORENZO,COLLIQUE,2026-07-01T08:48:21.108724Z
46408-0010014007,46408,VIRGEN DE ESTRELLA S.A.C.,2026-01-21,001/0014007,BYP838,10.0,PIEDRA,2,44.58,45.92,332.46,,,SAN LORENZO,COLLIQUE,2026-07-01T08:48:21.108754Z
46408-0010013985,46408,VIRGEN DE ESTRELLA S.A.C.,2026-01-21,001/0013985,D8D861,23.0,ARENA,14,32.26,35.81,259.26,,,SAN LORENZO,COLLIQUE,2026-07-01T08:48:21.110643Z
46408-0010013993,46408,VIRGEN DE ESTRELLA S.A.C.,2026-01-21,001/0013993,AHJ786,28.0,ARENA,14,33.95,37.68,272.8,,,SAN LORENZO,COLLIQUE,2026-07-01T08:48:21.110680Z
46408-0010013994,46408,VIRGEN DE ESTRELLA S.A.C.,2026-01-21,001/0013994,AKE789,31.0,ARENA,14,32.15,35.69,258.4,,,SAN LORENZO,COLLIQUE,2026-07-01T08:48:21.110725Z
46408-0010013997,46408,VIRGEN DE ESTRELLA S.A.C.,2026-01-21,001/0013997,D8E728,24.0,ARENA,14,32.23,35.78,259.05,,,SAN LORENZO,COLLIQUE,2026-07-01T08:48:21.110765Z
46408-0010013998,46408,VIRGEN DE ESTRELLA S.A.C.,2026-01-21,001/0013998,BFI758,37.0,ARENA,14,34.49,38.28,277.15,,,SAN LORENZO,COLLIQUE,2026-07-01T08:48:21.110800Z
46408-0010013999,46408,VIRGEN DE ESTRELLA S.A.C.,2026-01-21,001/0013999,BZR752,38.0,ARENA,14,35.25,39.13,283.3,,,SAN LORENZO,COLLIQUE,2026-07-01T08:48:21.110835Z
46408-0010014015,46408,VIRGEN DE ESTRELLA S.A.C.,2026-01-21,001/0014015,AHJ786,28.0,ARENA,14,34.23,38.0,275.12,,,SAN LORENZO,COLLIQUE,2026-07-01T08:48:21.110869Z
46408-0010013991,46408,VIRGEN DE ESTRELLA S.A.C.,2026-01-21,001/0013991,ABN852,27.0,ARENA,14,34.09,37.5,232.13,,,SAN LORENZO,OQUENDO,2026-07-01T08:48:21.112292Z
46408-0010014001,46408,VIRGEN DE ESTRELLA S.A.C.,2026-01-21,001/0014001,AJC805,30.0,ARENA,14,35.42,38.96,241.16,,,SAN LORENZO,OQUENDO,2026-07-01T08:48:21.112323Z
46408-0010014016,46408,VIRGEN DE ESTRELLA S.A.C.,2026-01-21,001/0014016,D8D861,23.0,ARENA,14,33.85,37.23,230.45,,,SAN LORENZO,OQUENDO,2026-07-01T08:48:21.112356Z
46408-0010013986,46408,VIRGEN DE ESTRELLA S.A.C.,2026-01-21,001/0013986,AKE789,31.0,PIEDRA,2,37.31,38.06,235.59,,,SAN LORENZO,OQUENDO,2026-07-01T08:48:21.112557Z
46408-0010013988,46408,VIRGEN DE ESTRELLA S.A.C.,2026-01-21,001/0013988,D8D861,23.0,PIEDRA,2,36.84,37.58,232.62,,,SAN LORENZO,OQUENDO,2026-07-01T08:48:21.112586Z
46408-0010013989,46408,VIRGEN DE ESTRELLA S.A.C.,2026-01-21,001/0013989,BZR752,38.0,PIEDRA,2,38.56,39.33,243.45,,,SAN LORENZO,OQUENDO,2026-07-01T08:48:21.112614Z
46408-0010013990,46408,VIRGEN DE ESTRELLA S.A.C.,2026-01-21,001/0013990,BYP838,10.0,PIEDRA,2,43.12,43.98,272.24,,,SAN LORENZO,OQUENDO,2026-07-01T08:48:21.112648Z
46408-0010014012,46408,VIRGEN DE ESTRELLA S.A.C.,2026-01-21,001/0014012,AJC805,30.0,ARENA,14,34.01,38.43,240.57,,,SAN LORENZO,MATERIALES,2026-07-01T08:48:21.112894Z
46408-0010014013,46408,VIRGEN DE ESTRELLA S.A.C.,2026-01-21,001/0014013,D8E728,24.0,ARENA,14,31.97,36.13,226.17,,,SAN LORENZO,MATERIALES,2026-07-01T08:48:21.112926Z
46408-0010014006,46408,VIRGEN DE ESTRELLA S.A.C.,2026-01-21,001/0014006,ABN852,27.0,ARENA,14,36.58,39.69,216.31,,,SAN LORENZO,MEIGGS,2026-07-01T08:48:21.113190Z
46408-0010014009,46408,VIRGEN DE ESTRELLA S.A.C.,2026-01-21,001/0014009,AHJ786,28.0,ARENA,14,34.28,37.19,202.69,,,SAN LORENZO,MEIGGS,2026-07-01T08:48:21.113219Z
46408-0010014010,46408,VIRGEN DE ESTRELLA S.A.C.,2026-01-21,001/0014010,D8D861,23.0,ARENA,14,33.08,35.89,195.6,,,SAN LORENZO,MEIGGS,2026-07-01T08:48:21.113249Z
46408-0010014011,46408,VIRGEN DE ESTRELLA S.A.C.,2026-01-21,001/0014011,AKE789,31.0,ARENA,14,33.82,36.7,200.02,,,SAN LORENZO,MEIGGS,2026-07-01T08:48:21.113279Z
46408-1910565537,46408,VIRGEN DE ESTRELLA S.A.C.,2026-01-22,191/0565537,CCL847,44.0,ARENA,14,32.67,36.92,591.84,,,JICAMARCA,SAN ANTONIO,2026-07-01T08:48:21.103782Z
46408-1910565563,46408,VIRGEN DE ESTRELLA S.A.C.,2026-01-22,191/0565563,C9W737,21.0,ARENA,14,30.81,34.81,558.05,,,JICAMARCA,SAN ANTONIO,2026-07-01T08:48:21.103812Z
46408-1910565567,46408,VIRGEN DE ESTRELLA S.A.C.,2026-01-22,191/0565567,BZR940,40.0,ARENA,14,34.0,38.42,615.94,,,JICAMARCA,SAN ANTONIO,2026-07-01T08:48:21.103843Z
46408-1910565584,46408,VIRGEN DE ESTRELLA S.A.C.,2026-01-22,191/0565584,CBA709,43.0,ARENA,14,33.43,37.77,605.51,,,JICAMARCA,SAN ANTONIO,2026-07-01T08:48:21.103873Z
46408-1910565603,46408,VIRGEN DE ESTRELLA S.A.C.,2026-01-22,191/0565603,CCL847,44.0,ARENA,14,29.86,33.74,540.91,,,JICAMARCA,SAN ANTONIO,2026-07-01T08:48:21.103903Z
46408-1910565606,46408,VIRGEN DE ESTRELLA S.A.C.,2026-01-22,191/0565606,CHS718,45.0,ARENA,14,29.56,33.4,535.44,,,JICAMARCA,SAN ANTONIO,2026-07-01T08:48:21.103934Z
46408-1910565615,46408,VIRGEN DE ESTRELLA S.A.C.,2026-01-22,191/0565615,C9W737,21.0,ARENA,14,29.27,33.08,530.22,,,JICAMARCA,SAN ANTONIO,2026-07-01T08:48:21.103963Z
46408-1910565619,46408,VIRGEN DE ESTRELLA S.A.C.,2026-01-22,191/0565619,CBA709,43.0,ARENA,14,31.66,35.77,573.46,,,JICAMARCA,SAN ANTONIO,2026-07-01T08:48:21.103992Z
46408-1910565639,46408,VIRGEN DE ESTRELLA S.A.C.,2026-01-22,191/0565639,BZR940,40.0,ARENA,14,33.43,37.77,605.51,,,JICAMARCA,SAN ANTONIO,2026-07-01T08:48:21.104023Z
46408-1910565660,46408,VIRGEN DE ESTRELLA S.A.C.,2026-01-22,191/0565660,C9W737,21.0,ARENA,14,30.77,34.77,557.31,,,JICAMARCA,SAN ANTONIO,2026-07-01T08:48:21.104052Z
46408-1910565554,46408,VIRGEN DE ESTRELLA S.A.C.,2026-01-22,191/0565554,CHS718,45.0,PIEDRA,2,38.36,38.36,614.95,,,JICAMARCA,SAN ANTONIO,2026-07-01T08:48:21.104743Z
46408-1910565654,46408,VIRGEN DE ESTRELLA S.A.C.,2026-01-22,191/0565654,CCL847,44.0,PIEDRA,2,35.26,35.26,565.26,,,JICAMARCA,SAN ANTONIO,2026-07-01T08:48:21.104773Z
46408-1950186012,46408,VIRGEN DE ESTRELLA S.A.C.,2026-01-22,195/0186012,CBR796,18.0,PIEDRA,2,40.53,40.53,584.85,,,YERBABUENA,MEIGGS,2026-07-01T08:48:21.105983Z
46408-1950186043,46408,VIRGEN DE ESTRELLA S.A.C.,2026-01-22,195/0186043,F3F817,1.0,PIEDRA,2,44.02,44.02,635.21,,,YERBABUENA,MEIGGS,2026-07-01T08:48:21.106010Z
46408-1950186044,46408,VIRGEN DE ESTRELLA S.A.C.,2026-01-22,195/0186044,CBR846,12.0,PIEDRA,2,41.17,41.17,594.08,,,YERBABUENA,MEIGGS,2026-07-01T08:48:21.106036Z
46408-1950186045,46408,VIRGEN DE ESTRELLA S.A.C.,2026-01-22,195/0186045,ATN880,5.0,PIEDRA,2,44.17,44.17,637.37,,,YERBABUENA,MEIGGS,2026-07-01T08:48:21.106062Z
46408-1950186046,46408,VIRGEN DE ESTRELLA S.A.C.,2026-01-22,195/0186046,A1H872,,PIEDRA,2,44.38,44.38,640.4,,,YERBABUENA,MEIGGS,2026-07-01T08:48:21.106139Z
46408-1950186047,46408,VIRGEN DE ESTRELLA S.A.C.,2026-01-22,195/0186047,CBR872,16.0,PIEDRA,2,42.71,42.71,616.31,,,YERBABUENA,MEIGGS,2026-07-01T08:48:21.106171Z
46408-1950186007,46408,VIRGEN DE ESTRELLA S.A.C.,2026-01-22,195/0186007,AFX735,25.0,ARENA,14,36.44,36.44,525.83,,,YERBABUENA,MEIGGS,2026-07-01T08:48:21.107435Z
46408-1950186010,46408,VIRGEN DE ESTRELLA S.A.C.,2026-01-22,195/0186010,CBR854,14.0,ARENA,14,42.13,42.13,607.94,,,YERBABUENA,MEIGGS,2026-07-01T08:48:21.107473Z
46408-1950186041,46408,VIRGEN DE ESTRELLA S.A.C.,2026-01-22,195/0186041,AWW871,32.0,ARENA,14,42.02,42.02,606.35,,,YERBABUENA,MEIGGS,2026-07-01T08:48:21.107510Z
46408-1950186042,46408,VIRGEN DE ESTRELLA S.A.C.,2026-01-22,195/0186042,AWH708,33.0,ARENA,14,40.61,40.61,586.0,,,YERBABUENA,MEIGGS,2026-07-01T08:48:21.107543Z
46408-1950186048,46408,VIRGEN DE ESTRELLA S.A.C.,2026-01-22,195/0186048,AWW845,34.0,ARENA,14,41.65,41.65,601.01,,,YERBABUENA,MEIGGS,2026-07-01T08:48:21.107577Z
46408-0010014017,46408,VIRGEN DE ESTRELLA S.A.C.,2026-01-22,001/0014017,ABN852,27.0,PIEDRA,2,39.04,40.21,291.12,,,SAN LORENZO,COLLIQUE,2026-07-01T08:48:21.108786Z
46408-0010014018,46408,VIRGEN DE ESTRELLA S.A.C.,2026-01-22,001/0014018,BYP838,10.0,PIEDRA,2,44.85,46.2,334.49,,,SAN LORENZO,COLLIQUE,2026-07-01T08:48:21.108823Z
46408-0010014019,46408,VIRGEN DE ESTRELLA S.A.C.,2026-01-22,001/0014019,CAZ895,42.0,PIEDRA,2,38.94,40.11,290.4,,,SAN LORENZO,COLLIQUE,2026-07-01T08:48:21.108853Z
46408-0010014020,46408,VIRGEN DE ESTRELLA S.A.C.,2026-01-22,001/0014020,AJC805,30.0,PIEDRA,2,38.55,39.71,287.5,,,SAN LORENZO,COLLIQUE,2026-07-01T08:48:21.108883Z
46408-0010014021,46408,VIRGEN DE ESTRELLA S.A.C.,2026-01-22,001/0014021,D8D861,23.0,PIEDRA,2,38.95,40.12,290.47,,,SAN LORENZO,COLLIQUE,2026-07-01T08:48:21.108915Z
46408-0010014022,46408,VIRGEN DE ESTRELLA S.A.C.,2026-01-22,001/0014022,BFI758,37.0,PIEDRA,2,39.66,40.85,295.75,,,SAN LORENZO,COLLIQUE,2026-07-01T08:48:21.108947Z
46408-0010014023,46408,VIRGEN DE ESTRELLA S.A.C.,2026-01-22,001/0014023,D8E728,24.0,PIEDRA,2,36.39,37.48,271.36,,,SAN LORENZO,COLLIQUE,2026-07-01T08:48:21.108980Z
46408-0010014024,46408,VIRGEN DE ESTRELLA S.A.C.,2026-01-22,001/0014024,BZR781,39.0,PIEDRA,2,39.63,40.82,295.54,,,SAN LORENZO,COLLIQUE,2026-07-01T08:48:21.109013Z
46408-0010014033,46408,VIRGEN DE ESTRELLA S.A.C.,2026-01-22,001/0014033,BYP838,10.0,PIEDRA,2,44.53,45.87,332.1,,,SAN LORENZO,COLLIQUE,2026-07-01T08:48:21.109046Z
46408-0010014042,46408,VIRGEN DE ESTRELLA S.A.C.,2026-01-22,001/0014042,CBR854,14.0,PIEDRA,2,37.32,38.44,278.31,,,SAN LORENZO,COLLIQUE,2026-07-01T08:48:21.109080Z
46408-0010014045,46408,VIRGEN DE ESTRELLA S.A.C.,2026-01-22,001/0014045,CBR796,18.0,PIEDRA,2,39.32,39.32,293.22,,,SAN LORENZO,COLLIQUE,2026-07-01T08:48:21.109117Z
46408-0010014052,46408,VIRGEN DE ESTRELLA S.A.C.,2026-01-22,001/0014052,AWH708,33.0,PIEDRA,2,38.35,39.5,285.98,,,SAN LORENZO,COLLIQUE,2026-07-01T08:48:21.109153Z
46408-0010014053,46408,VIRGEN DE ESTRELLA S.A.C.,2026-01-22,001/0014053,CBR846,12.0,PIEDRA,2,40.52,41.74,302.2,,,SAN LORENZO,COLLIQUE,2026-07-01T08:48:21.109186Z
46408-0010014054,46408,VIRGEN DE ESTRELLA S.A.C.,2026-01-22,001/0014054,CBR872,16.0,PIEDRA,2,38.36,39.51,286.05,,,SAN LORENZO,COLLIQUE,2026-07-01T08:48:21.109218Z
46408-0010014055,46408,VIRGEN DE ESTRELLA S.A.C.,2026-01-22,001/0014055,ATN880,5.0,PIEDRA,2,46.22,47.61,344.7,,,SAN LORENZO,COLLIQUE,2026-07-01T08:48:21.109252Z
46408-0010014058,46408,VIRGEN DE ESTRELLA S.A.C.,2026-01-22,001/0014058,F3F817,1.0,PIEDRA,2,44.43,45.76,331.3,,,SAN LORENZO,COLLIQUE,2026-07-01T08:48:21.109286Z
46408-0010014064,46408,VIRGEN DE ESTRELLA S.A.C.,2026-01-22,001/0014064,AKE789,31.0,PIEDRA,2,36.92,38.03,275.34,,,SAN LORENZO,COLLIQUE,2026-07-01T08:48:21.109320Z
46408-0010014025,46408,VIRGEN DE ESTRELLA S.A.C.,2026-01-22,001/0014025,AKE789,31.0,ARENA,14,32.61,36.2,262.09,,,SAN LORENZO,COLLIQUE,2026-07-01T08:48:21.110905Z
46408-0010014026,46408,VIRGEN DE ESTRELLA S.A.C.,2026-01-22,001/0014026,AHJ786,28.0,ARENA,14,36.18,40.16,290.76,,,SAN LORENZO,COLLIQUE,2026-07-01T08:48:21.110941Z
46408-0010014027,46408,VIRGEN DE ESTRELLA S.A.C.,2026-01-22,001/0014027,D8B795,22.0,ARENA,14,30.47,33.82,244.86,,,SAN LORENZO,COLLIQUE,2026-07-01T08:48:21.110974Z
46408-0010014028,46408,VIRGEN DE ESTRELLA S.A.C.,2026-01-22,001/0014028,BZR752,38.0,ARENA,14,34.53,38.33,277.51,,,SAN LORENZO,COLLIQUE,2026-07-01T08:48:21.111009Z
46408-0010014036,46408,VIRGEN DE ESTRELLA S.A.C.,2026-01-22,001/0014036,ABN852,27.0,ARENA,14,35.19,39.06,282.79,,,SAN LORENZO,COLLIQUE,2026-07-01T08:48:21.111046Z
46408-0010014037,46408,VIRGEN DE ESTRELLA S.A.C.,2026-01-22,001/0014037,AJC805,30.0,ARENA,14,33.17,36.82,266.58,,,SAN LORENZO,COLLIQUE,2026-07-01T08:48:21.111082Z
46408-0010014039,46408,VIRGEN DE ESTRELLA S.A.C.,2026-01-22,001/0014039,CAZ895,42.0,ARENA,14,30.83,34.22,247.75,,,SAN LORENZO,COLLIQUE,2026-07-01T08:48:21.111118Z
46408-0010014044,46408,VIRGEN DE ESTRELLA S.A.C.,2026-01-22,001/0014044,AFX735,25.0,ARENA,14,31.59,35.06,253.83,,,SAN LORENZO,COLLIQUE,2026-07-01T08:48:21.111152Z
46408-0010014049,46408,VIRGEN DE ESTRELLA S.A.C.,2026-01-22,001/0014049,AKE789,31.0,ARENA,14,33.96,37.7,272.95,,,SAN LORENZO,COLLIQUE,2026-07-01T08:48:21.111184Z
46408-0010014050,46408,VIRGEN DE ESTRELLA S.A.C.,2026-01-22,001/0014050,BZR752,38.0,ARENA,14,34.86,38.69,280.12,,,SAN LORENZO,COLLIQUE,2026-07-01T08:48:21.111216Z
46408-0010014051,46408,VIRGEN DE ESTRELLA S.A.C.,2026-01-22,001/0014051,AJA905,29.0,ARENA,14,30.52,33.88,245.29,,,SAN LORENZO,COLLIQUE,2026-07-01T08:48:21.111248Z
46408-0010014059,46408,VIRGEN DE ESTRELLA S.A.C.,2026-01-22,001/0014059,D8D861,23.0,ARENA,14,34.13,37.88,274.25,,,SAN LORENZO,COLLIQUE,2026-07-01T08:48:21.111280Z
46408-0010014034,46408,VIRGEN DE ESTRELLA S.A.C.,2026-01-22,001/0014034,D8D861,23.0,ARENA,14,33.8,38.19,239.07,,,SAN LORENZO,MATERIALES,2026-07-01T08:48:21.112959Z
46408-0010014035,46408,VIRGEN DE ESTRELLA S.A.C.,2026-01-22,001/0014035,BFI758,37.0,ARENA,14,36.96,41.77,261.48,,,SAN LORENZO,MATERIALES,2026-07-01T08:48:21.112990Z
46408-0010014040,46408,VIRGEN DE ESTRELLA S.A.C.,2026-01-22,001/0014040,D8E728,24.0,ARENA,14,31.85,35.99,225.3,,,SAN LORENZO,MATERIALES,2026-07-01T08:48:21.113020Z
46408-0010014046,46408,VIRGEN DE ESTRELLA S.A.C.,2026-01-22,001/0014046,BZR781,39.0,ARENA,14,33.19,37.51,234.81,,,SAN LORENZO,MATERIALES,2026-07-01T08:48:21.113047Z
46408-0010014060,46408,VIRGEN DE ESTRELLA S.A.C.,2026-01-22,001/0014060,AWW845,34.0,PIEDRA,2,35.94,36.73,200.18,,,SAN LORENZO,MEIGGS,2026-07-01T08:48:21.113653Z
46408-0010014062,46408,VIRGEN DE ESTRELLA S.A.C.,2026-01-22,001/0014062,AWW871,32.0,PIEDRA,2,36.39,37.19,202.69,,,SAN LORENZO,MEIGGS,2026-07-01T08:48:21.113679Z
46408-0010014065,46408,VIRGEN DE ESTRELLA S.A.C.,2026-01-22,001/0014065,D8E728,24.0,PIEDRA,2,34.63,35.39,192.88,,,SAN LORENZO,MEIGGS,2026-07-01T08:48:21.113706Z
46440-1910565700,46440,VIRGEN DE ESTRELLA S.A.C.,2026-01-23,191/0565700,CCL847,44.0,ARENA,14,33.13,36.44,584.14,,,JICAMARCA,CONCHAN,2026-06-30T22:19:39.491194Z
46440-1910565710,46440,VIRGEN DE ESTRELLA S.A.C.,2026-01-23,191/0565710,CHS718,45.0,ARENA,14,33.9,37.29,597.81,,,JICAMARCA,CONCHAN,2026-06-30T22:19:39.491226Z
46440-1910565717,46440,VIRGEN DE ESTRELLA S.A.C.,2026-01-23,191/0565717,C9W737,21.0,ARENA,14,35.27,38.8,621.91,,,JICAMARCA,CONCHAN,2026-06-30T22:19:39.491258Z
46440-1910565726,46440,VIRGEN DE ESTRELLA S.A.C.,2026-01-23,191/0565726,C9W737,21.0,ARENA,14,31.45,34.6,554.57,,,JICAMARCA,CONCHAN,2026-06-30T22:19:39.491298Z
46408-1910565808,46408,VIRGEN DE ESTRELLA S.A.C.,2026-01-23,191/0565808,C9W737,21.0,PIEDRA,2,34.06,34.06,464.24,,,JICAMARCA,EMBOLSADOS INS. Y SUM.,2026-07-01T08:48:21.103282Z
46408-1910565758,46408,VIRGEN DE ESTRELLA S.A.C.,2026-01-23,191/0565758,CBA709,43.0,ARENA,14,34.13,38.56,618.18,,,JICAMARCA,SAN ANTONIO,2026-07-01T08:48:21.104079Z
46408-1910565774,46408,VIRGEN DE ESTRELLA S.A.C.,2026-01-23,191/0565774,CHS718,45.0,ARENA,14,31.03,35.06,562.03,,,JICAMARCA,SAN ANTONIO,2026-07-01T08:48:21.104107Z
46408-1910565781,46408,VIRGEN DE ESTRELLA S.A.C.,2026-01-23,191/0565781,CCL847,44.0,ARENA,14,30.11,34.02,545.38,,,JICAMARCA,SAN ANTONIO,2026-07-01T08:48:21.104135Z
46408-1910565793,46408,VIRGEN DE ESTRELLA S.A.C.,2026-01-23,191/0565793,CBA709,43.0,PIEDRA,2,36.15,36.15,579.42,,,JICAMARCA,SAN ANTONIO,2026-07-01T08:48:21.104799Z
46408-1910565814,46408,VIRGEN DE ESTRELLA S.A.C.,2026-01-23,191/0565814,BZR940,40.0,PIEDRA,2,36.81,36.81,590.1,,,JICAMARCA,SAN ANTONIO,2026-07-01T08:48:21.104826Z
46408-1910565826,46408,VIRGEN DE ESTRELLA S.A.C.,2026-01-23,191/0565826,CHS718,45.0,PIEDRA,2,33.81,33.81,541.9,,,JICAMARCA,SAN ANTONIO,2026-07-01T08:48:21.104857Z
46408-3770003737,46408,VIRGEN DE ESTRELLA S.A.C.,2026-01-23,377/0003737,AFX735,25.0,ARENA,14,40.36,40.36,217.94,,,OQUENDO,MEIGGS,2026-07-01T08:48:21.105301Z
46408-3770003738,46408,VIRGEN DE ESTRELLA S.A.C.,2026-01-23,377/0003738,ABN852,27.0,ARENA,14,41.29,41.29,222.97,,,OQUENDO,MEIGGS,2026-07-01T08:48:21.105327Z
46408-3770003739,46408,VIRGEN DE ESTRELLA S.A.C.,2026-01-23,377/0003739,AWW871,32.0,ARENA,14,41.12,41.12,222.05,,,OQUENDO,MEIGGS,2026-07-01T08:48:21.105354Z
46408-3770003741,46408,VIRGEN DE ESTRELLA S.A.C.,2026-01-23,377/0003741,AFX735,25.0,ARENA,14,38.34,38.34,207.04,,,OQUENDO,MEIGGS,2026-07-01T08:48:21.105380Z
46408-3770003742,46408,VIRGEN DE ESTRELLA S.A.C.,2026-01-23,377/0003742,ABN852,27.0,ARENA,14,40.97,40.97,221.24,,,OQUENDO,MEIGGS,2026-07-01T08:48:21.105410Z
46408-0010014070,46408,VIRGEN DE ESTRELLA S.A.C.,2026-01-23,001/0014070,D8E728,24.0,PIEDRA,2,36.93,38.04,275.41,,,SAN LORENZO,COLLIQUE,2026-07-01T08:48:21.109381Z
46408-0010014071,46408,VIRGEN DE ESTRELLA S.A.C.,2026-01-23,001/0014071,CAZ895,42.0,PIEDRA,2,37.79,38.92,281.78,,,SAN LORENZO,COLLIQUE,2026-07-01T08:48:21.109415Z
46408-0010014080,46408,VIRGEN DE ESTRELLA S.A.C.,2026-01-23,001/0014080,CBR854,14.0,PIEDRA,2,36.89,38.0,275.12,,,SAN LORENZO,COLLIQUE,2026-07-01T08:48:21.109450Z
46408-0010014081,46408,VIRGEN DE ESTRELLA S.A.C.,2026-01-23,001/0014081,CBR872,16.0,PIEDRA,2,38.79,39.95,289.24,,,SAN LORENZO,COLLIQUE,2026-07-01T08:48:21.109486Z
46408-0010014083,46408,VIRGEN DE ESTRELLA S.A.C.,2026-01-23,001/0014083,F3F817,1.0,PIEDRA,2,43.45,44.75,323.99,,,SAN LORENZO,COLLIQUE,2026-07-01T08:48:21.109524Z
46408-0010014085,46408,VIRGEN DE ESTRELLA S.A.C.,2026-01-23,001/0014085,CBR796,18.0,PIEDRA,2,38.45,39.6,286.7,,,SAN LORENZO,COLLIQUE,2026-07-01T08:48:21.109569Z
46408-0010014086,46408,VIRGEN DE ESTRELLA S.A.C.,2026-01-23,001/0014086,BYP824,9.0,PIEDRA,2,41.22,42.46,307.41,,,SAN LORENZO,COLLIQUE,2026-07-01T08:48:21.109607Z
46408-0010014087,46408,VIRGEN DE ESTRELLA S.A.C.,2026-01-23,001/0014087,CBR846,12.0,PIEDRA,2,39.14,40.31,291.84,,,SAN LORENZO,COLLIQUE,2026-07-01T08:48:21.109640Z
46408-0010014093,46408,VIRGEN DE ESTRELLA S.A.C.,2026-01-23,001/0014093,CBR854,14.0,PIEDRA,2,39.1,40.27,291.55,,,SAN LORENZO,COLLIQUE,2026-07-01T08:48:21.109674Z
46408-0010014096,46408,VIRGEN DE ESTRELLA S.A.C.,2026-01-23,001/0014096,CBR872,16.0,PIEDRA,2,39.37,40.55,293.58,,,SAN LORENZO,COLLIQUE,2026-07-01T08:48:21.109706Z
46408-0010014097,46408,VIRGEN DE ESTRELLA S.A.C.,2026-01-23,001/0014097,CBR796,18.0,PIEDRA,2,42.31,43.58,315.52,,,SAN LORENZO,COLLIQUE,2026-07-01T08:48:21.109750Z
46408-0010014099,46408,VIRGEN DE ESTRELLA S.A.C.,2026-01-23,001/0014099,BYP824,9.0,PIEDRA,2,41.37,42.61,308.5,,,SAN LORENZO,COLLIQUE,2026-07-01T08:48:21.109786Z
46408-0010014103,46408,VIRGEN DE ESTRELLA S.A.C.,2026-01-23,001/0014103,F3F817,1.0,PIEDRA,2,41.99,43.25,313.13,,,SAN LORENZO,COLLIQUE,2026-07-01T08:48:21.109821Z
46408-0010014107,46408,VIRGEN DE ESTRELLA S.A.C.,2026-01-23,001/0014107,CBR846,12.0,PIEDRA,2,38.17,39.31,284.6,,,SAN LORENZO,COLLIQUE,2026-07-01T08:48:21.109855Z
46408-0010014068,46408,VIRGEN DE ESTRELLA S.A.C.,2026-01-23,001/0014068,BFI758,37.0,ARENA,14,36.23,40.4,292.5,,,SAN LORENZO,COLLIQUE,2026-07-01T08:48:21.111313Z
46408-0010014069,46408,VIRGEN DE ESTRELLA S.A.C.,2026-01-23,001/0014069,BZR781,39.0,ARENA,14,33.94,37.84,273.96,,,SAN LORENZO,COLLIQUE,2026-07-01T08:48:21.111350Z
46408-0010014082,46408,VIRGEN DE ESTRELLA S.A.C.,2026-01-23,001/0014082,AKE789,31.0,ARENA,14,31.52,35.15,254.49,,,SAN LORENZO,COLLIQUE,2026-07-01T08:48:21.111385Z
46408-0010014088,46408,VIRGEN DE ESTRELLA S.A.C.,2026-01-23,001/0014088,AWW871,32.0,ARENA,14,33.87,37.77,273.45,,,SAN LORENZO,COLLIQUE,2026-07-01T08:48:21.111417Z
46408-0010014089,46408,VIRGEN DE ESTRELLA S.A.C.,2026-01-23,001/0014089,AFX735,25.0,ARENA,14,31.08,34.65,250.87,,,SAN LORENZO,COLLIQUE,2026-07-01T08:48:21.111451Z
46408-0010014098,46408,VIRGEN DE ESTRELLA S.A.C.,2026-01-23,001/0014098,ABN852,27.0,ARENA,14,33.62,37.49,271.43,,,SAN LORENZO,COLLIQUE,2026-07-01T08:48:21.111483Z
46408-0010014101,46408,VIRGEN DE ESTRELLA S.A.C.,2026-01-23,001/0014101,BAE736,35.0,ARENA,14,34.25,38.19,276.5,,,SAN LORENZO,COLLIQUE,2026-07-01T08:48:21.111515Z
46408-0010014102,46408,VIRGEN DE ESTRELLA S.A.C.,2026-01-23,001/0014102,D8E728,24.0,ARENA,14,31.86,35.52,257.16,,,SAN LORENZO,COLLIQUE,2026-07-01T08:48:21.111548Z
46408-0010014105,46408,VIRGEN DE ESTRELLA S.A.C.,2026-01-23,001/0014105,CAZ895,42.0,ARENA,14,34.67,38.66,279.9,,,SAN LORENZO,COLLIQUE,2026-07-01T08:48:21.111580Z
46408-0010014112,46408,VIRGEN DE ESTRELLA S.A.C.,2026-01-23,001/0014112,AWW871,32.0,ARENA,14,35.7,39.8,288.15,,,SAN LORENZO,COLLIQUE,2026-07-01T08:48:21.111612Z
46408-0010014115,46408,VIRGEN DE ESTRELLA S.A.C.,2026-01-23,001/0014115,AFX735,25.0,ARENA,14,32.14,35.84,259.48,,,SAN LORENZO,COLLIQUE,2026-07-01T08:48:21.111649Z
46408-0010014116,46408,VIRGEN DE ESTRELLA S.A.C.,2026-01-23,001/0014116,AKE789,31.0,ARENA,14,32.33,36.05,261.0,,,SAN LORENZO,COLLIQUE,2026-07-01T08:48:21.111686Z
46408-0010014118,46408,VIRGEN DE ESTRELLA S.A.C.,2026-01-23,001/0014118,D8D861,23.0,ARENA,14,32.42,36.15,261.73,,,SAN LORENZO,COLLIQUE,2026-07-01T08:48:21.111728Z
46408-0010014124,46408,VIRGEN DE ESTRELLA S.A.C.,2026-01-23,001/0014124,BAE736,35.0,ARENA,14,36.02,40.16,290.76,,,SAN LORENZO,COLLIQUE,2026-07-01T08:48:21.111761Z
46408-0010014077,46408,VIRGEN DE ESTRELLA S.A.C.,2026-01-23,001/0014077,ABN852,27.0,PIEDRA,2,39.42,40.21,248.9,,,SAN LORENZO,OQUENDO,2026-07-01T08:48:21.112679Z
46408-0010014078,46408,VIRGEN DE ESTRELLA S.A.C.,2026-01-23,001/0014078,BAE736,35.0,PIEDRA,2,40.51,41.32,255.77,,,SAN LORENZO,OQUENDO,2026-07-01T08:48:21.112708Z
46408-0010014079,46408,VIRGEN DE ESTRELLA S.A.C.,2026-01-23,001/0014079,D8D861,23.0,PIEDRA,2,37.41,38.16,236.21,,,SAN LORENZO,OQUENDO,2026-07-01T08:48:21.112744Z
46408-0010014092,46408,VIRGEN DE ESTRELLA S.A.C.,2026-01-23,001/0014092,BFI758,37.0,ARENA,14,34.48,38.96,243.89,,,SAN LORENZO,MATERIALES,2026-07-01T08:48:21.113076Z
46408-0010014095,46408,VIRGEN DE ESTRELLA S.A.C.,2026-01-23,001/0014095,D8D861,23.0,ARENA,14,30.5,34.47,215.78,,,SAN LORENZO,MATERIALES,2026-07-01T08:48:21.113103Z
46440-1950186147,46440,VIRGEN DE ESTRELLA S.A.C.,2026-01-24,195/0186147,CBR796,18.0,PIEDRA,2,40.95,41.15,593.79,,,YERBABUENA,MEIGGS,2026-06-30T22:19:39.493310Z
46440-1950186158,46440,VIRGEN DE ESTRELLA S.A.C.,2026-01-24,195/0186158,CBR846,12.0,PIEDRA,2,41.27,41.48,598.56,,,YERBABUENA,MEIGGS,2026-06-30T22:19:39.493337Z
46440-1950186161,46440,VIRGEN DE ESTRELLA S.A.C.,2026-01-24,195/0186161,CBR872,16.0,PIEDRA,2,41.07,41.28,595.67,,,YERBABUENA,MEIGGS,2026-06-30T22:19:39.493363Z
46440-1950186197,46440,VIRGEN DE ESTRELLA S.A.C.,2026-01-24,195/0186197,CBR872,16.0,PIEDRA,2,41.55,41.76,602.6,,,YERBABUENA,MEIGGS,2026-06-30T22:19:39.493394Z
46440-1950186199,46440,VIRGEN DE ESTRELLA S.A.C.,2026-01-24,195/0186199,CBR796,18.0,PIEDRA,2,41.68,41.89,604.47,,,YERBABUENA,MEIGGS,2026-06-30T22:19:39.493421Z
46440-1950186207,46440,VIRGEN DE ESTRELLA S.A.C.,2026-01-24,195/0186207,CBR846,12.0,PIEDRA,2,42.22,42.43,612.26,,,YERBABUENA,MEIGGS,2026-06-30T22:19:39.493449Z
46440-1950186146,46440,VIRGEN DE ESTRELLA S.A.C.,2026-01-24,195/0186146,CBR854,14.0,ARENA,14,41.62,42.03,606.49,,,YERBABUENA,MEIGGS,2026-06-30T22:19:39.494188Z
46440-1950186153,46440,VIRGEN DE ESTRELLA S.A.C.,2026-01-24,195/0186153,F3F817,1.0,ARENA,14,42.63,43.05,621.21,,,YERBABUENA,MEIGGS,2026-06-30T22:19:39.494219Z
46440-1950186156,46440,VIRGEN DE ESTRELLA S.A.C.,2026-01-24,195/0186156,ATN880,5.0,ARENA,14,47.09,47.56,686.29,,,YERBABUENA,MEIGGS,2026-06-30T22:19:39.494249Z
46440-1950186157,46440,VIRGEN DE ESTRELLA S.A.C.,2026-01-24,195/0186157,CAZ895,42.0,ARENA,14,36.64,37.0,533.91,,,YERBABUENA,MEIGGS,2026-06-30T22:19:39.494276Z
46440-1950186159,46440,VIRGEN DE ESTRELLA S.A.C.,2026-01-24,195/0186159,AWH708,33.0,ARENA,14,37.77,38.14,550.36,,,YERBABUENA,MEIGGS,2026-06-30T22:19:39.494305Z
46440-1950186170,46440,VIRGEN DE ESTRELLA S.A.C.,2026-01-24,195/0186170,AWW871,32.0,ARENA,14,38.2,38.58,556.71,,,YERBABUENA,MEIGGS,2026-06-30T22:19:39.494332Z
46440-1950186177,46440,VIRGEN DE ESTRELLA S.A.C.,2026-01-24,195/0186177,AFX735,25.0,ARENA,14,36.74,37.1,535.35,,,YERBABUENA,MEIGGS,2026-06-30T22:19:39.494359Z
46440-1950186181,46440,VIRGEN DE ESTRELLA S.A.C.,2026-01-24,195/0186181,AYM897,7.0,ARENA,14,43.6,44.03,635.35,,,YERBABUENA,MEIGGS,2026-06-30T22:19:39.494387Z
46440-1950186189,46440,VIRGEN DE ESTRELLA S.A.C.,2026-01-24,195/0186189,CBR854,14.0,ARENA,14,40.91,41.31,596.1,,,YERBABUENA,MEIGGS,2026-06-30T22:19:39.494416Z
46440-1950186191,46440,VIRGEN DE ESTRELLA S.A.C.,2026-01-24,195/0186191,ATN880,5.0,ARENA,14,42.24,42.66,615.58,,,YERBABUENA,MEIGGS,2026-06-30T22:19:39.494446Z
46440-1950186194,46440,VIRGEN DE ESTRELLA S.A.C.,2026-01-24,195/0186194,AWH708,33.0,ARENA,14,38.19,38.57,556.57,,,YERBABUENA,MEIGGS,2026-06-30T22:19:39.494473Z
46440-1950186200,46440,VIRGEN DE ESTRELLA S.A.C.,2026-01-24,195/0186200,F3F817,1.0,ARENA,14,44.14,44.58,643.29,,,YERBABUENA,MEIGGS,2026-06-30T22:19:39.494501Z
46440-1950186209,46440,VIRGEN DE ESTRELLA S.A.C.,2026-01-24,195/0186209,A1H872,,ARENA,14,42.36,42.78,617.32,,,YERBABUENA,MEIGGS,2026-06-30T22:19:39.494576Z
46440-0010014125,46440,VIRGEN DE ESTRELLA S.A.C.,2026-01-24,001/0014125,CAZ895,42.0,ARENA,14,34.87,38.15,207.92,,,SAN LORENZO,MEIGGS,2026-06-30T22:19:39.497406Z
46440-0010014126,46440,VIRGEN DE ESTRELLA S.A.C.,2026-01-24,001/0014126,BZR781,39.0,ARENA,14,33.71,36.88,201.0,,,SAN LORENZO,MEIGGS,2026-06-30T22:19:39.497429Z
46440-0010014127,46440,VIRGEN DE ESTRELLA S.A.C.,2026-01-24,001/0014127,BFI758,37.0,ARENA,14,35.55,38.89,211.95,,,SAN LORENZO,MEIGGS,2026-06-30T22:19:39.497451Z
46440-0010014130,46440,VIRGEN DE ESTRELLA S.A.C.,2026-01-24,001/0014130,D8B795,22.0,ARENA,14,29.52,32.29,175.98,,,SAN LORENZO,MEIGGS,2026-06-30T22:19:39.497476Z
46440-0010014131,46440,VIRGEN DE ESTRELLA S.A.C.,2026-01-24,001/0014131,BZR781,39.0,ARENA,14,31.67,34.65,188.84,,,SAN LORENZO,MEIGGS,2026-06-30T22:19:39.497502Z
46440-0010014132,46440,VIRGEN DE ESTRELLA S.A.C.,2026-01-24,001/0014132,AKE789,31.0,ARENA,14,32.8,35.88,195.55,,,SAN LORENZO,MEIGGS,2026-06-30T22:19:39.497526Z
46440-0010014094,46440,VIRGEN DE ESTRELLA S.A.C.,2026-01-24,001/0014094,BZR781,39.0,PIEDRA,2,37.66,38.33,208.9,,,SAN LORENZO,MEIGGS,2026-06-30T22:19:39.497925Z
46440-0010014108,46440,VIRGEN DE ESTRELLA S.A.C.,2026-01-24,001/0014108,AWW871,32.0,PIEDRA,2,38.6,39.28,214.08,,,SAN LORENZO,MEIGGS,2026-06-30T22:19:39.497946Z
46440-0010014109,46440,VIRGEN DE ESTRELLA S.A.C.,2026-01-24,001/0014109,AKE789,31.0,PIEDRA,2,37.27,37.93,206.72,,,SAN LORENZO,MEIGGS,2026-06-30T22:19:39.497967Z
46440-0010014110,46440,VIRGEN DE ESTRELLA S.A.C.,2026-01-24,001/0014110,BZR781,39.0,PIEDRA,2,38.83,39.52,215.38,,,SAN LORENZO,MEIGGS,2026-06-30T22:19:39.497989Z
46440-0010014111,46440,VIRGEN DE ESTRELLA S.A.C.,2026-01-24,001/0014111,BFI758,37.0,PIEDRA,2,39.29,39.99,217.95,,,SAN LORENZO,MEIGGS,2026-06-30T22:19:39.498009Z
46440-0010014117,46440,VIRGEN DE ESTRELLA S.A.C.,2026-01-24,001/0014117,BZR781,39.0,PIEDRA,2,38.57,39.25,213.91,,,SAN LORENZO,MEIGGS,2026-06-30T22:19:39.498032Z
46440-0010014122,46440,VIRGEN DE ESTRELLA S.A.C.,2026-01-24,001/0014122,ABN852,27.0,PIEDRA,2,37.51,38.17,208.03,,,SAN LORENZO,MEIGGS,2026-06-30T22:19:39.498053Z
46440-0010014123,46440,VIRGEN DE ESTRELLA S.A.C.,2026-01-24,001/0014123,D8E728,24.0,PIEDRA,2,36.44,37.09,202.14,,,SAN LORENZO,MEIGGS,2026-06-30T22:19:39.498075Z
46440-0010014133,46440,VIRGEN DE ESTRELLA S.A.C.,2026-01-24,001/0014133,D8E728,24.0,PIEDRA,2,36.9,37.55,204.65,,,SAN LORENZO,MEIGGS,2026-06-30T22:19:39.498096Z
46440-0010014134,46440,VIRGEN DE ESTRELLA S.A.C.,2026-01-24,001/0014134,BFI758,37.0,PIEDRA,2,40.3,41.01,223.5,,,SAN LORENZO,MEIGGS,2026-06-30T22:19:39.498117Z
46440-0010014147,46440,VIRGEN DE ESTRELLA S.A.C.,2026-01-24,001/0014147,D8E728,24.0,PIEDRA,2,38.15,38.83,211.62,,,SAN LORENZO,MEIGGS,2026-06-30T22:19:39.498137Z
46440-0010014148,46440,VIRGEN DE ESTRELLA S.A.C.,2026-01-24,001/0014148,BAE736,35.0,PIEDRA,2,39.13,39.82,217.02,,,SAN LORENZO,MEIGGS,2026-06-30T22:19:39.498158Z
46440-0010014149,46440,VIRGEN DE ESTRELLA S.A.C.,2026-01-24,001/0014149,AWW871,32.0,PIEDRA,2,40.41,41.13,224.16,,,SAN LORENZO,MEIGGS,2026-06-30T22:19:39.498179Z
46440-0010014153,46440,VIRGEN DE ESTRELLA S.A.C.,2026-01-24,001/0014153,AKE789,31.0,PIEDRA,2,37.73,38.4,209.28,,,SAN LORENZO,MEIGGS,2026-06-30T22:19:39.498203Z
46440-0010014155,46440,VIRGEN DE ESTRELLA S.A.C.,2026-01-24,001/0014155,BFI758,37.0,PIEDRA,2,41.15,41.94,228.57,,,SAN LORENZO,MEIGGS,2026-06-30T22:19:39.498230Z
46440-0010014158,46440,VIRGEN DE ESTRELLA S.A.C.,2026-01-24,001/0014158,AWW871,32.0,PIEDRA,2,40.44,41.21,224.59,,,SAN LORENZO,MEIGGS,2026-06-30T22:19:39.498253Z
46440-0010014145,46440,VIRGEN DE ESTRELLA S.A.C.,2026-01-24,001/0014145,BFI758,37.0,PIEDRA,2,40.68,40.82,222.47,,,SAN LORENZO,MEIGGS,2026-06-30T22:19:39.498645Z
46408-1910565872,46408,VIRGEN DE ESTRELLA S.A.C.,2026-01-24,191/0565872,CCL847,44.0,ARENA,14,32.58,36.81,590.1,,,JICAMARCA,SAN ANTONIO,2026-07-01T08:48:21.104163Z
46408-1910565892,46408,VIRGEN DE ESTRELLA S.A.C.,2026-01-24,191/0565892,C9W737,21.0,ARENA,14,32.54,36.77,589.36,,,JICAMARCA,SAN ANTONIO,2026-07-01T08:48:21.104190Z
46408-1910565903,46408,VIRGEN DE ESTRELLA S.A.C.,2026-01-24,191/0565903,BZR940,40.0,ARENA,14,34.22,38.67,619.92,,,JICAMARCA,SAN ANTONIO,2026-07-01T08:48:21.104217Z
46408-1910565911,46408,VIRGEN DE ESTRELLA S.A.C.,2026-01-24,191/0565911,CBA709,43.0,ARENA,14,33.41,37.76,605.26,,,JICAMARCA,SAN ANTONIO,2026-07-01T08:48:21.104245Z
46408-1910565952,46408,VIRGEN DE ESTRELLA S.A.C.,2026-01-24,191/0565952,BZR940,40.0,ARENA,14,32.99,37.28,597.56,,,JICAMARCA,SAN ANTONIO,2026-07-01T08:48:21.104281Z
46408-1910565954,46408,VIRGEN DE ESTRELLA S.A.C.,2026-01-24,191/0565954,C9W737,21.0,ARENA,14,29.02,32.8,525.75,,,JICAMARCA,SAN ANTONIO,2026-07-01T08:48:21.104314Z
46408-1910565981,46408,VIRGEN DE ESTRELLA S.A.C.,2026-01-24,191/0565981,C9W737,21.0,ARENA,14,35.7,40.35,646.75,,,JICAMARCA,SAN ANTONIO,2026-07-01T08:48:21.104344Z
46408-1910565945,46408,VIRGEN DE ESTRELLA S.A.C.,2026-01-24,191/0565945,CCL847,44.0,PIEDRA,2,36.46,36.46,584.39,,,JICAMARCA,SAN ANTONIO,2026-07-01T08:48:21.104884Z
46408-1910565969,46408,VIRGEN DE ESTRELLA S.A.C.,2026-01-24,191/0565969,CBA709,43.0,PIEDRA,2,36.87,36.87,591.1,,,JICAMARCA,SAN ANTONIO,2026-07-01T08:48:21.104912Z
46408-3770003744,46408,VIRGEN DE ESTRELLA S.A.C.,2026-01-24,377/0003744,AKE789,31.0,ARENA,14,35.04,35.04,215.15,,,OQUENDO,COLLIQUE,2026-07-01T08:48:21.105022Z
46408-3770003745,46408,VIRGEN DE ESTRELLA S.A.C.,2026-01-24,377/0003745,BFI758,37.0,ARENA,14,39.74,39.74,244.0,,,OQUENDO,COLLIQUE,2026-07-01T08:48:21.105049Z
46408-3770003746,46408,VIRGEN DE ESTRELLA S.A.C.,2026-01-24,377/0003746,D8E728,24.0,ARENA,14,33.47,33.47,205.51,,,OQUENDO,COLLIQUE,2026-07-01T08:48:21.105079Z
46408-0010014135,46408,VIRGEN DE ESTRELLA S.A.C.,2026-01-24,001/0014135,D8D861,23.0,ARENA,14,32.61,36.2,262.09,,,SAN LORENZO,COLLIQUE,2026-07-01T08:48:21.111794Z
46408-0010014136,46408,VIRGEN DE ESTRELLA S.A.C.,2026-01-24,001/0014136,BAE736,35.0,ARENA,14,32.47,36.04,260.93,,,SAN LORENZO,COLLIQUE,2026-07-01T08:48:21.111826Z
46408-0010014138,46408,VIRGEN DE ESTRELLA S.A.C.,2026-01-24,001/0014138,D8B795,22.0,ARENA,14,30.47,33.82,244.86,,,SAN LORENZO,COLLIQUE,2026-07-01T08:48:21.111859Z
46408-0010014139,46408,VIRGEN DE ESTRELLA S.A.C.,2026-01-24,001/0014139,BZR781,39.0,ARENA,14,32.95,36.57,264.77,,,SAN LORENZO,COLLIQUE,2026-07-01T08:48:21.111894Z
46408-0010014141,46408,VIRGEN DE ESTRELLA S.A.C.,2026-01-24,001/0014141,AKE789,31.0,ARENA,14,30.87,34.27,248.11,,,SAN LORENZO,COLLIQUE,2026-07-01T08:48:21.111927Z
46408-0010014142,46408,VIRGEN DE ESTRELLA S.A.C.,2026-01-24,001/0014142,D8E728,24.0,ARENA,14,31.91,35.42,256.44,,,SAN LORENZO,COLLIQUE,2026-07-01T08:48:21.111959Z
46408-0010014152,46408,VIRGEN DE ESTRELLA S.A.C.,2026-01-24,001/0014152,BZR781,39.0,ARENA,14,33.23,36.88,267.01,,,SAN LORENZO,COLLIQUE,2026-07-01T08:48:21.111993Z
46408-0010014154,46408,VIRGEN DE ESTRELLA S.A.C.,2026-01-24,001/0014154,CAZ895,42.0,ARENA,14,33.32,36.98,267.74,,,SAN LORENZO,COLLIQUE,2026-07-01T08:48:21.112029Z
46408-0010014156,46408,VIRGEN DE ESTRELLA S.A.C.,2026-01-24,001/0014156,AFX735,25.0,ARENA,14,31.04,34.45,249.42,,,SAN LORENZO,COLLIQUE,2026-07-01T08:48:21.112065Z
46408-0010014159,46408,VIRGEN DE ESTRELLA S.A.C.,2026-01-24,001/0014159,D8D861,23.0,ARENA,14,34.36,38.14,276.13,,,SAN LORENZO,COLLIQUE,2026-07-01T08:48:21.112097Z
46408-0010014160,46408,VIRGEN DE ESTRELLA S.A.C.,2026-01-24,001/0014160,D8B795,22.0,ARENA,14,29.25,32.47,235.08,,,SAN LORENZO,COLLIQUE,2026-07-01T08:48:21.112130Z
46408-0010014151,46408,VIRGEN DE ESTRELLA S.A.C.,2026-01-24,001/0014151,D8B795,22.0,ARENA,14,29.12,32.9,205.95,,,SAN LORENZO,MATERIALES,2026-07-01T08:48:21.113133Z
46408-0010014157,46408,VIRGEN DE ESTRELLA S.A.C.,2026-01-24,001/0014157,D8D861,23.0,ARENA,14,33.02,37.31,233.56,,,SAN LORENZO,MATERIALES,2026-07-01T08:48:21.113162Z
46440-1910566070,46440,VIRGEN DE ESTRELLA S.A.C.,2026-01-26,191/0566070,BZR940,40.0,ARENA,14,31.57,35.36,402.75,,,JICAMARCA,SAN JUAN,2026-06-30T22:19:39.490646Z
46440-1910566062,46440,VIRGEN DE ESTRELLA S.A.C.,2026-01-26,191/0566062,CBA709,43.0,ARENA,14,31.26,35.32,334.17,,,JICAMARCA,ANCIETA,2026-06-30T22:19:39.490809Z
46440-1910566042,46440,VIRGEN DE ESTRELLA S.A.C.,2026-01-26,191/0566042,CHS718,45.0,ARENA,14,29.22,33.02,529.23,,,JICAMARCA,SAN ANTONIO,2026-06-30T22:19:39.491331Z
46440-1910566054,46440,VIRGEN DE ESTRELLA S.A.C.,2026-01-26,191/0566054,CCL847,44.0,ARENA,14,28.72,32.46,520.29,,,JICAMARCA,SAN ANTONIO,2026-06-30T22:19:39.491366Z
46440-1910565984,46440,VIRGEN DE ESTRELLA S.A.C.,2026-01-26,191/0565984,CHS718,45.0,PIEDRA,2,38.33,38.33,614.35,,,JICAMARCA,SAN ANTONIO,2026-06-30T22:19:39.492531Z
46440-1910565985,46440,VIRGEN DE ESTRELLA S.A.C.,2026-01-26,191/0565985,CCL847,44.0,PIEDRA,2,33.99,33.99,544.86,,,JICAMARCA,SAN ANTONIO,2026-06-30T22:19:39.492563Z
46440-1910566008,46440,VIRGEN DE ESTRELLA S.A.C.,2026-01-26,191/0566008,BZR940,40.0,PIEDRA,2,37.77,37.77,605.51,,,JICAMARCA,SAN ANTONIO,2026-06-30T22:19:39.492695Z
46440-1910566009,46440,VIRGEN DE ESTRELLA S.A.C.,2026-01-26,191/0566009,CBA709,43.0,PIEDRA,2,37.39,37.39,599.3,,,JICAMARCA,SAN ANTONIO,2026-06-30T22:19:39.492727Z
46440-1910566031,46440,VIRGEN DE ESTRELLA S.A.C.,2026-01-26,191/0566031,C9W737,21.0,PIEDRA,2,34.29,34.29,549.6,,,JICAMARCA,SAN ANTONIO,2026-06-30T22:19:39.492758Z
46440-1950186242,46440,VIRGEN DE ESTRELLA S.A.C.,2026-01-26,195/0186242,AFX735,25.0,PIEDRA,2,36.35,36.35,510.72,,,YERBABUENA,MATERIALES,2026-06-30T22:19:39.493161Z
46440-1950186243,46440,VIRGEN DE ESTRELLA S.A.C.,2026-01-26,195/0186243,F3F817,1.0,PIEDRA,2,42.52,42.52,597.41,,,YERBABUENA,MATERIALES,2026-06-30T22:19:39.493189Z
46440-1950186244,46440,VIRGEN DE ESTRELLA S.A.C.,2026-01-26,195/0186244,AYM897,7.0,PIEDRA,2,41.43,41.43,582.09,,,YERBABUENA,MATERIALES,2026-06-30T22:19:39.493218Z
46440-1950186211,46440,VIRGEN DE ESTRELLA S.A.C.,2026-01-26,195/0186211,CBR796,18.0,PIEDRA,2,41.12,41.35,596.68,,,YERBABUENA,MEIGGS,2026-06-30T22:19:39.493477Z
46440-1950186219,46440,VIRGEN DE ESTRELLA S.A.C.,2026-01-26,195/0186219,CBR846,12.0,PIEDRA,2,43.17,43.42,626.55,,,YERBABUENA,MEIGGS,2026-06-30T22:19:39.493505Z
46440-1950186210,46440,VIRGEN DE ESTRELLA S.A.C.,2026-01-26,195/0186210,CBR854,14.0,ARENA,14,39.47,39.88,575.47,,,YERBABUENA,MEIGGS,2026-06-30T22:19:39.494608Z
46440-1950186220,46440,VIRGEN DE ESTRELLA S.A.C.,2026-01-26,195/0186220,ATN880,5.0,ARENA,14,43.77,44.23,638.24,,,YERBABUENA,MEIGGS,2026-06-30T22:19:39.494637Z
46440-1950186221,46440,VIRGEN DE ESTRELLA S.A.C.,2026-01-26,195/0186221,CBR872,16.0,ARENA,14,41.86,42.3,610.39,,,YERBABUENA,MEIGGS,2026-06-30T22:19:39.494663Z
46440-1950186272,46440,VIRGEN DE ESTRELLA S.A.C.,2026-01-26,195/0186272,AWH708,33.0,ARENA,14,35.79,36.13,521.36,,,YERBABUENA,MEIGGS,2026-06-30T22:19:39.494697Z
46440-0010014169,46440,VIRGEN DE ESTRELLA S.A.C.,2026-01-26,001/0014169,BYP838,10.0,PIEDRA,2,44.93,46.28,335.07,,,SAN LORENZO,COLLIQUE,2026-06-30T22:19:39.495397Z
46440-0010014176,46440,VIRGEN DE ESTRELLA S.A.C.,2026-01-26,001/0014176,CBR796,18.0,PIEDRA,2,38.7,39.86,288.59,,,SAN LORENZO,COLLIQUE,2026-06-30T22:19:39.495422Z
46440-0010014179,46440,VIRGEN DE ESTRELLA S.A.C.,2026-01-26,001/0014179,CBR854,14.0,PIEDRA,2,37.76,38.89,281.56,,,SAN LORENZO,COLLIQUE,2026-06-30T22:19:39.495446Z
46440-0010014183,46440,VIRGEN DE ESTRELLA S.A.C.,2026-01-26,001/0014183,CBR846,12.0,PIEDRA,2,38.91,40.08,290.18,,,SAN LORENZO,COLLIQUE,2026-06-30T22:19:39.495470Z
46440-0010014185,46440,VIRGEN DE ESTRELLA S.A.C.,2026-01-26,001/0014185,ATN880,5.0,PIEDRA,2,43.9,45.22,327.39,,,SAN LORENZO,COLLIQUE,2026-06-30T22:19:39.495494Z
46440-0010014186,46440,VIRGEN DE ESTRELLA S.A.C.,2026-01-26,001/0014186,CBR872,16.0,PIEDRA,2,38.03,39.17,283.59,,,SAN LORENZO,COLLIQUE,2026-06-30T22:19:39.495519Z
46440-0010014192,46440,VIRGEN DE ESTRELLA S.A.C.,2026-01-26,001/0014192,BYP838,10.0,PIEDRA,2,43.62,44.93,325.29,,,SAN LORENZO,COLLIQUE,2026-06-30T22:19:39.495542Z
46440-0010014203,46440,VIRGEN DE ESTRELLA S.A.C.,2026-01-26,001/0014203,BZR752,38.0,PIEDRA,2,37.92,39.06,282.79,,,SAN LORENZO,COLLIQUE,2026-06-30T22:19:39.495571Z
46440-0010014204,46440,VIRGEN DE ESTRELLA S.A.C.,2026-01-26,001/0014204,AFX735,25.0,PIEDRA,2,33.74,34.75,251.59,,,SAN LORENZO,COLLIQUE,2026-06-30T22:19:39.495595Z
46440-0010014206,46440,VIRGEN DE ESTRELLA S.A.C.,2026-01-26,001/0014206,BYP824,9.0,PIEDRA,2,39.77,40.96,296.55,,,SAN LORENZO,COLLIQUE,2026-06-30T22:19:39.495619Z
46440-0010014161,46440,VIRGEN DE ESTRELLA S.A.C.,2026-01-26,001/0014161,AJA905,29.0,ARENA,14,28.32,31.43,227.55,,,SAN LORENZO,COLLIQUE,2026-06-30T22:19:39.495965Z
46440-0010014162,46440,VIRGEN DE ESTRELLA S.A.C.,2026-01-26,001/0014162,AKE789,31.0,ARENA,14,31.82,35.32,255.72,,,SAN LORENZO,COLLIQUE,2026-06-30T22:19:39.495992Z
46440-0010014163,46440,VIRGEN DE ESTRELLA S.A.C.,2026-01-26,001/0014163,CAZ895,42.0,ARENA,14,33.3,36.96,267.59,,,SAN LORENZO,COLLIQUE,2026-06-30T22:19:39.496019Z
46440-0010014164,46440,VIRGEN DE ESTRELLA S.A.C.,2026-01-26,001/0014164,D8E728,24.0,ARENA,14,31.68,35.17,254.63,,,SAN LORENZO,COLLIQUE,2026-06-30T22:19:39.496046Z
46440-0010014166,46440,VIRGEN DE ESTRELLA S.A.C.,2026-01-26,001/0014166,BFI758,37.0,ARENA,14,34.3,38.07,275.63,,,SAN LORENZO,COLLIQUE,2026-06-30T22:19:39.496074Z
46440-0010014193,46440,VIRGEN DE ESTRELLA S.A.C.,2026-01-26,001/0014193,D8D861,23.0,ARENA,14,34.0,37.74,273.24,,,SAN LORENZO,COLLIQUE,2026-06-30T22:19:39.496101Z
46440-0010014165,46440,VIRGEN DE ESTRELLA S.A.C.,2026-01-26,001/0014165,AHJ786,28.0,ARENA,14,31.73,35.22,218.01,,,SAN LORENZO,OQUENDO,2026-06-30T22:19:39.496126Z
46440-0010014182,46440,VIRGEN DE ESTRELLA S.A.C.,2026-01-26,001/0014182,D8E728,24.0,ARENA,14,33.45,36.8,227.79,,,SAN LORENZO,OQUENDO,2026-06-30T22:19:39.496155Z
46440-0010014184,46440,VIRGEN DE ESTRELLA S.A.C.,2026-01-26,001/0014184,CAZ895,42.0,ARENA,14,35.45,38.99,241.35,,,SAN LORENZO,OQUENDO,2026-06-30T22:19:39.496180Z
46440-0010014167,46440,VIRGEN DE ESTRELLA S.A.C.,2026-01-26,001/0014167,D8E728,24.0,PIEDRA,2,36.12,37.2,230.27,,,SAN LORENZO,OQUENDO,2026-06-30T22:19:39.496498Z
46440-0010014168,46440,VIRGEN DE ESTRELLA S.A.C.,2026-01-26,001/0014168,BAE736,35.0,PIEDRA,2,38.9,40.07,248.03,,,SAN LORENZO,OQUENDO,2026-06-30T22:19:39.496524Z
46440-0010014187,46440,VIRGEN DE ESTRELLA S.A.C.,2026-01-26,001/0014187,AKE789,31.0,ARENA,14,31.88,36.03,225.55,,,SAN LORENZO,MATERIALES,2026-06-30T22:19:39.496943Z
46440-0010014188,46440,VIRGEN DE ESTRELLA S.A.C.,2026-01-26,001/0014188,BAE736,35.0,ARENA,14,31.87,36.01,225.42,,,SAN LORENZO,MATERIALES,2026-06-30T22:19:39.496966Z
46440-0010014191,46440,VIRGEN DE ESTRELLA S.A.C.,2026-01-26,001/0014191,ABN852,27.0,ARENA,14,32.65,36.89,230.93,,,SAN LORENZO,MATERIALES,2026-06-30T22:19:39.496989Z
46440-0010014172,46440,VIRGEN DE ESTRELLA S.A.C.,2026-01-26,001/0014172,ABN852,27.0,ARENA,14,35.74,38.89,211.95,,,SAN LORENZO,MEIGGS,2026-06-30T22:19:39.497550Z
46440-0010014175,46440,VIRGEN DE ESTRELLA S.A.C.,2026-01-26,001/0014175,AHJ786,28.0,PIEDRA,2,39.11,39.84,217.13,,,SAN LORENZO,MEIGGS,2026-06-30T22:19:39.498273Z
46440-0010014178,46440,VIRGEN DE ESTRELLA S.A.C.,2026-01-26,001/0014178,ABN852,27.0,PIEDRA,2,40.37,41.12,224.1,,,SAN LORENZO,MEIGGS,2026-06-30T22:19:39.498296Z
46440-0010014181,46440,VIRGEN DE ESTRELLA S.A.C.,2026-01-26,001/0014181,D8D861,23.0,PIEDRA,2,37.34,38.04,207.32,,,SAN LORENZO,MEIGGS,2026-06-30T22:19:39.498316Z
46440-0010014189,46440,VIRGEN DE ESTRELLA S.A.C.,2026-01-26,001/0014189,D8B795,22.0,PIEDRA,2,33.32,33.94,184.97,,,SAN LORENZO,MEIGGS,2026-06-30T22:19:39.498338Z
46440-0010014194,46440,VIRGEN DE ESTRELLA S.A.C.,2026-01-26,001/0014194,BFI758,37.0,PIEDRA,2,37.0,37.69,205.41,,,SAN LORENZO,MEIGGS,2026-06-30T22:19:39.498358Z
46440-0010014198,46440,VIRGEN DE ESTRELLA S.A.C.,2026-01-26,001/0014198,BZR752,38.0,PIEDRA,2,36.72,37.41,203.88,,,SAN LORENZO,MEIGGS,2026-06-30T22:19:39.498378Z
46440-0010014200,46440,VIRGEN DE ESTRELLA S.A.C.,2026-01-26,001/0014200,CAZ895,42.0,PIEDRA,2,36.0,36.67,199.85,,,SAN LORENZO,MEIGGS,2026-06-30T22:19:39.498398Z
46440-0010014201,46440,VIRGEN DE ESTRELLA S.A.C.,2026-01-26,001/0014201,AHJ786,28.0,PIEDRA,2,38.0,38.71,210.97,,,SAN LORENZO,MEIGGS,2026-06-30T22:19:39.498417Z
46440-0010014205,46440,VIRGEN DE ESTRELLA S.A.C.,2026-01-26,001/0014205,D8B795,22.0,PIEDRA,2,34.5,35.15,191.57,,,SAN LORENZO,MEIGGS,2026-06-30T22:19:39.498437Z
46440-0010014195,46440,VIRGEN DE ESTRELLA S.A.C.,2026-01-26,001/0014195,AHJ786,28.0,PIEDRA,2,37.13,37.26,203.07,,,SAN LORENZO,MEIGGS,2026-06-30T22:19:39.498668Z
46440-1910566175,46440,VIRGEN DE ESTRELLA S.A.C.,2026-01-27,191/0566175,BZR940,40.0,ARENA,14,30.75,34.44,392.27,,,JICAMARCA,SAN JUAN,2026-06-30T22:19:39.490749Z
46440-1910566114,46440,VIRGEN DE ESTRELLA S.A.C.,2026-01-27,191/0566114,CCL847,44.0,ARENA,14,30.0,33.9,543.39,,,JICAMARCA,SAN ANTONIO,2026-06-30T22:19:39.491401Z
46440-1910566139,46440,VIRGEN DE ESTRELLA S.A.C.,2026-01-27,191/0566139,BZR940,40.0,ARENA,14,32.96,37.25,597.06,,,JICAMARCA,SAN ANTONIO,2026-06-30T22:19:39.491433Z
46440-1910566152,46440,VIRGEN DE ESTRELLA S.A.C.,2026-01-27,191/0566152,CBA709,43.0,ARENA,14,33.58,37.94,608.24,,,JICAMARCA,SAN ANTONIO,2026-06-30T22:19:39.491465Z
46440-1910566168,46440,VIRGEN DE ESTRELLA S.A.C.,2026-01-27,191/0566168,CHS718,45.0,ARENA,14,31.96,36.12,578.92,,,JICAMARCA,SAN ANTONIO,2026-06-30T22:19:39.491498Z
46440-1910566170,46440,VIRGEN DE ESTRELLA S.A.C.,2026-01-27,191/0566170,C9W737,21.0,ARENA,14,30.23,34.16,547.62,,,JICAMARCA,SAN ANTONIO,2026-06-30T22:19:39.491532Z
46440-1910566172,46440,VIRGEN DE ESTRELLA S.A.C.,2026-01-27,191/0566172,CCL847,44.0,ARENA,14,31.81,35.94,576.19,,,JICAMARCA,SAN ANTONIO,2026-06-30T22:19:39.491565Z
46440-1910566124,46440,VIRGEN DE ESTRELLA S.A.C.,2026-01-27,191/0566124,C9W737,21.0,PIEDRA,2,33.33,33.33,534.28,,,JICAMARCA,SAN ANTONIO,2026-06-30T22:19:39.492592Z
46440-1910566140,46440,VIRGEN DE ESTRELLA S.A.C.,2026-01-27,191/0566140,CHS718,45.0,PIEDRA,2,35.39,35.39,567.25,,,JICAMARCA,SAN ANTONIO,2026-06-30T22:19:39.492788Z
46440-3770003756,46440,VIRGEN DE ESTRELLA S.A.C.,2026-01-27,377/0003756,D8B795,22.0,ARENA,14,33.92,34.14,184.36,,,OQUENDO,MEIGGS,2026-06-30T22:19:39.493128Z
46440-1950186334,46440,VIRGEN DE ESTRELLA S.A.C.,2026-01-27,195/0186334,AWW871,32.0,PIEDRA,2,39.45,39.57,571.0,,,YERBABUENA,MEIGGS,2026-06-30T22:19:39.493248Z
46440-1950186274,46440,VIRGEN DE ESTRELLA S.A.C.,2026-01-27,195/0186274,CBR796,18.0,PIEDRA,2,40.5,40.63,586.29,,,YERBABUENA,MEIGGS,2026-06-30T22:19:39.493532Z
46440-1950186290,46440,VIRGEN DE ESTRELLA S.A.C.,2026-01-27,195/0186290,CBR872,16.0,PIEDRA,2,41.43,41.56,599.71,,,YERBABUENA,MEIGGS,2026-06-30T22:19:39.493561Z
46440-1950186303,46440,VIRGEN DE ESTRELLA S.A.C.,2026-01-27,195/0186303,CBR846,12.0,PIEDRA,2,41.28,41.41,597.55,,,YERBABUENA,MEIGGS,2026-06-30T22:19:39.493588Z
46440-1950186315,46440,VIRGEN DE ESTRELLA S.A.C.,2026-01-27,195/0186315,CBR796,18.0,PIEDRA,2,39.71,39.84,574.89,,,YERBABUENA,MEIGGS,2026-06-30T22:19:39.493615Z
46440-1950186317,46440,VIRGEN DE ESTRELLA S.A.C.,2026-01-27,195/0186317,CBR872,16.0,PIEDRA,2,40.38,40.51,584.56,,,YERBABUENA,MEIGGS,2026-06-30T22:19:39.493642Z
46440-1950186332,46440,VIRGEN DE ESTRELLA S.A.C.,2026-01-27,195/0186332,CBR846,12.0,PIEDRA,2,41.6,41.73,602.16,,,YERBABUENA,MEIGGS,2026-06-30T22:19:39.493670Z
46440-1950186337,46440,VIRGEN DE ESTRELLA S.A.C.,2026-01-27,195/0186337,AYM897,7.0,PIEDRA,2,44.55,44.69,644.88,,,YERBABUENA,MEIGGS,2026-06-30T22:19:39.493705Z
46440-1950186307,46440,VIRGEN DE ESTRELLA S.A.C.,2026-01-27,195/0186307,AWW871,32.0,PIEDRA,2,34.6,34.8,502.16,,,YERBABUENA,MEIGGS,2026-06-30T22:19:39.494132Z
46440-1950186273,46440,VIRGEN DE ESTRELLA S.A.C.,2026-01-27,195/0186273,CBR854,14.0,ARENA,14,42.32,42.73,616.59,,,YERBABUENA,MEIGGS,2026-06-30T22:19:39.494725Z
46440-1950186277,46440,VIRGEN DE ESTRELLA S.A.C.,2026-01-27,195/0186277,F3F817,1.0,ARENA,14,44.47,44.9,647.91,,,YERBABUENA,MEIGGS,2026-06-30T22:19:39.494755Z
46440-1950186287,46440,VIRGEN DE ESTRELLA S.A.C.,2026-01-27,195/0186287,AYM897,7.0,ARENA,14,43.46,43.88,633.19,,,YERBABUENA,MEIGGS,2026-06-30T22:19:39.494783Z
46440-1950186301,46440,VIRGEN DE ESTRELLA S.A.C.,2026-01-27,195/0186301,AFX735,25.0,ARENA,14,37.44,37.8,545.45,,,YERBABUENA,MEIGGS,2026-06-30T22:19:39.494810Z
46440-1950186302,46440,VIRGEN DE ESTRELLA S.A.C.,2026-01-27,195/0186302,ATN880,5.0,ARENA,14,43.98,44.4,640.69,,,YERBABUENA,MEIGGS,2026-06-30T22:19:39.494841Z
46440-1950186319,46440,VIRGEN DE ESTRELLA S.A.C.,2026-01-27,195/0186319,CBR854,14.0,ARENA,14,43.33,43.75,631.31,,,YERBABUENA,MEIGGS,2026-06-30T22:19:39.494869Z
46440-1950186327,46440,VIRGEN DE ESTRELLA S.A.C.,2026-01-27,195/0186327,ATN880,5.0,ARENA,14,44.26,44.68,644.73,,,YERBABUENA,MEIGGS,2026-06-30T22:19:39.494896Z
46440-1950186335,46440,VIRGEN DE ESTRELLA S.A.C.,2026-01-27,195/0186335,BFI758,37.0,ARENA,14,39.04,39.41,568.69,,,YERBABUENA,MEIGGS,2026-06-30T22:19:39.494923Z
46440-1950186336,46440,VIRGEN DE ESTRELLA S.A.C.,2026-01-27,195/0186336,AFX735,25.0,ARENA,14,36.29,36.64,528.72,,,YERBABUENA,MEIGGS,2026-06-30T22:19:39.494960Z
46440-1950186352,46440,VIRGEN DE ESTRELLA S.A.C.,2026-01-27,195/0186352,F3F817,1.0,ARENA,14,44.07,44.49,641.99,,,YERBABUENA,MEIGGS,2026-06-30T22:19:39.494986Z
46440-0010014209,46440,VIRGEN DE ESTRELLA S.A.C.,2026-01-27,001/0014209,ABN852,27.0,PIEDRA,2,37.01,38.12,275.99,,,SAN LORENZO,COLLIQUE,2026-06-30T22:19:39.495642Z
46440-0010014212,46440,VIRGEN DE ESTRELLA S.A.C.,2026-01-27,001/0014212,BYP838,10.0,PIEDRA,2,45.66,47.03,340.5,,,SAN LORENZO,COLLIQUE,2026-06-30T22:19:39.495666Z
46440-0010014215,46440,VIRGEN DE ESTRELLA S.A.C.,2026-01-27,001/0014215,BFI758,37.0,PIEDRA,2,38.68,39.84,288.44,,,SAN LORENZO,COLLIQUE,2026-06-30T22:19:39.495696Z
46440-0010014225,46440,VIRGEN DE ESTRELLA S.A.C.,2026-01-27,001/0014225,BZR752,38.0,PIEDRA,2,36.96,38.07,275.63,,,SAN LORENZO,COLLIQUE,2026-06-30T22:19:39.495719Z
46440-0010014222,46440,VIRGEN DE ESTRELLA S.A.C.,2026-01-27,001/0014222,AWH708,33.0,ARENA,14,34.51,38.31,237.14,,,SAN LORENZO,OQUENDO,2026-06-30T22:19:39.496207Z
46440-0010014235,46440,VIRGEN DE ESTRELLA S.A.C.,2026-01-27,001/0014235,AHJ786,28.0,ARENA,14,32.53,35.78,221.48,,,SAN LORENZO,OQUENDO,2026-06-30T22:19:39.496232Z
46440-0010014210,46440,VIRGEN DE ESTRELLA S.A.C.,2026-01-27,001/0014210,CAZ895,42.0,PIEDRA,2,35.8,36.87,228.23,,,SAN LORENZO,OQUENDO,2026-06-30T22:19:39.496547Z
46440-0010014211,46440,VIRGEN DE ESTRELLA S.A.C.,2026-01-27,001/0014211,D8D945,,PIEDRA,2,34.2,35.23,218.07,,,SAN LORENZO,OQUENDO,2026-06-30T22:19:39.496583Z
46440-0010014213,46440,VIRGEN DE ESTRELLA S.A.C.,2026-01-27,001/0014213,AKE789,31.0,PIEDRA,2,36.18,37.27,230.7,,,SAN LORENZO,OQUENDO,2026-06-30T22:19:39.496609Z
46440-0010014214,46440,VIRGEN DE ESTRELLA S.A.C.,2026-01-27,001/0014214,D8E728,24.0,PIEDRA,2,36.16,37.24,230.52,,,SAN LORENZO,OQUENDO,2026-06-30T22:19:39.496634Z
46440-0010014226,46440,VIRGEN DE ESTRELLA S.A.C.,2026-01-27,001/0014226,D8D861,23.0,ARENA,14,34.1,38.53,241.2,,,SAN LORENZO,MATERIALES,2026-06-30T22:19:39.497014Z
46440-0010014229,46440,VIRGEN DE ESTRELLA S.A.C.,2026-01-27,001/0014229,D8B795,22.0,ARENA,14,30.26,34.19,214.03,,,SAN LORENZO,MATERIALES,2026-06-30T22:19:39.497038Z
46440-0010014230,46440,VIRGEN DE ESTRELLA S.A.C.,2026-01-27,001/0014230,BAE736,35.0,ARENA,14,33.67,38.05,238.19,,,SAN LORENZO,MATERIALES,2026-06-30T22:19:39.497061Z
46440-0010014231,46440,VIRGEN DE ESTRELLA S.A.C.,2026-01-27,001/0014231,D8E728,24.0,ARENA,14,32.1,36.27,227.05,,,SAN LORENZO,MATERIALES,2026-06-30T22:19:39.497087Z
46440-0010014232,46440,VIRGEN DE ESTRELLA S.A.C.,2026-01-27,001/0014232,ABN852,27.0,ARENA,14,34.46,38.94,243.76,,,SAN LORENZO,MATERIALES,2026-06-30T22:19:39.497116Z
46440-0010014233,46440,VIRGEN DE ESTRELLA S.A.C.,2026-01-27,001/0014233,BZR752,38.0,ARENA,14,34.39,38.86,243.26,,,SAN LORENZO,MATERIALES,2026-06-30T22:19:39.497140Z
46440-0010014253,46440,VIRGEN DE ESTRELLA S.A.C.,2026-01-27,001/0014253,CAZ895,42.0,ARENA,14,34.81,39.33,246.21,,,SAN LORENZO,MATERIALES,2026-06-30T22:19:39.497164Z
46440-0010014216,46440,VIRGEN DE ESTRELLA S.A.C.,2026-01-27,001/0014216,AHJ786,28.0,ARENA,14,35.51,38.53,209.99,,,SAN LORENZO,MEIGGS,2026-06-30T22:19:39.497575Z
46440-0010014217,46440,VIRGEN DE ESTRELLA S.A.C.,2026-01-27,001/0014217,AHJ786,28.0,ARENA,14,34.74,37.69,205.41,,,SAN LORENZO,MEIGGS,2026-06-30T22:19:39.497597Z
46440-0010014218,46440,VIRGEN DE ESTRELLA S.A.C.,2026-01-27,001/0014218,BAE736,35.0,ARENA,14,35.4,38.41,209.33,,,SAN LORENZO,MEIGGS,2026-06-30T22:19:39.497620Z
46440-1910566244,46440,VIRGEN DE ESTRELLA S.A.C.,2026-01-28,191/0566244,CCL847,44.0,ARENA,14,31.52,35.62,570.97,,,JICAMARCA,SAN ANTONIO,2026-06-30T22:19:39.491602Z
46440-1910566268,46440,VIRGEN DE ESTRELLA S.A.C.,2026-01-28,191/0566268,C9W737,21.0,ARENA,14,30.97,35.0,561.03,,,JICAMARCA,SAN ANTONIO,2026-06-30T22:19:39.491642Z
46440-1910566286,46440,VIRGEN DE ESTRELLA S.A.C.,2026-01-28,191/0566286,CBA709,43.0,ARENA,14,33.43,37.77,605.51,,,JICAMARCA,SAN ANTONIO,2026-06-30T22:19:39.491676Z
46440-1910566305,46440,VIRGEN DE ESTRELLA S.A.C.,2026-01-28,191/0566305,CCL847,44.0,ARENA,14,31.99,36.15,579.42,,,JICAMARCA,SAN ANTONIO,2026-06-30T22:19:39.491725Z
46440-1910566311,46440,VIRGEN DE ESTRELLA S.A.C.,2026-01-28,191/0566311,C9W737,21.0,ARENA,14,30.96,34.98,560.79,,,JICAMARCA,SAN ANTONIO,2026-06-30T22:19:39.491760Z
46440-1910566327,46440,VIRGEN DE ESTRELLA S.A.C.,2026-01-28,191/0566327,CBA709,43.0,ARENA,14,32.17,36.35,582.65,,,JICAMARCA,SAN ANTONIO,2026-06-30T22:19:39.491794Z
46440-1910566347,46440,VIRGEN DE ESTRELLA S.A.C.,2026-01-28,191/0566347,BZR940,40.0,ARENA,14,33.35,37.68,604.02,,,JICAMARCA,SAN ANTONIO,2026-06-30T22:19:39.491828Z
46440-1910566353,46440,VIRGEN DE ESTRELLA S.A.C.,2026-01-28,191/0566353,CCL847,44.0,ARENA,14,31.44,35.53,569.48,,,JICAMARCA,SAN ANTONIO,2026-06-30T22:19:39.491867Z
46440-1910566355,46440,VIRGEN DE ESTRELLA S.A.C.,2026-01-28,191/0566355,CHS718,45.0,ARENA,14,31.86,36.01,577.18,,,JICAMARCA,SAN ANTONIO,2026-06-30T22:19:39.491903Z
46440-1910566257,46440,VIRGEN DE ESTRELLA S.A.C.,2026-01-28,191/0566257,CHS718,45.0,PIEDRA,2,36.66,36.66,587.62,,,JICAMARCA,SAN ANTONIO,2026-06-30T22:19:39.492816Z
46440-1910566269,46440,VIRGEN DE ESTRELLA S.A.C.,2026-01-28,191/0566269,BZR940,40.0,PIEDRA,2,38.7,38.7,620.42,,,JICAMARCA,SAN ANTONIO,2026-06-30T22:19:39.492845Z
46440-1910566307,46440,VIRGEN DE ESTRELLA S.A.C.,2026-01-28,191/0566307,CHS718,45.0,PIEDRA,2,35.29,35.29,565.75,,,JICAMARCA,SAN ANTONIO,2026-06-30T22:19:39.492874Z
46440-1950186360,46440,VIRGEN DE ESTRELLA S.A.C.,2026-01-28,195/0186360,CBR796,18.0,PIEDRA,2,40.26,40.49,584.27,,,YERBABUENA,MEIGGS,2026-06-30T22:19:39.493737Z
46440-1950186364,46440,VIRGEN DE ESTRELLA S.A.C.,2026-01-28,195/0186364,F3F817,1.0,PIEDRA,2,42.0,42.24,609.52,,,YERBABUENA,MEIGGS,2026-06-30T22:19:39.493764Z
46440-1950186367,46440,VIRGEN DE ESTRELLA S.A.C.,2026-01-28,195/0186367,ATN880,5.0,PIEDRA,2,41.77,42.01,606.2,,,YERBABUENA,MEIGGS,2026-06-30T22:19:39.493790Z
46440-1950186370,46440,VIRGEN DE ESTRELLA S.A.C.,2026-01-28,195/0186370,CBR846,12.0,PIEDRA,2,40.23,40.46,583.84,,,YERBABUENA,MEIGGS,2026-06-30T22:19:39.493819Z
46440-1950186372,46440,VIRGEN DE ESTRELLA S.A.C.,2026-01-28,195/0186372,CBR872,16.0,PIEDRA,2,40.85,41.08,592.78,,,YERBABUENA,MEIGGS,2026-06-30T22:19:39.493848Z
46440-1950186378,46440,VIRGEN DE ESTRELLA S.A.C.,2026-01-28,195/0186378,CBR854,14.0,PIEDRA,2,40.67,40.9,590.19,,,YERBABUENA,MEIGGS,2026-06-30T22:19:39.493875Z
46440-1950186379,46440,VIRGEN DE ESTRELLA S.A.C.,2026-01-28,195/0186379,AWW871,32.0,PIEDRA,2,35.18,35.38,510.53,,,YERBABUENA,MEIGGS,2026-06-30T22:19:39.493903Z
46440-1950186380,46440,VIRGEN DE ESTRELLA S.A.C.,2026-01-28,195/0186380,AYM897,7.0,PIEDRA,2,36.38,36.59,527.99,,,YERBABUENA,MEIGGS,2026-06-30T22:19:39.493930Z
46440-1950186371,46440,VIRGEN DE ESTRELLA S.A.C.,2026-01-28,195/0186371,AWH708,33.0,ARENA,14,37.13,37.49,540.98,,,YERBABUENA,MEIGGS,2026-06-30T22:19:39.495012Z
46440-1950186377,46440,VIRGEN DE ESTRELLA S.A.C.,2026-01-28,195/0186377,AFX735,25.0,ARENA,14,37.25,37.61,542.71,,,YERBABUENA,MEIGGS,2026-06-30T22:19:39.495042Z
46440-0010014261,46440,VIRGEN DE ESTRELLA S.A.C.,2026-01-28,001/0014261,CBR796,18.0,PIEDRA,2,36.87,37.98,274.98,,,SAN LORENZO,COLLIQUE,2026-06-30T22:19:39.495743Z
46440-0010014263,46440,VIRGEN DE ESTRELLA S.A.C.,2026-01-28,001/0014263,AWH708,33.0,PIEDRA,2,39.01,40.18,290.9,,,SAN LORENZO,COLLIQUE,2026-06-30T22:19:39.495765Z
46440-0010014264,46440,VIRGEN DE ESTRELLA S.A.C.,2026-01-28,001/0014264,BFI758,37.0,PIEDRA,2,37.44,38.56,279.17,,,SAN LORENZO,COLLIQUE,2026-06-30T22:19:39.495788Z
46440-0010014265,46440,VIRGEN DE ESTRELLA S.A.C.,2026-01-28,001/0014265,AHJ786,28.0,PIEDRA,2,37.61,38.74,280.48,,,SAN LORENZO,COLLIQUE,2026-06-30T22:19:39.495816Z
46440-0010014266,46440,VIRGEN DE ESTRELLA S.A.C.,2026-01-28,001/0014266,D8D861,23.0,PIEDRA,2,35.71,36.78,266.29,,,SAN LORENZO,COLLIQUE,2026-06-30T22:19:39.495839Z
46440-0010014267,46440,VIRGEN DE ESTRELLA S.A.C.,2026-01-28,001/0014267,D8E728,24.0,PIEDRA,2,36.12,37.2,269.33,,,SAN LORENZO,COLLIQUE,2026-06-30T22:19:39.495862Z
46440-0010014270,46440,VIRGEN DE ESTRELLA S.A.C.,2026-01-28,001/0014270,ATN880,5.0,PIEDRA,2,44.28,45.61,330.22,,,SAN LORENZO,COLLIQUE,2026-06-30T22:19:39.495887Z
46440-0010014271,46440,VIRGEN DE ESTRELLA S.A.C.,2026-01-28,001/0014271,CBR846,12.0,PIEDRA,2,39.73,40.92,296.26,,,SAN LORENZO,COLLIQUE,2026-06-30T22:19:39.495910Z
46440-0010014275,46440,VIRGEN DE ESTRELLA S.A.C.,2026-01-28,001/0014275,BYP824,9.0,PIEDRA,2,41.3,42.54,307.99,,,SAN LORENZO,COLLIQUE,2026-06-30T22:19:39.495935Z
46440-0010014248,46440,VIRGEN DE ESTRELLA S.A.C.,2026-01-28,001/0014248,BZR752,38.0,ARENA,14,33.89,37.62,232.87,,,SAN LORENZO,OQUENDO,2026-06-30T22:19:39.496258Z
46440-0010014249,46440,VIRGEN DE ESTRELLA S.A.C.,2026-01-28,001/0014249,D8E728,24.0,ARENA,14,33.89,37.62,232.87,,,SAN LORENZO,OQUENDO,2026-06-30T22:19:39.496283Z
46440-0010014240,46440,VIRGEN DE ESTRELLA S.A.C.,2026-01-28,001/0014240,CAZ895,42.0,PIEDRA,2,36.12,37.2,230.27,,,SAN LORENZO,OQUENDO,2026-06-30T22:19:39.496656Z
46440-0010014241,46440,VIRGEN DE ESTRELLA S.A.C.,2026-01-28,001/0014241,AHJ786,28.0,PIEDRA,2,36.12,37.2,230.27,,,SAN LORENZO,OQUENDO,2026-06-30T22:19:39.496679Z
46440-0010014251,46440,VIRGEN DE ESTRELLA S.A.C.,2026-01-28,001/0014251,AHJ786,28.0,PIEDRA,2,36.12,37.2,230.27,,,SAN LORENZO,OQUENDO,2026-06-30T22:19:39.496708Z
46440-0010014252,46440,VIRGEN DE ESTRELLA S.A.C.,2026-01-28,001/0014252,BFI758,37.0,PIEDRA,2,36.12,37.2,230.27,,,SAN LORENZO,OQUENDO,2026-06-30T22:19:39.496730Z
46440-0010014256,46440,VIRGEN DE ESTRELLA S.A.C.,2026-01-28,001/0014256,BZR781,39.0,ARENA,14,33.19,37.5,234.75,,,SAN LORENZO,MATERIALES,2026-06-30T22:19:39.497186Z
46440-0010014258,46440,VIRGEN DE ESTRELLA S.A.C.,2026-01-28,001/0014258,BZR752,38.0,ARENA,14,33.19,37.5,234.75,,,SAN LORENZO,MATERIALES,2026-06-30T22:19:39.497210Z
46440-0010014273,46440,VIRGEN DE ESTRELLA S.A.C.,2026-01-28,001/0014273,CAZ895,42.0,ARENA,14,33.19,37.5,234.75,,,SAN LORENZO,MATERIALES,2026-06-30T22:19:39.497237Z
46440-0010014274,46440,VIRGEN DE ESTRELLA S.A.C.,2026-01-28,001/0014274,BZR781,39.0,ARENA,14,33.19,37.5,234.75,,,SAN LORENZO,MATERIALES,2026-06-30T22:19:39.497261Z
46440-0010014237,46440,VIRGEN DE ESTRELLA S.A.C.,2026-01-28,001/0014237,BZR781,39.0,ARENA,14,34.56,37.64,205.14,,,SAN LORENZO,MEIGGS,2026-06-30T22:19:39.497643Z
46440-0010014238,46440,VIRGEN DE ESTRELLA S.A.C.,2026-01-28,001/0014238,BZR752,38.0,ARENA,14,35.11,38.23,208.35,,,SAN LORENZO,MEIGGS,2026-06-30T22:19:39.497666Z
46440-0010014239,46440,VIRGEN DE ESTRELLA S.A.C.,2026-01-28,001/0014239,BFI758,37.0,ARENA,14,35.3,38.44,209.5,,,SAN LORENZO,MEIGGS,2026-06-30T22:19:39.497696Z
46440-0010014242,46440,VIRGEN DE ESTRELLA S.A.C.,2026-01-28,001/0014242,D8E728,24.0,ARENA,14,31.81,34.64,188.79,,,SAN LORENZO,MEIGGS,2026-06-30T22:19:39.497718Z
46440-0010014247,46440,VIRGEN DE ESTRELLA S.A.C.,2026-01-28,001/0014247,BZR781,39.0,ARENA,14,39.24,39.38,214.62,,,SAN LORENZO,MEIGGS,2026-06-30T22:19:39.497744Z
46440-0010014250,46440,VIRGEN DE ESTRELLA S.A.C.,2026-01-28,001/0014250,D8D861,23.0,ARENA,14,38.82,38.96,212.33,,,SAN LORENZO,MEIGGS,2026-06-30T22:19:39.497766Z
46440-0010014243,46440,VIRGEN DE ESTRELLA S.A.C.,2026-01-28,001/0014243,D8D861,23.0,PIEDRA,2,37.27,37.4,203.83,,,SAN LORENZO,MEIGGS,2026-06-30T22:19:39.498694Z
46440-1910566418,46440,VIRGEN DE ESTRELLA S.A.C.,2026-01-29,191/0566418,CCL847,44.0,ARENA,14,33.17,37.48,600.79,,,JICAMARCA,SAN ANTONIO,2026-06-30T22:19:39.491938Z
46440-1910566490,46440,VIRGEN DE ESTRELLA S.A.C.,2026-01-29,191/0566490,CCL847,44.0,ARENA,14,29.0,32.77,525.26,,,JICAMARCA,SAN ANTONIO,2026-06-30T22:19:39.491972Z
46440-1910566496,46440,VIRGEN DE ESTRELLA S.A.C.,2026-01-29,191/0566496,CBA709,43.0,ARENA,14,30.86,34.88,559.05,,,JICAMARCA,SAN ANTONIO,2026-06-30T22:19:39.492008Z
46440-1910566448,46440,VIRGEN DE ESTRELLA S.A.C.,2026-01-29,191/0566448,CBA709,43.0,PIEDRA,2,35.6,35.6,570.59,,,JICAMARCA,SAN ANTONIO,2026-06-30T22:19:39.492625Z
46440-1910566454,46440,VIRGEN DE ESTRELLA S.A.C.,2026-01-29,191/0566454,BZR940,40.0,PIEDRA,2,39.12,39.12,627.13,,,JICAMARCA,SAN ANTONIO,2026-06-30T22:19:39.492903Z
46440-1910566519,46440,VIRGEN DE ESTRELLA S.A.C.,2026-01-29,191/0566519,BZR940,40.0,PIEDRA,2,35.49,35.49,568.98,,,JICAMARCA,SAN ANTONIO,2026-06-30T22:19:39.492931Z
46440-1950186431,46440,VIRGEN DE ESTRELLA S.A.C.,2026-01-29,195/0186431,CBR846,12.0,PIEDRA,2,36.75,37.12,535.64,,,YERBABUENA,MEIGGS,2026-06-30T22:19:39.493282Z
46440-1950186453,46440,VIRGEN DE ESTRELLA S.A.C.,2026-01-29,195/0186453,CBR846,12.0,PIEDRA,2,37.09,37.09,535.21,,,YERBABUENA,MEIGGS,2026-06-30T22:19:39.494159Z
46514-1950186541,46514,VIRGEN DE ESTRELLA S.A.C.,2026-01-30,195/0186541,CBR872,16.0,PIEDRA,2,46.5,46.5,671.0,,,YERBABUENA,MEIGGS,2026-06-30T22:18:58.839829Z
46440-1910566582,46440,VIRGEN DE ESTRELLA S.A.C.,2026-01-30,191/0566582,CCL847,44.0,ARENA,14,31.14,35.19,564.02,,,JICAMARCA,SAN ANTONIO,2026-06-30T22:19:39.492041Z
46440-1910566614,46440,VIRGEN DE ESTRELLA S.A.C.,2026-01-30,191/0566614,BZR940,40.0,ARENA,14,31.71,35.84,574.45,,,JICAMARCA,SAN ANTONIO,2026-06-30T22:19:39.492074Z
46440-1910566656,46440,VIRGEN DE ESTRELLA S.A.C.,2026-01-30,191/0566656,CCL847,44.0,ARENA,14,29.75,33.62,538.92,,,JICAMARCA,SAN ANTONIO,2026-06-30T22:19:39.492107Z
46440-1910566666,46440,VIRGEN DE ESTRELLA S.A.C.,2026-01-30,191/0566666,CBA709,43.0,ARENA,14,32.78,37.05,593.83,,,JICAMARCA,SAN ANTONIO,2026-06-30T22:19:39.492144Z
46440-1910566676,46440,VIRGEN DE ESTRELLA S.A.C.,2026-01-30,191/0566676,C9W737,21.0,ARENA,14,29.88,33.76,541.16,,,JICAMARCA,SAN ANTONIO,2026-06-30T22:19:39.492177Z
46440-1910566685,46440,VIRGEN DE ESTRELLA S.A.C.,2026-01-30,191/0566685,BZR940,40.0,ARENA,14,30.96,34.98,560.79,,,JICAMARCA,SAN ANTONIO,2026-06-30T22:19:39.492210Z
46440-1910566707,46440,VIRGEN DE ESTRELLA S.A.C.,2026-01-30,191/0566707,C9W737,21.0,ARENA,14,29.88,33.76,541.16,,,JICAMARCA,SAN ANTONIO,2026-06-30T22:19:39.492243Z
46440-1910566716,46440,VIRGEN DE ESTRELLA S.A.C.,2026-01-30,191/0566716,BZR940,40.0,ARENA,14,34.0,38.42,615.94,,,JICAMARCA,SAN ANTONIO,2026-06-30T22:19:39.492276Z
46440-1910566621,46440,VIRGEN DE ESTRELLA S.A.C.,2026-01-30,191/0566621,C9W737,21.0,PIEDRA,2,35.2,35.2,564.26,,,JICAMARCA,SAN ANTONIO,2026-06-30T22:19:39.492962Z
46440-1910566627,46440,VIRGEN DE ESTRELLA S.A.C.,2026-01-30,191/0566627,CBA709,43.0,PIEDRA,2,37.26,37.26,597.31,,,JICAMARCA,SAN ANTONIO,2026-06-30T22:19:39.492999Z
46440-1910566706,46440,VIRGEN DE ESTRELLA S.A.C.,2026-01-30,191/0566706,CCL847,44.0,PIEDRA,2,34.1,34.1,546.69,,,JICAMARCA,SAN ANTONIO,2026-06-30T22:19:39.493090Z
46440-1950186493,46440,VIRGEN DE ESTRELLA S.A.C.,2026-01-30,195/0186493,CBR846,12.0,PIEDRA,2,40.68,40.94,590.76,,,YERBABUENA,MEIGGS,2026-06-30T22:19:39.493958Z
46440-1950186495,46440,VIRGEN DE ESTRELLA S.A.C.,2026-01-30,195/0186495,CBR872,16.0,PIEDRA,2,42.09,42.36,611.25,,,YERBABUENA,MEIGGS,2026-06-30T22:19:39.493988Z
46440-1950186513,46440,VIRGEN DE ESTRELLA S.A.C.,2026-01-30,195/0186513,CBR796,18.0,PIEDRA,2,40.16,40.42,583.26,,,YERBABUENA,MEIGGS,2026-06-30T22:19:39.494017Z
46440-1950186521,46440,VIRGEN DE ESTRELLA S.A.C.,2026-01-30,195/0186521,CBR846,12.0,PIEDRA,2,40.91,41.17,594.08,,,YERBABUENA,MEIGGS,2026-06-30T22:19:39.494046Z
46440-1950186537,46440,VIRGEN DE ESTRELLA S.A.C.,2026-01-30,195/0186537,CBR796,18.0,PIEDRA,2,42.51,42.78,617.32,,,YERBABUENA,MEIGGS,2026-06-30T22:19:39.494074Z
46440-1950186540,46440,VIRGEN DE ESTRELLA S.A.C.,2026-01-30,195/0186540,ATN880,5.0,PIEDRA,2,42.42,42.69,616.02,,,YERBABUENA,MEIGGS,2026-06-30T22:19:39.494099Z
46440-1950186486,46440,VIRGEN DE ESTRELLA S.A.C.,2026-01-30,195/0186486,F3F817,1.0,ARENA,14,41.36,41.76,602.6,,,YERBABUENA,MEIGGS,2026-06-30T22:19:39.495073Z
46440-1950186491,46440,VIRGEN DE ESTRELLA S.A.C.,2026-01-30,195/0186491,ATN880,5.0,ARENA,14,43.32,43.74,631.17,,,YERBABUENA,MEIGGS,2026-06-30T22:19:39.495103Z
46440-1950186492,46440,VIRGEN DE ESTRELLA S.A.C.,2026-01-30,195/0186492,AYM897,7.0,ARENA,14,43.25,43.67,630.16,,,YERBABUENA,MEIGGS,2026-06-30T22:19:39.495131Z
46440-1950186494,46440,VIRGEN DE ESTRELLA S.A.C.,2026-01-30,195/0186494,AWH708,33.0,ARENA,14,36.3,36.65,528.86,,,YERBABUENA,MEIGGS,2026-06-30T22:19:39.495158Z
46440-1950186510,46440,VIRGEN DE ESTRELLA S.A.C.,2026-01-30,195/0186510,AFX735,25.0,ARENA,14,35.76,36.11,521.07,,,YERBABUENA,MEIGGS,2026-06-30T22:19:39.495186Z
46440-1950186512,46440,VIRGEN DE ESTRELLA S.A.C.,2026-01-30,195/0186512,CBR854,14.0,ARENA,14,41.91,42.32,610.68,,,YERBABUENA,MEIGGS,2026-06-30T22:19:39.495215Z
46440-1950186518,46440,VIRGEN DE ESTRELLA S.A.C.,2026-01-30,195/0186518,CBR854,14.0,ARENA,14,42.48,42.89,618.9,,,YERBABUENA,MEIGGS,2026-06-30T22:19:39.495241Z
46440-1950186520,46440,VIRGEN DE ESTRELLA S.A.C.,2026-01-30,195/0186520,AFX735,25.0,ARENA,14,36.66,37.02,534.2,,,YERBABUENA,MEIGGS,2026-06-30T22:19:39.495266Z
46440-1950186533,46440,VIRGEN DE ESTRELLA S.A.C.,2026-01-30,195/0186533,D8D861,23.0,ARENA,14,38.79,39.17,565.22,,,YERBABUENA,MEIGGS,2026-06-30T22:19:39.495294Z
46440-1950186538,46440,VIRGEN DE ESTRELLA S.A.C.,2026-01-30,195/0186538,AYM897,7.0,ARENA,14,43.4,43.82,632.32,,,YERBABUENA,MEIGGS,2026-06-30T22:19:39.495323Z
46440-1950186546,46440,VIRGEN DE ESTRELLA S.A.C.,2026-01-30,195/0186546,AWH708,33.0,ARENA,14,37.45,37.81,545.6,,,YERBABUENA,MEIGGS,2026-06-30T22:19:39.495347Z
46440-1950186554,46440,VIRGEN DE ESTRELLA S.A.C.,2026-01-30,195/0186554,F3F817,1.0,ARENA,14,42.28,42.69,616.02,,,YERBABUENA,MEIGGS,2026-06-30T22:19:39.495373Z
46440-0010014282,46440,VIRGEN DE ESTRELLA S.A.C.,2026-01-30,001/0014282,AHJ786,28.0,ARENA,14,34.2,37.62,232.87,,,SAN LORENZO,OQUENDO,2026-06-30T22:19:39.496312Z
46440-0010014283,46440,VIRGEN DE ESTRELLA S.A.C.,2026-01-30,001/0014283,D8E728,24.0,ARENA,14,34.2,37.62,232.87,,,SAN LORENZO,OQUENDO,2026-06-30T22:19:39.496343Z
46440-0010014317,46440,VIRGEN DE ESTRELLA S.A.C.,2026-01-30,001/0014317,BFI758,37.0,ARENA,14,34.2,37.62,232.87,,,SAN LORENZO,OQUENDO,2026-06-30T22:19:39.496368Z
46440-0010014285,46440,VIRGEN DE ESTRELLA S.A.C.,2026-01-30,001/0014285,D8D861,23.0,PIEDRA,2,36.12,37.2,230.27,,,SAN LORENZO,OQUENDO,2026-06-30T22:19:39.496757Z
46440-0010014286,46440,VIRGEN DE ESTRELLA S.A.C.,2026-01-30,001/0014286,BAE736,35.0,PIEDRA,2,36.12,37.2,230.27,,,SAN LORENZO,OQUENDO,2026-06-30T22:19:39.496780Z
46440-0010014320,46440,VIRGEN DE ESTRELLA S.A.C.,2026-01-30,001/0014320,D8B795,22.0,PIEDRA,2,36.12,37.2,230.27,,,SAN LORENZO,OQUENDO,2026-06-30T22:19:39.496803Z
46440-0010014324,46440,VIRGEN DE ESTRELLA S.A.C.,2026-01-30,001/0014324,BFI758,37.0,PIEDRA,2,36.12,37.2,230.27,,,SAN LORENZO,OQUENDO,2026-06-30T22:19:39.496825Z
46440-0010014298,46440,VIRGEN DE ESTRELLA S.A.C.,2026-01-30,001/0014298,ABN852,27.0,ARENA,14,36.68,41.45,259.48,,,SAN LORENZO,MATERIALES,2026-06-30T22:19:39.497285Z
46440-0010014299,46440,VIRGEN DE ESTRELLA S.A.C.,2026-01-30,001/0014299,D8E728,24.0,ARENA,14,33.85,38.25,239.45,,,SAN LORENZO,MATERIALES,2026-06-30T22:19:39.497308Z
46440-0010014302,46440,VIRGEN DE ESTRELLA S.A.C.,2026-01-30,001/0014302,D8B795,22.0,ARENA,14,30.5,34.47,215.78,,,SAN LORENZO,MATERIALES,2026-06-30T22:19:39.497334Z
46440-0010014277,46440,VIRGEN DE ESTRELLA S.A.C.,2026-01-30,001/0014277,ABN852,27.0,ARENA,14,36.76,39.77,216.75,,,SAN LORENZO,MEIGGS,2026-06-30T22:19:39.497788Z
46440-0010014279,46440,VIRGEN DE ESTRELLA S.A.C.,2026-01-30,001/0014279,BZR752,38.0,ARENA,14,36.8,39.82,217.02,,,SAN LORENZO,MEIGGS,2026-06-30T22:19:39.497812Z
46440-0010014280,46440,VIRGEN DE ESTRELLA S.A.C.,2026-01-30,001/0014280,BFI758,37.0,ARENA,14,37.55,40.63,221.43,,,SAN LORENZO,MEIGGS,2026-06-30T22:19:39.497834Z
46440-0010014281,46440,VIRGEN DE ESTRELLA S.A.C.,2026-01-30,001/0014281,AKE789,31.0,ARENA,14,35.79,38.72,211.02,,,SAN LORENZO,MEIGGS,2026-06-30T22:19:39.497859Z
46440-0010014311,46440,VIRGEN DE ESTRELLA S.A.C.,2026-01-30,001/0014311,BZR752,38.0,ARENA,14,34.8,37.65,205.19,,,SAN LORENZO,MEIGGS,2026-06-30T22:19:39.497881Z
46440-0010014329,46440,VIRGEN DE ESTRELLA S.A.C.,2026-01-30,001/0014329,D8B795,22.0,ARENA,14,33.6,36.35,198.11,,,SAN LORENZO,MEIGGS,2026-06-30T22:19:39.497903Z
46440-0010014293,46440,VIRGEN DE ESTRELLA S.A.C.,2026-01-30,001/0014293,BZR752,38.0,PIEDRA,2,35.91,37.03,201.81,,,SAN LORENZO,MEIGGS,2026-06-30T22:19:39.498460Z
46440-0010014294,46440,VIRGEN DE ESTRELLA S.A.C.,2026-01-30,001/0014294,D8B795,22.0,PIEDRA,2,34.11,35.17,191.68,,,SAN LORENZO,MEIGGS,2026-06-30T22:19:39.498482Z
46440-0010014296,46440,VIRGEN DE ESTRELLA S.A.C.,2026-01-30,001/0014296,AKE789,31.0,PIEDRA,2,34.96,36.05,196.47,,,SAN LORENZO,MEIGGS,2026-06-30T22:19:39.498501Z
46440-0010014297,46440,VIRGEN DE ESTRELLA S.A.C.,2026-01-30,001/0014297,AHJ786,28.0,PIEDRA,2,34.78,35.86,195.44,,,SAN LORENZO,MEIGGS,2026-06-30T22:19:39.498521Z
46440-0010014304,46440,VIRGEN DE ESTRELLA S.A.C.,2026-01-30,001/0014304,AKE789,31.0,PIEDRA,2,34.62,35.7,194.57,,,SAN LORENZO,MEIGGS,2026-06-30T22:19:39.498544Z
46440-0010014306,46440,VIRGEN DE ESTRELLA S.A.C.,2026-01-30,001/0014306,AHJ786,28.0,PIEDRA,2,35.29,36.39,198.33,,,SAN LORENZO,MEIGGS,2026-06-30T22:19:39.498564Z
46440-0010014314,46440,VIRGEN DE ESTRELLA S.A.C.,2026-01-30,001/0014314,ABN852,27.0,PIEDRA,2,37.48,38.65,210.64,,,SAN LORENZO,MEIGGS,2026-06-30T22:19:39.498584Z
46440-0010014315,46440,VIRGEN DE ESTRELLA S.A.C.,2026-01-30,001/0014315,BAE736,35.0,PIEDRA,2,36.59,37.73,205.63,,,SAN LORENZO,MEIGGS,2026-06-30T22:19:39.498603Z
46440-0010014316,46440,VIRGEN DE ESTRELLA S.A.C.,2026-01-30,001/0014316,D8E728,24.0,PIEDRA,2,34.45,35.52,193.58,,,SAN LORENZO,MEIGGS,2026-06-30T22:19:39.498623Z
46440-0010014309,46440,VIRGEN DE ESTRELLA S.A.C.,2026-01-30,001/0014309,BAE736,35.0,PIEDRA,2,36.21,39.18,213.53,,,SAN LORENZO,MEIGGS,2026-06-30T22:19:39.498714Z
46440-0010014310,46440,VIRGEN DE ESTRELLA S.A.C.,2026-01-30,001/0014310,BFI758,37.0,PIEDRA,2,37.2,40.25,219.36,,,SAN LORENZO,MEIGGS,2026-06-30T22:19:39.498734Z
46514-3770003771,46514,VIRGEN DE ESTRELLA S.A.C.,2026-01-31,377/0003771,BAE736,35.0,ARENA,14,39.0,39.2,211.68,,,OQUENDO,MEIGGS,2026-06-30T22:18:58.839390Z
46514-3770003772,46514,VIRGEN DE ESTRELLA S.A.C.,2026-01-31,377/0003772,AHJ786,28.0,ARENA,14,42.02,42.24,228.1,,,OQUENDO,MEIGGS,2026-06-30T22:18:58.839496Z
46514-3770003774,46514,VIRGEN DE ESTRELLA S.A.C.,2026-01-31,377/0003774,D8E728,24.0,ARENA,14,40.95,41.16,222.26,,,OQUENDO,MEIGGS,2026-06-30T22:18:58.839564Z
46514-3770003775,46514,VIRGEN DE ESTRELLA S.A.C.,2026-01-31,377/0003775,AKE789,31.0,ARENA,14,39.58,39.79,214.87,,,OQUENDO,MEIGGS,2026-06-30T22:18:58.839619Z
46514-3770003776,46514,VIRGEN DE ESTRELLA S.A.C.,2026-01-31,377/0003776,D8B795,22.0,ARENA,14,38.8,39.0,210.6,,,OQUENDO,MEIGGS,2026-06-30T22:18:58.839667Z
46514-3770003777,46514,VIRGEN DE ESTRELLA S.A.C.,2026-01-31,377/0003777,AKE789,31.0,ARENA,14,39.87,40.08,216.43,,,OQUENDO,MEIGGS,2026-06-30T22:18:58.839725Z
46514-1950186569,46514,VIRGEN DE ESTRELLA S.A.C.,2026-01-31,195/0186569,D8D861,23.0,PIEDRA,2,32.89,33.39,481.82,,,YERBABUENA,MEIGGS,2026-06-30T22:18:58.839774Z
46514-1950186585,46514,VIRGEN DE ESTRELLA S.A.C.,2026-01-31,195/0186585,CBR872,16.0,PIEDRA,2,41.94,42.13,607.94,,,YERBABUENA,MEIGGS,2026-06-30T22:18:58.839870Z
46514-1950186598,46514,VIRGEN DE ESTRELLA S.A.C.,2026-01-31,195/0186598,CBR854,14.0,PIEDRA,2,42.25,42.44,612.41,,,YERBABUENA,MEIGGS,2026-06-30T22:18:58.839907Z
46514-1950186600,46514,VIRGEN DE ESTRELLA S.A.C.,2026-01-31,195/0186600,CBR796,18.0,PIEDRA,2,42.86,43.06,621.36,,,YERBABUENA,MEIGGS,2026-06-30T22:18:58.839944Z
46514-1950186604,46514,VIRGEN DE ESTRELLA S.A.C.,2026-01-31,195/0186604,CBR846,12.0,PIEDRA,2,43.14,43.34,625.4,,,YERBABUENA,MEIGGS,2026-06-30T22:18:58.839988Z
46514-1950186570,46514,VIRGEN DE ESTRELLA S.A.C.,2026-01-31,195/0186570,BF1758,,ARENA,14,36.09,36.47,526.26,,,YERBABUENA,MEIGGS,2026-06-30T22:18:58.840092Z
46514-1950186577,46514,VIRGEN DE ESTRELLA S.A.C.,2026-01-31,195/0186577,F3F817,1.0,ARENA,14,40.61,41.03,592.06,,,YERBABUENA,MEIGGS,2026-06-30T22:18:58.840142Z
46514-1950186580,46514,VIRGEN DE ESTRELLA S.A.C.,2026-01-31,195/0186580,ATN880,5.0,ARENA,14,42.81,43.26,624.24,,,YERBABUENA,MEIGGS,2026-06-30T22:18:58.840188Z
46514-1950186581,46514,VIRGEN DE ESTRELLA S.A.C.,2026-01-31,195/0186581,AYM897,7.0,ARENA,14,41.09,41.52,599.13,,,YERBABUENA,MEIGGS,2026-06-30T22:18:58.840237Z
46514-1950186583,46514,VIRGEN DE ESTRELLA S.A.C.,2026-01-31,195/0186583,AWH708,33.0,ARENA,14,37.03,37.42,539.97,,,YERBABUENA,MEIGGS,2026-06-30T22:18:58.840279Z
46514-1950186597,46514,VIRGEN DE ESTRELLA S.A.C.,2026-01-31,195/0186597,AFX735,25.0,ARENA,14,35.28,35.65,514.43,,,YERBABUENA,MEIGGS,2026-06-30T22:18:58.840317Z
46514-0010014331,46514,VIRGEN DE ESTRELLA S.A.C.,2026-01-31,001/0014331,AHJ786,28.0,ARENA,14,35.01,38.83,211.62,,,SAN LORENZO,MEIGGS,2026-06-30T22:18:58.840357Z
46514-0010014333,46514,VIRGEN DE ESTRELLA S.A.C.,2026-01-31,001/0014333,D8E728,24.0,ARENA,14,35.55,39.42,214.84,,,SAN LORENZO,MEIGGS,2026-06-30T22:18:58.840396Z
46514-0010014335,46514,VIRGEN DE ESTRELLA S.A.C.,2026-01-31,001/0014335,AKE789,31.0,ARENA,14,34.88,38.68,210.81,,,SAN LORENZO,MEIGGS,2026-06-30T22:18:58.840433Z
46514-0010014336,46514,VIRGEN DE ESTRELLA S.A.C.,2026-01-31,001/0014336,BZR752,38.0,ARENA,14,35.84,39.75,216.64,,,SAN LORENZO,MEIGGS,2026-06-30T22:18:58.840476Z
46514-0010014339,46514,VIRGEN DE ESTRELLA S.A.C.,2026-01-31,001/0014339,BZR752,38.0,ARENA,14,36.83,40.85,222.63,,,SAN LORENZO,MEIGGS,2026-06-30T22:18:58.840512Z
46514-0010014355,46514,VIRGEN DE ESTRELLA S.A.C.,2026-01-31,001/0014355,BFI758,37.0,ARENA,14,35.72,39.61,215.87,,,SAN LORENZO,MEIGGS,2026-06-30T22:18:58.840549Z
46514-0010014356,46514,VIRGEN DE ESTRELLA S.A.C.,2026-01-31,001/0014356,D8E728,24.0,ARENA,14,36.49,40.47,220.56,,,SAN LORENZO,MEIGGS,2026-06-30T22:18:58.840586Z
46514-0010014352,46514,VIRGEN DE ESTRELLA S.A.C.,2026-01-31,001/0014352,BAE736,35.0,PIEDRA,2,35.19,36.07,196.58,,,SAN LORENZO,MEIGGS,2026-06-30T22:18:58.840625Z
46440-1910566742,46440,VIRGEN DE ESTRELLA S.A.C.,2026-01-31,191/0566742,CCL847,44.0,ARENA,14,32.07,36.24,580.91,,,JICAMARCA,SAN ANTONIO,2026-06-30T22:19:39.492309Z
46440-1910566770,46440,VIRGEN DE ESTRELLA S.A.C.,2026-01-31,191/0566770,C9W737,21.0,ARENA,14,30.79,34.8,557.8,,,JICAMARCA,SAN ANTONIO,2026-06-30T22:19:39.492343Z
46440-1910566778,46440,VIRGEN DE ESTRELLA S.A.C.,2026-01-31,191/0566778,BZR940,40.0,ARENA,14,32.55,36.78,589.61,,,JICAMARCA,SAN ANTONIO,2026-06-30T22:19:39.492374Z
46440-1910566794,46440,VIRGEN DE ESTRELLA S.A.C.,2026-01-31,191/0566794,CHS718,45.0,ARENA,14,29.08,32.86,526.75,,,JICAMARCA,SAN ANTONIO,2026-06-30T22:19:39.492404Z
46440-1910566817,46440,VIRGEN DE ESTRELLA S.A.C.,2026-01-31,191/0566817,CBA709,43.0,ARENA,14,30.68,34.67,555.82,,,JICAMARCA,SAN ANTONIO,2026-06-30T22:19:39.492435Z
46440-1910566819,46440,VIRGEN DE ESTRELLA S.A.C.,2026-01-31,191/0566819,C9W737,21.0,ARENA,14,29.37,33.19,531.96,,,JICAMARCA,SAN ANTONIO,2026-06-30T22:19:39.492465Z
46440-1910566822,46440,VIRGEN DE ESTRELLA S.A.C.,2026-01-31,191/0566822,BZR940,40.0,ARENA,14,33.04,37.34,598.55,,,JICAMARCA,SAN ANTONIO,2026-06-30T22:19:39.492496Z
46440-1910566801,46440,VIRGEN DE ESTRELLA S.A.C.,2026-01-31,191/0566801,CCL847,44.0,PIEDRA,2,34.4,34.39,551.35,,,JICAMARCA,SAN ANTONIO,2026-06-30T22:19:39.492657Z
46440-1910566760,46440,VIRGEN DE ESTRELLA S.A.C.,2026-01-31,191/0566760,CHS718,45.0,PIEDRA,2,35.73,35.73,572.71,,,JICAMARCA,SAN ANTONIO,2026-06-30T22:19:39.493029Z
46440-1910566787,46440,VIRGEN DE ESTRELLA S.A.C.,2026-01-31,191/0566787,CBA709,43.0,PIEDRA,2,37.18,37.18,596.07,,,JICAMARCA,SAN ANTONIO,2026-06-30T22:19:39.493059Z
46440-0010014337,46440,VIRGEN DE ESTRELLA S.A.C.,2026-01-31,001/0014337,BAE736,35.0,ARENA,14,34.2,37.62,232.87,,,SAN LORENZO,OQUENDO,2026-06-30T22:19:39.496394Z
46440-0010014340,46440,VIRGEN DE ESTRELLA S.A.C.,2026-01-31,001/0014340,AHJ786,28.0,ARENA,14,34.2,37.62,232.87,,,SAN LORENZO,OQUENDO,2026-06-30T22:19:39.496419Z
46440-0010014350,46440,VIRGEN DE ESTRELLA S.A.C.,2026-01-31,001/0014350,AWH708,33.0,ARENA,14,34.2,37.62,232.87,,,SAN LORENZO,OQUENDO,2026-06-30T22:19:39.496444Z
46440-0010014353,46440,VIRGEN DE ESTRELLA S.A.C.,2026-01-31,001/0014353,AFX735,25.0,ARENA,14,34.2,37.62,232.87,,,SAN LORENZO,OQUENDO,2026-06-30T22:19:39.496470Z
46440-0010014342,46440,VIRGEN DE ESTRELLA S.A.C.,2026-01-31,001/0014342,D8E728,24.0,PIEDRA,2,36.12,37.2,230.27,,,SAN LORENZO,OQUENDO,2026-06-30T22:19:39.496850Z
46440-0010014343,46440,VIRGEN DE ESTRELLA S.A.C.,2026-01-31,001/0014343,AKE789,31.0,PIEDRA,2,36.12,37.2,230.27,,,SAN LORENZO,OQUENDO,2026-06-30T22:19:39.496873Z
46440-0010014346,46440,VIRGEN DE ESTRELLA S.A.C.,2026-01-31,001/0014346,D8B795,22.0,PIEDRA,2,36.12,37.2,230.27,,,SAN LORENZO,OQUENDO,2026-06-30T22:19:39.496896Z
46440-0010014349,46440,VIRGEN DE ESTRELLA S.A.C.,2026-01-31,001/0014349,ATN880,5.0,PIEDRA,2,43.34,44.64,276.32,,,SAN LORENZO,OQUENDO,2026-06-30T22:19:39.496918Z
46440-0010014347,46440,VIRGEN DE ESTRELLA S.A.C.,2026-01-31,001/0014347,BZR752,38.0,ARENA,14,35.19,39.77,248.96,,,SAN LORENZO,MATERIALES,2026-06-30T22:19:39.497357Z
46440-0010014348,46440,VIRGEN DE ESTRELLA S.A.C.,2026-01-31,001/0014348,D8D861,23.0,ARENA,14,34.94,39.48,247.14,,,SAN LORENZO,MATERIALES,2026-06-30T22:19:39.497381Z
46466-1910566901,46466,VIRGEN DE ESTRELLA S.A.C.,2026-02-02,191/0566901,CHS718,45.0,ARENA,14,32.59,36.5,415.74,,,JICAMARCA,SAN JUAN,2026-06-30T22:19:38.364048Z
46466-1910566904,46466,VIRGEN DE ESTRELLA S.A.C.,2026-02-02,191/0566904,CCL847,44.0,ARENA,14,32.25,36.12,411.41,,,JICAMARCA,SAN JUAN,2026-06-30T22:19:38.364149Z
46466-1910566909,46466,VIRGEN DE ESTRELLA S.A.C.,2026-02-02,191/0566909,BZR940,40.0,ARENA,14,33.45,37.46,426.67,,,JICAMARCA,SAN JUAN,2026-06-30T22:19:38.364206Z
46466-1910566916,46466,VIRGEN DE ESTRELLA S.A.C.,2026-02-02,191/0566916,C9W737,21.0,ARENA,14,32.64,36.56,416.42,,,JICAMARCA,SAN JUAN,2026-06-30T22:19:38.364251Z
46466-1910566920,46466,VIRGEN DE ESTRELLA S.A.C.,2026-02-02,191/0566920,CBA709,43.0,ARENA,14,33.82,37.88,431.45,,,JICAMARCA,SAN JUAN,2026-06-30T22:19:38.364298Z
46466-1910566859,46466,VIRGEN DE ESTRELLA S.A.C.,2026-02-02,191/0566859,BZR940,40.0,PIEDRA,2,35.35,35.36,566.74,,,JICAMARCA,SAN ANTONIO,2026-06-30T22:19:38.365742Z
46466-1910566849,46466,VIRGEN DE ESTRELLA S.A.C.,2026-02-02,191/0566849,CHS718,45.0,PIEDRA,2,34.1,34.1,546.62,,,JICAMARCA,SAN ANTONIO,2026-06-30T22:19:38.365902Z
46466-1910566854,46466,VIRGEN DE ESTRELLA S.A.C.,2026-02-02,191/0566854,CCL847,44.0,PIEDRA,2,33.77,33.77,541.41,,,JICAMARCA,SAN ANTONIO,2026-06-30T22:19:38.365934Z
46466-1910566868,46466,VIRGEN DE ESTRELLA S.A.C.,2026-02-02,191/0566868,C9W737,21.0,PIEDRA,2,34.78,34.78,557.56,,,JICAMARCA,SAN ANTONIO,2026-06-30T22:19:38.365965Z
46466-1910566873,46466,VIRGEN DE ESTRELLA S.A.C.,2026-02-02,191/0566873,CBA709,43.0,PIEDRA,2,35.53,35.53,569.48,,,JICAMARCA,SAN ANTONIO,2026-06-30T22:19:38.365996Z
46466-3770003785,46466,VIRGEN DE ESTRELLA S.A.C.,2026-02-02,377/0003785,AKE789,31.0,ARENA,14,39.19,39.19,211.63,,,OQUENDO,MEIGGS,2026-06-30T22:19:38.366336Z
46466-3770003786,46466,VIRGEN DE ESTRELLA S.A.C.,2026-02-02,377/0003786,D8E728,24.0,ARENA,14,38.33,38.33,206.98,,,OQUENDO,MEIGGS,2026-06-30T22:19:38.366372Z
46466-3770003787,46466,VIRGEN DE ESTRELLA S.A.C.,2026-02-02,377/0003787,D8D861,23.0,ARENA,14,36.95,36.95,199.53,,,OQUENDO,MEIGGS,2026-06-30T22:19:38.366404Z
46466-3770003788,46466,VIRGEN DE ESTRELLA S.A.C.,2026-02-02,377/0003788,ABN852,27.0,ARENA,14,38.33,38.33,206.98,,,OQUENDO,MEIGGS,2026-06-30T22:19:38.366440Z
46466-3770003789,46466,VIRGEN DE ESTRELLA S.A.C.,2026-02-02,377/0003789,AJA905,29.0,ARENA,14,38.8,38.8,209.52,,,OQUENDO,MEIGGS,2026-06-30T22:19:38.366472Z
46466-3770003790,46466,VIRGEN DE ESTRELLA S.A.C.,2026-02-02,377/0003790,AJA905,29.0,ARENA,14,40.35,40.35,217.89,,,OQUENDO,MEIGGS,2026-06-30T22:19:38.366517Z
46466-1950186636,46466,VIRGEN DE ESTRELLA S.A.C.,2026-02-02,195/0186636,AWH708,33.0,ARENA,14,38.37,38.75,521.96,,,YERBABUENA,OQUENDO,2026-06-30T22:19:38.366877Z
46466-1950186644,46466,VIRGEN DE ESTRELLA S.A.C.,2026-02-02,195/0186644,CBR854,14.0,ARENA,14,46.04,46.5,626.36,,,YERBABUENA,OQUENDO,2026-06-30T22:19:38.366908Z
46466-1950186645,46466,VIRGEN DE ESTRELLA S.A.C.,2026-02-02,195/0186645,CBR796,18.0,ARENA,14,47.57,48.05,647.23,,,YERBABUENA,OQUENDO,2026-06-30T22:19:38.366940Z
46466-0010014366,46466,VIRGEN DE ESTRELLA S.A.C.,2026-02-02,001/0014366,BAE736,35.0,ARENA,14,33.89,37.62,232.87,,,SAN LORENZO,OQUENDO,2026-06-30T22:19:38.368847Z
46466-0010014358,46466,VIRGEN DE ESTRELLA S.A.C.,2026-02-02,001/0014358,CBR872,16.0,PIEDRA,2,43.34,44.64,276.32,,,SAN LORENZO,OQUENDO,2026-06-30T22:19:38.369221Z
46466-0010014360,46466,VIRGEN DE ESTRELLA S.A.C.,2026-02-02,001/0014360,ATN880,5.0,PIEDRA,2,43.34,44.64,276.32,,,SAN LORENZO,OQUENDO,2026-06-30T22:19:38.369245Z
46466-0010014369,46466,VIRGEN DE ESTRELLA S.A.C.,2026-02-02,001/0014369,BYP824,9.0,PIEDRA,2,43.34,44.64,276.32,,,SAN LORENZO,OQUENDO,2026-06-30T22:19:38.369269Z
46466-0010014371,46466,VIRGEN DE ESTRELLA S.A.C.,2026-02-02,001/0014371,CBR872,16.0,PIEDRA,2,43.34,44.64,276.32,,,SAN LORENZO,OQUENDO,2026-06-30T22:19:38.369297Z
46466-0010014372,46466,VIRGEN DE ESTRELLA S.A.C.,2026-02-02,001/0014372,ATN880,5.0,PIEDRA,2,43.34,44.64,276.32,,,SAN LORENZO,OQUENDO,2026-06-30T22:19:38.369320Z
46466-0010014375,46466,VIRGEN DE ESTRELLA S.A.C.,2026-02-02,001/0014375,BYP824,9.0,PIEDRA,2,43.34,44.64,276.32,,,SAN LORENZO,OQUENDO,2026-06-30T22:19:38.369343Z
46466-0010014357,46466,VIRGEN DE ESTRELLA S.A.C.,2026-02-02,001/0014357,ABN852,27.0,ARENA,14,34.82,39.35,246.33,,,SAN LORENZO,MATERIALES,2026-06-30T22:19:38.369708Z
46466-0010014359,46466,VIRGEN DE ESTRELLA S.A.C.,2026-02-02,001/0014359,BZR752,38.0,ARENA,14,33.83,38.23,239.32,,,SAN LORENZO,MATERIALES,2026-06-30T22:19:38.369733Z
46466-0010014361,46466,VIRGEN DE ESTRELLA S.A.C.,2026-02-02,001/0014361,C9T788,20.0,ARENA,14,31.65,35.76,223.86,,,SAN LORENZO,MATERIALES,2026-06-30T22:19:38.369759Z
46466-0010014362,46466,VIRGEN DE ESTRELLA S.A.C.,2026-02-02,001/0014362,AKE789,31.0,ARENA,14,34.58,39.08,244.64,,,SAN LORENZO,MATERIALES,2026-06-30T22:19:38.369785Z
46466-0010014363,46466,VIRGEN DE ESTRELLA S.A.C.,2026-02-02,001/0014363,AHJ786,28.0,ARENA,14,33.35,37.68,235.88,,,SAN LORENZO,MATERIALES,2026-06-30T22:19:38.369809Z
46466-0010014364,46466,VIRGEN DE ESTRELLA S.A.C.,2026-02-02,001/0014364,D8E728,24.0,ARENA,14,34.22,38.67,242.07,,,SAN LORENZO,MATERIALES,2026-06-30T22:19:38.369837Z
46466-0010014365,46466,VIRGEN DE ESTRELLA S.A.C.,2026-02-02,001/0014365,AJA905,29.0,ARENA,14,33.87,38.27,239.57,,,SAN LORENZO,MATERIALES,2026-06-30T22:19:38.369864Z
46466-0010014367,46466,VIRGEN DE ESTRELLA S.A.C.,2026-02-02,001/0014367,D8D861,23.0,ARENA,14,35.26,39.84,249.4,,,SAN LORENZO,MATERIALES,2026-06-30T22:19:38.369890Z
46466-0010014370,46466,VIRGEN DE ESTRELLA S.A.C.,2026-02-02,001/0014370,AFX735,25.0,PIEDRA,2,36.32,37.05,201.92,,,SAN LORENZO,MEIGGS,2026-06-30T22:19:38.370330Z
46466-0010014374,46466,VIRGEN DE ESTRELLA S.A.C.,2026-02-02,001/0014374,AFX735,25.0,PIEDRA,2,35.56,36.27,197.67,,,SAN LORENZO,MEIGGS,2026-06-30T22:19:38.370354Z
46466-0010014376,46466,VIRGEN DE ESTRELLA S.A.C.,2026-02-02,001/0014376,BAE736,35.0,PIEDRA,2,38.71,39.48,215.17,,,SAN LORENZO,MEIGGS,2026-06-30T22:19:38.370376Z
46466-0010014377,46466,VIRGEN DE ESTRELLA S.A.C.,2026-02-02,001/0014377,ABN852,27.0,PIEDRA,2,38.29,39.06,212.88,,,SAN LORENZO,MEIGGS,2026-06-30T22:19:38.370397Z
46466-0010014378,46466,VIRGEN DE ESTRELLA S.A.C.,2026-02-02,001/0014378,AHJ786,28.0,PIEDRA,2,36.08,36.8,200.56,,,SAN LORENZO,MEIGGS,2026-06-30T22:19:38.370420Z
46466-0010014379,46466,VIRGEN DE ESTRELLA S.A.C.,2026-02-02,001/0014379,AFX735,25.0,PIEDRA,2,34.88,35.58,193.91,,,SAN LORENZO,MEIGGS,2026-06-30T22:19:38.370440Z
46466-0010014380,46466,VIRGEN DE ESTRELLA S.A.C.,2026-02-02,001/0014380,BZR752,38.0,PIEDRA,2,37.72,38.47,209.66,,,SAN LORENZO,MEIGGS,2026-06-30T22:19:38.370461Z
46466-0010014383,46466,VIRGEN DE ESTRELLA S.A.C.,2026-02-02,001/0014383,C9T788,20.0,PIEDRA,2,37.07,37.81,206.06,,,SAN LORENZO,MEIGGS,2026-06-30T22:19:38.370482Z
46466-0010014382,46466,VIRGEN DE ESTRELLA S.A.C.,2026-02-02,001/0014382,AWH708,33.0,PIEDRA,2,38.09,38.09,207.59,,,SAN LORENZO,MEIGGS,2026-06-30T22:19:38.370913Z
46466-1910567107,46466,VIRGEN DE ESTRELLA S.A.C.,2026-02-03,191/0567107,BZR940,40.0,ARENA,14,30.88,34.59,393.98,,,JICAMARCA,SAN JUAN,2026-06-30T22:19:38.364337Z
46466-1910566988,46466,VIRGEN DE ESTRELLA S.A.C.,2026-02-03,191/0566988,CCL847,44.0,ARENA,14,29.03,32.52,521.28,,,JICAMARCA,SAN ANTONIO,2026-06-30T22:19:38.364802Z
46466-1910567007,46466,VIRGEN DE ESTRELLA S.A.C.,2026-02-03,191/0567007,C9W737,21.0,ARENA,14,28.7,32.15,515.32,,,JICAMARCA,SAN ANTONIO,2026-06-30T22:19:38.364839Z
46466-1910567009,46466,VIRGEN DE ESTRELLA S.A.C.,2026-02-03,191/0567009,BZR940,40.0,ARENA,14,31.94,35.77,573.46,,,JICAMARCA,SAN ANTONIO,2026-06-30T22:19:38.364876Z
46466-1910567032,46466,VIRGEN DE ESTRELLA S.A.C.,2026-02-03,191/0567032,CBA709,43.0,ARENA,14,29.1,32.6,522.52,,,JICAMARCA,SAN ANTONIO,2026-06-30T22:19:38.364913Z
46466-1910567054,46466,VIRGEN DE ESTRELLA S.A.C.,2026-02-03,191/0567054,CHS718,45.0,ARENA,14,33.17,37.15,595.57,,,JICAMARCA,SAN ANTONIO,2026-06-30T22:19:38.364948Z
46466-1910567055,46466,VIRGEN DE ESTRELLA S.A.C.,2026-02-03,191/0567055,CCL847,44.0,ARENA,14,32.92,36.87,591.1,,,JICAMARCA,SAN ANTONIO,2026-06-30T22:19:38.364983Z
46466-1910567058,46466,VIRGEN DE ESTRELLA S.A.C.,2026-02-03,191/0567058,BZR940,40.0,ARENA,14,34.03,38.11,610.98,,,JICAMARCA,SAN ANTONIO,2026-06-30T22:19:38.365018Z
46466-1910567070,46466,VIRGEN DE ESTRELLA S.A.C.,2026-02-03,191/0567070,CBA709,43.0,ARENA,14,33.88,37.94,608.24,,,JICAMARCA,SAN ANTONIO,2026-06-30T22:19:38.365058Z
46466-1910567073,46466,VIRGEN DE ESTRELLA S.A.C.,2026-02-03,191/0567073,C9W737,21.0,ARENA,14,31.51,35.29,565.75,,,JICAMARCA,SAN ANTONIO,2026-06-30T22:19:38.365096Z
46466-1910567004,46466,VIRGEN DE ESTRELLA S.A.C.,2026-02-03,191/0567004,CHS718,45.0,PIEDRA,2,34.95,34.95,560.25,,,JICAMARCA,SAN ANTONIO,2026-06-30T22:19:38.365774Z
46466-1950186720,46466,VIRGEN DE ESTRELLA S.A.C.,2026-02-03,195/0186720,AFX735,25.0,PIEDRA,2,34.62,34.62,499.57,,,YERBABUENA,MEIGGS,2026-06-30T22:19:38.367183Z
46466-1950186749,46466,VIRGEN DE ESTRELLA S.A.C.,2026-02-03,195/0186749,D8D861,23.0,PIEDRA,2,35.95,35.95,518.76,,,YERBABUENA,MEIGGS,2026-06-30T22:19:38.367211Z
46466-1950186711,46466,VIRGEN DE ESTRELLA S.A.C.,2026-02-03,195/0186711,CBR846,12.0,PIEDRA,2,43.27,43.27,624.39,,,YERBABUENA,MEIGGS,2026-06-30T22:19:38.367268Z
46466-1950186723,46466,VIRGEN DE ESTRELLA S.A.C.,2026-02-03,195/0186723,CBR796,18.0,PIEDRA,2,41.53,41.53,599.28,,,YERBABUENA,MEIGGS,2026-06-30T22:19:38.367294Z
46466-1950186724,46466,VIRGEN DE ESTRELLA S.A.C.,2026-02-03,195/0186724,CBR872,16.0,PIEDRA,2,42.17,42.17,608.51,,,YERBABUENA,MEIGGS,2026-06-30T22:19:38.367320Z
46466-1950186745,46466,VIRGEN DE ESTRELLA S.A.C.,2026-02-03,195/0186745,CBR796,18.0,PIEDRA,2,39.56,39.56,570.85,,,YERBABUENA,MEIGGS,2026-06-30T22:19:38.367345Z
46466-1950186759,46466,VIRGEN DE ESTRELLA S.A.C.,2026-02-03,195/0186759,CBR846,12.0,PIEDRA,2,38.39,38.39,553.97,,,YERBABUENA,MEIGGS,2026-06-30T22:19:38.367371Z
46466-1950186765,46466,VIRGEN DE ESTRELLA S.A.C.,2026-02-03,195/0186765,AFX735,25.0,PIEDRA,2,38.04,38.04,548.92,,,YERBABUENA,MEIGGS,2026-06-30T22:19:38.367398Z
46466-1950186706,46466,VIRGEN DE ESTRELLA S.A.C.,2026-02-03,195/0186706,F3F817,1.0,ARENA,14,46.45,46.91,676.91,,,YERBABUENA,MEIGGS,2026-06-30T22:19:38.367797Z
46466-1950186707,46466,VIRGEN DE ESTRELLA S.A.C.,2026-02-03,195/0186707,C9T788,20.0,ARENA,14,37.48,37.85,546.18,,,YERBABUENA,MEIGGS,2026-06-30T22:19:38.367825Z
46466-1950186709,46466,VIRGEN DE ESTRELLA S.A.C.,2026-02-03,195/0186709,ATN880,5.0,ARENA,14,46.98,47.45,684.7,,,YERBABUENA,MEIGGS,2026-06-30T22:19:38.367853Z
46466-1950186712,46466,VIRGEN DE ESTRELLA S.A.C.,2026-02-03,195/0186712,AWH708,33.0,ARENA,14,38.87,39.26,566.52,,,YERBABUENA,MEIGGS,2026-06-30T22:19:38.367886Z
46466-1950186722,46466,VIRGEN DE ESTRELLA S.A.C.,2026-02-03,195/0186722,CBR854,14.0,ARENA,14,41.96,42.38,611.54,,,YERBABUENA,MEIGGS,2026-06-30T22:19:38.367922Z
46466-1950186735,46466,VIRGEN DE ESTRELLA S.A.C.,2026-02-03,195/0186735,CAZ895,42.0,ARENA,14,37.15,37.52,541.41,,,YERBABUENA,MEIGGS,2026-06-30T22:19:38.367954Z
46466-1950186744,46466,VIRGEN DE ESTRELLA S.A.C.,2026-02-03,195/0186744,ATN880,5.0,ARENA,14,44.18,44.62,643.87,,,YERBABUENA,MEIGGS,2026-06-30T22:19:38.367982Z
46466-1950186748,46466,VIRGEN DE ESTRELLA S.A.C.,2026-02-03,195/0186748,CBR854,14.0,ARENA,14,43.5,43.94,634.05,,,YERBABUENA,MEIGGS,2026-06-30T22:19:38.368011Z
46466-1950186751,46466,VIRGEN DE ESTRELLA S.A.C.,2026-02-03,195/0186751,F3F817,1.0,ARENA,14,45.02,45.47,656.13,,,YERBABUENA,MEIGGS,2026-06-30T22:19:38.368037Z
46466-1950186754,46466,VIRGEN DE ESTRELLA S.A.C.,2026-02-03,195/0186754,AWH708,33.0,ARENA,14,37.95,38.33,553.1,,,YERBABUENA,MEIGGS,2026-06-30T22:19:38.368067Z
46466-1950186755,46466,VIRGEN DE ESTRELLA S.A.C.,2026-02-03,195/0186755,C9T788,20.0,ARENA,14,34.62,34.97,504.62,,,YERBABUENA,MEIGGS,2026-06-30T22:19:38.368096Z
46466-1950186762,46466,VIRGEN DE ESTRELLA S.A.C.,2026-02-03,195/0186762,AWW871,32.0,ARENA,14,37.68,38.06,549.21,,,YERBABUENA,MEIGGS,2026-06-30T22:19:38.368125Z
46466-0010014400,46466,VIRGEN DE ESTRELLA S.A.C.,2026-02-03,001/0014400,BZR752,38.0,ARENA,14,34.2,37.62,232.87,,,SAN LORENZO,OQUENDO,2026-06-30T22:19:38.368876Z
46466-0010014402,46466,VIRGEN DE ESTRELLA S.A.C.,2026-02-03,001/0014402,D8E728,24.0,ARENA,14,34.2,37.62,232.87,,,SAN LORENZO,OQUENDO,2026-06-30T22:19:38.368905Z
46466-0010014404,46466,VIRGEN DE ESTRELLA S.A.C.,2026-02-03,001/0014404,AKE789,31.0,ARENA,14,34.2,37.62,232.87,,,SAN LORENZO,OQUENDO,2026-06-30T22:19:38.368933Z
46466-0010014405,46466,VIRGEN DE ESTRELLA S.A.C.,2026-02-03,001/0014405,ABN852,27.0,ARENA,14,34.2,37.62,232.87,,,SAN LORENZO,OQUENDO,2026-06-30T22:19:38.368959Z
46466-0010014406,46466,VIRGEN DE ESTRELLA S.A.C.,2026-02-03,001/0014406,AHJ786,28.0,PIEDRA,2,36.12,37.2,230.27,,,SAN LORENZO,OQUENDO,2026-06-30T22:19:38.369368Z
46466-0010014407,46466,VIRGEN DE ESTRELLA S.A.C.,2026-02-03,001/0014407,D8D861,23.0,PIEDRA,2,36.12,37.2,230.27,,,SAN LORENZO,OQUENDO,2026-06-30T22:19:38.369392Z
46466-0010014408,46466,VIRGEN DE ESTRELLA S.A.C.,2026-02-03,001/0014408,D8B795,22.0,PIEDRA,2,36.12,37.2,230.27,,,SAN LORENZO,OQUENDO,2026-06-30T22:19:38.369416Z
46466-0010014409,46466,VIRGEN DE ESTRELLA S.A.C.,2026-02-03,001/0014409,BAE736,35.0,PIEDRA,2,36.12,37.2,230.27,,,SAN LORENZO,OQUENDO,2026-06-30T22:19:38.369441Z
46466-0010014391,46466,VIRGEN DE ESTRELLA S.A.C.,2026-02-03,001/0014391,AKE789,31.0,ARENA,14,34.07,37.82,206.12,,,SAN LORENZO,MEIGGS,2026-06-30T22:19:38.369916Z
46466-0010014392,46466,VIRGEN DE ESTRELLA S.A.C.,2026-02-03,001/0014392,BZR752,38.0,ARENA,14,36.3,40.29,219.58,,,SAN LORENZO,MEIGGS,2026-06-30T22:19:38.369939Z
46466-0010014393,46466,VIRGEN DE ESTRELLA S.A.C.,2026-02-03,001/0014393,D8B795,22.0,ARENA,14,32.46,36.03,196.36,,,SAN LORENZO,MEIGGS,2026-06-30T22:19:38.369963Z
46466-0010014394,46466,VIRGEN DE ESTRELLA S.A.C.,2026-02-03,001/0014394,D8D861,23.0,ARENA,14,35.23,39.11,213.15,,,SAN LORENZO,MEIGGS,2026-06-30T22:19:38.369986Z
46466-0010014395,46466,VIRGEN DE ESTRELLA S.A.C.,2026-02-03,001/0014395,D8E728,24.0,ARENA,14,33.99,37.73,205.63,,,SAN LORENZO,MEIGGS,2026-06-30T22:19:38.370010Z
46466-0010014396,46466,VIRGEN DE ESTRELLA S.A.C.,2026-02-03,001/0014396,ABN852,27.0,ARENA,14,36.93,40.99,223.4,,,SAN LORENZO,MEIGGS,2026-06-30T22:19:38.370033Z
46466-0010014397,46466,VIRGEN DE ESTRELLA S.A.C.,2026-02-03,001/0014397,AHJ786,28.0,ARENA,14,35.28,39.16,213.42,,,SAN LORENZO,MEIGGS,2026-06-30T22:19:38.370056Z
46466-0010014398,46466,VIRGEN DE ESTRELLA S.A.C.,2026-02-03,001/0014398,BAE736,35.0,ARENA,14,35.5,39.41,214.78,,,SAN LORENZO,MEIGGS,2026-06-30T22:19:38.370080Z
46466-0010014401,46466,VIRGEN DE ESTRELLA S.A.C.,2026-02-03,001/0014401,D8B795,22.0,PIEDRA,2,35.53,36.24,197.51,,,SAN LORENZO,MEIGGS,2026-06-30T22:19:38.370506Z
46466-0010014411,46466,VIRGEN DE ESTRELLA S.A.C.,2026-02-03,001/0014411,AJA905,29.0,PIEDRA,2,38.14,38.9,212.01,,,SAN LORENZO,MEIGGS,2026-06-30T22:19:38.370528Z
46466-0010014416,46466,VIRGEN DE ESTRELLA S.A.C.,2026-02-03,001/0014416,AJA905,29.0,PIEDRA,2,38.24,39.0,212.55,,,SAN LORENZO,MEIGGS,2026-06-30T22:19:38.370550Z
46466-0010014421,46466,VIRGEN DE ESTRELLA S.A.C.,2026-02-03,001/0014421,AJA905,29.0,PIEDRA,2,37.86,38.62,210.48,,,SAN LORENZO,MEIGGS,2026-06-30T22:19:38.370579Z
46466-1910567190,46466,VIRGEN DE ESTRELLA S.A.C.,2026-02-04,191/0567190,BZR940,40.0,ARENA,14,30.4,34.05,387.83,,,JICAMARCA,SAN JUAN,2026-06-30T22:19:38.364374Z
46466-1910567165,46466,VIRGEN DE ESTRELLA S.A.C.,2026-02-04,191/0567165,CHS718,45.0,ARENA,14,30.56,33.62,448.15,,,JICAMARCA,VILLA 1,2026-06-30T22:19:38.364529Z
46466-1910567182,46466,VIRGEN DE ESTRELLA S.A.C.,2026-02-04,191/0567182,C9W737,21.0,ARENA,14,31.45,34.6,461.16,,,JICAMARCA,VILLA 1,2026-06-30T22:19:38.364566Z
46466-1910567236,46466,VIRGEN DE ESTRELLA S.A.C.,2026-02-04,191/0567236,CHS718,45.0,PIEDRA,2,36.93,36.93,503.36,,,JICAMARCA,EMBOLSADOS INS. Y SUM.,2026-06-30T22:19:38.364677Z
46466-1910567258,46466,VIRGEN DE ESTRELLA S.A.C.,2026-02-04,191/0567258,C9W737,21.0,PIEDRA,2,34.58,34.58,471.33,,,JICAMARCA,EMBOLSADOS INS. Y SUM.,2026-06-30T22:19:38.364719Z
46466-1910567289,46466,VIRGEN DE ESTRELLA S.A.C.,2026-02-04,191/0567289,BZR940,40.0,PIEDRA,2,36.61,36.61,498.99,,,JICAMARCA,EMBOLSADOS INS. Y SUM.,2026-06-30T22:19:38.364761Z
46466-1910567205,46466,VIRGEN DE ESTRELLA S.A.C.,2026-02-04,191/0567205,CBA709,43.0,PIEDRA,2,37.26,37.26,597.31,,,JICAMARCA,SAN ANTONIO,2026-06-30T22:19:38.366032Z
46466-1910567239,46466,VIRGEN DE ESTRELLA S.A.C.,2026-02-04,191/0567239,CBA709,43.0,PIEDRA,2,35.91,35.91,575.69,,,JICAMARCA,SAN ANTONIO,2026-06-30T22:19:38.366063Z
46466-3770003799,46466,VIRGEN DE ESTRELLA S.A.C.,2026-02-04,377/0003799,ABN852,27.0,ARENA,14,41.71,41.71,225.23,,,OQUENDO,MEIGGS,2026-06-30T22:19:38.366549Z
46466-3770003800,46466,VIRGEN DE ESTRELLA S.A.C.,2026-02-04,377/0003800,D8B795,22.0,ARENA,14,37.61,37.61,203.09,,,OQUENDO,MEIGGS,2026-06-30T22:19:38.366582Z
46466-1950186798,46466,VIRGEN DE ESTRELLA S.A.C.,2026-02-04,195/0186798,ATN880,5.0,PIEDRA,2,43.15,43.15,622.65,,,YERBABUENA,MEIGGS,2026-06-30T22:19:38.367427Z
46466-1950186804,46466,VIRGEN DE ESTRELLA S.A.C.,2026-02-04,195/0186804,CBR846,12.0,PIEDRA,2,42.15,42.15,608.22,,,YERBABUENA,MEIGGS,2026-06-30T22:19:38.367456Z
46466-1950186819,46466,VIRGEN DE ESTRELLA S.A.C.,2026-02-04,195/0186819,CBR854,14.0,PIEDRA,2,42.15,42.15,608.22,,,YERBABUENA,MEIGGS,2026-06-30T22:19:38.367483Z
46466-1950186821,46466,VIRGEN DE ESTRELLA S.A.C.,2026-02-04,195/0186821,CBR796,18.0,PIEDRA,2,42.09,42.09,607.36,,,YERBABUENA,MEIGGS,2026-06-30T22:19:38.367510Z
46466-1950186824,46466,VIRGEN DE ESTRELLA S.A.C.,2026-02-04,195/0186824,CBR872,16.0,PIEDRA,2,42.75,42.75,616.88,,,YERBABUENA,MEIGGS,2026-06-30T22:19:38.367538Z
46466-1950186794,46466,VIRGEN DE ESTRELLA S.A.C.,2026-02-04,195/0186794,F3F817,1.0,ARENA,14,47.72,48.2,695.53,,,YERBABUENA,MEIGGS,2026-06-30T22:19:38.368155Z
46466-1950186795,46466,VIRGEN DE ESTRELLA S.A.C.,2026-02-04,195/0186795,C9T788,20.0,ARENA,14,38.59,38.98,562.48,,,YERBABUENA,MEIGGS,2026-06-30T22:19:38.368183Z
46466-1950186799,46466,VIRGEN DE ESTRELLA S.A.C.,2026-02-04,195/0186799,AYM897,7.0,ARENA,14,47.01,47.48,685.14,,,YERBABUENA,MEIGGS,2026-06-30T22:19:38.368211Z
46466-1950186803,46466,VIRGEN DE ESTRELLA S.A.C.,2026-02-04,195/0186803,CAZ895,42.0,ARENA,14,38.46,38.84,560.46,,,YERBABUENA,MEIGGS,2026-06-30T22:19:38.368238Z
46466-1950186805,46466,VIRGEN DE ESTRELLA S.A.C.,2026-02-04,195/0186805,AWH708,33.0,ARENA,14,37.93,38.31,552.81,,,YERBABUENA,MEIGGS,2026-06-30T22:19:38.368264Z
46466-1950186817,46466,VIRGEN DE ESTRELLA S.A.C.,2026-02-04,195/0186817,AFX735,25.0,ARENA,14,38.01,38.39,553.97,,,YERBABUENA,MEIGGS,2026-06-30T22:19:38.368297Z
46466-0010014423,46466,VIRGEN DE ESTRELLA S.A.C.,2026-02-04,001/0014423,ABN852,27.0,ARENA,14,34.2,37.62,232.87,,,SAN LORENZO,OQUENDO,2026-06-30T22:19:38.368984Z
46466-0010014424,46466,VIRGEN DE ESTRELLA S.A.C.,2026-02-04,001/0014424,D8E728,24.0,ARENA,14,34.2,37.62,232.87,,,SAN LORENZO,OQUENDO,2026-06-30T22:19:38.369010Z
46466-0010014425,46466,VIRGEN DE ESTRELLA S.A.C.,2026-02-04,001/0014425,AKE789,31.0,ARENA,14,34.2,37.62,232.87,,,SAN LORENZO,OQUENDO,2026-06-30T22:19:38.369038Z
46466-0010014426,46466,VIRGEN DE ESTRELLA S.A.C.,2026-02-04,001/0014426,D8B795,22.0,ARENA,14,34.2,37.62,232.87,,,SAN LORENZO,OQUENDO,2026-06-30T22:19:38.369063Z
46466-0010014427,46466,VIRGEN DE ESTRELLA S.A.C.,2026-02-04,001/0014427,BAE736,35.0,PIEDRA,2,36.12,37.2,230.27,,,SAN LORENZO,OQUENDO,2026-06-30T22:19:38.369464Z
46466-0010014428,46466,VIRGEN DE ESTRELLA S.A.C.,2026-02-04,001/0014428,D8D861,23.0,PIEDRA,2,36.12,37.2,230.27,,,SAN LORENZO,OQUENDO,2026-06-30T22:19:38.369487Z
46466-0010014433,46466,VIRGEN DE ESTRELLA S.A.C.,2026-02-04,001/0014433,ABN852,27.0,PIEDRA,2,36.12,37.2,230.27,,,SAN LORENZO,OQUENDO,2026-06-30T22:19:38.369511Z
46466-0010014434,46466,VIRGEN DE ESTRELLA S.A.C.,2026-02-04,001/0014434,D8B795,22.0,PIEDRA,2,36.12,37.2,230.27,,,SAN LORENZO,OQUENDO,2026-06-30T22:19:38.369535Z
46466-0010014435,46466,VIRGEN DE ESTRELLA S.A.C.,2026-02-04,001/0014435,D8D861,23.0,PIEDRA,2,35.16,35.86,195.44,,,SAN LORENZO,MEIGGS,2026-06-30T22:19:38.370602Z
46466-0010014436,46466,VIRGEN DE ESTRELLA S.A.C.,2026-02-04,001/0014436,D8E728,24.0,PIEDRA,2,34.02,34.7,189.12,,,SAN LORENZO,MEIGGS,2026-06-30T22:19:38.370625Z
46466-0010014440,46466,VIRGEN DE ESTRELLA S.A.C.,2026-02-04,001/0014440,BAE736,35.0,PIEDRA,2,37.15,37.89,206.5,,,SAN LORENZO,MEIGGS,2026-06-30T22:19:38.370646Z
46466-0010014442,46466,VIRGEN DE ESTRELLA S.A.C.,2026-02-04,001/0014442,AKE789,31.0,PIEDRA,2,34.57,35.26,192.17,,,SAN LORENZO,MEIGGS,2026-06-30T22:19:38.370668Z
46466-1910567359,46466,VIRGEN DE ESTRELLA S.A.C.,2026-02-05,191/0567359,BZR940,40.0,ARENA,14,32.21,36.39,583.4,,,JICAMARCA,SAN ANTONIO,2026-06-30T22:19:38.365133Z
46466-1910567364,46466,VIRGEN DE ESTRELLA S.A.C.,2026-02-05,191/0567364,C9W737,21.0,ARENA,14,29.64,33.5,536.93,,,JICAMARCA,SAN ANTONIO,2026-06-30T22:19:38.365177Z
46466-1910567386,46466,VIRGEN DE ESTRELLA S.A.C.,2026-02-05,191/0567386,CBA709,43.0,ARENA,14,31.7,35.82,574.2,,,JICAMARCA,SAN ANTONIO,2026-06-30T22:19:38.365214Z
46466-1910567400,46466,VIRGEN DE ESTRELLA S.A.C.,2026-02-05,191/0567400,CHS718,45.0,ARENA,14,32.36,36.56,586.13,,,JICAMARCA,SAN ANTONIO,2026-06-30T22:19:38.365253Z
46466-1910567402,46466,VIRGEN DE ESTRELLA S.A.C.,2026-02-05,191/0567402,CCL847,44.0,ARENA,14,31.75,35.88,575.2,,,JICAMARCA,SAN ANTONIO,2026-06-30T22:19:38.365287Z
46466-1910567414,46466,VIRGEN DE ESTRELLA S.A.C.,2026-02-05,191/0567414,C9W737,21.0,ARENA,14,29.2,33.0,528.98,,,JICAMARCA,SAN ANTONIO,2026-06-30T22:19:38.365320Z
46466-1910567424,46466,VIRGEN DE ESTRELLA S.A.C.,2026-02-05,191/0567424,CBA709,43.0,ARENA,14,33.15,37.46,600.54,,,JICAMARCA,SAN ANTONIO,2026-06-30T22:19:38.365354Z
46466-1910567452,46466,VIRGEN DE ESTRELLA S.A.C.,2026-02-05,191/0567452,CHS718,45.0,ARENA,14,31.88,36.02,577.43,,,JICAMARCA,SAN ANTONIO,2026-06-30T22:19:38.365387Z
46466-1910567453,46466,VIRGEN DE ESTRELLA S.A.C.,2026-02-05,191/0567453,CCL847,44.0,ARENA,14,31.05,35.09,562.52,,,JICAMARCA,SAN ANTONIO,2026-06-30T22:19:38.365420Z
46466-1910567457,46466,VIRGEN DE ESTRELLA S.A.C.,2026-02-05,191/0567457,C9W737,21.0,ARENA,14,32.54,36.77,589.36,,,JICAMARCA,SAN ANTONIO,2026-06-30T22:19:38.365453Z
46466-1910567343,46466,VIRGEN DE ESTRELLA S.A.C.,2026-02-05,191/0567343,CHS718,45.0,PIEDRA,2,33.85,33.86,542.7,,,JICAMARCA,SAN ANTONIO,2026-06-30T22:19:38.365805Z
46466-1910567337,46466,VIRGEN DE ESTRELLA S.A.C.,2026-02-05,191/0567337,CCL847,44.0,PIEDRA,2,35.9,35.9,575.44,,,JICAMARCA,SAN ANTONIO,2026-06-30T22:19:38.366094Z
46466-1910567465,46466,VIRGEN DE ESTRELLA S.A.C.,2026-02-05,191/0567465,BZR940,40.0,PIEDRA,2,40.01,40.01,641.29,,,JICAMARCA,SAN ANTONIO,2026-06-30T22:19:38.366124Z
46466-1910567408,46466,VIRGEN DE ESTRELLA S.A.C.,2026-02-05,191/0567408,BZR940,40.0,PIEDRA,2,35.69,35.69,572.14,,,JICAMARCA,SAN ANTONIO,2026-06-30T22:19:38.366302Z
46466-3770003804,46466,VIRGEN DE ESTRELLA S.A.C.,2026-02-05,377/0003804,D8B795,22.0,ARENA,14,37.68,37.68,203.47,,,OQUENDO,MEIGGS,2026-06-30T22:19:38.366617Z
46466-3770003805,46466,VIRGEN DE ESTRELLA S.A.C.,2026-02-05,377/0003805,D8B795,22.0,ARENA,14,36.98,36.98,199.69,,,OQUENDO,MEIGGS,2026-06-30T22:19:38.366648Z
46466-1950186882,46466,VIRGEN DE ESTRELLA S.A.C.,2026-02-05,195/0186882,C9T788,20.0,PIEDRA,2,33.65,33.65,485.57,,,YERBABUENA,MEIGGS,2026-06-30T22:19:38.367242Z
46466-1950186888,46466,VIRGEN DE ESTRELLA S.A.C.,2026-02-05,195/0186888,CBR846,12.0,PIEDRA,2,41.43,41.43,597.83,,,YERBABUENA,MEIGGS,2026-06-30T22:19:38.367567Z
46466-1950186889,46466,VIRGEN DE ESTRELLA S.A.C.,2026-02-05,195/0186889,CBR872,16.0,PIEDRA,2,42.41,42.41,611.98,,,YERBABUENA,MEIGGS,2026-06-30T22:19:38.367593Z
46466-1950186929,46466,VIRGEN DE ESTRELLA S.A.C.,2026-02-05,195/0186929,CBR846,12.0,PIEDRA,2,41.71,41.71,601.88,,,YERBABUENA,MEIGGS,2026-06-30T22:19:38.367619Z
46466-1950186881,46466,VIRGEN DE ESTRELLA S.A.C.,2026-02-05,195/0186881,F3F817,1.0,ARENA,14,46.42,46.88,676.48,,,YERBABUENA,MEIGGS,2026-06-30T22:19:38.368323Z
46466-1950186884,46466,VIRGEN DE ESTRELLA S.A.C.,2026-02-05,195/0186884,ATN880,5.0,ARENA,14,47.2,47.67,687.88,,,YERBABUENA,MEIGGS,2026-06-30T22:19:38.368354Z
46466-1950186891,46466,VIRGEN DE ESTRELLA S.A.C.,2026-02-05,195/0186891,AWW871,32.0,ARENA,14,37.94,38.32,552.96,,,YERBABUENA,MEIGGS,2026-06-30T22:19:38.368381Z
46466-1950186895,46466,VIRGEN DE ESTRELLA S.A.C.,2026-02-05,195/0186895,AFX735,25.0,ARENA,14,37.85,38.23,551.66,,,YERBABUENA,MEIGGS,2026-06-30T22:19:38.368408Z
46466-1950186899,46466,VIRGEN DE ESTRELLA S.A.C.,2026-02-05,195/0186899,CBR854,14.0,ARENA,14,44.7,45.15,651.51,,,YERBABUENA,MEIGGS,2026-06-30T22:19:38.368435Z
46466-1950186901,46466,VIRGEN DE ESTRELLA S.A.C.,2026-02-05,195/0186901,CBR796,18.0,ARENA,14,43.98,44.42,640.98,,,YERBABUENA,MEIGGS,2026-06-30T22:19:38.368461Z
46466-1950186918,46466,VIRGEN DE ESTRELLA S.A.C.,2026-02-05,195/0186918,C9T788,20.0,ARENA,14,38.26,38.64,557.58,,,YERBABUENA,MEIGGS,2026-06-30T22:19:38.368487Z
46466-1950186920,46466,VIRGEN DE ESTRELLA S.A.C.,2026-02-05,195/0186920,ATN880,5.0,ARENA,14,44.71,45.16,651.66,,,YERBABUENA,MEIGGS,2026-06-30T22:19:38.368512Z
46466-1950186924,46466,VIRGEN DE ESTRELLA S.A.C.,2026-02-05,195/0186924,F3F817,1.0,ARENA,14,43.41,43.84,632.61,,,YERBABUENA,MEIGGS,2026-06-30T22:19:38.368538Z
46466-1950186927,46466,VIRGEN DE ESTRELLA S.A.C.,2026-02-05,195/0186927,CBR872,16.0,ARENA,14,42.13,42.55,614.0,,,YERBABUENA,MEIGGS,2026-06-30T22:19:38.368567Z
46466-1950186928,46466,VIRGEN DE ESTRELLA S.A.C.,2026-02-05,195/0186928,CBR796,18.0,ARENA,14,42.52,42.95,619.77,,,YERBABUENA,MEIGGS,2026-06-30T22:19:38.368593Z
46466-1950186950,46466,VIRGEN DE ESTRELLA S.A.C.,2026-02-05,195/0186950,CBR854,14.0,ARENA,14,41.35,41.76,602.6,,,YERBABUENA,MEIGGS,2026-06-30T22:19:38.368623Z
46466-0010014458,46466,VIRGEN DE ESTRELLA S.A.C.,2026-02-05,001/0014458,BAE736,35.0,ARENA,14,34.2,37.62,232.87,,,SAN LORENZO,OQUENDO,2026-06-30T22:19:38.369090Z
46466-0010014466,46466,VIRGEN DE ESTRELLA S.A.C.,2026-02-05,001/0014466,BAE736,35.0,PIEDRA,2,36.12,37.2,230.27,,,SAN LORENZO,OQUENDO,2026-06-30T22:19:38.369558Z
46466-0010014467,46466,VIRGEN DE ESTRELLA S.A.C.,2026-02-05,001/0014467,D8B795,22.0,PIEDRA,2,36.12,37.2,230.27,,,SAN LORENZO,OQUENDO,2026-06-30T22:19:38.369581Z
46466-0010014448,46466,VIRGEN DE ESTRELLA S.A.C.,2026-02-05,001/0014448,BZR752,38.0,ARENA,14,36.14,40.12,218.65,,,SAN LORENZO,MEIGGS,2026-06-30T22:19:38.370106Z
46466-0010014449,46466,VIRGEN DE ESTRELLA S.A.C.,2026-02-05,001/0014449,AHJ786,28.0,ARENA,14,32.8,36.41,198.43,,,SAN LORENZO,MEIGGS,2026-06-30T22:19:38.370140Z
46466-0010014450,46466,VIRGEN DE ESTRELLA S.A.C.,2026-02-05,001/0014450,D8E728,24.0,ARENA,14,31.53,35.0,190.75,,,SAN LORENZO,MEIGGS,2026-06-30T22:19:38.370165Z
46466-0010014451,46466,VIRGEN DE ESTRELLA S.A.C.,2026-02-05,001/0014451,AKE789,31.0,ARENA,14,31.72,35.21,191.89,,,SAN LORENZO,MEIGGS,2026-06-30T22:19:38.370189Z
46466-0010014452,46466,VIRGEN DE ESTRELLA S.A.C.,2026-02-05,001/0014452,BAE736,35.0,ARENA,14,36.31,40.3,219.64,,,SAN LORENZO,MEIGGS,2026-06-30T22:19:38.370212Z
46466-0010014453,46466,VIRGEN DE ESTRELLA S.A.C.,2026-02-05,001/0014453,BZR752,38.0,ARENA,14,35.69,39.62,215.93,,,SAN LORENZO,MEIGGS,2026-06-30T22:19:38.370238Z
46466-0010014454,46466,VIRGEN DE ESTRELLA S.A.C.,2026-02-05,001/0014454,AHJ786,28.0,ARENA,14,33.96,37.7,205.47,,,SAN LORENZO,MEIGGS,2026-06-30T22:19:38.370262Z
46466-0010014456,46466,VIRGEN DE ESTRELLA S.A.C.,2026-02-05,001/0014456,D8E728,24.0,ARENA,14,33.77,37.49,204.32,,,SAN LORENZO,MEIGGS,2026-06-30T22:19:38.370285Z
46466-0010014457,46466,VIRGEN DE ESTRELLA S.A.C.,2026-02-05,001/0014457,AKE789,31.0,ARENA,14,34.04,37.78,205.9,,,SAN LORENZO,MEIGGS,2026-06-30T22:19:38.370308Z
46466-0010014459,46466,VIRGEN DE ESTRELLA S.A.C.,2026-02-05,001/0014459,D8E728,24.0,PIEDRA,2,35.17,35.87,195.49,,,SAN LORENZO,MEIGGS,2026-06-30T22:19:38.370696Z
46466-0010014462,46466,VIRGEN DE ESTRELLA S.A.C.,2026-02-05,001/0014462,AHJ786,28.0,PIEDRA,2,36.25,36.97,201.49,,,SAN LORENZO,MEIGGS,2026-06-30T22:19:38.370717Z
46466-0010014464,46466,VIRGEN DE ESTRELLA S.A.C.,2026-02-05,001/0014464,AKE789,31.0,PIEDRA,2,35.32,36.03,196.36,,,SAN LORENZO,MEIGGS,2026-06-30T22:19:38.370739Z
46466-0010014465,46466,VIRGEN DE ESTRELLA S.A.C.,2026-02-05,001/0014465,BZR752,38.0,PIEDRA,2,36.39,37.12,202.3,,,SAN LORENZO,MEIGGS,2026-06-30T22:19:38.370761Z
46492-0010014470,46492,VIRGEN DE ESTRELLA S.A.C.,2026-02-05,001/0014470,D8B795,22.0,ARENA,14,34.2,37.62,232.87,,,SAN LORENZO,OQUENDO,2026-07-01T08:51:04.847899Z
46466-1910567514,46466,VIRGEN DE ESTRELLA S.A.C.,2026-02-06,191/0567514,CCL847,44.0,ARENA,14,29.13,32.92,527.74,,,JICAMARCA,SAN ANTONIO,2026-06-30T22:19:38.365485Z
46466-1910567529,46466,VIRGEN DE ESTRELLA S.A.C.,2026-02-06,191/0567529,C9W737,21.0,ARENA,14,28.71,32.44,520.04,,,JICAMARCA,SAN ANTONIO,2026-06-30T22:19:38.365522Z
46466-1910567532,46466,VIRGEN DE ESTRELLA S.A.C.,2026-02-06,191/0567532,BZR940,40.0,ARENA,14,31.15,35.2,564.26,,,JICAMARCA,SAN ANTONIO,2026-06-30T22:19:38.365557Z
46466-1910567564,46466,VIRGEN DE ESTRELLA S.A.C.,2026-02-06,191/0567564,CBA709,43.0,ARENA,14,30.23,34.16,547.62,,,JICAMARCA,SAN ANTONIO,2026-06-30T22:19:38.365595Z
46466-1910567581,46466,VIRGEN DE ESTRELLA S.A.C.,2026-02-06,191/0567581,CHS718,45.0,ARENA,14,31.48,35.57,570.23,,,JICAMARCA,SAN ANTONIO,2026-06-30T22:19:38.365629Z
46466-1910567583,46466,VIRGEN DE ESTRELLA S.A.C.,2026-02-06,191/0567583,C9W737,21.0,ARENA,14,30.9,34.92,559.79,,,JICAMARCA,SAN ANTONIO,2026-06-30T22:19:38.365662Z
46466-1910567587,46466,VIRGEN DE ESTRELLA S.A.C.,2026-02-06,191/0567587,CCL847,44.0,ARENA,14,31.96,36.12,578.92,,,JICAMARCA,SAN ANTONIO,2026-06-30T22:19:38.365708Z
46466-1910567536,46466,VIRGEN DE ESTRELLA S.A.C.,2026-02-06,191/0567536,CHS718,45.0,PIEDRA,2,33.14,33.14,531.15,,,JICAMARCA,SAN ANTONIO,2026-06-30T22:19:38.365836Z
46466-1910567603,46466,VIRGEN DE ESTRELLA S.A.C.,2026-02-06,191/0567603,BZR940,40.0,PIEDRA,2,35.76,35.76,573.21,,,JICAMARCA,SAN ANTONIO,2026-06-30T22:19:38.366154Z
46466-1910567604,46466,VIRGEN DE ESTRELLA S.A.C.,2026-02-06,191/0567604,CBA709,43.0,PIEDRA,2,35.29,35.29,565.75,,,JICAMARCA,SAN ANTONIO,2026-06-30T22:19:38.366188Z
46466-3770003809,46466,VIRGEN DE ESTRELLA S.A.C.,2026-02-06,377/0003809,BAE736,35.0,ARENA,14,39.27,39.27,212.06,,,OQUENDO,MEIGGS,2026-06-30T22:19:38.366678Z
46466-3770003810,46466,VIRGEN DE ESTRELLA S.A.C.,2026-02-06,377/0003810,D8E728,24.0,ARENA,14,38.66,38.66,208.76,,,OQUENDO,MEIGGS,2026-06-30T22:19:38.366713Z
46466-3770003811,46466,VIRGEN DE ESTRELLA S.A.C.,2026-02-06,377/0003811,ABN852,27.0,ARENA,14,41.22,41.22,222.59,,,OQUENDO,MEIGGS,2026-06-30T22:19:38.366745Z
46466-3770003812,46466,VIRGEN DE ESTRELLA S.A.C.,2026-02-06,377/0003812,D8B795,22.0,ARENA,14,37.44,37.44,202.18,,,OQUENDO,MEIGGS,2026-06-30T22:19:38.366775Z
46466-1950187036,46466,VIRGEN DE ESTRELLA S.A.C.,2026-02-06,195/0187036,CBR846,12.0,PIEDRA,2,47.57,48.05,647.23,,,YERBABUENA,OQUENDO,2026-06-30T22:19:38.366803Z
46466-1950187004,46466,VIRGEN DE ESTRELLA S.A.C.,2026-02-06,195/0187004,AWH708,33.0,ARENA,14,38.37,38.75,521.96,,,YERBABUENA,OQUENDO,2026-06-30T22:19:38.366971Z
46466-1950187008,46466,VIRGEN DE ESTRELLA S.A.C.,2026-02-06,195/0187008,C9T788,20.0,ARENA,14,38.37,38.75,521.96,,,YERBABUENA,OQUENDO,2026-06-30T22:19:38.367001Z
46466-1950187038,46466,VIRGEN DE ESTRELLA S.A.C.,2026-02-06,195/0187038,F3F817,1.0,ARENA,14,46.04,46.5,626.36,,,YERBABUENA,OQUENDO,2026-06-30T22:19:38.367032Z
46466-1950187043,46466,VIRGEN DE ESTRELLA S.A.C.,2026-02-06,195/0187043,AYM897,7.0,PIEDRA,2,41.28,41.28,579.98,,,YERBABUENA,MATERIALES,2026-06-30T22:19:38.367062Z
46466-1950186971,46466,VIRGEN DE ESTRELLA S.A.C.,2026-02-06,195/0186971,AYM897,7.0,PIEDRA,2,41.06,41.06,592.5,,,YERBABUENA,MEIGGS,2026-06-30T22:19:38.367647Z
46466-1950186973,46466,VIRGEN DE ESTRELLA S.A.C.,2026-02-06,195/0186973,CBR846,12.0,PIEDRA,2,40.74,40.74,587.88,,,YERBABUENA,MEIGGS,2026-06-30T22:19:38.367673Z
46466-1950186976,46466,VIRGEN DE ESTRELLA S.A.C.,2026-02-06,195/0186976,CBR872,16.0,PIEDRA,2,41.89,41.89,604.47,,,YERBABUENA,MEIGGS,2026-06-30T22:19:38.367712Z
46466-1950186989,46466,VIRGEN DE ESTRELLA S.A.C.,2026-02-06,195/0186989,CBR796,18.0,PIEDRA,2,41.66,41.66,601.15,,,YERBABUENA,MEIGGS,2026-06-30T22:19:38.367740Z
46466-1950187041,46466,VIRGEN DE ESTRELLA S.A.C.,2026-02-06,195/0187041,ATN880,5.0,PIEDRA,2,43.74,43.74,631.17,,,YERBABUENA,MEIGGS,2026-06-30T22:19:38.367767Z
46466-1950186966,46466,VIRGEN DE ESTRELLA S.A.C.,2026-02-06,195/0186966,F3F817,1.0,ARENA,14,46.34,46.8,675.32,,,YERBABUENA,MEIGGS,2026-06-30T22:19:38.368649Z
46466-1950186967,46466,VIRGEN DE ESTRELLA S.A.C.,2026-02-06,195/0186967,C9T788,20.0,ARENA,14,38.28,38.66,557.86,,,YERBABUENA,MEIGGS,2026-06-30T22:19:38.368675Z
46466-1950186970,46466,VIRGEN DE ESTRELLA S.A.C.,2026-02-06,195/0186970,ATN880,5.0,ARENA,14,45.6,46.06,664.65,,,YERBABUENA,MEIGGS,2026-06-30T22:19:38.368710Z
46466-1950186974,46466,VIRGEN DE ESTRELLA S.A.C.,2026-02-06,195/0186974,AWH708,33.0,ARENA,14,38.92,39.31,567.24,,,YERBABUENA,MEIGGS,2026-06-30T22:19:38.368737Z
46466-1950186986,46466,VIRGEN DE ESTRELLA S.A.C.,2026-02-06,195/0186986,AFX735,25.0,ARENA,14,37.41,37.78,545.17,,,YERBABUENA,MEIGGS,2026-06-30T22:19:38.368763Z
46466-1950186988,46466,VIRGEN DE ESTRELLA S.A.C.,2026-02-06,195/0186988,CBR854,14.0,ARENA,14,43.66,44.1,636.36,,,YERBABUENA,MEIGGS,2026-06-30T22:19:38.368789Z
46466-0010014474,46466,VIRGEN DE ESTRELLA S.A.C.,2026-02-06,001/0014474,AJA905,29.0,ARENA,14,34.2,37.62,232.87,,,SAN LORENZO,OQUENDO,2026-06-30T22:19:38.369120Z
46466-0010014475,46466,VIRGEN DE ESTRELLA S.A.C.,2026-02-06,001/0014475,D8E728,24.0,ARENA,14,34.2,37.62,232.87,,,SAN LORENZO,OQUENDO,2026-06-30T22:19:38.369145Z
46466-0010014476,46466,VIRGEN DE ESTRELLA S.A.C.,2026-02-06,001/0014476,D8B795,22.0,ARENA,14,34.2,37.62,232.87,,,SAN LORENZO,OQUENDO,2026-06-30T22:19:38.369171Z
46466-0010014477,46466,VIRGEN DE ESTRELLA S.A.C.,2026-02-06,001/0014477,ABN852,27.0,ARENA,14,34.2,37.62,232.87,,,SAN LORENZO,OQUENDO,2026-06-30T22:19:38.369197Z
46466-0010014478,46466,VIRGEN DE ESTRELLA S.A.C.,2026-02-06,001/0014478,BAE736,35.0,PIEDRA,2,36.12,37.2,230.27,,,SAN LORENZO,OQUENDO,2026-06-30T22:19:38.369607Z
46466-0010014479,46466,VIRGEN DE ESTRELLA S.A.C.,2026-02-06,001/0014479,AKE789,31.0,PIEDRA,2,36.12,37.2,230.27,,,SAN LORENZO,OQUENDO,2026-06-30T22:19:38.369631Z
46466-0010014483,46466,VIRGEN DE ESTRELLA S.A.C.,2026-02-06,001/0014483,AJC805,30.0,PIEDRA,2,36.12,37.2,230.27,,,SAN LORENZO,OQUENDO,2026-06-30T22:19:38.369654Z
46466-0010014486,46466,VIRGEN DE ESTRELLA S.A.C.,2026-02-06,001/0014486,D8D861,23.0,PIEDRA,2,36.12,37.2,230.27,,,SAN LORENZO,OQUENDO,2026-06-30T22:19:38.369678Z
46466-0010014498,46466,VIRGEN DE ESTRELLA S.A.C.,2026-02-06,001/0014498,D8E728,24.0,PIEDRA,2,35.14,35.84,195.33,,,SAN LORENZO,MEIGGS,2026-06-30T22:19:38.370782Z
46466-0010014499,46466,VIRGEN DE ESTRELLA S.A.C.,2026-02-06,001/0014499,AJA905,29.0,PIEDRA,2,35.12,35.82,195.22,,,SAN LORENZO,MEIGGS,2026-06-30T22:19:38.370806Z
46466-0010014500,46466,VIRGEN DE ESTRELLA S.A.C.,2026-02-06,001/0014500,ABN852,27.0,PIEDRA,2,37.55,38.3,208.74,,,SAN LORENZO,MEIGGS,2026-06-30T22:19:38.370829Z
46466-0010014501,46466,VIRGEN DE ESTRELLA S.A.C.,2026-02-06,001/0014501,AKE789,31.0,PIEDRA,2,35.56,36.27,197.67,,,SAN LORENZO,MEIGGS,2026-06-30T22:19:38.370852Z
46466-0010014502,46466,VIRGEN DE ESTRELLA S.A.C.,2026-02-06,001/0014502,BAE736,35.0,PIEDRA,2,36.26,36.99,201.6,,,SAN LORENZO,MEIGGS,2026-06-30T22:19:38.370872Z
46466-0010014508,46466,VIRGEN DE ESTRELLA S.A.C.,2026-02-06,001/0014508,D8D861,23.0,PIEDRA,2,34.04,34.72,189.22,,,SAN LORENZO,MEIGGS,2026-06-30T22:19:38.370892Z
46466-1910567754,46466,VIRGEN DE ESTRELLA S.A.C.,2026-02-07,191/0567754,CHS718,45.0,ARENA,14,31.21,34.96,398.19,,,JICAMARCA,SAN JUAN,2026-06-30T22:19:38.364415Z
46466-1910567762,46466,VIRGEN DE ESTRELLA S.A.C.,2026-02-07,191/0567762,C9W737,21.0,ARENA,14,31.87,35.69,406.51,,,JICAMARCA,SAN JUAN,2026-06-30T22:19:38.364453Z
46466-1910567769,46466,VIRGEN DE ESTRELLA S.A.C.,2026-02-07,191/0567769,CBA709,43.0,ARENA,14,31.95,35.78,407.53,,,JICAMARCA,SAN JUAN,2026-06-30T22:19:38.364493Z
46466-1910567700,46466,VIRGEN DE ESTRELLA S.A.C.,2026-02-07,191/0567700,CHS718,45.0,ARENA,14,31.69,34.86,464.68,,,JICAMARCA,VILLA 1,2026-06-30T22:19:38.364602Z
46466-1910567724,46466,VIRGEN DE ESTRELLA S.A.C.,2026-02-07,191/0567724,BZR940,40.0,ARENA,14,34.2,37.62,501.45,,,JICAMARCA,VILLA 1,2026-06-30T22:19:38.364638Z
46466-1910567756,46466,VIRGEN DE ESTRELLA S.A.C.,2026-02-07,191/0567756,CCL847,44.0,PIEDRA,2,35.63,35.63,571.07,,,JICAMARCA,SAN ANTONIO,2026-06-30T22:19:38.365870Z
46466-1910567687,46466,VIRGEN DE ESTRELLA S.A.C.,2026-02-07,191/0567687,CCL847,44.0,PIEDRA,2,36.98,36.98,592.84,,,JICAMARCA,SAN ANTONIO,2026-06-30T22:19:38.366217Z
46466-1910567720,46466,VIRGEN DE ESTRELLA S.A.C.,2026-02-07,191/0567720,C9W737,21.0,PIEDRA,2,35.56,35.56,569.98,,,JICAMARCA,SAN ANTONIO,2026-06-30T22:19:38.366246Z
46466-1910567740,46466,VIRGEN DE ESTRELLA S.A.C.,2026-02-07,191/0567740,CBA709,43.0,PIEDRA,2,36.46,36.46,584.39,,,JICAMARCA,SAN ANTONIO,2026-06-30T22:19:38.366274Z
46466-1950187037,46466,VIRGEN DE ESTRELLA S.A.C.,2026-02-07,195/0187037,CBR796,18.0,PIEDRA,2,47.57,48.05,647.23,,,YERBABUENA,OQUENDO,2026-06-30T22:19:38.366839Z
46466-1950187044,46466,VIRGEN DE ESTRELLA S.A.C.,2026-02-07,195/0187044,CBR854,14.0,PIEDRA,2,40.64,40.64,570.99,,,YERBABUENA,MATERIALES,2026-06-30T22:19:38.367092Z
46466-1950187045,46466,VIRGEN DE ESTRELLA S.A.C.,2026-02-07,195/0187045,CBR872,16.0,PIEDRA,2,42.21,42.21,593.05,,,YERBABUENA,MATERIALES,2026-06-30T22:19:38.367122Z
46466-1950187047,46466,VIRGEN DE ESTRELLA S.A.C.,2026-02-07,195/0187047,AFX735,25.0,PIEDRA,2,37.5,37.5,526.88,,,YERBABUENA,MATERIALES,2026-06-30T22:19:38.367153Z
46466-1950187063,46466,VIRGEN DE ESTRELLA S.A.C.,2026-02-07,195/0187063,CBR846,12.0,ARENA,14,42.83,43.26,624.24,,,YERBABUENA,MEIGGS,2026-06-30T22:19:38.368815Z
46492-1910567902,46492,VIRGEN DE ESTRELLA S.A.C.,2026-02-09,191/0567902,CHS718,45.0,ARENA,14,33.56,37.59,428.15,,,JICAMARCA,SAN JUAN,2026-07-01T08:51:04.842901Z
46492-1910567909,46492,VIRGEN DE ESTRELLA S.A.C.,2026-02-09,191/0567909,CBA709,43.0,ARENA,14,32.6,36.51,415.85,,,JICAMARCA,SAN JUAN,2026-07-01T08:51:04.842945Z
46492-1910567923,46492,VIRGEN DE ESTRELLA S.A.C.,2026-02-09,191/0567923,C9W737,21.0,ARENA,14,32.48,36.38,414.37,,,JICAMARCA,SAN JUAN,2026-07-01T08:51:04.842987Z
46492-1910567928,46492,VIRGEN DE ESTRELLA S.A.C.,2026-02-09,191/0567928,BZR940,40.0,ARENA,14,32.68,36.6,416.87,,,JICAMARCA,SAN JUAN,2026-07-01T08:51:04.843025Z
46492-1910567842,46492,VIRGEN DE ESTRELLA S.A.C.,2026-02-09,191/0567842,C9W737,21.0,PIEDRA,2,35.05,35.05,477.73,,,JICAMARCA,EMBOLSADOS INS. Y SUM.,2026-07-01T08:51:04.843814Z
46492-1910567848,46492,VIRGEN DE ESTRELLA S.A.C.,2026-02-09,191/0567848,BZR940,40.0,PIEDRA,2,35.47,35.47,483.46,,,JICAMARCA,EMBOLSADOS INS. Y SUM.,2026-07-01T08:51:04.843849Z
46492-1910567854,46492,VIRGEN DE ESTRELLA S.A.C.,2026-02-09,191/0567854,CHS718,45.0,PIEDRA,2,33.48,33.48,536.68,,,JICAMARCA,SAN ANTONIO,2026-07-01T08:51:04.844923Z
46492-1910567860,46492,VIRGEN DE ESTRELLA S.A.C.,2026-02-09,191/0567860,CBA709,43.0,PIEDRA,2,36.08,36.08,578.43,,,JICAMARCA,SAN ANTONIO,2026-07-01T08:51:04.845048Z
46492-1950187141,46492,VIRGEN DE ESTRELLA S.A.C.,2026-02-09,195/0187141,CBR796,18.0,PIEDRA,2,46.5,46.5,626.36,,,YERBABUENA,OQUENDO,2026-07-01T08:51:04.845716Z
46492-1950187139,46492,VIRGEN DE ESTRELLA S.A.C.,2026-02-09,195/0187139,AYM897,7.0,ARENA,14,44.5,44.95,605.48,,,YERBABUENA,OQUENDO,2026-07-01T08:51:04.845751Z
46492-1950187140,46492,VIRGEN DE ESTRELLA S.A.C.,2026-02-09,195/0187140,CBR854,14.0,ARENA,14,46.04,46.5,626.36,,,YERBABUENA,OQUENDO,2026-07-01T08:51:04.845783Z
46492-1950187134,46492,VIRGEN DE ESTRELLA S.A.C.,2026-02-09,195/0187134,F3F817,1.0,PIEDRA,2,44.23,44.23,638.24,,,YERBABUENA,MEIGGS,2026-07-01T08:51:04.846083Z
46492-1950187137,46492,VIRGEN DE ESTRELLA S.A.C.,2026-02-09,195/0187137,ATN880,5.0,PIEDRA,2,46.5,46.5,671.0,,,YERBABUENA,MEIGGS,2026-07-01T08:51:04.846148Z
46492-1950187152,46492,VIRGEN DE ESTRELLA S.A.C.,2026-02-09,195/0187152,CBR872,16.0,PIEDRA,2,44.15,44.15,637.08,,,YERBABUENA,MEIGGS,2026-07-01T08:51:04.846180Z
46492-1950187153,46492,VIRGEN DE ESTRELLA S.A.C.,2026-02-09,195/0187153,CBR846,12.0,PIEDRA,2,42.59,42.59,614.57,,,YERBABUENA,MEIGGS,2026-07-01T08:51:04.846210Z
46492-1950187151,46492,VIRGEN DE ESTRELLA S.A.C.,2026-02-09,195/0187151,AWH708,33.0,ARENA,14,43.22,43.65,629.87,,,YERBABUENA,MEIGGS,2026-07-01T08:51:04.846881Z
46492-1950187154,46492,VIRGEN DE ESTRELLA S.A.C.,2026-02-09,195/0187154,AFX735,25.0,ARENA,14,39.34,39.73,573.3,,,YERBABUENA,MEIGGS,2026-07-01T08:51:04.846916Z
46492-0010014524,46492,VIRGEN DE ESTRELLA S.A.C.,2026-02-09,001/0014524,BZR752,38.0,ARENA,14,34.1,38.53,241.2,,,SAN LORENZO,MATERIALES,2026-07-01T08:51:04.848857Z
46492-0010014525,46492,VIRGEN DE ESTRELLA S.A.C.,2026-02-09,001/0014525,BAE736,35.0,ARENA,14,35.69,40.33,252.47,,,SAN LORENZO,MATERIALES,2026-07-01T08:51:04.848899Z
46492-0010014527,46492,VIRGEN DE ESTRELLA S.A.C.,2026-02-09,001/0014527,D8E728,24.0,ARENA,14,33.87,38.27,239.57,,,SAN LORENZO,MATERIALES,2026-07-01T08:51:04.848942Z
46492-0010014539,46492,VIRGEN DE ESTRELLA S.A.C.,2026-02-09,001/0014539,D8B795,22.0,ARENA,14,32.16,36.34,227.49,,,SAN LORENZO,MATERIALES,2026-07-01T08:51:04.848985Z
46492-0010014540,46492,VIRGEN DE ESTRELLA S.A.C.,2026-02-09,001/0014540,D8E728,24.0,ARENA,14,31.41,35.49,222.17,,,SAN LORENZO,MATERIALES,2026-07-01T08:51:04.849027Z
46492-0010014541,46492,VIRGEN DE ESTRELLA S.A.C.,2026-02-09,001/0014541,AJC805,30.0,ARENA,14,35.63,40.26,252.03,,,SAN LORENZO,MATERIALES,2026-07-01T08:51:04.849067Z
46492-0010014543,46492,VIRGEN DE ESTRELLA S.A.C.,2026-02-09,001/0014543,BZR752,38.0,ARENA,14,35.96,40.63,254.34,,,SAN LORENZO,MATERIALES,2026-07-01T08:51:04.849107Z
46492-0010014546,46492,VIRGEN DE ESTRELLA S.A.C.,2026-02-09,001/0014546,AKE789,31.0,ARENA,14,34.8,39.32,246.14,,,SAN LORENZO,MATERIALES,2026-07-01T08:51:04.849146Z
46492-0010014547,46492,VIRGEN DE ESTRELLA S.A.C.,2026-02-09,001/0014547,BAE736,35.0,ARENA,14,35.53,40.15,251.34,,,SAN LORENZO,MATERIALES,2026-07-01T08:51:04.849185Z
46492-0010014548,46492,VIRGEN DE ESTRELLA S.A.C.,2026-02-09,001/0014548,D8D861,23.0,ARENA,14,34.88,39.41,246.71,,,SAN LORENZO,MATERIALES,2026-07-01T08:51:04.849228Z
46492-0010014549,46492,VIRGEN DE ESTRELLA S.A.C.,2026-02-09,001/0014549,ABN852,27.0,ARENA,14,36.5,41.25,258.22,,,SAN LORENZO,MATERIALES,2026-07-01T08:51:04.849268Z
46492-0010014550,46492,VIRGEN DE ESTRELLA S.A.C.,2026-02-09,001/0014550,AHJ786,28.0,ARENA,14,35.58,40.2,251.65,,,SAN LORENZO,MATERIALES,2026-07-01T08:51:04.849309Z
46492-0010014551,46492,VIRGEN DE ESTRELLA S.A.C.,2026-02-09,001/0014551,C9T788,20.0,ARENA,14,33.37,37.71,236.06,,,SAN LORENZO,MATERIALES,2026-07-01T08:51:04.849348Z
46492-0010014530,46492,VIRGEN DE ESTRELLA S.A.C.,2026-02-09,001/0014530,AJC805,30.0,ARENA,14,36.35,39.99,217.95,,,SAN LORENZO,MEIGGS,2026-07-01T08:51:04.849698Z
46492-0010014531,46492,VIRGEN DE ESTRELLA S.A.C.,2026-02-09,001/0014531,C9T788,20.0,ARENA,14,32.72,35.99,196.15,,,SAN LORENZO,MEIGGS,2026-07-01T08:51:04.849740Z
46492-0010014532,46492,VIRGEN DE ESTRELLA S.A.C.,2026-02-09,001/0014532,D8D861,23.0,ARENA,14,33.17,36.49,198.87,,,SAN LORENZO,MEIGGS,2026-07-01T08:51:04.849782Z
46492-0010014533,46492,VIRGEN DE ESTRELLA S.A.C.,2026-02-09,001/0014533,ABN852,27.0,ARENA,14,36.35,39.99,217.95,,,SAN LORENZO,MEIGGS,2026-07-01T08:51:04.849820Z
46492-0010014535,46492,VIRGEN DE ESTRELLA S.A.C.,2026-02-09,001/0014535,AKE789,31.0,ARENA,14,34.49,37.94,206.77,,,SAN LORENZO,MEIGGS,2026-07-01T08:51:04.849858Z
46492-0010014536,46492,VIRGEN DE ESTRELLA S.A.C.,2026-02-09,001/0014536,C9T788,20.0,ARENA,14,33.35,36.69,199.96,,,SAN LORENZO,MEIGGS,2026-07-01T08:51:04.849895Z
46492-0010014537,46492,VIRGEN DE ESTRELLA S.A.C.,2026-02-09,001/0014537,AJC805,30.0,ARENA,14,37.91,41.7,227.27,,,SAN LORENZO,MEIGGS,2026-07-01T08:51:04.849932Z
46492-0010014538,46492,VIRGEN DE ESTRELLA S.A.C.,2026-02-09,001/0014538,D8E728,24.0,ARENA,14,32.94,36.23,197.45,,,SAN LORENZO,MEIGGS,2026-07-01T08:51:04.849971Z
46492-0010014557,46492,VIRGEN DE ESTRELLA S.A.C.,2026-02-09,001/0014557,D8B795,22.0,ARENA,14,34.36,37.8,206.01,,,SAN LORENZO,MEIGGS,2026-07-01T08:51:04.850010Z
46492-0010014567,46492,VIRGEN DE ESTRELLA S.A.C.,2026-02-09,001/0014567,BZR752,38.0,ARENA,14,37.0,40.7,221.82,,,SAN LORENZO,MEIGGS,2026-07-01T08:51:04.850049Z
46492-0010014559,46492,VIRGEN DE ESTRELLA S.A.C.,2026-02-09,001/0014559,BZR752,38.0,PIEDRA,2,37.37,38.12,207.75,,,SAN LORENZO,MEIGGS,2026-07-01T08:51:04.850438Z
46492-0010014560,46492,VIRGEN DE ESTRELLA S.A.C.,2026-02-09,001/0014560,AKE789,31.0,PIEDRA,2,35.89,36.61,199.52,,,SAN LORENZO,MEIGGS,2026-07-01T08:51:04.850474Z
46492-0010014563,46492,VIRGEN DE ESTRELLA S.A.C.,2026-02-09,001/0014563,AHJ786,28.0,PIEDRA,2,37.16,37.9,206.56,,,SAN LORENZO,MEIGGS,2026-07-01T08:51:04.850508Z
46492-0010014568,46492,VIRGEN DE ESTRELLA S.A.C.,2026-02-09,001/0014568,BAE736,35.0,PIEDRA,2,36.6,37.33,203.45,,,SAN LORENZO,MEIGGS,2026-07-01T08:51:04.850541Z
46492-1910568038,46492,VIRGEN DE ESTRELLA S.A.C.,2026-02-10,191/0568038,BYP824,9.0,PIEDRA,2,38.0,38.0,432.82,,,JICAMARCA,SAN JUAN,2026-07-01T08:51:04.842744Z
46492-1910567974,46492,VIRGEN DE ESTRELLA S.A.C.,2026-02-10,191/0567974,CCL847,44.0,ARENA,14,31.77,35.9,575.44,,,JICAMARCA,SAN ANTONIO,2026-07-01T08:51:04.843918Z
46492-1910567990,46492,VIRGEN DE ESTRELLA S.A.C.,2026-02-10,191/0567990,C9W737,21.0,ARENA,14,30.34,34.29,549.6,,,JICAMARCA,SAN ANTONIO,2026-07-01T08:51:04.843952Z
46492-1910567994,46492,VIRGEN DE ESTRELLA S.A.C.,2026-02-10,191/0567994,BZR940,40.0,ARENA,14,31.51,35.6,570.72,,,JICAMARCA,SAN ANTONIO,2026-07-01T08:51:04.843988Z
46492-1910568017,46492,VIRGEN DE ESTRELLA S.A.C.,2026-02-10,191/0568017,CBA709,43.0,ARENA,14,32.12,36.3,581.91,,,JICAMARCA,SAN ANTONIO,2026-07-01T08:51:04.844022Z
46492-1910568043,46492,VIRGEN DE ESTRELLA S.A.C.,2026-02-10,191/0568043,CCL847,44.0,ARENA,14,32.19,36.38,583.15,,,JICAMARCA,SAN ANTONIO,2026-07-01T08:51:04.844057Z
46492-1910568065,46492,VIRGEN DE ESTRELLA S.A.C.,2026-02-10,191/0568065,CBA709,43.0,ARENA,14,33.11,37.42,599.79,,,JICAMARCA,SAN ANTONIO,2026-07-01T08:51:04.844092Z
46492-1910567987,46492,VIRGEN DE ESTRELLA S.A.C.,2026-02-10,191/0567987,CHS718,45.0,PIEDRA,2,33.99,33.99,544.86,,,JICAMARCA,SAN ANTONIO,2026-07-01T08:51:04.844955Z
46492-1910568083,46492,VIRGEN DE ESTRELLA S.A.C.,2026-02-10,191/0568083,CHS718,45.0,PIEDRA,2,36.58,36.58,586.38,,,JICAMARCA,SAN ANTONIO,2026-07-01T08:51:04.845079Z
46492-1910568090,46492,VIRGEN DE ESTRELLA S.A.C.,2026-02-10,191/0568090,CCL847,44.0,PIEDRA,2,36.57,36.56,586.13,,,JICAMARCA,SAN ANTONIO,2026-07-01T08:51:04.845113Z
46492-1910568072,46492,VIRGEN DE ESTRELLA S.A.C.,2026-02-10,191/0568072,BZR940,40.0,PIEDRA,2,33.85,33.85,542.68,,,JICAMARCA,SAN ANTONIO,2026-07-01T08:51:04.845304Z
46492-3770003820,46492,VIRGEN DE ESTRELLA S.A.C.,2026-02-10,377/0003820,AJC805,30.0,ARENA,14,43.31,43.31,233.87,,,OQUENDO,MEIGGS,2026-07-01T08:51:04.845370Z
46492-3770003821,46492,VIRGEN DE ESTRELLA S.A.C.,2026-02-10,377/0003821,D8D861,23.0,ARENA,14,39.63,39.63,214.0,,,OQUENDO,MEIGGS,2026-07-01T08:51:04.845406Z
46492-3770003822,46492,VIRGEN DE ESTRELLA S.A.C.,2026-02-10,377/0003822,D8E728,24.0,ARENA,14,37.27,37.27,201.26,,,OQUENDO,MEIGGS,2026-07-01T08:51:04.845439Z
46492-3770003828,46492,VIRGEN DE ESTRELLA S.A.C.,2026-02-10,377/0003828,BZR752,38.0,ARENA,14,41.18,41.18,222.37,,,OQUENDO,MEIGGS,2026-07-01T08:51:04.845473Z
46492-1950187197,46492,VIRGEN DE ESTRELLA S.A.C.,2026-02-10,195/0187197,ATN880,5.0,ARENA,14,41.31,41.72,586.17,,,YERBABUENA,MATERIALES,2026-07-01T08:51:04.846052Z
46492-1950187202,46492,VIRGEN DE ESTRELLA S.A.C.,2026-02-10,195/0187202,CBR846,12.0,PIEDRA,2,42.02,42.02,606.35,,,YERBABUENA,MEIGGS,2026-07-01T08:51:04.846241Z
46492-1950187207,46492,VIRGEN DE ESTRELLA S.A.C.,2026-02-10,195/0187207,CBR872,16.0,PIEDRA,2,43.11,43.11,622.08,,,YERBABUENA,MEIGGS,2026-07-01T08:51:04.846274Z
46492-1950187214,46492,VIRGEN DE ESTRELLA S.A.C.,2026-02-10,195/0187214,CBR796,18.0,PIEDRA,2,44.08,44.08,636.07,,,YERBABUENA,MEIGGS,2026-07-01T08:51:04.846305Z
46492-1950187240,46492,VIRGEN DE ESTRELLA S.A.C.,2026-02-10,195/0187240,CBR872,16.0,PIEDRA,2,44.67,44.67,644.59,,,YERBABUENA,MEIGGS,2026-07-01T08:51:04.846337Z
46492-1950187241,46492,VIRGEN DE ESTRELLA S.A.C.,2026-02-10,195/0187241,F3F817,1.0,PIEDRA,2,43.82,43.82,632.32,,,YERBABUENA,MEIGGS,2026-07-01T08:51:04.846368Z
46492-1950187249,46492,VIRGEN DE ESTRELLA S.A.C.,2026-02-10,195/0187249,CBR796,18.0,PIEDRA,2,43.1,43.1,621.93,,,YERBABUENA,MEIGGS,2026-07-01T08:51:04.846400Z
46492-1950187194,46492,VIRGEN DE ESTRELLA S.A.C.,2026-02-10,195/0187194,F3F817,1.0,ARENA,14,42.61,43.04,621.07,,,YERBABUENA,MEIGGS,2026-07-01T08:51:04.846952Z
46492-1950187195,46492,VIRGEN DE ESTRELLA S.A.C.,2026-02-10,195/0187195,C9T788,20.0,ARENA,14,40.02,40.42,583.26,,,YERBABUENA,MEIGGS,2026-07-01T08:51:04.846988Z
46492-1950187200,46492,VIRGEN DE ESTRELLA S.A.C.,2026-02-10,195/0187200,CAZ895,42.0,ARENA,14,39.94,40.34,582.11,,,YERBABUENA,MEIGGS,2026-07-01T08:51:04.847023Z
46492-1950187205,46492,VIRGEN DE ESTRELLA S.A.C.,2026-02-10,195/0187205,AWH708,33.0,ARENA,14,39.39,39.78,574.03,,,YERBABUENA,MEIGGS,2026-07-01T08:51:04.847061Z
46492-1950187211,46492,VIRGEN DE ESTRELLA S.A.C.,2026-02-10,195/0187211,AWW871,32.0,ARENA,14,38.21,38.59,556.85,,,YERBABUENA,MEIGGS,2026-07-01T08:51:04.847095Z
46492-1950187221,46492,VIRGEN DE ESTRELLA S.A.C.,2026-02-10,195/0187221,AFX735,25.0,ARENA,14,36.34,36.7,529.58,,,YERBABUENA,MEIGGS,2026-07-01T08:51:04.847129Z
46492-1950187223,46492,VIRGEN DE ESTRELLA S.A.C.,2026-02-10,195/0187223,CBR854,14.0,ARENA,14,42.5,42.92,619.34,,,YERBABUENA,MEIGGS,2026-07-01T08:51:04.847163Z
46492-1950187228,46492,VIRGEN DE ESTRELLA S.A.C.,2026-02-10,195/0187228,BFC837,36.0,ARENA,14,41.27,41.68,601.44,,,YERBABUENA,MEIGGS,2026-07-01T08:51:04.847197Z
46492-1950187237,46492,VIRGEN DE ESTRELLA S.A.C.,2026-02-10,195/0187237,C9T788,20.0,ARENA,14,33.37,33.7,486.29,,,YERBABUENA,MEIGGS,2026-07-01T08:51:04.847230Z
46492-1950187238,46492,VIRGEN DE ESTRELLA S.A.C.,2026-02-10,195/0187238,ATN880,5.0,ARENA,14,42.06,42.48,612.99,,,YERBABUENA,MEIGGS,2026-07-01T08:51:04.847265Z
46492-1950187242,46492,VIRGEN DE ESTRELLA S.A.C.,2026-02-10,195/0187242,AWH708,33.0,ARENA,14,35.5,35.86,517.46,,,YERBABUENA,MEIGGS,2026-07-01T08:51:04.847302Z
46492-1950187250,46492,VIRGEN DE ESTRELLA S.A.C.,2026-02-10,195/0187250,CBR846,12.0,ARENA,14,43.42,43.85,632.76,,,YERBABUENA,MEIGGS,2026-07-01T08:51:04.847340Z
46492-0010014580,46492,VIRGEN DE ESTRELLA S.A.C.,2026-02-10,001/0014580,AJC805,30.0,ARENA,14,34.2,37.62,232.87,,,SAN LORENZO,OQUENDO,2026-07-01T08:51:04.847938Z
46492-0010014583,46492,VIRGEN DE ESTRELLA S.A.C.,2026-02-10,001/0014583,D8E728,24.0,ARENA,14,34.2,37.62,232.87,,,SAN LORENZO,OQUENDO,2026-07-01T08:51:04.847977Z
46492-0010014587,46492,VIRGEN DE ESTRELLA S.A.C.,2026-02-10,001/0014587,AJC805,30.0,ARENA,14,34.2,37.62,232.87,,,SAN LORENZO,OQUENDO,2026-07-01T08:51:04.848014Z
46492-0010014591,46492,VIRGEN DE ESTRELLA S.A.C.,2026-02-10,001/0014591,BZR752,38.0,ARENA,14,34.2,37.62,232.87,,,SAN LORENZO,OQUENDO,2026-07-01T08:51:04.848055Z
46492-0010014609,46492,VIRGEN DE ESTRELLA S.A.C.,2026-02-10,001/0014609,AKE789,31.0,ARENA,14,34.2,37.62,232.87,,,SAN LORENZO,OQUENDO,2026-07-01T08:51:04.848092Z
46492-0010014582,46492,VIRGEN DE ESTRELLA S.A.C.,2026-02-10,001/0014582,D8B795,22.0,PIEDRA,2,36.12,37.2,230.27,,,SAN LORENZO,OQUENDO,2026-07-01T08:51:04.848241Z
46492-0010014585,46492,VIRGEN DE ESTRELLA S.A.C.,2026-02-10,001/0014585,AHJ786,28.0,PIEDRA,2,36.12,37.2,230.27,,,SAN LORENZO,OQUENDO,2026-07-01T08:51:04.848276Z
46492-0010014590,46492,VIRGEN DE ESTRELLA S.A.C.,2026-02-10,001/0014590,BAE736,35.0,PIEDRA,2,36.12,37.2,230.27,,,SAN LORENZO,OQUENDO,2026-07-01T08:51:04.848313Z
46492-0010014594,46492,VIRGEN DE ESTRELLA S.A.C.,2026-02-10,001/0014594,AJA905,29.0,PIEDRA,2,36.12,37.2,230.27,,,SAN LORENZO,OQUENDO,2026-07-01T08:51:04.848348Z
46492-0010014608,46492,VIRGEN DE ESTRELLA S.A.C.,2026-02-10,001/0014608,ABN852,27.0,PIEDRA,2,36.12,37.2,230.27,,,SAN LORENZO,OQUENDO,2026-07-01T08:51:04.848386Z
46492-0010014610,46492,VIRGEN DE ESTRELLA S.A.C.,2026-02-10,001/0014610,D8D861,23.0,PIEDRA,2,36.12,37.2,230.27,,,SAN LORENZO,OQUENDO,2026-07-01T08:51:04.848425Z
46492-0010014571,46492,VIRGEN DE ESTRELLA S.A.C.,2026-02-10,001/0014571,BAE736,35.0,ARENA,14,36.04,40.72,254.91,,,SAN LORENZO,MATERIALES,2026-07-01T08:51:04.849388Z
46492-0010014572,46492,VIRGEN DE ESTRELLA S.A.C.,2026-02-10,001/0014572,AHJ786,28.0,ARENA,14,38.32,43.3,271.06,,,SAN LORENZO,MATERIALES,2026-07-01T08:51:04.849426Z
46492-0010014573,46492,VIRGEN DE ESTRELLA S.A.C.,2026-02-10,001/0014573,D8B795,22.0,ARENA,14,32.81,37.07,232.06,,,SAN LORENZO,MATERIALES,2026-07-01T08:51:04.849464Z
46492-0010014574,46492,VIRGEN DE ESTRELLA S.A.C.,2026-02-10,001/0014574,ABN852,27.0,ARENA,14,36.96,41.77,261.48,,,SAN LORENZO,MATERIALES,2026-07-01T08:51:04.849501Z
46492-0010014575,46492,VIRGEN DE ESTRELLA S.A.C.,2026-02-10,001/0014575,BZR752,38.0,ARENA,14,36.83,41.62,260.54,,,SAN LORENZO,MATERIALES,2026-07-01T08:51:04.849538Z
46492-0010014576,46492,VIRGEN DE ESTRELLA S.A.C.,2026-02-10,001/0014576,D8E728,24.0,ARENA,14,33.67,38.05,238.19,,,SAN LORENZO,MATERIALES,2026-07-01T08:51:04.849583Z
46492-0010014578,46492,VIRGEN DE ESTRELLA S.A.C.,2026-02-10,001/0014578,AJA905,29.0,ARENA,14,34.9,39.44,246.89,,,SAN LORENZO,MATERIALES,2026-07-01T08:51:04.849623Z
46492-0010014579,46492,VIRGEN DE ESTRELLA S.A.C.,2026-02-10,001/0014579,AKE789,31.0,ARENA,14,35.23,39.81,249.21,,,SAN LORENZO,MATERIALES,2026-07-01T08:51:04.849660Z
46492-0010014592,46492,VIRGEN DE ESTRELLA S.A.C.,2026-02-10,001/0014592,D8D861,23.0,PIEDRA,2,34.63,35.32,192.49,,,SAN LORENZO,MEIGGS,2026-07-01T08:51:04.850573Z
46492-0010014593,46492,VIRGEN DE ESTRELLA S.A.C.,2026-02-10,001/0014593,AKE789,31.0,PIEDRA,2,35.35,36.06,196.53,,,SAN LORENZO,MEIGGS,2026-07-01T08:51:04.850606Z
46492-0010014601,46492,VIRGEN DE ESTRELLA S.A.C.,2026-02-10,001/0014601,D8D861,23.0,PIEDRA,2,35.25,35.95,195.93,,,SAN LORENZO,MEIGGS,2026-07-01T08:51:04.850640Z
46492-0010014603,46492,VIRGEN DE ESTRELLA S.A.C.,2026-02-10,001/0014603,AJC805,30.0,PIEDRA,2,35.81,36.53,199.09,,,SAN LORENZO,MEIGGS,2026-07-01T08:51:04.850673Z
46492-0010014604,46492,VIRGEN DE ESTRELLA S.A.C.,2026-02-10,001/0014604,D8B795,22.0,PIEDRA,2,34.57,35.26,192.17,,,SAN LORENZO,MEIGGS,2026-07-01T08:51:04.850708Z
46492-0010014605,46492,VIRGEN DE ESTRELLA S.A.C.,2026-02-10,001/0014605,AHJ786,28.0,PIEDRA,2,33.96,34.64,188.79,,,SAN LORENZO,MEIGGS,2026-07-01T08:51:04.850751Z
46492-0010014612,46492,VIRGEN DE ESTRELLA S.A.C.,2026-02-10,001/0014612,AJA905,29.0,PIEDRA,2,35.02,35.72,194.67,,,SAN LORENZO,MEIGGS,2026-07-01T08:51:04.850788Z
46492-0010014599,46492,VIRGEN DE ESTRELLA S.A.C.,2026-02-10,001/0014599,D8E728,24.0,PIEDRA,2,36.65,36.65,199.74,,,SAN LORENZO,MEIGGS,2026-07-01T08:51:04.851154Z
46492-1910568303,46492,VIRGEN DE ESTRELLA S.A.C.,2026-02-11,191/0568303,BZR940,40.0,PIEDRA,2,35.97,35.97,409.7,,,JICAMARCA,SAN JUAN,2026-07-01T08:51:04.842634Z
46492-1910568293,46492,VIRGEN DE ESTRELLA S.A.C.,2026-02-11,191/0568293,BYP824,9.0,PIEDRA,2,40.33,40.33,459.36,,,JICAMARCA,SAN JUAN,2026-07-01T08:51:04.842800Z
46492-1910568177,46492,VIRGEN DE ESTRELLA S.A.C.,2026-02-11,191/0568177,BYP824,9.0,ARENA,14,36.34,41.06,388.42,,,JICAMARCA,ANCIETA,2026-07-01T08:51:04.843295Z
46492-1910568204,46492,VIRGEN DE ESTRELLA S.A.C.,2026-02-11,191/0568204,BYP824,9.0,ARENA,14,39.26,43.58,495.94,,,JICAMARCA,COLLIQUE,2026-07-01T08:51:04.843590Z
46492-1910568151,46492,VIRGEN DE ESTRELLA S.A.C.,2026-02-11,191/0568151,CCL847,44.0,ARENA,14,31.29,35.36,566.75,,,JICAMARCA,SAN ANTONIO,2026-07-01T08:51:04.844127Z
46492-1910568165,46492,VIRGEN DE ESTRELLA S.A.C.,2026-02-11,191/0568165,CHS718,45.0,ARENA,14,32.02,36.18,579.92,,,JICAMARCA,SAN ANTONIO,2026-07-01T08:51:04.844161Z
46492-1910568207,46492,VIRGEN DE ESTRELLA S.A.C.,2026-02-11,191/0568207,CHS718,45.0,ARENA,14,32.33,36.53,585.63,,,JICAMARCA,SAN ANTONIO,2026-07-01T08:51:04.844203Z
46492-1910568220,46492,VIRGEN DE ESTRELLA S.A.C.,2026-02-11,191/0568220,CCL847,44.0,ARENA,14,32.33,36.53,585.63,,,JICAMARCA,SAN ANTONIO,2026-07-01T08:51:04.844238Z
46492-1910568227,46492,VIRGEN DE ESTRELLA S.A.C.,2026-02-11,191/0568227,CBA709,43.0,ARENA,14,32.98,37.26,597.31,,,JICAMARCA,SAN ANTONIO,2026-07-01T08:51:04.844290Z
46492-1910568228,46492,VIRGEN DE ESTRELLA S.A.C.,2026-02-11,191/0568228,BZR940,40.0,ARENA,14,33.3,37.63,603.27,,,JICAMARCA,SAN ANTONIO,2026-07-01T08:51:04.844332Z
46492-1910568257,46492,VIRGEN DE ESTRELLA S.A.C.,2026-02-11,191/0568257,CHS718,45.0,ARENA,14,31.41,35.49,568.98,,,JICAMARCA,SAN ANTONIO,2026-07-01T08:51:04.844371Z
46492-1910568183,46492,VIRGEN DE ESTRELLA S.A.C.,2026-02-11,191/0568183,BZR940,40.0,PIEDRA,2,39.96,39.96,640.54,,,JICAMARCA,SAN ANTONIO,2026-07-01T08:51:04.845144Z
46492-1910568192,46492,VIRGEN DE ESTRELLA S.A.C.,2026-02-11,191/0568192,CBA709,43.0,PIEDRA,2,35.62,35.62,570.97,,,JICAMARCA,SAN ANTONIO,2026-07-01T08:51:04.845175Z
46492-1910568270,46492,VIRGEN DE ESTRELLA S.A.C.,2026-02-11,191/0568270,CCL847,44.0,PIEDRA,2,33.05,33.05,529.72,,,JICAMARCA,SAN ANTONIO,2026-07-01T08:51:04.845335Z
46492-3770003829,46492,VIRGEN DE ESTRELLA S.A.C.,2026-02-11,377/0003829,ABN852,27.0,ARENA,14,43.82,43.82,236.63,,,OQUENDO,MEIGGS,2026-07-01T08:51:04.845507Z
46492-3770003830,46492,VIRGEN DE ESTRELLA S.A.C.,2026-02-11,377/0003830,D8B795,22.0,ARENA,14,36.59,36.59,197.59,,,OQUENDO,MEIGGS,2026-07-01T08:51:04.845539Z
46492-3770003832,46492,VIRGEN DE ESTRELLA S.A.C.,2026-02-11,377/0003832,AWH708,33.0,ARENA,14,40.01,40.01,216.05,,,OQUENDO,MEIGGS,2026-07-01T08:51:04.845573Z
46492-3770003833,46492,VIRGEN DE ESTRELLA S.A.C.,2026-02-11,377/0003833,AKE789,31.0,ARENA,14,40.53,40.53,218.86,,,OQUENDO,MEIGGS,2026-07-01T08:51:04.845609Z
46492-1950187275,46492,VIRGEN DE ESTRELLA S.A.C.,2026-02-11,195/0187275,F3F817,1.0,ARENA,14,46.04,46.5,626.36,,,YERBABUENA,OQUENDO,2026-07-01T08:51:04.845816Z
46492-1950187287,46492,VIRGEN DE ESTRELLA S.A.C.,2026-02-11,195/0187287,CBR872,16.0,ARENA,14,46.04,46.5,626.36,,,YERBABUENA,OQUENDO,2026-07-01T08:51:04.845848Z
46492-1950187288,46492,VIRGEN DE ESTRELLA S.A.C.,2026-02-11,195/0187288,AWW871,32.0,ARENA,14,37.13,37.5,505.13,,,YERBABUENA,OQUENDO,2026-07-01T08:51:04.845881Z
46492-1950187300,46492,VIRGEN DE ESTRELLA S.A.C.,2026-02-11,195/0187300,AFX735,25.0,ARENA,14,38.37,38.75,521.96,,,YERBABUENA,OQUENDO,2026-07-01T08:51:04.845912Z
46492-1950187301,46492,VIRGEN DE ESTRELLA S.A.C.,2026-02-11,195/0187301,CBR854,14.0,ARENA,14,46.04,46.5,626.36,,,YERBABUENA,OQUENDO,2026-07-01T08:51:04.845950Z
46492-1950187302,46492,VIRGEN DE ESTRELLA S.A.C.,2026-02-11,195/0187302,CBR796,18.0,ARENA,14,47.57,48.05,647.23,,,YERBABUENA,OQUENDO,2026-07-01T08:51:04.845984Z
46492-1950187315,46492,VIRGEN DE ESTRELLA S.A.C.,2026-02-11,195/0187315,AWH708,33.0,ARENA,14,38.37,38.75,521.96,,,YERBABUENA,OQUENDO,2026-07-01T08:51:04.846016Z
46492-1950187284,46492,VIRGEN DE ESTRELLA S.A.C.,2026-02-11,195/0187284,CBR846,12.0,PIEDRA,2,40.82,40.82,589.03,,,YERBABUENA,MEIGGS,2026-07-01T08:51:04.846115Z
46492-1950187283,46492,VIRGEN DE ESTRELLA S.A.C.,2026-02-11,195/0187283,CAZ895,42.0,ARENA,14,38.89,39.28,566.81,,,YERBABUENA,MEIGGS,2026-07-01T08:51:04.847374Z
46492-1950187285,46492,VIRGEN DE ESTRELLA S.A.C.,2026-02-11,195/0187285,BFC837,36.0,ARENA,14,42.95,43.38,625.97,,,YERBABUENA,MEIGGS,2026-07-01T08:51:04.847409Z
46492-0010014637,46492,VIRGEN DE ESTRELLA S.A.C.,2026-02-11,001/0014637,AKE789,31.0,ARENA,14,34.2,37.62,232.87,,,SAN LORENZO,OQUENDO,2026-07-01T08:51:04.848129Z
46492-0010014623,46492,VIRGEN DE ESTRELLA S.A.C.,2026-02-11,001/0014623,ATN880,5.0,PIEDRA,2,43.34,44.64,276.32,,,SAN LORENZO,OQUENDO,2026-07-01T08:51:04.848461Z
46492-0010014631,46492,VIRGEN DE ESTRELLA S.A.C.,2026-02-11,001/0014631,D8E728,24.0,PIEDRA,2,36.12,37.2,230.27,,,SAN LORENZO,OQUENDO,2026-07-01T08:51:04.848495Z
46492-0010014634,46492,VIRGEN DE ESTRELLA S.A.C.,2026-02-11,001/0014634,ATN880,5.0,PIEDRA,2,43.34,44.64,276.32,,,SAN LORENZO,OQUENDO,2026-07-01T08:51:04.848531Z
46492-0010014636,46492,VIRGEN DE ESTRELLA S.A.C.,2026-02-11,001/0014636,D8B795,22.0,PIEDRA,2,36.12,37.2,230.27,,,SAN LORENZO,OQUENDO,2026-07-01T08:51:04.848565Z
46492-0010014619,46492,VIRGEN DE ESTRELLA S.A.C.,2026-02-11,001/0014619,D8D861,23.0,ARENA,14,32.28,35.51,193.53,,,SAN LORENZO,MEIGGS,2026-07-01T08:51:04.850087Z
46492-0010014620,46492,VIRGEN DE ESTRELLA S.A.C.,2026-02-11,001/0014620,D8E728,24.0,ARENA,14,33.24,36.56,199.25,,,SAN LORENZO,MEIGGS,2026-07-01T08:51:04.850123Z
46492-0010014622,46492,VIRGEN DE ESTRELLA S.A.C.,2026-02-11,001/0014622,BAE736,35.0,ARENA,14,33.3,36.63,199.63,,,SAN LORENZO,MEIGGS,2026-07-01T08:51:04.850161Z
46492-0010014624,46492,VIRGEN DE ESTRELLA S.A.C.,2026-02-11,001/0014624,AJC805,30.0,ARENA,14,35.53,39.08,212.99,,,SAN LORENZO,MEIGGS,2026-07-01T08:51:04.850203Z
46492-0010014625,46492,VIRGEN DE ESTRELLA S.A.C.,2026-02-11,001/0014625,AKE789,31.0,ARENA,14,34.11,37.52,204.48,,,SAN LORENZO,MEIGGS,2026-07-01T08:51:04.850240Z
46492-0010014627,46492,VIRGEN DE ESTRELLA S.A.C.,2026-02-11,001/0014627,AJA905,29.0,ARENA,14,34.85,38.33,208.9,,,SAN LORENZO,MEIGGS,2026-07-01T08:51:04.850278Z
46492-0010014628,46492,VIRGEN DE ESTRELLA S.A.C.,2026-02-11,001/0014628,ABN852,27.0,ARENA,14,37.68,41.45,225.9,,,SAN LORENZO,MEIGGS,2026-07-01T08:51:04.850317Z
46492-0010014630,46492,VIRGEN DE ESTRELLA S.A.C.,2026-02-11,001/0014630,D8D861,23.0,ARENA,14,33.56,36.92,201.21,,,SAN LORENZO,MEIGGS,2026-07-01T08:51:04.850361Z
46492-0010014635,46492,VIRGEN DE ESTRELLA S.A.C.,2026-02-11,001/0014635,AJC805,30.0,ARENA,14,36.58,40.24,219.31,,,SAN LORENZO,MEIGGS,2026-07-01T08:51:04.850402Z
46492-0010014645,46492,VIRGEN DE ESTRELLA S.A.C.,2026-02-11,001/0014645,AKE789,31.0,PIEDRA,2,34.8,35.5,193.48,,,SAN LORENZO,MEIGGS,2026-07-01T08:51:04.850820Z
46492-0010014646,46492,VIRGEN DE ESTRELLA S.A.C.,2026-02-11,001/0014646,BAE736,35.0,PIEDRA,2,35.38,36.09,196.69,,,SAN LORENZO,MEIGGS,2026-07-01T08:51:04.850853Z
46492-0010014647,46492,VIRGEN DE ESTRELLA S.A.C.,2026-02-11,001/0014647,D8D861,23.0,PIEDRA,2,34.88,35.58,193.91,,,SAN LORENZO,MEIGGS,2026-07-01T08:51:04.850886Z
46492-0010014648,46492,VIRGEN DE ESTRELLA S.A.C.,2026-02-11,001/0014648,AJC805,30.0,PIEDRA,2,36.18,36.9,201.11,,,SAN LORENZO,MEIGGS,2026-07-01T08:51:04.850919Z
46492-0010014649,46492,VIRGEN DE ESTRELLA S.A.C.,2026-02-11,001/0014649,D8B795,22.0,PIEDRA,2,34.9,35.6,194.02,,,SAN LORENZO,MEIGGS,2026-07-01T08:51:04.850954Z
46492-0010014650,46492,VIRGEN DE ESTRELLA S.A.C.,2026-02-11,001/0014650,AJA905,29.0,PIEDRA,2,36.13,36.85,200.83,,,SAN LORENZO,MEIGGS,2026-07-01T08:51:04.850987Z
46492-1910568384,46492,VIRGEN DE ESTRELLA S.A.C.,2026-02-12,191/0568384,BYP824,9.0,ARENA,14,37.04,41.48,472.46,,,JICAMARCA,SAN JUAN,2026-07-01T08:51:04.843063Z
46492-1910568420,46492,VIRGEN DE ESTRELLA S.A.C.,2026-02-12,191/0568420,BZR940,40.0,ARENA,14,30.46,34.12,388.63,,,JICAMARCA,SAN JUAN,2026-07-01T08:51:04.843101Z
46492-1910568432,46492,VIRGEN DE ESTRELLA S.A.C.,2026-02-12,191/0568432,CBA709,43.0,ARENA,14,31.79,35.61,405.6,,,JICAMARCA,SAN JUAN,2026-07-01T08:51:04.843143Z
46492-1910568448,46492,VIRGEN DE ESTRELLA S.A.C.,2026-02-12,191/0568448,CCL847,44.0,ARENA,14,31.19,34.93,397.85,,,JICAMARCA,SAN JUAN,2026-07-01T08:51:04.843182Z
46492-1910568325,46492,VIRGEN DE ESTRELLA S.A.C.,2026-02-12,191/0568325,BYP824,9.0,PIEDRA,2,39.94,39.94,377.87,,,JICAMARCA,ANCIETA,2026-07-01T08:51:04.843366Z
46492-1910568475,46492,VIRGEN DE ESTRELLA S.A.C.,2026-02-12,191/0568475,BZR940,40.0,PIEDRA,2,37.28,37.28,352.65,,,JICAMARCA,ANCIETA,2026-07-01T08:51:04.843402Z
46492-1910568447,46492,VIRGEN DE ESTRELLA S.A.C.,2026-02-12,191/0568447,BYP824,9.0,ARENA,14,36.84,41.26,469.54,,,JICAMARCA,COLLIQUE,2026-07-01T08:51:04.843627Z
46492-1910568321,46492,VIRGEN DE ESTRELLA S.A.C.,2026-02-12,191/0568321,CCL847,44.0,ARENA,14,28.61,32.33,518.3,,,JICAMARCA,SAN ANTONIO,2026-07-01T08:51:04.844412Z
46492-1910568342,46492,VIRGEN DE ESTRELLA S.A.C.,2026-02-12,191/0568342,CHS718,45.0,ARENA,14,31.75,35.88,575.2,,,JICAMARCA,SAN ANTONIO,2026-07-01T08:51:04.844448Z
46492-1910568364,46492,VIRGEN DE ESTRELLA S.A.C.,2026-02-12,191/0568364,BZR940,40.0,ARENA,14,33.3,37.63,603.27,,,JICAMARCA,SAN ANTONIO,2026-07-01T08:51:04.844485Z
46492-1910568385,46492,VIRGEN DE ESTRELLA S.A.C.,2026-02-12,191/0568385,CBA709,43.0,ARENA,14,33.21,37.53,601.53,,,JICAMARCA,SAN ANTONIO,2026-07-01T08:51:04.844520Z
46492-1910568387,46492,VIRGEN DE ESTRELLA S.A.C.,2026-02-12,191/0568387,CHS718,45.0,ARENA,14,32.36,36.56,586.13,,,JICAMARCA,SAN ANTONIO,2026-07-01T08:51:04.844556Z
46492-1910568395,46492,VIRGEN DE ESTRELLA S.A.C.,2026-02-12,191/0568395,CAP946,41.0,ARENA,14,33.59,37.96,608.49,,,JICAMARCA,SAN ANTONIO,2026-07-01T08:51:04.844590Z
46492-1910568398,46492,VIRGEN DE ESTRELLA S.A.C.,2026-02-12,191/0568398,CCL847,44.0,ARENA,14,30.68,34.67,555.82,,,JICAMARCA,SAN ANTONIO,2026-07-01T08:51:04.844624Z
46492-1910568435,46492,VIRGEN DE ESTRELLA S.A.C.,2026-02-12,191/0568435,CHS718,45.0,ARENA,14,31.7,35.82,574.2,,,JICAMARCA,SAN ANTONIO,2026-07-01T08:51:04.844657Z
46492-1950187368,46492,VIRGEN DE ESTRELLA S.A.C.,2026-02-12,195/0187368,CBR846,12.0,PIEDRA,2,42.99,42.99,620.35,,,YERBABUENA,MEIGGS,2026-07-01T08:51:04.846431Z
46492-1950187376,46492,VIRGEN DE ESTRELLA S.A.C.,2026-02-12,195/0187376,CBR872,16.0,PIEDRA,2,38.84,38.84,560.46,,,YERBABUENA,MEIGGS,2026-07-01T08:51:04.846467Z
46492-1950187392,46492,VIRGEN DE ESTRELLA S.A.C.,2026-02-12,195/0187392,CBR796,18.0,PIEDRA,2,44.61,44.61,643.72,,,YERBABUENA,MEIGGS,2026-07-01T08:51:04.846501Z
46492-1950187439,46492,VIRGEN DE ESTRELLA S.A.C.,2026-02-12,195/0187439,CAZ895,42.0,PIEDRA,2,37.42,37.42,539.97,,,YERBABUENA,MEIGGS,2026-07-01T08:51:04.846534Z
46492-1950187443,46492,VIRGEN DE ESTRELLA S.A.C.,2026-02-12,195/0187443,CBR846,12.0,PIEDRA,2,44.35,44.35,639.97,,,YERBABUENA,MEIGGS,2026-07-01T08:51:04.846572Z
46492-1950187360,46492,VIRGEN DE ESTRELLA S.A.C.,2026-02-12,195/0187360,F3F817,1.0,ARENA,14,41.58,42.0,606.06,,,YERBABUENA,MEIGGS,2026-07-01T08:51:04.847444Z
46492-1950187361,46492,VIRGEN DE ESTRELLA S.A.C.,2026-02-12,195/0187361,C9T788,20.0,ARENA,14,33.69,34.03,491.05,,,YERBABUENA,MEIGGS,2026-07-01T08:51:04.847479Z
46492-1950187364,46492,VIRGEN DE ESTRELLA S.A.C.,2026-02-12,195/0187364,ATN880,5.0,ARENA,14,41.67,42.09,607.36,,,YERBABUENA,MEIGGS,2026-07-01T08:51:04.847513Z
46492-1950187366,46492,VIRGEN DE ESTRELLA S.A.C.,2026-02-12,195/0187366,CAZ895,42.0,ARENA,14,35.78,36.14,521.5,,,YERBABUENA,MEIGGS,2026-07-01T08:51:04.847547Z
46492-1950187374,46492,VIRGEN DE ESTRELLA S.A.C.,2026-02-12,195/0187374,AWH708,33.0,ARENA,14,35.28,35.63,514.14,,,YERBABUENA,MEIGGS,2026-07-01T08:51:04.847582Z
46492-1950187380,46492,VIRGEN DE ESTRELLA S.A.C.,2026-02-12,195/0187380,AWW871,32.0,ARENA,14,33.76,34.1,492.06,,,YERBABUENA,MEIGGS,2026-07-01T08:51:04.847615Z
46492-1950187388,46492,VIRGEN DE ESTRELLA S.A.C.,2026-02-12,195/0187388,AFX735,25.0,ARENA,14,35.7,36.06,520.35,,,YERBABUENA,MEIGGS,2026-07-01T08:51:04.847655Z
46492-1950187391,46492,VIRGEN DE ESTRELLA S.A.C.,2026-02-12,195/0187391,CBR854,14.0,ARENA,14,44.45,44.89,647.76,,,YERBABUENA,MEIGGS,2026-07-01T08:51:04.847694Z
46492-1950187435,46492,VIRGEN DE ESTRELLA S.A.C.,2026-02-12,195/0187435,C9T788,20.0,ARENA,14,38.72,39.11,564.36,,,YERBABUENA,MEIGGS,2026-07-01T08:51:04.847741Z
46492-1950187436,46492,VIRGEN DE ESTRELLA S.A.C.,2026-02-12,195/0187436,AWH708,33.0,ARENA,14,37.2,37.57,542.14,,,YERBABUENA,MEIGGS,2026-07-01T08:51:04.847778Z
46492-1950187437,46492,VIRGEN DE ESTRELLA S.A.C.,2026-02-12,195/0187437,ATN880,5.0,ARENA,14,42.16,42.58,614.43,,,YERBABUENA,MEIGGS,2026-07-01T08:51:04.847819Z
46492-1950187438,46492,VIRGEN DE ESTRELLA S.A.C.,2026-02-12,195/0187438,F3F817,1.0,ARENA,14,42.96,43.39,626.12,,,YERBABUENA,MEIGGS,2026-07-01T08:51:04.847855Z
46492-0010014655,46492,VIRGEN DE ESTRELLA S.A.C.,2026-02-12,001/0014655,D8D861,23.0,PIEDRA,2,36.12,37.2,230.27,,,SAN LORENZO,OQUENDO,2026-07-01T08:51:04.848601Z
46492-0010014660,46492,VIRGEN DE ESTRELLA S.A.C.,2026-02-12,001/0014660,D8B795,22.0,PIEDRA,2,36.12,37.2,230.27,,,SAN LORENZO,OQUENDO,2026-07-01T08:51:04.848640Z
46492-1910568547,46492,VIRGEN DE ESTRELLA S.A.C.,2026-02-13,191/0568547,BYP824,9.0,ARENA,14,34.99,39.54,374.05,,,JICAMARCA,ANCIETA,2026-07-01T08:51:04.843331Z
46492-1910568589,46492,VIRGEN DE ESTRELLA S.A.C.,2026-02-13,191/0568589,BYP824,9.0,ARENA,14,38.11,42.68,485.7,,,JICAMARCA,COLLIQUE,2026-07-01T08:51:04.843664Z
46492-1910568647,46492,VIRGEN DE ESTRELLA S.A.C.,2026-02-13,191/0568647,CAP946,41.0,ARENA,14,32.06,35.91,408.66,,,JICAMARCA,COLLIQUE,2026-07-01T08:51:04.843699Z
46492-1910568587,46492,VIRGEN DE ESTRELLA S.A.C.,2026-02-13,191/0568587,BZR940,40.0,PIEDRA,2,35.07,35.07,478.0,,,JICAMARCA,EMBOLSADOS INS. Y SUM.,2026-07-01T08:51:04.843884Z
46492-1910568507,46492,VIRGEN DE ESTRELLA S.A.C.,2026-02-13,191/0568507,CCL847,44.0,ARENA,14,30.01,33.91,543.64,,,JICAMARCA,SAN ANTONIO,2026-07-01T08:51:04.844690Z
46492-1910568532,46492,VIRGEN DE ESTRELLA S.A.C.,2026-02-13,191/0568532,CHS718,45.0,ARENA,14,28.96,32.72,524.51,,,JICAMARCA,SAN ANTONIO,2026-07-01T08:51:04.844727Z
46492-1910568534,46492,VIRGEN DE ESTRELLA S.A.C.,2026-02-13,191/0568534,BZR940,40.0,ARENA,14,32.54,36.77,589.36,,,JICAMARCA,SAN ANTONIO,2026-07-01T08:51:04.844759Z
46492-1910568578,46492,VIRGEN DE ESTRELLA S.A.C.,2026-02-13,191/0568578,CHS718,45.0,ARENA,14,31.63,35.74,572.96,,,JICAMARCA,SAN ANTONIO,2026-07-01T08:51:04.844795Z
46492-1910568580,46492,VIRGEN DE ESTRELLA S.A.C.,2026-02-13,191/0568580,CCL847,44.0,ARENA,14,31.74,35.87,574.95,,,JICAMARCA,SAN ANTONIO,2026-07-01T08:51:04.844827Z
46492-1910568597,46492,VIRGEN DE ESTRELLA S.A.C.,2026-02-13,191/0568597,CAP946,41.0,ARENA,14,34.43,38.91,623.65,,,JICAMARCA,SAN ANTONIO,2026-07-01T08:51:04.844859Z
46492-1910568603,46492,VIRGEN DE ESTRELLA S.A.C.,2026-02-13,191/0568603,CBA709,43.0,ARENA,14,30.92,34.94,560.04,,,JICAMARCA,SAN ANTONIO,2026-07-01T08:51:04.844891Z
46492-1910568503,46492,VIRGEN DE ESTRELLA S.A.C.,2026-02-13,191/0568503,CAP946,41.0,PIEDRA,2,35.69,35.69,572.03,,,JICAMARCA,SAN ANTONIO,2026-07-01T08:51:04.844986Z
46492-1910568553,46492,VIRGEN DE ESTRELLA S.A.C.,2026-02-13,191/0568553,CBA709,43.0,PIEDRA,2,35.73,35.73,572.71,,,JICAMARCA,SAN ANTONIO,2026-07-01T08:51:04.845205Z
46492-1910568631,46492,VIRGEN DE ESTRELLA S.A.C.,2026-02-13,191/0568631,CHS718,45.0,PIEDRA,2,35.63,35.63,571.22,,,JICAMARCA,SAN ANTONIO,2026-07-01T08:51:04.845239Z
46492-1910568635,46492,VIRGEN DE ESTRELLA S.A.C.,2026-02-13,191/0568635,CCL847,44.0,PIEDRA,2,35.42,35.42,567.74,,,JICAMARCA,SAN ANTONIO,2026-07-01T08:51:04.845272Z
46492-3770003843,46492,VIRGEN DE ESTRELLA S.A.C.,2026-02-13,377/0003843,ABN852,27.0,ARENA,14,42.73,42.73,230.74,,,OQUENDO,MEIGGS,2026-07-01T08:51:04.845646Z
46492-3770003847,46492,VIRGEN DE ESTRELLA S.A.C.,2026-02-13,377/0003847,AKE789,31.0,ARENA,14,38.92,38.92,210.17,,,OQUENDO,MEIGGS,2026-07-01T08:51:04.845679Z
46492-1950187458,46492,VIRGEN DE ESTRELLA S.A.C.,2026-02-13,195/0187458,F3F817,1.0,PIEDRA,2,44.38,44.38,640.4,,,YERBABUENA,MEIGGS,2026-07-01T08:51:04.846607Z
46492-1950187459,46492,VIRGEN DE ESTRELLA S.A.C.,2026-02-13,195/0187459,C9T788,20.0,PIEDRA,2,35.69,35.69,515.01,,,YERBABUENA,MEIGGS,2026-07-01T08:51:04.846641Z
46492-1950187461,46492,VIRGEN DE ESTRELLA S.A.C.,2026-02-13,195/0187461,ATN880,5.0,PIEDRA,2,45.57,45.57,657.58,,,YERBABUENA,MEIGGS,2026-07-01T08:51:04.846673Z
46492-1950187462,46492,VIRGEN DE ESTRELLA S.A.C.,2026-02-13,195/0187462,CBR846,12.0,PIEDRA,2,45.09,45.09,650.65,,,YERBABUENA,MEIGGS,2026-07-01T08:51:04.846707Z
46492-1950187463,46492,VIRGEN DE ESTRELLA S.A.C.,2026-02-13,195/0187463,AWH708,33.0,PIEDRA,2,40.63,40.63,586.29,,,YERBABUENA,MEIGGS,2026-07-01T08:51:04.846743Z
46492-1950187464,46492,VIRGEN DE ESTRELLA S.A.C.,2026-02-13,195/0187464,CBR872,16.0,PIEDRA,2,44.39,44.39,640.55,,,YERBABUENA,MEIGGS,2026-07-01T08:51:04.846777Z
46492-1950187465,46492,VIRGEN DE ESTRELLA S.A.C.,2026-02-13,195/0187465,AWW871,32.0,PIEDRA,2,37.97,37.97,547.91,,,YERBABUENA,MEIGGS,2026-07-01T08:51:04.846810Z
46492-1950187475,46492,VIRGEN DE ESTRELLA S.A.C.,2026-02-13,195/0187475,CBR796,18.0,PIEDRA,2,38.69,38.69,558.3,,,YERBABUENA,MEIGGS,2026-07-01T08:51:04.846843Z
46492-0010014683,46492,VIRGEN DE ESTRELLA S.A.C.,2026-02-13,001/0014683,AKE789,31.0,ARENA,14,34.2,37.62,232.87,,,SAN LORENZO,OQUENDO,2026-07-01T08:51:04.848166Z
46492-0010014684,46492,VIRGEN DE ESTRELLA S.A.C.,2026-02-13,001/0014684,AJC805,30.0,ARENA,14,34.2,37.62,232.87,,,SAN LORENZO,OQUENDO,2026-07-01T08:51:04.848204Z
46492-0010014677,46492,VIRGEN DE ESTRELLA S.A.C.,2026-02-13,001/0014677,ABN852,27.0,PIEDRA,2,36.12,37.2,230.27,,,SAN LORENZO,OQUENDO,2026-07-01T08:51:04.848678Z
46492-0010014678,46492,VIRGEN DE ESTRELLA S.A.C.,2026-02-13,001/0014678,D8E728,24.0,PIEDRA,2,36.12,37.2,230.27,,,SAN LORENZO,OQUENDO,2026-07-01T08:51:04.848722Z
46492-0010014680,46492,VIRGEN DE ESTRELLA S.A.C.,2026-02-13,001/0014680,BAE736,35.0,PIEDRA,2,36.12,37.2,230.27,,,SAN LORENZO,OQUENDO,2026-07-01T08:51:04.848770Z
46492-0010014681,46492,VIRGEN DE ESTRELLA S.A.C.,2026-02-13,001/0014681,AJA905,29.0,PIEDRA,2,36.12,37.2,230.27,,,SAN LORENZO,OQUENDO,2026-07-01T08:51:04.848814Z
46492-0010014689,46492,VIRGEN DE ESTRELLA S.A.C.,2026-02-13,001/0014689,AJC805,30.0,PIEDRA,2,34.98,35.68,194.46,,,SAN LORENZO,MEIGGS,2026-07-01T08:51:04.851020Z
46492-0010014690,46492,VIRGEN DE ESTRELLA S.A.C.,2026-02-13,001/0014690,D8E728,24.0,PIEDRA,2,35.88,36.6,199.47,,,SAN LORENZO,MEIGGS,2026-07-01T08:51:04.851053Z
46492-0010014693,46492,VIRGEN DE ESTRELLA S.A.C.,2026-02-13,001/0014693,BAE736,35.0,PIEDRA,2,35.19,35.89,195.6,,,SAN LORENZO,MEIGGS,2026-07-01T08:51:04.851088Z
46492-0010014694,46492,VIRGEN DE ESTRELLA S.A.C.,2026-02-13,001/0014694,AJA905,29.0,PIEDRA,2,35.96,36.68,199.91,,,SAN LORENZO,MEIGGS,2026-07-01T08:51:04.851120Z
46538-1910568708,46538,VIRGEN DE ESTRELLA S.A.C.,2026-02-14,191/0568708,CHS718,45.0,ARENA,14,28.25,31.08,414.26,,,JICAMARCA,VILLA 1,2026-06-30T22:20:47.673966Z
46538-1910568742,46538,VIRGEN DE ESTRELLA S.A.C.,2026-02-14,191/0568742,BZR940,40.0,ARENA,14,31.04,34.15,455.17,,,JICAMARCA,VILLA 1,2026-06-30T22:20:47.674014Z
46538-1910568757,46538,VIRGEN DE ESTRELLA S.A.C.,2026-02-14,191/0568757,CAP946,41.0,PIEDRA,2,35.85,35.85,146.28,,,JICAMARCA,BLOQUES HUACHIPA INS. Y SUM.,2026-06-30T22:20:47.674233Z
46538-1910568766,46538,VIRGEN DE ESTRELLA S.A.C.,2026-02-14,191/0568766,CBA709,43.0,PIEDRA,2,35.47,35.47,144.72,,,JICAMARCA,BLOQUES HUACHIPA INS. Y SUM.,2026-06-30T22:20:47.674274Z
46492-1910568752,46492,VIRGEN DE ESTRELLA S.A.C.,2026-02-14,191/0568752,BYP824,9.0,PIEDRA,2,40.3,40.3,459.02,,,JICAMARCA,SAN JUAN,2026-07-01T08:51:04.842847Z
46492-1910568791,46492,VIRGEN DE ESTRELLA S.A.C.,2026-02-14,191/0568791,CBA709,43.0,ARENA,14,32.52,36.43,414.88,,,JICAMARCA,SAN JUAN,2026-07-01T08:51:04.843220Z
46492-1910568809,46492,VIRGEN DE ESTRELLA S.A.C.,2026-02-14,191/0568809,BZR940,40.0,ARENA,14,34.03,38.11,434.12,,,JICAMARCA,SAN JUAN,2026-07-01T08:51:04.843258Z
46492-1910568743,46492,VIRGEN DE ESTRELLA S.A.C.,2026-02-14,191/0568743,CBA709,43.0,PIEDRA,2,37.01,37.01,350.15,,,JICAMARCA,ANCIETA,2026-07-01T08:51:04.843437Z
46492-1910568789,46492,VIRGEN DE ESTRELLA S.A.C.,2026-02-14,191/0568789,CAP946,41.0,PIEDRA,2,37.01,37.01,350.15,,,JICAMARCA,ANCIETA,2026-07-01T08:51:04.843473Z
46492-1910568753,46492,VIRGEN DE ESTRELLA S.A.C.,2026-02-14,191/0568753,CCL847,44.0,ARENA,14,32.79,34.88,329.92,,,JICAMARCA,BLOQUES ANCIETA INS. Y SUM.,2026-07-01T08:51:04.843516Z
46492-1910568758,46492,VIRGEN DE ESTRELLA S.A.C.,2026-02-14,191/0568758,CHS718,45.0,ARENA,14,33.87,36.02,340.77,,,JICAMARCA,BLOQUES ANCIETA INS. Y SUM.,2026-07-01T08:51:04.843554Z
46492-1910568695,46492,VIRGEN DE ESTRELLA S.A.C.,2026-02-14,191/0568695,BYP824,9.0,ARENA,14,35.2,39.42,448.6,,,JICAMARCA,COLLIQUE,2026-07-01T08:51:04.843745Z
46492-1910568700,46492,VIRGEN DE ESTRELLA S.A.C.,2026-02-14,191/0568700,CAP946,41.0,ARENA,14,28.87,32.33,367.92,,,JICAMARCA,COLLIQUE,2026-07-01T08:51:04.843780Z
46492-1910568696,46492,VIRGEN DE ESTRELLA S.A.C.,2026-02-14,191/0568696,CCL847,44.0,PIEDRA,2,32.6,32.6,522.5,,,JICAMARCA,SAN ANTONIO,2026-07-01T08:51:04.845017Z
46538-1910568890,46538,VIRGEN DE ESTRELLA S.A.C.,2026-02-16,191/0568890,BZR940,40.0,ARENA,14,31.95,35.78,407.53,,,JICAMARCA,SAN JUAN,2026-06-30T22:20:47.672560Z
46538-1910568892,46538,VIRGEN DE ESTRELLA S.A.C.,2026-02-16,191/0568892,CAP946,41.0,ARENA,14,32.28,36.15,411.75,,,JICAMARCA,SAN JUAN,2026-06-30T22:20:47.672610Z
46538-1910568895,46538,VIRGEN DE ESTRELLA S.A.C.,2026-02-16,191/0568895,CBA709,43.0,ARENA,14,31.43,35.2,400.93,,,JICAMARCA,SAN JUAN,2026-06-30T22:20:47.672664Z
46538-1910568835,46538,VIRGEN DE ESTRELLA S.A.C.,2026-02-16,191/0568835,BYP824,9.0,ARENA,14,36.48,40.86,464.99,,,JICAMARCA,COLLIQUE,2026-06-30T22:20:47.673515Z
46538-1910568888,46538,VIRGEN DE ESTRELLA S.A.C.,2026-02-16,191/0568888,BYP824,9.0,ARENA,14,37.29,41.77,475.34,,,JICAMARCA,COLLIQUE,2026-06-30T22:20:47.673562Z
46538-1910568818,46538,VIRGEN DE ESTRELLA S.A.C.,2026-02-16,191/0568818,CAP946,41.0,ARENA,14,32.07,36.24,580.91,,,JICAMARCA,SAN ANTONIO,2026-06-30T22:20:47.674403Z
46538-1910568829,46538,VIRGEN DE ESTRELLA S.A.C.,2026-02-16,191/0568829,BZR940,40.0,ARENA,14,33.17,37.48,600.79,,,JICAMARCA,SAN ANTONIO,2026-06-30T22:20:47.674452Z
46538-1910568833,46538,VIRGEN DE ESTRELLA S.A.C.,2026-02-16,191/0568833,CBA709,43.0,ARENA,14,32.67,36.92,591.84,,,JICAMARCA,SAN ANTONIO,2026-06-30T22:20:47.674495Z
46538-1910568874,46538,VIRGEN DE ESTRELLA S.A.C.,2026-02-16,191/0568874,CHS718,45.0,ARENA,14,30.6,34.58,554.33,,,JICAMARCA,SAN ANTONIO,2026-06-30T22:20:47.674539Z
46538-1910568878,46538,VIRGEN DE ESTRELLA S.A.C.,2026-02-16,191/0568878,CCL847,44.0,ARENA,14,30.53,34.5,553.08,,,JICAMARCA,SAN ANTONIO,2026-06-30T22:20:47.674583Z
46538-1910568817,46538,VIRGEN DE ESTRELLA S.A.C.,2026-02-16,191/0568817,CHS718,45.0,PIEDRA,2,36.5,36.5,585.14,,,JICAMARCA,SAN ANTONIO,2026-06-30T22:20:47.675709Z
46538-1910568819,46538,VIRGEN DE ESTRELLA S.A.C.,2026-02-16,191/0568819,CCL847,44.0,PIEDRA,2,36.01,36.01,577.18,,,JICAMARCA,SAN ANTONIO,2026-06-30T22:20:47.675750Z
46538-3770003853,46538,VIRGEN DE ESTRELLA S.A.C.,2026-02-16,377/0003853,CAZ895,42.0,ARENA,14,41.53,41.53,224.26,,,OQUENDO,MEIGGS,2026-06-30T22:20:47.676196Z
46538-3770003855,46538,VIRGEN DE ESTRELLA S.A.C.,2026-02-16,377/0003855,D8D861,23.0,ARENA,14,40.22,40.22,217.19,,,OQUENDO,MEIGGS,2026-06-30T22:20:47.676250Z
46538-3770003856,46538,VIRGEN DE ESTRELLA S.A.C.,2026-02-16,377/0003856,BAE736,35.0,ARENA,14,39.3,39.3,212.22,,,OQUENDO,MEIGGS,2026-06-30T22:20:47.676296Z
46538-1950187598,46538,VIRGEN DE ESTRELLA S.A.C.,2026-02-16,195/0187598,C9T788,20.0,PIEDRA,2,36.65,36.65,528.86,,,YERBABUENA,MEIGGS,2026-06-30T22:20:47.676641Z
46538-1950187601,46538,VIRGEN DE ESTRELLA S.A.C.,2026-02-16,195/0187601,F3F817,1.0,PIEDRA,2,42.39,42.39,611.69,,,YERBABUENA,MEIGGS,2026-06-30T22:20:47.676704Z
46538-1950187602,46538,VIRGEN DE ESTRELLA S.A.C.,2026-02-16,195/0187602,ATN880,5.0,PIEDRA,2,42.36,42.36,611.25,,,YERBABUENA,MEIGGS,2026-06-30T22:20:47.676746Z
46538-1950187591,46538,VIRGEN DE ESTRELLA S.A.C.,2026-02-16,195/0187591,CBR872,16.0,ARENA,14,43.08,43.51,627.85,,,YERBABUENA,MEIGGS,2026-06-30T22:20:47.678124Z
46538-1950187592,46538,VIRGEN DE ESTRELLA S.A.C.,2026-02-16,195/0187592,AWH708,33.0,ARENA,14,39.42,39.81,574.46,,,YERBABUENA,MEIGGS,2026-06-30T22:20:47.678169Z
46538-1950187594,46538,VIRGEN DE ESTRELLA S.A.C.,2026-02-16,195/0187594,AWW871,32.0,ARENA,14,41.92,42.34,610.97,,,YERBABUENA,MEIGGS,2026-06-30T22:20:47.678214Z
46538-1950187595,46538,VIRGEN DE ESTRELLA S.A.C.,2026-02-16,195/0187595,CBR854,14.0,ARENA,14,42.87,43.3,624.82,,,YERBABUENA,MEIGGS,2026-06-30T22:20:47.678260Z
46538-1950187596,46538,VIRGEN DE ESTRELLA S.A.C.,2026-02-16,195/0187596,CBR796,18.0,ARENA,14,44.29,44.73,645.45,,,YERBABUENA,MEIGGS,2026-06-30T22:20:47.678306Z
46538-1950187597,46538,VIRGEN DE ESTRELLA S.A.C.,2026-02-16,195/0187597,CBR846,12.0,ARENA,14,41.64,42.06,606.93,,,YERBABUENA,MEIGGS,2026-06-30T22:20:47.678354Z
46538-1950187638,46538,VIRGEN DE ESTRELLA S.A.C.,2026-02-16,195/0187638,AWH708,33.0,ARENA,14,38.66,39.05,563.49,,,YERBABUENA,MEIGGS,2026-06-30T22:20:47.678396Z
46538-1950187639,46538,VIRGEN DE ESTRELLA S.A.C.,2026-02-16,195/0187639,CBR872,16.0,ARENA,14,43.47,43.9,633.48,,,YERBABUENA,MEIGGS,2026-06-30T22:20:47.678444Z
46538-1950187640,46538,VIRGEN DE ESTRELLA S.A.C.,2026-02-16,195/0187640,CBR846,12.0,ARENA,14,43.55,43.99,634.78,,,YERBABUENA,MEIGGS,2026-06-30T22:20:47.678488Z
46538-1950187641,46538,VIRGEN DE ESTRELLA S.A.C.,2026-02-16,195/0187641,C9T788,20.0,ARENA,14,35.3,35.65,514.43,,,YERBABUENA,MEIGGS,2026-06-30T22:20:47.678531Z
46538-1950187642,46538,VIRGEN DE ESTRELLA S.A.C.,2026-02-16,195/0187642,ATN880,5.0,ARENA,14,43.29,43.72,630.88,,,YERBABUENA,MEIGGS,2026-06-30T22:20:47.678574Z
46538-1950187648,46538,VIRGEN DE ESTRELLA S.A.C.,2026-02-16,195/0187648,F3F817,1.0,ARENA,14,44.53,44.98,649.06,,,YERBABUENA,MEIGGS,2026-06-30T22:20:47.678616Z
46538-1950187649,46538,VIRGEN DE ESTRELLA S.A.C.,2026-02-16,195/0187649,AWW871,32.0,ARENA,14,35.32,35.67,514.72,,,YERBABUENA,MEIGGS,2026-06-30T22:20:47.678666Z
46538-1950187654,46538,VIRGEN DE ESTRELLA S.A.C.,2026-02-16,195/0187654,CBR854,14.0,ARENA,14,42.71,43.14,622.51,,,YERBABUENA,MEIGGS,2026-06-30T22:20:47.678719Z
46538-0010014710,46538,VIRGEN DE ESTRELLA S.A.C.,2026-02-16,001/0014710,D8D861,23.0,ARENA,14,32.85,36.13,196.91,,,SAN LORENZO,MEIGGS,2026-06-30T22:20:47.681966Z
46538-0010014711,46538,VIRGEN DE ESTRELLA S.A.C.,2026-02-16,001/0014711,D8E728,24.0,ARENA,14,33.62,36.98,201.54,,,SAN LORENZO,MEIGGS,2026-06-30T22:20:47.682010Z
46538-0010014712,46538,VIRGEN DE ESTRELLA S.A.C.,2026-02-16,001/0014712,ABN852,27.0,ARENA,14,36.14,39.75,216.64,,,SAN LORENZO,MEIGGS,2026-06-30T22:20:47.682067Z
46538-0010014713,46538,VIRGEN DE ESTRELLA S.A.C.,2026-02-16,001/0014713,CAZ895,42.0,ARENA,14,36.53,40.18,218.98,,,SAN LORENZO,MEIGGS,2026-06-30T22:20:47.682111Z
46538-0010014714,46538,VIRGEN DE ESTRELLA S.A.C.,2026-02-16,001/0014714,AJA905,29.0,ARENA,14,34.67,38.14,207.86,,,SAN LORENZO,MEIGGS,2026-06-30T22:20:47.682162Z
46538-0010014715,46538,VIRGEN DE ESTRELLA S.A.C.,2026-02-16,001/0014715,A1H872,,ARENA,14,35.35,38.88,211.9,,,SAN LORENZO,MEIGGS,2026-06-30T22:20:47.682274Z
46538-0010014716,46538,VIRGEN DE ESTRELLA S.A.C.,2026-02-16,001/0014716,AWW845,34.0,ARENA,14,36.31,39.94,217.67,,,SAN LORENZO,MEIGGS,2026-06-30T22:20:47.682327Z
46538-0010014717,46538,VIRGEN DE ESTRELLA S.A.C.,2026-02-16,001/0014717,AKE789,31.0,ARENA,14,34.96,38.46,209.61,,,SAN LORENZO,MEIGGS,2026-06-30T22:20:47.682374Z
46538-0010014727,46538,VIRGEN DE ESTRELLA S.A.C.,2026-02-16,001/0014727,BFI758,37.0,PIEDRA,2,35.27,35.98,196.09,,,SAN LORENZO,MEIGGS,2026-06-30T22:20:47.682880Z
46538-0010014728,46538,VIRGEN DE ESTRELLA S.A.C.,2026-02-16,001/0014728,D8E728,24.0,PIEDRA,2,33.88,34.56,188.35,,,SAN LORENZO,MEIGGS,2026-06-30T22:20:47.682925Z
46538-0010014729,46538,VIRGEN DE ESTRELLA S.A.C.,2026-02-16,001/0014729,D8B795,22.0,PIEDRA,2,35.13,35.83,195.27,,,SAN LORENZO,MEIGGS,2026-06-30T22:20:47.682967Z
46538-0010014730,46538,VIRGEN DE ESTRELLA S.A.C.,2026-02-16,001/0014730,BZR781,39.0,PIEDRA,2,36.48,37.21,202.79,,,SAN LORENZO,MEIGGS,2026-06-30T22:20:47.683008Z
46538-0010014731,46538,VIRGEN DE ESTRELLA S.A.C.,2026-02-16,001/0014731,AJC805,30.0,PIEDRA,2,37.51,38.26,208.52,,,SAN LORENZO,MEIGGS,2026-06-30T22:20:47.683049Z
46538-0010014725,46538,VIRGEN DE ESTRELLA S.A.C.,2026-02-16,001/0014725,AJA905,29.0,PIEDRA,2,37.46,37.46,204.16,,,SAN LORENZO,MEIGGS,2026-06-30T22:20:47.683896Z
46538-1910569069,46538,VIRGEN DE ESTRELLA S.A.C.,2026-02-17,191/0569069,BYP824,9.0,PIEDRA,2,39.97,39.97,455.31,,,JICAMARCA,SAN JUAN,2026-06-30T22:20:47.672165Z
46538-1910569011,46538,VIRGEN DE ESTRELLA S.A.C.,2026-02-17,191/0569011,BYP824,9.0,ARENA,14,35.97,40.29,458.9,,,JICAMARCA,SAN JUAN,2026-06-30T22:20:47.672734Z
46538-1910569097,46538,VIRGEN DE ESTRELLA S.A.C.,2026-02-17,191/0569097,BZR940,40.0,ARENA,14,31.56,35.35,402.64,,,JICAMARCA,SAN JUAN,2026-06-30T22:20:47.672782Z
46538-1910568968,46538,VIRGEN DE ESTRELLA S.A.C.,2026-02-17,191/0568968,BYP824,9.0,ARENA,14,36.65,41.42,391.8,,,JICAMARCA,ANCIETA,2026-06-30T22:20:47.672957Z
46538-1910569048,46538,VIRGEN DE ESTRELLA S.A.C.,2026-02-17,191/0569048,CBR846,12.0,ARENA,14,35.68,40.32,381.38,,,JICAMARCA,ANCIETA,2026-06-30T22:20:47.673002Z
46538-1910569082,46538,VIRGEN DE ESTRELLA S.A.C.,2026-02-17,191/0569082,CHS718,45.0,ARENA,14,30.49,34.46,325.96,,,JICAMARCA,ANCIETA,2026-06-30T22:20:47.673045Z
46538-1910568984,46538,VIRGEN DE ESTRELLA S.A.C.,2026-02-17,191/0568984,BZR940,40.0,ARENA,14,32.15,36.01,409.79,,,JICAMARCA,COLLIQUE,2026-06-30T22:20:47.673607Z
46538-1910569090,46538,VIRGEN DE ESTRELLA S.A.C.,2026-02-17,191/0569090,CBR846,12.0,ARENA,14,39.21,40.7,166.07,,,JICAMARCA,BLOQUES HUACHIPA INS. Y SUM.,2026-06-30T22:20:47.674192Z
46538-1910568951,46538,VIRGEN DE ESTRELLA S.A.C.,2026-02-17,191/0568951,CCL847,44.0,ARENA,14,32.18,36.36,582.9,,,JICAMARCA,SAN ANTONIO,2026-06-30T22:20:47.674626Z
46538-1910569033,46538,VIRGEN DE ESTRELLA S.A.C.,2026-02-17,191/0569033,CHS718,45.0,ARENA,14,30.55,34.52,553.33,,,JICAMARCA,SAN ANTONIO,2026-06-30T22:20:47.674668Z
46538-1910569036,46538,VIRGEN DE ESTRELLA S.A.C.,2026-02-17,191/0569036,CCL847,44.0,ARENA,14,31.38,35.46,568.49,,,JICAMARCA,SAN ANTONIO,2026-06-30T22:20:47.674724Z
46538-1910569052,46538,VIRGEN DE ESTRELLA S.A.C.,2026-02-17,191/0569052,CBA709,43.0,ARENA,14,33.04,37.34,598.55,,,JICAMARCA,SAN ANTONIO,2026-06-30T22:20:47.674769Z
46538-1910568996,46538,VIRGEN DE ESTRELLA S.A.C.,2026-02-17,191/0568996,CBA709,43.0,PIEDRA,2,33.62,33.62,538.85,,,JICAMARCA,SAN ANTONIO,2026-06-30T22:20:47.675531Z
46538-1910568947,46538,VIRGEN DE ESTRELLA S.A.C.,2026-02-17,191/0568947,CHS718,45.0,PIEDRA,2,35.67,35.67,571.72,,,JICAMARCA,SAN ANTONIO,2026-06-30T22:20:47.675797Z
46538-1910569045,46538,VIRGEN DE ESTRELLA S.A.C.,2026-02-17,191/0569045,BZR940,40.0,PIEDRA,2,37.74,37.74,605.01,,,JICAMARCA,SAN ANTONIO,2026-06-30T22:20:47.675854Z
46538-1950187706,46538,VIRGEN DE ESTRELLA S.A.C.,2026-02-17,195/0187706,CBR796,18.0,ARENA,14,47.57,48.05,647.23,,,YERBABUENA,OQUENDO,2026-06-30T22:20:47.676342Z
46538-1950187672,46538,VIRGEN DE ESTRELLA S.A.C.,2026-02-17,195/0187672,C9T788,20.0,PIEDRA,2,33.66,33.66,485.71,,,YERBABUENA,MEIGGS,2026-06-30T22:20:47.676474Z
46538-1950187675,46538,VIRGEN DE ESTRELLA S.A.C.,2026-02-17,195/0187675,ATN880,5.0,PIEDRA,2,40.05,40.05,577.92,,,YERBABUENA,MEIGGS,2026-06-30T22:20:47.676790Z
46538-1950187679,46538,VIRGEN DE ESTRELLA S.A.C.,2026-02-17,195/0187679,AWH708,33.0,PIEDRA,2,38.34,38.34,553.25,,,YERBABUENA,MEIGGS,2026-06-30T22:20:47.676833Z
46538-1950187681,46538,VIRGEN DE ESTRELLA S.A.C.,2026-02-17,195/0187681,CBR872,16.0,PIEDRA,2,39.4,39.4,568.54,,,YERBABUENA,MEIGGS,2026-06-30T22:20:47.676874Z
46538-1950187696,46538,VIRGEN DE ESTRELLA S.A.C.,2026-02-17,195/0187696,CBR854,14.0,PIEDRA,2,41.6,41.6,600.29,,,YERBABUENA,MEIGGS,2026-06-30T22:20:47.676916Z
46538-1950187664,46538,VIRGEN DE ESTRELLA S.A.C.,2026-02-17,195/0187664,CBR796,18.0,ARENA,14,44.43,44.87,647.47,,,YERBABUENA,MEIGGS,2026-06-30T22:20:47.678762Z
46538-1950187671,46538,VIRGEN DE ESTRELLA S.A.C.,2026-02-17,195/0187671,F3F817,1.0,ARENA,14,42.26,42.68,615.87,,,YERBABUENA,MEIGGS,2026-06-30T22:20:47.678807Z
46538-1950187695,46538,VIRGEN DE ESTRELLA S.A.C.,2026-02-17,195/0187695,AFX735,25.0,ARENA,14,37.88,38.26,552.09,,,YERBABUENA,MEIGGS,2026-06-30T22:20:47.678853Z
46538-0010014756,46538,VIRGEN DE ESTRELLA S.A.C.,2026-02-17,001/0014756,CAZ895,42.0,ARENA,14,34.2,37.62,232.87,,,SAN LORENZO,OQUENDO,2026-06-30T22:20:47.680880Z
46538-0010014757,46538,VIRGEN DE ESTRELLA S.A.C.,2026-02-17,001/0014757,AJC805,30.0,ARENA,14,34.2,37.62,232.87,,,SAN LORENZO,OQUENDO,2026-06-30T22:20:47.680928Z
46538-0010014771,46538,VIRGEN DE ESTRELLA S.A.C.,2026-02-17,001/0014771,AJA905,29.0,ARENA,14,34.2,37.62,232.87,,,SAN LORENZO,OQUENDO,2026-06-30T22:20:47.680977Z
46538-0010014776,46538,VIRGEN DE ESTRELLA S.A.C.,2026-02-17,001/0014776,BZR781,39.0,ARENA,14,34.2,37.62,232.87,,,SAN LORENZO,OQUENDO,2026-06-30T22:20:47.681021Z
46538-0010014760,46538,VIRGEN DE ESTRELLA S.A.C.,2026-02-17,001/0014760,AKE789,31.0,PIEDRA,2,36.12,37.2,230.27,,,SAN LORENZO,OQUENDO,2026-06-30T22:20:47.681064Z
46538-0010014767,46538,VIRGEN DE ESTRELLA S.A.C.,2026-02-17,001/0014767,AJC805,30.0,PIEDRA,2,36.12,37.2,230.27,,,SAN LORENZO,OQUENDO,2026-06-30T22:20:47.681106Z
46538-0010014768,46538,VIRGEN DE ESTRELLA S.A.C.,2026-02-17,001/0014768,CAZ895,42.0,PIEDRA,2,36.12,37.2,230.27,,,SAN LORENZO,OQUENDO,2026-06-30T22:20:47.681147Z
46538-0010014770,46538,VIRGEN DE ESTRELLA S.A.C.,2026-02-17,001/0014770,ABN852,27.0,PIEDRA,2,36.12,37.2,230.27,,,SAN LORENZO,OQUENDO,2026-06-30T22:20:47.681190Z
46538-0010014746,46538,VIRGEN DE ESTRELLA S.A.C.,2026-02-17,001/0014746,ABN852,27.0,ARENA,14,34.89,39.43,246.83,,,SAN LORENZO,MATERIALES,2026-06-30T22:20:47.681235Z
46538-0010014747,46538,VIRGEN DE ESTRELLA S.A.C.,2026-02-17,001/0014747,BAE736,35.0,ARENA,14,32.91,37.19,232.81,,,SAN LORENZO,MATERIALES,2026-06-30T22:20:47.681282Z
46538-0010014748,46538,VIRGEN DE ESTRELLA S.A.C.,2026-02-17,001/0014748,D8B795,22.0,ARENA,14,31.79,35.92,224.86,,,SAN LORENZO,MATERIALES,2026-06-30T22:20:47.681329Z
46538-0010014751,46538,VIRGEN DE ESTRELLA S.A.C.,2026-02-17,001/0014751,BFI758,37.0,ARENA,14,36.82,41.61,260.48,,,SAN LORENZO,MATERIALES,2026-06-30T22:20:47.681378Z
46538-0010014752,46538,VIRGEN DE ESTRELLA S.A.C.,2026-02-17,001/0014752,D8E728,24.0,ARENA,14,31.59,35.7,223.48,,,SAN LORENZO,MATERIALES,2026-06-30T22:20:47.681422Z
46538-0010014754,46538,VIRGEN DE ESTRELLA S.A.C.,2026-02-17,001/0014754,BZR781,39.0,ARENA,14,36.33,41.05,256.97,,,SAN LORENZO,MATERIALES,2026-06-30T22:20:47.681466Z
46538-0010014759,46538,VIRGEN DE ESTRELLA S.A.C.,2026-02-17,001/0014759,D8D861,23.0,ARENA,14,33.41,37.75,236.32,,,SAN LORENZO,MATERIALES,2026-06-30T22:20:47.681508Z
46538-0010014766,46538,VIRGEN DE ESTRELLA S.A.C.,2026-02-17,001/0014766,BFC837,36.0,ARENA,14,35.73,40.38,252.78,,,SAN LORENZO,MATERIALES,2026-06-30T22:20:47.681552Z
46538-0010014778,46538,VIRGEN DE ESTRELLA S.A.C.,2026-02-17,001/0014778,D8D861,23.0,PIEDRA,2,35.01,35.71,194.62,,,SAN LORENZO,MEIGGS,2026-06-30T22:20:47.683091Z
46538-0010014780,46538,VIRGEN DE ESTRELLA S.A.C.,2026-02-17,001/0014780,AKE789,31.0,PIEDRA,2,34.92,35.62,194.13,,,SAN LORENZO,MEIGGS,2026-06-30T22:20:47.683132Z
46538-0010014782,46538,VIRGEN DE ESTRELLA S.A.C.,2026-02-17,001/0014782,BAE736,35.0,PIEDRA,2,35.8,36.52,199.03,,,SAN LORENZO,MEIGGS,2026-06-30T22:20:47.683177Z
46538-0010014783,46538,VIRGEN DE ESTRELLA S.A.C.,2026-02-17,001/0014783,D8B795,22.0,PIEDRA,2,34.11,34.79,189.61,,,SAN LORENZO,MEIGGS,2026-06-30T22:20:47.683216Z
46538-1910569197,46538,VIRGEN DE ESTRELLA S.A.C.,2026-02-18,191/0569197,BYP824,9.0,PIEDRA,2,41.16,41.16,468.81,,,JICAMARCA,SAN JUAN,2026-06-30T22:20:47.672235Z
46538-1910569192,46538,VIRGEN DE ESTRELLA S.A.C.,2026-02-18,191/0569192,CBR846,12.0,ARENA,14,34.72,38.89,442.96,,,JICAMARCA,SAN JUAN,2026-06-30T22:20:47.672826Z
46538-1910569148,46538,VIRGEN DE ESTRELLA S.A.C.,2026-02-18,191/0569148,BYP824,9.0,PIEDRA,2,39.97,39.97,378.16,,,JICAMARCA,ANCIETA,2026-06-30T22:20:47.673263Z
46538-1910569250,46538,VIRGEN DE ESTRELLA S.A.C.,2026-02-18,191/0569250,CBR846,12.0,ARENA,14,35.69,39.97,454.86,,,JICAMARCA,COLLIQUE,2026-06-30T22:20:47.673652Z
46538-1910569138,46538,VIRGEN DE ESTRELLA S.A.C.,2026-02-18,191/0569138,CHS718,45.0,ARENA,14,31.36,35.43,567.99,,,JICAMARCA,SAN ANTONIO,2026-06-30T22:20:47.674814Z
46538-1910569145,46538,VIRGEN DE ESTRELLA S.A.C.,2026-02-18,191/0569145,CCL847,44.0,ARENA,14,32.48,36.7,588.37,,,JICAMARCA,SAN ANTONIO,2026-06-30T22:20:47.674859Z
46538-1910569184,46538,VIRGEN DE ESTRELLA S.A.C.,2026-02-18,191/0569184,CBA709,43.0,ARENA,14,33.08,37.39,599.3,,,JICAMARCA,SAN ANTONIO,2026-06-30T22:20:47.674912Z
46538-1910569216,46538,VIRGEN DE ESTRELLA S.A.C.,2026-02-18,191/0569216,CCL847,44.0,ARENA,14,31.89,36.04,577.68,,,JICAMARCA,SAN ANTONIO,2026-06-30T22:20:47.674959Z
46538-1910569221,46538,VIRGEN DE ESTRELLA S.A.C.,2026-02-18,191/0569221,BZR940,40.0,PIEDRA,2,35.27,35.27,565.3,,,JICAMARCA,SAN ANTONIO,2026-06-30T22:20:47.675573Z
46538-1910569232,46538,VIRGEN DE ESTRELLA S.A.C.,2026-02-18,191/0569232,CBA709,43.0,PIEDRA,2,34.41,34.41,551.59,,,JICAMARCA,SAN ANTONIO,2026-06-30T22:20:47.675613Z
46538-1910569170,46538,VIRGEN DE ESTRELLA S.A.C.,2026-02-18,191/0569170,BZR940,40.0,PIEDRA,2,37.01,37.01,593.33,,,JICAMARCA,SAN ANTONIO,2026-06-30T22:20:47.675897Z
46538-1910569218,46538,VIRGEN DE ESTRELLA S.A.C.,2026-02-18,191/0569218,CHS718,45.0,PIEDRA,2,36.15,36.15,579.42,,,JICAMARCA,SAN ANTONIO,2026-06-30T22:20:47.675939Z
46538-1950187678,46538,VIRGEN DE ESTRELLA S.A.C.,2026-02-18,195/0187678,BFC837,36.0,PIEDRA,2,41.01,41.01,576.19,,,YERBABUENA,MATERIALES,2026-06-30T22:20:47.676386Z
46538-1950187753,46538,VIRGEN DE ESTRELLA S.A.C.,2026-02-18,195/0187753,CBR872,16.0,PIEDRA,2,40.94,40.94,590.76,,,YERBABUENA,MEIGGS,2026-06-30T22:20:47.676957Z
46538-1950187764,46538,VIRGEN DE ESTRELLA S.A.C.,2026-02-18,195/0187764,CBR796,18.0,PIEDRA,2,40.74,40.74,587.88,,,YERBABUENA,MEIGGS,2026-06-30T22:20:47.676997Z
46538-1950187789,46538,VIRGEN DE ESTRELLA S.A.C.,2026-02-18,195/0187789,CBR872,16.0,PIEDRA,2,39.48,39.48,569.7,,,YERBABUENA,MEIGGS,2026-06-30T22:20:47.677040Z
46538-1950187790,46538,VIRGEN DE ESTRELLA S.A.C.,2026-02-18,195/0187790,CBR796,18.0,PIEDRA,2,38.83,38.83,560.32,,,YERBABUENA,MEIGGS,2026-06-30T22:20:47.677081Z
46538-1950187804,46538,VIRGEN DE ESTRELLA S.A.C.,2026-02-18,195/0187804,F3F817,1.0,PIEDRA,2,40.58,40.58,585.57,,,YERBABUENA,MEIGGS,2026-06-30T22:20:47.677128Z
46538-1950187748,46538,VIRGEN DE ESTRELLA S.A.C.,2026-02-18,195/0187748,C9T788,20.0,ARENA,14,36.66,37.03,534.34,,,YERBABUENA,MEIGGS,2026-06-30T22:20:47.678905Z
46538-1950187751,46538,VIRGEN DE ESTRELLA S.A.C.,2026-02-18,195/0187751,AWH708,33.0,ARENA,14,38.66,39.05,563.49,,,YERBABUENA,MEIGGS,2026-06-30T22:20:47.678949Z
46538-1950187763,46538,VIRGEN DE ESTRELLA S.A.C.,2026-02-18,195/0187763,AFX735,25.0,ARENA,14,36.06,36.42,525.54,,,YERBABUENA,MEIGGS,2026-06-30T22:20:47.678993Z
46538-1950187771,46538,VIRGEN DE ESTRELLA S.A.C.,2026-02-18,195/0187771,F3F817,1.0,ARENA,14,46.59,47.06,679.08,,,YERBABUENA,MEIGGS,2026-06-30T22:20:47.679037Z
46538-1950187779,46538,VIRGEN DE ESTRELLA S.A.C.,2026-02-18,195/0187779,BFI758,37.0,ARENA,14,37.07,37.44,540.26,,,YERBABUENA,MEIGGS,2026-06-30T22:20:47.679082Z
46538-1950187780,46538,VIRGEN DE ESTRELLA S.A.C.,2026-02-18,195/0187780,D8D861,23.0,ARENA,14,35.98,36.34,524.39,,,YERBABUENA,MEIGGS,2026-06-30T22:20:47.679125Z
46538-1950187781,46538,VIRGEN DE ESTRELLA S.A.C.,2026-02-18,195/0187781,AWH708,33.0,ARENA,14,38.53,38.92,561.62,,,YERBABUENA,MEIGGS,2026-06-30T22:20:47.679169Z
46538-1950187782,46538,VIRGEN DE ESTRELLA S.A.C.,2026-02-18,195/0187782,C9T788,20.0,ARENA,14,38.93,39.32,567.39,,,YERBABUENA,MEIGGS,2026-06-30T22:20:47.679212Z
46538-1950187797,46538,VIRGEN DE ESTRELLA S.A.C.,2026-02-18,195/0187797,AFX735,25.0,ARENA,14,37.78,38.16,550.65,,,YERBABUENA,MEIGGS,2026-06-30T22:20:47.679254Z
46538-0010014791,46538,VIRGEN DE ESTRELLA S.A.C.,2026-02-18,001/0014791,AKE789,31.0,ARENA,14,35.01,39.56,247.65,,,SAN LORENZO,MATERIALES,2026-06-30T22:20:47.681597Z
46538-0010014792,46538,VIRGEN DE ESTRELLA S.A.C.,2026-02-18,001/0014792,BAE736,35.0,ARENA,14,36.03,40.71,254.84,,,SAN LORENZO,MATERIALES,2026-06-30T22:20:47.681641Z
46538-0010014793,46538,VIRGEN DE ESTRELLA S.A.C.,2026-02-18,001/0014793,AJA905,29.0,ARENA,14,32.91,37.19,232.81,,,SAN LORENZO,MATERIALES,2026-06-30T22:20:47.681698Z
46538-0010014794,46538,VIRGEN DE ESTRELLA S.A.C.,2026-02-18,001/0014794,D8E728,24.0,ARENA,14,33.26,37.58,235.25,,,SAN LORENZO,MATERIALES,2026-06-30T22:20:47.681747Z
46538-0010014803,46538,VIRGEN DE ESTRELLA S.A.C.,2026-02-18,001/0014803,BAE736,35.0,ARENA,14,36.4,41.13,257.47,,,SAN LORENZO,MATERIALES,2026-06-30T22:20:47.681789Z
46538-0010014804,46538,VIRGEN DE ESTRELLA S.A.C.,2026-02-18,001/0014804,D8E728,24.0,ARENA,14,34.69,39.2,245.39,,,SAN LORENZO,MATERIALES,2026-06-30T22:20:47.681834Z
46538-0010014806,46538,VIRGEN DE ESTRELLA S.A.C.,2026-02-18,001/0014806,AJC805,30.0,ARENA,14,35.27,39.85,249.46,,,SAN LORENZO,MATERIALES,2026-06-30T22:20:47.681878Z
46538-0010014809,46538,VIRGEN DE ESTRELLA S.A.C.,2026-02-18,001/0014809,D8B795,22.0,ARENA,14,33.71,38.09,238.44,,,SAN LORENZO,MATERIALES,2026-06-30T22:20:47.681922Z
46538-0010014795,46538,VIRGEN DE ESTRELLA S.A.C.,2026-02-18,001/0014795,D8B795,22.0,ARENA,14,33.82,37.37,203.67,,,SAN LORENZO,MEIGGS,2026-06-30T22:20:47.682418Z
46538-0010014796,46538,VIRGEN DE ESTRELLA S.A.C.,2026-02-18,001/0014796,AJC805,30.0,ARENA,14,36.64,40.49,220.67,,,SAN LORENZO,MEIGGS,2026-06-30T22:20:47.682463Z
46538-0010014798,46538,VIRGEN DE ESTRELLA S.A.C.,2026-02-18,001/0014798,D8B795,22.0,ARENA,14,32.9,36.35,198.11,,,SAN LORENZO,MEIGGS,2026-06-30T22:20:47.682506Z
46538-0010014800,46538,VIRGEN DE ESTRELLA S.A.C.,2026-02-18,001/0014800,AJC805,30.0,ARENA,14,35.23,38.93,212.17,,,SAN LORENZO,MEIGGS,2026-06-30T22:20:47.682551Z
46538-0010014802,46538,VIRGEN DE ESTRELLA S.A.C.,2026-02-18,001/0014802,AJA905,29.0,ARENA,14,35.28,38.98,212.44,,,SAN LORENZO,MEIGGS,2026-06-30T22:20:47.682593Z
46538-0010014808,46538,VIRGEN DE ESTRELLA S.A.C.,2026-02-18,001/0014808,AKE789,31.0,PIEDRA,2,34.8,35.5,193.48,,,SAN LORENZO,MEIGGS,2026-06-30T22:20:47.683259Z
46538-0010014812,46538,VIRGEN DE ESTRELLA S.A.C.,2026-02-18,001/0014812,AJA905,29.0,PIEDRA,2,35.23,35.93,195.82,,,SAN LORENZO,MEIGGS,2026-06-30T22:20:47.683300Z
46538-0010014813,46538,VIRGEN DE ESTRELLA S.A.C.,2026-02-18,001/0014813,D8E728,24.0,PIEDRA,2,34.61,35.3,192.39,,,SAN LORENZO,MEIGGS,2026-06-30T22:20:47.683340Z
46538-0010014814,46538,VIRGEN DE ESTRELLA S.A.C.,2026-02-18,001/0014814,BAE736,35.0,PIEDRA,2,34.88,35.58,193.91,,,SAN LORENZO,MEIGGS,2026-06-30T22:20:47.683383Z
46538-0010014819,46538,VIRGEN DE ESTRELLA S.A.C.,2026-02-18,001/0014819,AKE789,31.0,PIEDRA,2,36.87,37.61,204.97,,,SAN LORENZO,MEIGGS,2026-06-30T22:20:47.683424Z
46538-0010014821,46538,VIRGEN DE ESTRELLA S.A.C.,2026-02-18,001/0014821,AKE789,31.0,PIEDRA,2,35.82,35.82,195.22,,,SAN LORENZO,MEIGGS,2026-06-30T22:20:47.683937Z
46538-1910569381,46538,VIRGEN DE ESTRELLA S.A.C.,2026-02-19,191/0569381,BYP824,9.0,PIEDRA,2,40.09,40.09,456.63,,,JICAMARCA,SAN JUAN,2026-06-30T22:20:47.672299Z
46538-1910569426,46538,VIRGEN DE ESTRELLA S.A.C.,2026-02-19,191/0569426,BZR940,40.0,ARENA,14,29.03,32.51,370.29,,,JICAMARCA,SAN JUAN,2026-06-30T22:20:47.672871Z
46538-1910569283,46538,VIRGEN DE ESTRELLA S.A.C.,2026-02-19,191/0569283,BYP824,9.0,ARENA,14,36.84,41.63,393.85,,,JICAMARCA,ANCIETA,2026-06-30T22:20:47.673087Z
46538-1910569344,46538,VIRGEN DE ESTRELLA S.A.C.,2026-02-19,191/0569344,BYP824,9.0,PIEDRA,2,39.34,39.34,372.15,,,JICAMARCA,ANCIETA,2026-06-30T22:20:47.673304Z
46538-1910569343,46538,VIRGEN DE ESTRELLA S.A.C.,2026-02-19,191/0569343,CBR846,12.0,ARENA,14,37.59,41.72,474.77,,,JICAMARCA,COLLIQUE,2026-06-30T22:20:47.673703Z
46538-1910569417,46538,VIRGEN DE ESTRELLA S.A.C.,2026-02-19,191/0569417,CBR846,12.0,ARENA,14,35.55,39.46,449.05,,,JICAMARCA,COLLIQUE,2026-06-30T22:20:47.673746Z
46538-1910569412,46538,VIRGEN DE ESTRELLA S.A.C.,2026-02-19,191/0569412,CBA709,43.0,ARENA,14,31.83,35.01,466.74,,,JICAMARCA,VILLA 1,2026-06-30T22:20:47.674059Z
46538-1910569436,46538,VIRGEN DE ESTRELLA S.A.C.,2026-02-19,191/0569436,CHS718,45.0,ARENA,14,29.11,32.02,426.87,,,JICAMARCA,VILLA 1,2026-06-30T22:20:47.674103Z
46538-1910569284,46538,VIRGEN DE ESTRELLA S.A.C.,2026-02-19,191/0569284,CHS718,45.0,ARENA,14,31.23,35.29,565.75,,,JICAMARCA,SAN ANTONIO,2026-06-30T22:20:47.675003Z
46538-1910569294,46538,VIRGEN DE ESTRELLA S.A.C.,2026-02-19,191/0569294,CCL847,44.0,ARENA,14,31.81,35.94,576.19,,,JICAMARCA,SAN ANTONIO,2026-06-30T22:20:47.675047Z
46538-1910569373,46538,VIRGEN DE ESTRELLA S.A.C.,2026-02-19,191/0569373,CHS718,45.0,ARENA,14,31.22,35.28,565.51,,,JICAMARCA,SAN ANTONIO,2026-06-30T22:20:47.675090Z
46538-1910569377,46538,VIRGEN DE ESTRELLA S.A.C.,2026-02-19,191/0569377,CCL847,44.0,ARENA,14,30.07,33.98,544.64,,,JICAMARCA,SAN ANTONIO,2026-06-30T22:20:47.675134Z
46538-1910569320,46538,VIRGEN DE ESTRELLA S.A.C.,2026-02-19,191/0569320,BZR940,40.0,PIEDRA,2,37.25,37.25,597.06,,,JICAMARCA,SAN ANTONIO,2026-06-30T22:20:47.675979Z
46538-1910569337,46538,VIRGEN DE ESTRELLA S.A.C.,2026-02-19,191/0569337,CBA709,43.0,PIEDRA,2,36.92,36.92,591.84,,,JICAMARCA,SAN ANTONIO,2026-06-30T22:20:47.676020Z
46538-1950187818,46538,VIRGEN DE ESTRELLA S.A.C.,2026-02-19,195/0187818,C9T788,20.0,PIEDRA,2,36.88,36.88,532.18,,,YERBABUENA,MEIGGS,2026-06-30T22:20:47.677169Z
46538-1950187820,46538,VIRGEN DE ESTRELLA S.A.C.,2026-02-19,195/0187820,ATN880,5.0,PIEDRA,2,40.14,40.14,579.22,,,YERBABUENA,MEIGGS,2026-06-30T22:20:47.677210Z
46538-1950187823,46538,VIRGEN DE ESTRELLA S.A.C.,2026-02-19,195/0187823,AWH708,33.0,PIEDRA,2,40.95,40.95,590.91,,,YERBABUENA,MEIGGS,2026-06-30T22:20:47.677303Z
46538-1950187825,46538,VIRGEN DE ESTRELLA S.A.C.,2026-02-19,195/0187825,CBR872,16.0,PIEDRA,2,38.47,38.47,555.12,,,YERBABUENA,MEIGGS,2026-06-30T22:20:47.677345Z
46538-1950187838,46538,VIRGEN DE ESTRELLA S.A.C.,2026-02-19,195/0187838,AFX735,25.0,PIEDRA,2,35.69,35.69,515.01,,,YERBABUENA,MEIGGS,2026-06-30T22:20:47.677388Z
46538-1950187840,46538,VIRGEN DE ESTRELLA S.A.C.,2026-02-19,195/0187840,CBR796,18.0,PIEDRA,2,40.74,40.74,587.88,,,YERBABUENA,MEIGGS,2026-06-30T22:20:47.677430Z
46538-1950187846,46538,VIRGEN DE ESTRELLA S.A.C.,2026-02-19,195/0187846,F3F817,1.0,PIEDRA,2,42.01,42.01,606.2,,,YERBABUENA,MEIGGS,2026-06-30T22:20:47.677472Z
46538-1950187810,46538,VIRGEN DE ESTRELLA S.A.C.,2026-02-19,195/0187810,ABL875,26.0,ARENA,14,42.88,43.31,624.96,,,YERBABUENA,MEIGGS,2026-06-30T22:20:47.679298Z
46538-1950187812,46538,VIRGEN DE ESTRELLA S.A.C.,2026-02-19,195/0187812,BFI758,37.0,ARENA,14,40.21,40.61,586.0,,,YERBABUENA,MEIGGS,2026-06-30T22:20:47.679347Z
46538-1950187817,46538,VIRGEN DE ESTRELLA S.A.C.,2026-02-19,195/0187817,D8D861,23.0,ARENA,14,38.86,39.25,566.38,,,YERBABUENA,MEIGGS,2026-06-30T22:20:47.679392Z
46538-1950187849,46538,VIRGEN DE ESTRELLA S.A.C.,2026-02-19,195/0187849,BFI758,37.0,ARENA,14,39.73,40.13,579.08,,,YERBABUENA,MEIGGS,2026-06-30T22:20:47.679439Z
46538-1950187850,46538,VIRGEN DE ESTRELLA S.A.C.,2026-02-19,195/0187850,CBR854,14.0,ARENA,14,42.16,42.58,614.43,,,YERBABUENA,MEIGGS,2026-06-30T22:20:47.679493Z
46538-1950187852,46538,VIRGEN DE ESTRELLA S.A.C.,2026-02-19,195/0187852,ABL875,26.0,ARENA,14,39.99,40.39,582.83,,,YERBABUENA,MEIGGS,2026-06-30T22:20:47.679541Z
46538-1950187853,46538,VIRGEN DE ESTRELLA S.A.C.,2026-02-19,195/0187853,D8D861,23.0,ARENA,14,38.1,38.48,555.27,,,YERBABUENA,MEIGGS,2026-06-30T22:20:47.679589Z
46538-1950187863,46538,VIRGEN DE ESTRELLA S.A.C.,2026-02-19,195/0187863,CAZ895,42.0,ARENA,14,38.59,38.98,562.48,,,YERBABUENA,MEIGGS,2026-06-30T22:20:47.679638Z
46538-1950187864,46538,VIRGEN DE ESTRELLA S.A.C.,2026-02-19,195/0187864,C9T788,20.0,ARENA,14,37.49,37.86,546.32,,,YERBABUENA,MEIGGS,2026-06-30T22:20:47.679683Z
46538-1950187866,46538,VIRGEN DE ESTRELLA S.A.C.,2026-02-19,195/0187866,CBR872,16.0,ARENA,14,42.39,42.81,617.75,,,YERBABUENA,MEIGGS,2026-06-30T22:20:47.679748Z
46538-1950187867,46538,VIRGEN DE ESTRELLA S.A.C.,2026-02-19,195/0187867,ATN880,5.0,ARENA,14,38.67,39.06,563.64,,,YERBABUENA,MEIGGS,2026-06-30T22:20:47.679794Z
46538-1950187872,46538,VIRGEN DE ESTRELLA S.A.C.,2026-02-19,195/0187872,ATN880,5.0,ARENA,14,42.74,43.17,622.94,,,YERBABUENA,MEIGGS,2026-06-30T22:20:47.679844Z
46538-1950187880,46538,VIRGEN DE ESTRELLA S.A.C.,2026-02-19,195/0187880,AFX735,25.0,ARENA,14,36.77,37.14,535.93,,,YERBABUENA,MEIGGS,2026-06-30T22:20:47.679894Z
46538-0010014823,46538,VIRGEN DE ESTRELLA S.A.C.,2026-02-19,001/0014823,BAE736,35.0,ARENA,14,36.35,40.17,218.93,,,SAN LORENZO,MEIGGS,2026-06-30T22:20:47.682640Z
46538-0010014824,46538,VIRGEN DE ESTRELLA S.A.C.,2026-02-19,001/0014824,CAZ895,42.0,ARENA,14,35.01,38.69,210.86,,,SAN LORENZO,MEIGGS,2026-06-30T22:20:47.682682Z
46538-0010014825,46538,VIRGEN DE ESTRELLA S.A.C.,2026-02-19,001/0014825,AJC805,30.0,ARENA,14,35.89,39.66,216.15,,,SAN LORENZO,MEIGGS,2026-06-30T22:20:47.682746Z
46538-0010014826,46538,VIRGEN DE ESTRELLA S.A.C.,2026-02-19,001/0014826,ABN852,27.0,ARENA,14,36.36,40.18,218.98,,,SAN LORENZO,MEIGGS,2026-06-30T22:20:47.682789Z
46538-0010014827,46538,VIRGEN DE ESTRELLA S.A.C.,2026-02-19,001/0014827,AJA905,29.0,ARENA,14,35.54,39.27,214.02,,,SAN LORENZO,MEIGGS,2026-06-30T22:20:47.682831Z
46538-0010014831,46538,VIRGEN DE ESTRELLA S.A.C.,2026-02-19,001/0014831,BZR781,39.0,PIEDRA,2,35.87,36.59,199.42,,,SAN LORENZO,MEIGGS,2026-06-30T22:20:47.683469Z
46538-0010014832,46538,VIRGEN DE ESTRELLA S.A.C.,2026-02-19,001/0014832,D8E728,24.0,PIEDRA,2,34.3,34.99,190.7,,,SAN LORENZO,MEIGGS,2026-06-30T22:20:47.683514Z
46538-0010014833,46538,VIRGEN DE ESTRELLA S.A.C.,2026-02-19,001/0014833,AKE789,31.0,PIEDRA,2,33.91,34.59,188.52,,,SAN LORENZO,MEIGGS,2026-06-30T22:20:47.683554Z
46538-0010014834,46538,VIRGEN DE ESTRELLA S.A.C.,2026-02-19,001/0014834,D8B795,22.0,PIEDRA,2,34.05,34.73,189.28,,,SAN LORENZO,MEIGGS,2026-06-30T22:20:47.683598Z
46538-0010014839,46538,VIRGEN DE ESTRELLA S.A.C.,2026-02-19,001/0014839,AJC805,30.0,PIEDRA,2,38.23,38.99,212.5,,,SAN LORENZO,MEIGGS,2026-06-30T22:20:47.683644Z
46767-4190002371,46767,VIRGEN DE ESTRELLA S.A.C.,2026-02-19,419/0002371,D8B795,22.0,ARENA,14,34.42,34.42,191.03,,,COLLIQUE,MEIGGS,2026-06-30T22:23:29.796007Z
46767-4190002372,46767,VIRGEN DE ESTRELLA S.A.C.,2026-02-19,419/0002372,AKE789,31.0,ARENA,14,38.46,38.46,213.45,,,COLLIQUE,MEIGGS,2026-06-30T22:23:29.796043Z
46538-1910569599,46538,VIRGEN DE ESTRELLA S.A.C.,2026-02-20,191/0569599,BYP824,9.0,PIEDRA,2,41.18,41.18,469.04,,,JICAMARCA,SAN JUAN,2026-06-30T22:20:47.672352Z
46538-1910569668,46538,VIRGEN DE ESTRELLA S.A.C.,2026-02-20,191/0569668,BZR940,40.0,PIEDRA,2,37.61,37.61,428.38,,,JICAMARCA,SAN JUAN,2026-06-30T22:20:47.672406Z
46538-1910569482,46538,VIRGEN DE ESTRELLA S.A.C.,2026-02-20,191/0569482,BYP824,9.0,PIEDRA,2,38.16,38.16,361.0,,,JICAMARCA,ANCIETA,2026-06-30T22:20:47.673346Z
46538-1910569545,46538,VIRGEN DE ESTRELLA S.A.C.,2026-02-20,191/0569545,CBR846,12.0,PIEDRA,2,40.25,40.25,380.8,,,JICAMARCA,ANCIETA,2026-06-30T22:20:47.673389Z
46538-1910569584,46538,VIRGEN DE ESTRELLA S.A.C.,2026-02-20,191/0569584,CBR846,12.0,PIEDRA,2,39.63,39.63,374.93,,,JICAMARCA,ANCIETA,2026-06-30T22:20:47.673430Z
46538-1910569544,46538,VIRGEN DE ESTRELLA S.A.C.,2026-02-20,191/0569544,BYP824,9.0,ARENA,14,35.64,39.56,450.19,,,JICAMARCA,COLLIQUE,2026-06-30T22:20:47.673790Z
46538-1910569628,46538,VIRGEN DE ESTRELLA S.A.C.,2026-02-20,191/0569628,CBR846,12.0,ARENA,14,36.9,40.96,466.12,,,JICAMARCA,COLLIQUE,2026-06-30T22:20:47.673835Z
46538-1910569523,46538,VIRGEN DE ESTRELLA S.A.C.,2026-02-20,191/0569523,C9W737,21.0,ARENA,14,31.44,35.53,569.48,,,JICAMARCA,SAN ANTONIO,2026-06-30T22:20:47.675176Z
46538-1910569556,46538,VIRGEN DE ESTRELLA S.A.C.,2026-02-20,191/0569556,CHS718,45.0,ARENA,14,29.83,33.71,540.41,,,JICAMARCA,SAN ANTONIO,2026-06-30T22:20:47.675220Z
46538-1910569569,46538,VIRGEN DE ESTRELLA S.A.C.,2026-02-20,191/0569569,CCL847,44.0,ARENA,14,30.93,34.95,560.29,,,JICAMARCA,SAN ANTONIO,2026-06-30T22:20:47.675265Z
46538-1910569582,46538,VIRGEN DE ESTRELLA S.A.C.,2026-02-20,191/0569582,CBA709,43.0,ARENA,14,32.55,36.78,589.61,,,JICAMARCA,SAN ANTONIO,2026-06-30T22:20:47.675309Z
46538-1910569583,46538,VIRGEN DE ESTRELLA S.A.C.,2026-02-20,191/0569583,C9W737,21.0,ARENA,14,28.97,32.74,524.76,,,JICAMARCA,SAN ANTONIO,2026-06-30T22:20:47.675356Z
46538-1910569588,46538,VIRGEN DE ESTRELLA S.A.C.,2026-02-20,191/0569588,BZR940,40.0,ARENA,14,31.75,35.88,575.2,,,JICAMARCA,SAN ANTONIO,2026-06-30T22:20:47.675399Z
46538-1910569633,46538,VIRGEN DE ESTRELLA S.A.C.,2026-02-20,191/0569633,CCL847,44.0,ARENA,14,30.36,34.3,549.85,,,JICAMARCA,SAN ANTONIO,2026-06-30T22:20:47.675443Z
46538-1910569635,46538,VIRGEN DE ESTRELLA S.A.C.,2026-02-20,191/0569635,C9W737,21.0,ARENA,14,30.44,34.39,551.34,,,JICAMARCA,SAN ANTONIO,2026-06-30T22:20:47.675485Z
46538-1910569539,46538,VIRGEN DE ESTRELLA S.A.C.,2026-02-20,191/0569539,CBA709,43.0,PIEDRA,2,34.88,34.88,559.05,,,JICAMARCA,SAN ANTONIO,2026-06-30T22:20:47.675659Z
46538-1910569483,46538,VIRGEN DE ESTRELLA S.A.C.,2026-02-20,191/0569483,CHS718,45.0,PIEDRA,2,34.88,34.88,559.05,,,JICAMARCA,SAN ANTONIO,2026-06-30T22:20:47.676062Z
46538-1910569511,46538,VIRGEN DE ESTRELLA S.A.C.,2026-02-20,191/0569511,BZR940,40.0,PIEDRA,2,38.25,38.25,613.21,,,JICAMARCA,SAN ANTONIO,2026-06-30T22:20:47.676108Z
46538-1910569488,46538,VIRGEN DE ESTRELLA S.A.C.,2026-02-20,191/0569488,CCL847,44.0,PIEDRA,2,32.52,32.52,521.24,,,JICAMARCA,SAN ANTONIO,2026-06-30T22:20:47.676148Z
46538-1950187895,46538,VIRGEN DE ESTRELLA S.A.C.,2026-02-20,195/0187895,CBR854,14.0,PIEDRA,2,35.98,35.98,519.19,,,YERBABUENA,MEIGGS,2026-06-30T22:20:47.676514Z
46538-1950187918,46538,VIRGEN DE ESTRELLA S.A.C.,2026-02-20,195/0187918,D8D861,23.0,PIEDRA,2,35.58,35.58,513.42,,,YERBABUENA,MEIGGS,2026-06-30T22:20:47.676556Z
46538-1950187822,46538,VIRGEN DE ESTRELLA S.A.C.,2026-02-20,195/0187822,CBR846,12.0,PIEDRA,2,42.12,42.12,607.79,,,YERBABUENA,MEIGGS,2026-06-30T22:20:47.677259Z
46538-1950187902,46538,VIRGEN DE ESTRELLA S.A.C.,2026-02-20,195/0187902,CBR872,16.0,PIEDRA,2,36.32,36.32,524.1,,,YERBABUENA,MEIGGS,2026-06-30T22:20:47.677515Z
46538-1950187911,46538,VIRGEN DE ESTRELLA S.A.C.,2026-02-20,195/0187911,AFX735,25.0,PIEDRA,2,34.74,34.74,501.3,,,YERBABUENA,MEIGGS,2026-06-30T22:20:47.677559Z
46538-1950187914,46538,VIRGEN DE ESTRELLA S.A.C.,2026-02-20,195/0187914,CBR854,14.0,PIEDRA,2,41.44,41.44,597.98,,,YERBABUENA,MEIGGS,2026-06-30T22:20:47.677602Z
46538-1950187916,46538,VIRGEN DE ESTRELLA S.A.C.,2026-02-20,195/0187916,CBR796,18.0,PIEDRA,2,41.42,41.42,597.69,,,YERBABUENA,MEIGGS,2026-06-30T22:20:47.677643Z
46538-1950187919,46538,VIRGEN DE ESTRELLA S.A.C.,2026-02-20,195/0187919,BFI758,37.0,PIEDRA,2,40.25,40.25,580.81,,,YERBABUENA,MEIGGS,2026-06-30T22:20:47.677695Z
46538-1950187924,46538,VIRGEN DE ESTRELLA S.A.C.,2026-02-20,195/0187924,C9T788,20.0,PIEDRA,2,35.73,35.73,515.58,,,YERBABUENA,MEIGGS,2026-06-30T22:20:47.677742Z
46538-1950187929,46538,VIRGEN DE ESTRELLA S.A.C.,2026-02-20,195/0187929,D8B795,22.0,PIEDRA,2,34.86,34.86,503.03,,,YERBABUENA,MEIGGS,2026-06-30T22:20:47.677789Z
46538-1950187881,46538,VIRGEN DE ESTRELLA S.A.C.,2026-02-20,195/0187881,CBR796,18.0,ARENA,14,39.44,39.83,574.75,,,YERBABUENA,MEIGGS,2026-06-30T22:20:47.679939Z
46538-1950187893,46538,VIRGEN DE ESTRELLA S.A.C.,2026-02-20,195/0187893,F3F817,1.0,ARENA,14,45.08,45.53,657.0,,,YERBABUENA,MEIGGS,2026-06-30T22:20:47.679986Z
46538-1950187898,46538,VIRGEN DE ESTRELLA S.A.C.,2026-02-20,195/0187898,CAZ895,42.0,ARENA,14,36.51,36.88,532.18,,,YERBABUENA,MEIGGS,2026-06-30T22:20:47.680030Z
46538-1950187900,46538,VIRGEN DE ESTRELLA S.A.C.,2026-02-20,195/0187900,AWH708,33.0,ARENA,14,37.94,38.32,552.96,,,YERBABUENA,MEIGGS,2026-06-30T22:20:47.680079Z
46538-1950187904,46538,VIRGEN DE ESTRELLA S.A.C.,2026-02-20,195/0187904,ABL875,26.0,ARENA,14,37.9,38.28,552.38,,,YERBABUENA,MEIGGS,2026-06-30T22:20:47.680124Z
46538-1950187930,46538,VIRGEN DE ESTRELLA S.A.C.,2026-02-20,195/0187930,F3F817,1.0,ARENA,14,40.18,40.58,585.57,,,YERBABUENA,MEIGGS,2026-06-30T22:20:47.680169Z
46538-1950187931,46538,VIRGEN DE ESTRELLA S.A.C.,2026-02-20,195/0187931,BFC837,36.0,ARENA,14,39.04,39.43,568.97,,,YERBABUENA,MEIGGS,2026-06-30T22:20:47.680211Z
46538-1950187940,46538,VIRGEN DE ESTRELLA S.A.C.,2026-02-20,195/0187940,CHW782,46.0,ARENA,14,38.01,38.39,553.97,,,YERBABUENA,MEIGGS,2026-06-30T22:20:47.680254Z
46538-1950187944,46538,VIRGEN DE ESTRELLA S.A.C.,2026-02-20,195/0187944,CBR872,16.0,ARENA,14,42.83,43.26,624.24,,,YERBABUENA,MEIGGS,2026-06-30T22:20:47.680306Z
46538-1950187946,46538,VIRGEN DE ESTRELLA S.A.C.,2026-02-20,195/0187946,CAZ895,42.0,ARENA,14,37.81,38.19,551.08,,,YERBABUENA,MEIGGS,2026-06-30T22:20:47.680361Z
46538-1950187948,46538,VIRGEN DE ESTRELLA S.A.C.,2026-02-20,195/0187948,ATN880,5.0,ARENA,14,45.97,46.43,669.98,,,YERBABUENA,MEIGGS,2026-06-30T22:20:47.680417Z
46538-1950187952,46538,VIRGEN DE ESTRELLA S.A.C.,2026-02-20,195/0187952,AWH708,33.0,ARENA,14,38.24,38.62,557.29,,,YERBABUENA,MEIGGS,2026-06-30T22:20:47.680465Z
46538-1950187958,46538,VIRGEN DE ESTRELLA S.A.C.,2026-02-20,195/0187958,C9T788,20.0,ARENA,14,38.82,39.21,565.8,,,YERBABUENA,MEIGGS,2026-06-30T22:20:47.680517Z
46538-1950187959,46538,VIRGEN DE ESTRELLA S.A.C.,2026-02-20,195/0187959,AFX735,25.0,ARENA,14,36.72,37.09,535.21,,,YERBABUENA,MEIGGS,2026-06-30T22:20:47.680565Z
46538-1950187960,46538,VIRGEN DE ESTRELLA S.A.C.,2026-02-20,195/0187960,BFI758,37.0,ARENA,14,41.72,42.14,608.08,,,YERBABUENA,MEIGGS,2026-06-30T22:20:47.680622Z
46538-1950187973,46538,VIRGEN DE ESTRELLA S.A.C.,2026-02-20,195/0187973,ABL875,26.0,ARENA,14,38.79,39.18,565.37,,,YERBABUENA,MEIGGS,2026-06-30T22:20:47.680679Z
46538-0010014853,46538,VIRGEN DE ESTRELLA S.A.C.,2026-02-20,001/0014853,ABN852,27.0,PIEDRA,2,34.37,35.06,191.08,,,SAN LORENZO,MEIGGS,2026-06-30T22:20:47.683692Z
46538-0010014854,46538,VIRGEN DE ESTRELLA S.A.C.,2026-02-20,001/0014854,BZR781,39.0,PIEDRA,2,35.92,36.64,199.69,,,SAN LORENZO,MEIGGS,2026-06-30T22:20:47.683732Z
46538-0010014855,46538,VIRGEN DE ESTRELLA S.A.C.,2026-02-20,001/0014855,BAE736,35.0,PIEDRA,2,36.63,37.36,203.61,,,SAN LORENZO,MEIGGS,2026-06-30T22:20:47.683772Z
46538-0010014865,46538,VIRGEN DE ESTRELLA S.A.C.,2026-02-20,001/0014865,AKE789,31.0,PIEDRA,2,35.55,36.26,197.62,,,SAN LORENZO,MEIGGS,2026-06-30T22:20:47.683814Z
46538-0010014871,46538,VIRGEN DE ESTRELLA S.A.C.,2026-02-20,001/0014871,BZR781,39.0,PIEDRA,2,36.17,36.89,201.05,,,SAN LORENZO,MEIGGS,2026-06-30T22:20:47.683855Z
46767-4190002377,46767,VIRGEN DE ESTRELLA S.A.C.,2026-02-20,419/0002377,BFC837,36.0,ARENA,14,39.31,39.31,218.17,,,COLLIQUE,MEIGGS,2026-06-30T22:23:29.796080Z
46767-4190002378,46767,VIRGEN DE ESTRELLA S.A.C.,2026-02-20,419/0002378,CHW782,46.0,ARENA,14,38.27,38.27,212.4,,,COLLIQUE,MEIGGS,2026-06-30T22:23:29.796113Z
46767-4190002379,46767,VIRGEN DE ESTRELLA S.A.C.,2026-02-20,419/0002379,AKE789,31.0,ARENA,14,39.56,39.56,219.56,,,COLLIQUE,MEIGGS,2026-06-30T22:23:29.796150Z
46538-1910569779,46538,VIRGEN DE ESTRELLA S.A.C.,2026-02-21,191/0569779,BZR940,40.0,PIEDRA,2,33.73,33.73,384.18,,,JICAMARCA,SAN JUAN,2026-06-30T22:20:47.672054Z
46538-1910569759,46538,VIRGEN DE ESTRELLA S.A.C.,2026-02-21,191/0569759,CBA709,43.0,PIEDRA,2,36.15,36.15,411.75,,,JICAMARCA,SAN JUAN,2026-06-30T22:20:47.672456Z
46538-1910569766,46538,VIRGEN DE ESTRELLA S.A.C.,2026-02-21,191/0569766,CCL847,44.0,PIEDRA,2,37.43,37.43,426.33,,,JICAMARCA,SAN JUAN,2026-06-30T22:20:47.672502Z
46538-1910569747,46538,VIRGEN DE ESTRELLA S.A.C.,2026-02-21,191/0569747,CHS718,45.0,ARENA,14,28.61,32.04,364.94,,,JICAMARCA,SAN JUAN,2026-06-30T22:20:47.672914Z
46538-1910569680,46538,VIRGEN DE ESTRELLA S.A.C.,2026-02-21,191/0569680,BYP824,9.0,ARENA,14,36.84,41.63,393.85,,,JICAMARCA,ANCIETA,2026-06-30T22:20:47.673133Z
46538-1910569730,46538,VIRGEN DE ESTRELLA S.A.C.,2026-02-21,191/0569730,CBA709,43.0,ARENA,14,33.15,37.46,354.4,,,JICAMARCA,ANCIETA,2026-06-30T22:20:47.673180Z
46538-1910569743,46538,VIRGEN DE ESTRELLA S.A.C.,2026-02-21,191/0569743,CBR846,12.0,ARENA,14,36.88,41.68,394.29,,,JICAMARCA,ANCIETA,2026-06-30T22:20:47.673223Z
46538-1910569706,46538,VIRGEN DE ESTRELLA S.A.C.,2026-02-21,191/0569706,CHS718,45.0,PIEDRA,2,35.39,35.39,334.76,,,JICAMARCA,ANCIETA,2026-06-30T22:20:47.673471Z
46538-1910569732,46538,VIRGEN DE ESTRELLA S.A.C.,2026-02-21,191/0569732,BYP824,9.0,ARENA,14,36.47,40.85,464.87,,,JICAMARCA,COLLIQUE,2026-06-30T22:20:47.673878Z
46538-1910569781,46538,VIRGEN DE ESTRELLA S.A.C.,2026-02-21,191/0569781,CBR846,12.0,ARENA,14,37.36,41.84,476.14,,,JICAMARCA,COLLIQUE,2026-06-30T22:20:47.673921Z
46538-1910569718,46538,VIRGEN DE ESTRELLA S.A.C.,2026-02-21,191/0569718,BZR940,40.0,ARENA,14,34.38,37.82,504.14,,,JICAMARCA,VILLA 1,2026-06-30T22:20:47.674147Z
46538-1910569681,46538,VIRGEN DE ESTRELLA S.A.C.,2026-02-21,191/0569681,CCL847,44.0,PIEDRA,2,34.19,34.53,470.64,,,JICAMARCA,VILLA 1 UNICON,2026-06-30T22:20:47.674316Z
46538-1910569705,46538,VIRGEN DE ESTRELLA S.A.C.,2026-02-21,191/0569705,C9W737,21.0,PIEDRA,2,33.5,33.83,461.1,,,JICAMARCA,VILLA 1 UNICON,2026-06-30T22:20:47.674358Z
46538-1950188028,46538,VIRGEN DE ESTRELLA S.A.C.,2026-02-21,195/0188028,D8B795,22.0,PIEDRA,2,35.48,35.48,498.49,,,YERBABUENA,MATERIALES,2026-06-30T22:20:47.676428Z
46538-1950188024,46538,VIRGEN DE ESTRELLA S.A.C.,2026-02-21,195/0188024,CAZ895,42.0,PIEDRA,2,36.83,36.83,531.46,,,YERBABUENA,MEIGGS,2026-06-30T22:20:47.676599Z
46538-1950187988,46538,VIRGEN DE ESTRELLA S.A.C.,2026-02-21,195/0187988,ATN880,5.0,PIEDRA,2,42.64,42.64,615.3,,,YERBABUENA,MEIGGS,2026-06-30T22:20:47.677830Z
46538-1950187993,46538,VIRGEN DE ESTRELLA S.A.C.,2026-02-21,195/0187993,CBR872,16.0,PIEDRA,2,39.6,39.6,571.43,,,YERBABUENA,MEIGGS,2026-06-30T22:20:47.677870Z
46538-1950188003,46538,VIRGEN DE ESTRELLA S.A.C.,2026-02-21,195/0188003,CBR854,14.0,PIEDRA,2,40.58,40.58,585.57,,,YERBABUENA,MEIGGS,2026-06-30T22:20:47.677911Z
46538-1950188004,46538,VIRGEN DE ESTRELLA S.A.C.,2026-02-21,195/0188004,CBR796,18.0,PIEDRA,2,40.66,40.66,586.72,,,YERBABUENA,MEIGGS,2026-06-30T22:20:47.677952Z
46538-1950188007,46538,VIRGEN DE ESTRELLA S.A.C.,2026-02-21,195/0188007,BFI758,37.0,PIEDRA,2,41.5,41.5,598.85,,,YERBABUENA,MEIGGS,2026-06-30T22:20:47.677996Z
46538-1950188010,46538,VIRGEN DE ESTRELLA S.A.C.,2026-02-21,195/0188010,F3F817,1.0,PIEDRA,2,40.67,40.67,586.87,,,YERBABUENA,MEIGGS,2026-06-30T22:20:47.678040Z
46538-1950188015,46538,VIRGEN DE ESTRELLA S.A.C.,2026-02-21,195/0188015,C9T788,20.0,PIEDRA,2,37.55,37.55,541.85,,,YERBABUENA,MEIGGS,2026-06-30T22:20:47.678080Z
46538-1950187991,46538,VIRGEN DE ESTRELLA S.A.C.,2026-02-21,195/0187991,AWH708,33.0,ARENA,14,35.9,36.26,523.23,,,YERBABUENA,MEIGGS,2026-06-30T22:20:47.680736Z
46538-1950188000,46538,VIRGEN DE ESTRELLA S.A.C.,2026-02-21,195/0188000,AFX735,25.0,ARENA,14,36.52,36.89,532.32,,,YERBABUENA,MEIGGS,2026-06-30T22:20:47.680782Z
46538-1950188006,46538,VIRGEN DE ESTRELLA S.A.C.,2026-02-21,195/0188006,D8D861,23.0,ARENA,14,38.87,39.26,566.52,,,YERBABUENA,MEIGGS,2026-06-30T22:20:47.680829Z
46563-1910569838,46563,VIRGEN DE ESTRELLA S.A.C.,2026-02-23,191 / 0569838,CBR846,12.0,ARENA,14,36.27,40.98,387.69,,,JICAMARCA,ANCIETA,2026-06-30T22:20:37.354978Z
46563-1910569883,46563,VIRGEN DE ESTRELLA S.A.C.,2026-02-23,191 / 0569883,CBR846,12.0,ARENA,14,35.77,39.7,451.79,,,JICAMARCA,COLLIQUE,2026-06-30T22:20:37.355431Z
46563-1910569809,46563,VIRGEN DE ESTRELLA S.A.C.,2026-02-23,191 / 0569809,CCL847,44.0,ARENA,14,32.11,36.29,581.66,,,JICAMARCA,SAN ANTONIO,2026-06-30T22:20:37.355671Z
46563-1910569820,46563,VIRGEN DE ESTRELLA S.A.C.,2026-02-23,191 / 0569820,C9W737,21.0,ARENA,14,31.72,35.84,574.52,,,JICAMARCA,SAN ANTONIO,2026-06-30T22:20:37.355711Z
46563-1910569822,46563,VIRGEN DE ESTRELLA S.A.C.,2026-02-23,191 / 0569822,BZR940,40.0,ARENA,14,34.2,38.64,619.42,,,JICAMARCA,SAN ANTONIO,2026-06-30T22:20:37.355749Z
46563-1910569831,46563,VIRGEN DE ESTRELLA S.A.C.,2026-02-23,191 / 0569831,CBA709,43.0,ARENA,14,32.63,36.87,591.1,,,JICAMARCA,SAN ANTONIO,2026-06-30T22:20:37.355782Z
46563-1910569884,46563,VIRGEN DE ESTRELLA S.A.C.,2026-02-23,191 / 0569884,CBA709,43.0,ARENA,14,32.18,36.36,582.9,,,JICAMARCA,SAN ANTONIO,2026-06-30T22:20:37.355815Z
46563-1910569889,46563,VIRGEN DE ESTRELLA S.A.C.,2026-02-23,191 / 0569889,CCL847,44.0,ARENA,14,31.89,36.04,577.68,,,JICAMARCA,SAN ANTONIO,2026-06-30T22:20:37.355851Z
46563-1910569891,46563,VIRGEN DE ESTRELLA S.A.C.,2026-02-23,191 / 0569891,BZR940,40.0,ARENA,14,33.13,37.43,600.04,,,JICAMARCA,SAN ANTONIO,2026-06-30T22:20:37.355886Z
46563-1910569832,46563,VIRGEN DE ESTRELLA S.A.C.,2026-02-23,191 / 0569832,CHS718,45.0,PIEDRA,2,32.78,32.78,525.38,,,JICAMARCA,SAN ANTONIO,2026-06-30T22:20:37.356248Z
46563-1910569815,46563,VIRGEN DE ESTRELLA S.A.C.,2026-02-23,191 / 0569815,BYP824,9.0,PIEDRA,2,39.15,39.15,627.62,,,JICAMARCA,SAN ANTONIO,2026-06-30T22:20:37.356371Z
46563-1910569874,46563,VIRGEN DE ESTRELLA S.A.C.,2026-02-23,191 / 0569874,BYP824,9.0,PIEDRA,2,38.92,38.92,623.9,,,JICAMARCA,SAN ANTONIO,2026-06-30T22:20:37.356401Z
46563-1950188043,46563,VIRGEN DE ESTRELLA S.A.C.,2026-02-23,195 / 0188043,ATN880,5.0,PIEDRA,2,42.32,42.32,594.6,,,YERBABUENA,MATERIALES,2026-06-30T22:20:37.356611Z
46563-1950188045,46563,VIRGEN DE ESTRELLA S.A.C.,2026-02-23,195 / 0188045,AWH708,33.0,PIEDRA,2,41.13,41.13,577.88,,,YERBABUENA,MATERIALES,2026-06-30T22:20:37.356646Z
46563-1950188046,46563,VIRGEN DE ESTRELLA S.A.C.,2026-02-23,195 / 0188046,CBR872,16.0,PIEDRA,2,40.41,40.41,567.76,,,YERBABUENA,MATERIALES,2026-06-30T22:20:37.356674Z
46563-1950188049,46563,VIRGEN DE ESTRELLA S.A.C.,2026-02-23,195/0188049,ABL875,26.0,PIEDRA,2,40.16,40.16,564.25,,,YERBABUENA,MATERIALES,2026-06-30T22:20:37.356716Z
46563-1950188056,46563,VIRGEN DE ESTRELLA S.A.C.,2026-02-23,195/0188056,AFX735,25.0,PIEDRA,2,35.09,35.09,493.01,,,YERBABUENA,MATERIALES,2026-06-30T22:20:37.356745Z
46563-1950188059,46563,VIRGEN DE ESTRELLA S.A.C.,2026-02-23,195/0188059,CBR854,14.0,PIEDRA,2,40.98,40.98,575.77,,,YERBABUENA,MATERIALES,2026-06-30T22:20:37.356777Z
46563-1950188060,46563,VIRGEN DE ESTRELLA S.A.C.,2026-02-23,195/0188060,CBR796,18.0,PIEDRA,2,42.11,42.11,591.65,,,YERBABUENA,MATERIALES,2026-06-30T22:20:37.356806Z
46563-1950188067,46563,VIRGEN DE ESTRELLA S.A.C.,2026-02-23,195/0188067,F3F817,1.0,PIEDRA,2,40.51,40.51,569.17,,,YERBABUENA,MATERIALES,2026-06-30T22:20:37.356834Z
46563-1950188068,46563,VIRGEN DE ESTRELLA S.A.C.,2026-02-23,195/0188068,C9T788,20.0,PIEDRA,2,37.89,37.89,532.35,,,YERBABUENA,MATERIALES,2026-06-30T22:20:37.356864Z
46563-0010014888,46563,VIRGEN DE ESTRELLA S.A.C.,2026-02-23,001/0014888,AKE789,31.0,ARENA,14,33.47,36.98,201.54,,,SAN LORENZO,MEIGGS,2026-06-30T22:20:37.359120Z
46563-0010014889,46563,VIRGEN DE ESTRELLA S.A.C.,2026-02-23,001/0014889,BFI758,37.0,ARENA,14,32.17,35.55,193.75,,,SAN LORENZO,MEIGGS,2026-06-30T22:20:37.359146Z
46563-0010014890,46563,VIRGEN DE ESTRELLA S.A.C.,2026-02-23,001/0014890,ABN852,27.0,ARENA,14,36.46,40.29,219.58,,,SAN LORENZO,MEIGGS,2026-06-30T22:20:37.359174Z
46563-0010014891,46563,VIRGEN DE ESTRELLA S.A.C.,2026-02-23,001/0014891,D8B795,22.0,ARENA,14,33.73,37.27,203.12,,,SAN LORENZO,MEIGGS,2026-06-30T22:20:37.359201Z
46563-0010014892,46563,VIRGEN DE ESTRELLA S.A.C.,2026-02-23,001/0014892,D8E728,24.0,ARENA,14,34.44,38.06,207.43,,,SAN LORENZO,MEIGGS,2026-06-30T22:20:37.359228Z
46563-0010014894,46563,VIRGEN DE ESTRELLA S.A.C.,2026-02-23,001/0014894,CAZ895,42.0,ARENA,14,35.8,39.56,215.6,,,SAN LORENZO,MEIGGS,2026-06-30T22:20:37.359256Z
46563-0010014895,46563,VIRGEN DE ESTRELLA S.A.C.,2026-02-23,001/0014895,AJA905,29.0,ARENA,14,34.04,37.61,204.97,,,SAN LORENZO,MEIGGS,2026-06-30T22:20:37.359281Z
46563-0010014896,46563,VIRGEN DE ESTRELLA S.A.C.,2026-02-23,001/0014896,BAE736,35.0,ARENA,14,35.46,39.18,213.53,,,SAN LORENZO,MEIGGS,2026-06-30T22:20:37.359306Z
46563-0010014897,46563,VIRGEN DE ESTRELLA S.A.C.,2026-02-23,001/0014897,AJC805,30.0,PIEDRA,2,36.09,36.81,200.61,,,SAN LORENZO,MEIGGS,2026-06-30T22:20:37.359973Z
46563-0010014898,46563,VIRGEN DE ESTRELLA S.A.C.,2026-02-23,001/0014898,D8D861,23.0,PIEDRA,2,34.76,35.46,193.26,,,SAN LORENZO,MEIGGS,2026-06-30T22:20:37.359996Z
46563-0010014903,46563,VIRGEN DE ESTRELLA S.A.C.,2026-02-23,001/0014903,AKE789,31.0,PIEDRA,2,36.25,36.98,201.54,,,SAN LORENZO,MEIGGS,2026-06-30T22:20:37.360019Z
46563-0010014904,46563,VIRGEN DE ESTRELLA S.A.C.,2026-02-23,001/0014904,CAZ895,42.0,PIEDRA,2,35.69,36.4,198.38,,,SAN LORENZO,MEIGGS,2026-06-30T22:20:37.360043Z
46563-0010014905,46563,VIRGEN DE ESTRELLA S.A.C.,2026-02-23,001/0014905,BAE736,35.0,PIEDRA,2,36.5,37.23,202.9,,,SAN LORENZO,MEIGGS,2026-06-30T22:20:37.360070Z
46563-0010014906,46563,VIRGEN DE ESTRELLA S.A.C.,2026-02-23,001/0014906,D8B795,22.0,PIEDRA,2,34.1,34.78,189.55,,,SAN LORENZO,MEIGGS,2026-06-30T22:20:37.360093Z
46664-1910570005,46664,VIRGEN DE ESTRELLA S.A.C.,2026-02-24,191/0570005,CHS718,45.0,ARENA,14,32.4,35.63,571.22,,,JICAMARCA,CONCHAN,2026-06-30T22:19:55.135593Z
46664-1910570022,46664,VIRGEN DE ESTRELLA S.A.C.,2026-02-24,191/0570022,BZR940,40.0,ARENA,14,33.89,37.28,597.56,,,JICAMARCA,CONCHAN,2026-06-30T22:19:55.135718Z
46664-1910570024,46664,VIRGEN DE ESTRELLA S.A.C.,2026-02-24,191/0570024,CAP946,41.0,ARENA,14,34.57,38.02,609.48,,,JICAMARCA,CONCHAN,2026-06-30T22:19:55.135790Z
46664-1910570039,46664,VIRGEN DE ESTRELLA S.A.C.,2026-02-24,191/0570039,CCL847,44.0,ARENA,14,30.49,33.54,537.68,,,JICAMARCA,CONCHAN,2026-06-30T22:19:55.135849Z
46563-1910570085,46563,VIRGEN DE ESTRELLA S.A.C.,2026-02-24,191 / 0570085,BZR940,40.0,PIEDRA,2,34.09,34.09,388.29,,,JICAMARCA,SAN JUAN,2026-06-30T22:20:37.354579Z
46563-1910570011,46563,VIRGEN DE ESTRELLA S.A.C.,2026-02-24,191 / 0570011,BYP824,9.0,ARENA,14,36.1,40.43,460.5,,,JICAMARCA,SAN JUAN,2026-06-30T22:20:37.354805Z
46563-1910570013,46563,VIRGEN DE ESTRELLA S.A.C.,2026-02-24,191 / 0570013,CBR846,12.0,ARENA,14,35.82,40.12,456.97,,,JICAMARCA,SAN JUAN,2026-06-30T22:20:37.354849Z
46563-1910569972,46563,VIRGEN DE ESTRELLA S.A.C.,2026-02-24,191 / 0569972,CBR846,12.0,ARENA,14,33.24,37.56,355.28,,,JICAMARCA,ANCIETA,2026-06-30T22:20:37.355014Z
46563-1910570090,46563,VIRGEN DE ESTRELLA S.A.C.,2026-02-24,191 / 0570090,CAP946,41.0,ARENA,14,33.51,37.87,358.22,,,JICAMARCA,ANCIETA,2026-06-30T22:20:37.355053Z
46563-1910569932,46563,VIRGEN DE ESTRELLA S.A.C.,2026-02-24,191 / 0569932,BYP824,9.0,PIEDRA,2,40.1,40.1,379.33,,,JICAMARCA,ANCIETA,2026-06-30T22:20:37.355167Z
46563-1910569978,46563,VIRGEN DE ESTRELLA S.A.C.,2026-02-24,191 / 0569978,BYP824,9.0,PIEDRA,2,39.97,39.97,378.16,,,JICAMARCA,ANCIETA,2026-06-30T22:20:37.355198Z
46563-1910570073,46563,VIRGEN DE ESTRELLA S.A.C.,2026-02-24,191 / 0570073,CBR846,12.0,PIEDRA,2,40.35,40.35,381.68,,,JICAMARCA,ANCIETA,2026-06-30T22:20:37.355234Z
46563-1910569935,46563,VIRGEN DE ESTRELLA S.A.C.,2026-02-24,191 / 0569935,CAP946,41.0,ARENA,14,33.58,37.94,608.24,,,JICAMARCA,SAN ANTONIO,2026-06-30T22:20:37.355919Z
46563-1910569943,46563,VIRGEN DE ESTRELLA S.A.C.,2026-02-24,191 / 0569943,CCL847,44.0,ARENA,14,29.93,33.82,542.15,,,JICAMARCA,SAN ANTONIO,2026-06-30T22:20:37.355956Z
46563-1910569974,46563,VIRGEN DE ESTRELLA S.A.C.,2026-02-24,191 / 0569974,BZR940,40.0,ARENA,14,32.43,36.64,587.37,,,JICAMARCA,SAN ANTONIO,2026-06-30T22:20:37.355989Z
46563-1910570016,46563,VIRGEN DE ESTRELLA S.A.C.,2026-02-24,191 / 0570016,CBA709,43.0,PIEDRA,2,33.92,33.92,543.66,,,JICAMARCA,SAN ANTONIO,2026-06-30T22:20:37.356281Z
46563-1910569937,46563,VIRGEN DE ESTRELLA S.A.C.,2026-02-24,191 / 0569937,CHS718,45.0,PIEDRA,2,34.67,34.67,555.82,,,JICAMARCA,SAN ANTONIO,2026-06-30T22:20:37.356431Z
46563-1910569976,46563,VIRGEN DE ESTRELLA S.A.C.,2026-02-24,191 / 0569976,CBA709,43.0,PIEDRA,2,35.95,35.95,576.19,,,JICAMARCA,SAN ANTONIO,2026-06-30T22:20:37.356460Z
46563-0010014924,46563,VIRGEN DE ESTRELLA S.A.C.,2026-02-24,001/0014924,AJA905,29.0,PIEDRA,2,35.83,36.55,199.2,,,SAN LORENZO,MEIGGS,2026-06-30T22:20:37.360117Z
46563-0010014926,46563,VIRGEN DE ESTRELLA S.A.C.,2026-02-24,001/0014926,BAE736,35.0,PIEDRA,2,36.93,37.67,205.3,,,SAN LORENZO,MEIGGS,2026-06-30T22:20:37.360140Z
46563-0010014928,46563,VIRGEN DE ESTRELLA S.A.C.,2026-02-24,001/0014928,BAE736,35.0,PIEDRA,2,37.83,38.59,210.32,,,SAN LORENZO,MEIGGS,2026-06-30T22:20:37.360164Z
46563-0010014919,46563,VIRGEN DE ESTRELLA S.A.C.,2026-02-24,001 / 0014919,BAE736,35.0,PIEDRA,2,38.75,38.75,211.19,,,SAN LORENZO,MEIGGS,2026-06-30T22:20:37.360576Z
46563-0010014920,46563,VIRGEN DE ESTRELLA S.A.C.,2026-02-24,001 / 0014920,AJA905,29.0,PIEDRA,2,37.95,37.95,206.83,,,SAN LORENZO,MEIGGS,2026-06-30T22:20:37.360600Z
46664-1910570181,46664,VIRGEN DE ESTRELLA S.A.C.,2026-02-25,191/0570181,CCL847,44.0,ARENA,14,34.0,37.4,599.55,,,JICAMARCA,CONCHAN,2026-06-30T22:19:55.135902Z
46664-1910570184,46664,VIRGEN DE ESTRELLA S.A.C.,2026-02-25,191/0570184,BYP824,9.0,ARENA,14,36.88,40.56,650.23,,,JICAMARCA,CONCHAN,2026-06-30T22:19:55.135972Z
46664-1910570187,46664,VIRGEN DE ESTRELLA S.A.C.,2026-02-25,191/0570187,CAP946,41.0,ARENA,14,36.14,39.76,637.31,,,JICAMARCA,CONCHAN,2026-06-30T22:19:55.136023Z
46664-1910570241,46664,VIRGEN DE ESTRELLA S.A.C.,2026-02-25,191/0570241,CBA709,43.0,ARENA,14,33.56,36.92,591.84,,,JICAMARCA,CONCHAN,2026-06-30T22:19:55.136069Z
46664-1910570248,46664,VIRGEN DE ESTRELLA S.A.C.,2026-02-25,191/0570248,BYP824,9.0,ARENA,14,37.37,41.11,658.93,,,JICAMARCA,CONCHAN,2026-06-30T22:19:55.136115Z
46664-1910570257,46664,VIRGEN DE ESTRELLA S.A.C.,2026-02-25,191/0570257,CCL847,44.0,ARENA,14,33.31,36.64,587.37,,,JICAMARCA,CONCHAN,2026-06-30T22:19:55.136167Z
46563-1910570168,46563,VIRGEN DE ESTRELLA S.A.C.,2026-02-25,191 / 0570168,CHS718,45.0,PIEDRA,2,34.0,34.0,387.26,,,JICAMARCA,SAN JUAN,2026-06-30T22:20:37.354679Z
46563-1910570173,46563,VIRGEN DE ESTRELLA S.A.C.,2026-02-25,191 / 0570173,CBA709,43.0,PIEDRA,2,33.82,33.82,385.21,,,JICAMARCA,SAN JUAN,2026-06-30T22:20:37.354748Z
46563-1910570122,46563,VIRGEN DE ESTRELLA S.A.C.,2026-02-25,191 / 0570122,BYP824,9.0,ARENA,14,37.36,42.22,399.42,,,JICAMARCA,ANCIETA,2026-06-30T22:20:37.355095Z
46563-1910570201,46563,VIRGEN DE ESTRELLA S.A.C.,2026-02-25,191 / 0570201,CBR846,12.0,ARENA,14,37.67,42.56,402.65,,,JICAMARCA,ANCIETA,2026-06-30T22:20:37.355133Z
46563-1910570121,46563,VIRGEN DE ESTRELLA S.A.C.,2026-02-25,191 / 0570121,CHS718,45.0,PIEDRA,2,34.57,34.57,326.98,,,JICAMARCA,ANCIETA,2026-06-30T22:20:37.355270Z
46563-1910570123,46563,VIRGEN DE ESTRELLA S.A.C.,2026-02-25,191 / 0570123,CAP946,41.0,PIEDRA,2,36.97,36.97,349.71,,,JICAMARCA,ANCIETA,2026-06-30T22:20:37.355301Z
46563-1910570126,46563,VIRGEN DE ESTRELLA S.A.C.,2026-02-25,191 / 0570126,CCL847,44.0,PIEDRA,2,36.36,36.36,343.99,,,JICAMARCA,ANCIETA,2026-06-30T22:20:37.355334Z
46563-1910570254,46563,VIRGEN DE ESTRELLA S.A.C.,2026-02-25,191 / 0570254,CBR846,12.0,ARENA,14,37.52,41.65,473.98,,,JICAMARCA,COLLIQUE,2026-06-30T22:20:37.355465Z
46563-1910570169,46563,VIRGEN DE ESTRELLA S.A.C.,2026-02-25,191 / 0570169,CBR846,12.0,ARENA,14,37.13,41.96,293.71,,,JICAMARCA,HUACHIPA,2026-06-30T22:20:37.355637Z
46563-1910570220,46563,VIRGEN DE ESTRELLA S.A.C.,2026-02-25,191 / 0570220,CHS718,45.0,PIEDRA,2,33.18,33.18,531.84,,,JICAMARCA,SAN ANTONIO,2026-06-30T22:20:37.356581Z
46563-1950188200,46563,VIRGEN DE ESTRELLA S.A.C.,2026-02-25,195/0188200,AFX735,25.0,PIEDRA,2,35.37,35.37,510.39,,,YERBABUENA,MEIGGS,2026-06-30T22:20:37.356896Z
46563-1950188201,46563,VIRGEN DE ESTRELLA S.A.C.,2026-02-25,195/0188201,CBR854,14.0,PIEDRA,2,42.75,42.75,616.88,,,YERBABUENA,MEIGGS,2026-06-30T22:20:37.356924Z
46563-1950188202,46563,VIRGEN DE ESTRELLA S.A.C.,2026-02-25,195/0188202,CBR796,18.0,PIEDRA,2,42.85,42.85,618.33,,,YERBABUENA,MEIGGS,2026-06-30T22:20:37.356952Z
46563-1950188205,46563,VIRGEN DE ESTRELLA S.A.C.,2026-02-25,195/0188205,BFI758,37.0,PIEDRA,2,36.45,36.45,525.97,,,YERBABUENA,MEIGGS,2026-06-30T22:20:37.356982Z
46563-1950188214,46563,VIRGEN DE ESTRELLA S.A.C.,2026-02-25,195/0188214,C9T788,20.0,PIEDRA,2,36.42,36.42,525.54,,,YERBABUENA,MEIGGS,2026-06-30T22:20:37.357017Z
46563-1950188219,46563,VIRGEN DE ESTRELLA S.A.C.,2026-02-25,195/0188219,CBR872,16.0,PIEDRA,2,40.27,40.27,581.1,,,YERBABUENA,MEIGGS,2026-06-30T22:20:37.357045Z
46563-1950188181,46563,VIRGEN DE ESTRELLA S.A.C.,2026-02-25,195/0188181,ATN880,5.0,ARENA,14,41.5,41.91,604.76,,,YERBABUENA,MEIGGS,2026-06-30T22:20:37.357357Z
46563-1950188182,46563,VIRGEN DE ESTRELLA S.A.C.,2026-02-25,195/0188182,CAZ895,42.0,ARENA,14,37.65,38.03,548.77,,,YERBABUENA,MEIGGS,2026-06-30T22:20:37.357387Z
46563-1950188183,46563,VIRGEN DE ESTRELLA S.A.C.,2026-02-25,195/0188183,AWH708,33.0,ARENA,14,37.3,37.67,543.58,,,YERBABUENA,MEIGGS,2026-06-30T22:20:37.357416Z
46563-1950188184,46563,VIRGEN DE ESTRELLA S.A.C.,2026-02-25,195/0188184,CBR872,16.0,ARENA,14,40.01,40.41,583.12,,,YERBABUENA,MEIGGS,2026-06-30T22:20:37.357444Z
46563-1950188197,46563,VIRGEN DE ESTRELLA S.A.C.,2026-02-25,195/0188197,ABL875,26.0,ARENA,14,37.93,38.31,552.81,,,YERBABUENA,MEIGGS,2026-06-30T22:20:37.357475Z
46563-1950188204,46563,VIRGEN DE ESTRELLA S.A.C.,2026-02-25,195/0188204,D8D861,23.0,ARENA,14,37.71,38.09,549.64,,,YERBABUENA,MEIGGS,2026-06-30T22:20:37.357503Z
46563-1950188213,46563,VIRGEN DE ESTRELLA S.A.C.,2026-02-25,195/0188213,F3F817,1.0,ARENA,14,41.47,41.88,604.33,,,YERBABUENA,MEIGGS,2026-06-30T22:20:37.357532Z
46563-1950188221,46563,VIRGEN DE ESTRELLA S.A.C.,2026-02-25,195/0188221,AWH708,33.0,ARENA,14,36.47,36.83,531.46,,,YERBABUENA,MEIGGS,2026-06-30T22:20:37.357617Z
46563-1950188222,46563,VIRGEN DE ESTRELLA S.A.C.,2026-02-25,195/0188222,BFI758,37.0,ARENA,14,36.33,36.69,529.44,,,YERBABUENA,MEIGGS,2026-06-30T22:20:37.357646Z
46563-0010014936,46563,VIRGEN DE ESTRELLA S.A.C.,2026-02-25,001/0014936,AJC805,30.0,ARENA,14,35.02,38.7,210.92,,,SAN LORENZO,MEIGGS,2026-06-30T22:20:37.359331Z
46563-0010014940,46563,VIRGEN DE ESTRELLA S.A.C.,2026-02-25,001/0014940,D8B795,22.0,ARENA,14,33.29,36.78,200.45,,,SAN LORENZO,MEIGGS,2026-06-30T22:20:37.359357Z
46563-0010014941,46563,VIRGEN DE ESTRELLA S.A.C.,2026-02-25,001/0014941,BAE736,35.0,ARENA,14,35.84,39.6,215.82,,,SAN LORENZO,MEIGGS,2026-06-30T22:20:37.359386Z
46563-0010014942,46563,VIRGEN DE ESTRELLA S.A.C.,2026-02-25,001/0014942,AKE789,31.0,ARENA,14,35.6,39.34,214.4,,,SAN LORENZO,MEIGGS,2026-06-30T22:20:37.359412Z
46563-0010014945,46563,VIRGEN DE ESTRELLA S.A.C.,2026-02-25,001/0014945,ABN852,27.0,ARENA,14,35.61,39.35,214.46,,,SAN LORENZO,MEIGGS,2026-06-30T22:20:37.359439Z
46563-0010014946,46563,VIRGEN DE ESTRELLA S.A.C.,2026-02-25,001/0014946,D8E728,24.0,ARENA,14,33.4,36.91,201.16,,,SAN LORENZO,MEIGGS,2026-06-30T22:20:37.359465Z
46563-0010014948,46563,VIRGEN DE ESTRELLA S.A.C.,2026-02-25,001/0014948,AJC805,30.0,ARENA,14,36.34,40.16,218.87,,,SAN LORENZO,MEIGGS,2026-06-30T22:20:37.359491Z
46563-0010014929,46563,VIRGEN DE ESTRELLA S.A.C.,2026-02-25,001/0014929,BAE736,35.0,PIEDRA,2,37.67,38.42,209.39,,,SAN LORENZO,MEIGGS,2026-06-30T22:20:37.360186Z
46563-0010014930,46563,VIRGEN DE ESTRELLA S.A.C.,2026-02-25,001/0014930,ABN852,27.0,PIEDRA,2,36.53,37.26,203.07,,,SAN LORENZO,MEIGGS,2026-06-30T22:20:37.360211Z
46563-0010014931,46563,VIRGEN DE ESTRELLA S.A.C.,2026-02-25,001/0014931,D8E728,24.0,PIEDRA,2,36.15,36.87,200.94,,,SAN LORENZO,MEIGGS,2026-06-30T22:20:37.360233Z
46563-0010014932,46563,VIRGEN DE ESTRELLA S.A.C.,2026-02-25,001 / 0014932,D8B795,22.0,PIEDRA,2,34.82,35.52,193.58,,,SAN LORENZO,MEIGGS,2026-06-30T22:20:37.360256Z
46563-0010014935,46563,VIRGEN DE ESTRELLA S.A.C.,2026-02-25,001 / 0014935,AKE789,31.0,PIEDRA,2,35.22,35.92,195.76,,,SAN LORENZO,MEIGGS,2026-06-30T22:20:37.360279Z
46563-0010014938,46563,VIRGEN DE ESTRELLA S.A.C.,2026-02-25,001 / 0014938,ABN852,27.0,PIEDRA,2,37.71,38.46,209.61,,,SAN LORENZO,MEIGGS,2026-06-30T22:20:37.360301Z
46563-0010014939,46563,VIRGEN DE ESTRELLA S.A.C.,2026-02-25,001 / 0014939,D8E728,24.0,PIEDRA,2,37.18,37.92,206.66,,,SAN LORENZO,MEIGGS,2026-06-30T22:20:37.360323Z
46664-1910570362,46664,VIRGEN DE ESTRELLA S.A.C.,2026-02-26,191/0570362,CBA709,43.0,ARENA,14,32.96,36.25,581.16,,,JICAMARCA,CONCHAN,2026-06-30T22:19:55.136211Z
46664-1910570369,46664,VIRGEN DE ESTRELLA S.A.C.,2026-02-26,191/0570369,CHS718,45.0,ARENA,14,32.89,36.18,579.92,,,JICAMARCA,CONCHAN,2026-06-30T22:19:55.136258Z
46664-1910570379,46664,VIRGEN DE ESTRELLA S.A.C.,2026-02-26,191/0570379,CCL847,44.0,ARENA,14,29.69,32.66,523.52,,,JICAMARCA,CONCHAN,2026-06-30T22:19:55.136303Z
46664-0010014957,46664,VIRGEN DE ESTRELLA S.A.C.,2026-02-26,001/0014957,D8B795,22.0,ARENA,14,32.02,36.18,226.49,,,SAN LORENZO,MATERIALES,2026-06-30T22:19:55.136562Z
46563-1910570346,46563,VIRGEN DE ESTRELLA S.A.C.,2026-02-26,191 / 0570346,CBR846,12.0,ARENA,14,35.57,39.84,453.78,,,JICAMARCA,SAN JUAN,2026-06-30T22:20:37.354899Z
46563-1910570370,46563,VIRGEN DE ESTRELLA S.A.C.,2026-02-26,191 / 0570370,BYP824,9.0,ARENA,14,34.43,38.56,439.2,,,JICAMARCA,SAN JUAN,2026-06-30T22:20:37.354940Z
46563-1910570296,46563,VIRGEN DE ESTRELLA S.A.C.,2026-02-26,191 / 0570296,CHS718,45.0,PIEDRA,2,35.82,35.82,338.86,,,JICAMARCA,ANCIETA,2026-06-30T22:20:37.355366Z
46563-1910570292,46563,VIRGEN DE ESTRELLA S.A.C.,2026-02-26,191 / 0570292,BYP824,9.0,ARENA,14,37.74,41.89,476.71,,,JICAMARCA,COLLIQUE,2026-06-30T22:20:37.355498Z
46563-1910570408,46563,VIRGEN DE ESTRELLA S.A.C.,2026-02-26,191 / 0570408,CBR846,12.0,ARENA,14,37.32,41.42,471.36,,,JICAMARCA,COLLIQUE,2026-06-30T22:20:37.355532Z
46563-1910570290,46563,VIRGEN DE ESTRELLA S.A.C.,2026-02-26,191 / 0570290,CCL847,44.0,PIEDRA,2,34.14,34.14,547.26,,,JICAMARCA,SAN ANTONIO,2026-06-30T22:20:37.356311Z
46563-1910570326,46563,VIRGEN DE ESTRELLA S.A.C.,2026-02-26,191 / 0570326,CBA709,43.0,PIEDRA,2,37.87,37.87,607.0,,,JICAMARCA,SAN ANTONIO,2026-06-30T22:20:37.356489Z
46563-1910570330,46563,VIRGEN DE ESTRELLA S.A.C.,2026-02-26,191 / 0570330,CHS718,45.0,PIEDRA,2,35.29,35.29,565.75,,,JICAMARCA,SAN ANTONIO,2026-06-30T22:20:37.356519Z
46563-1950188269,46563,VIRGEN DE ESTRELLA S.A.C.,2026-02-26,195/0188269,AFX735,25.0,PIEDRA,2,34.83,34.83,502.6,,,YERBABUENA,MEIGGS,2026-06-30T22:20:37.357073Z
46563-1950188271,46563,VIRGEN DE ESTRELLA S.A.C.,2026-02-26,195/0188271,CBR854,14.0,PIEDRA,2,40.33,40.33,581.96,,,YERBABUENA,MEIGGS,2026-06-30T22:20:37.357100Z
46563-1950188272,46563,VIRGEN DE ESTRELLA S.A.C.,2026-02-26,195/0188272,D8D861,23.0,PIEDRA,2,36.0,36.0,519.48,,,YERBABUENA,MEIGGS,2026-06-30T22:20:37.357129Z
46563-1950188274,46563,VIRGEN DE ESTRELLA S.A.C.,2026-02-26,195/0188274,F3F817,1.0,PIEDRA,2,42.32,42.32,610.68,,,YERBABUENA,MEIGGS,2026-06-30T22:20:37.357154Z
46563-1950188275,46563,VIRGEN DE ESTRELLA S.A.C.,2026-02-26,195/0188275,C9T788,20.0,PIEDRA,2,34.64,34.64,499.86,,,YERBABUENA,MEIGGS,2026-06-30T22:20:37.357187Z
46563-1950188276,46563,VIRGEN DE ESTRELLA S.A.C.,2026-02-26,195/0188276,ATN880,5.0,PIEDRA,2,43.16,43.16,622.8,,,YERBABUENA,MEIGGS,2026-06-30T22:20:37.357213Z
46563-1950188218,46563,VIRGEN DE ESTRELLA S.A.C.,2026-02-26,195/0188218,CAZ895,42.0,ARENA,14,35.73,35.73,515.58,,,YERBABUENA,MEIGGS,2026-06-30T22:20:37.357561Z
46563-1950188220,46563,VIRGEN DE ESTRELLA S.A.C.,2026-02-26,195/0188220,ATN880,5.0,ARENA,14,41.08,41.49,598.7,,,YERBABUENA,MEIGGS,2026-06-30T22:20:37.357589Z
46563-1950188224,46563,VIRGEN DE ESTRELLA S.A.C.,2026-02-26,195/0188224,CBR854,14.0,ARENA,14,43.16,43.59,629.0,,,YERBABUENA,MEIGGS,2026-06-30T22:20:37.357675Z
46563-1950188228,46563,VIRGEN DE ESTRELLA S.A.C.,2026-02-26,195/0188228,AFX735,25.0,ARENA,14,36.62,36.99,533.77,,,YERBABUENA,MEIGGS,2026-06-30T22:20:37.357714Z
46563-1950188230,46563,VIRGEN DE ESTRELLA S.A.C.,2026-02-26,195/0188230,CBR796,18.0,ARENA,14,44.98,45.43,655.55,,,YERBABUENA,MEIGGS,2026-06-30T22:20:37.357746Z
46563-1950188234,46563,VIRGEN DE ESTRELLA S.A.C.,2026-02-26,195/0188234,CAZ895,42.0,ARENA,14,37.89,38.27,552.24,,,YERBABUENA,MEIGGS,2026-06-30T22:20:37.357777Z
46563-1950188235,46563,VIRGEN DE ESTRELLA S.A.C.,2026-02-26,195/0188235,CBR872,16.0,ARENA,14,42.07,42.49,613.13,,,YERBABUENA,MEIGGS,2026-06-30T22:20:37.357806Z
46563-1950188236,46563,VIRGEN DE ESTRELLA S.A.C.,2026-02-26,195/0188236,CBR796,18.0,ARENA,14,44.23,44.67,644.59,,,YERBABUENA,MEIGGS,2026-06-30T22:20:37.357835Z
46563-1950188251,46563,VIRGEN DE ESTRELLA S.A.C.,2026-02-26,195/0188251,AWH708,33.0,ARENA,14,38.23,38.61,557.14,,,YERBABUENA,MEIGGS,2026-06-30T22:20:37.357863Z
46563-1950188273,46563,VIRGEN DE ESTRELLA S.A.C.,2026-02-26,195/0188273,BFI758,37.0,ARENA,14,38.0,38.38,553.82,,,YERBABUENA,MEIGGS,2026-06-30T22:20:37.357891Z
46563-1950188287,46563,VIRGEN DE ESTRELLA S.A.C.,2026-02-26,195/0188287,AWH708,33.0,ARENA,14,37.32,37.69,543.87,,,YERBABUENA,MEIGGS,2026-06-30T22:20:37.357921Z
46563-1950188288,46563,VIRGEN DE ESTRELLA S.A.C.,2026-02-26,195/0188288,CAZ895,42.0,ARENA,14,38.42,38.8,559.88,,,YERBABUENA,MEIGGS,2026-06-30T22:20:37.357949Z
46563-1950188289,46563,VIRGEN DE ESTRELLA S.A.C.,2026-02-26,195/0188289,CBR872,16.0,ARENA,14,42.29,42.71,616.31,,,YERBABUENA,MEIGGS,2026-06-30T22:20:37.357977Z
46563-1950188290,46563,VIRGEN DE ESTRELLA S.A.C.,2026-02-26,195/0188290,AFX735,25.0,ARENA,14,35.98,36.34,524.39,,,YERBABUENA,MEIGGS,2026-06-30T22:20:37.358005Z
46563-1950188293,46563,VIRGEN DE ESTRELLA S.A.C.,2026-02-26,195/0188293,CBR854,14.0,ARENA,14,42.94,43.37,625.83,,,YERBABUENA,MEIGGS,2026-06-30T22:20:37.358033Z
46563-0010014954,46563,VIRGEN DE ESTRELLA S.A.C.,2026-02-26,001/0014954,AKE789,31.0,ARENA,14,34.45,38.93,243.7,,,SAN LORENZO,MATERIALES,2026-06-30T22:20:37.358588Z
46563-0010014956,46563,VIRGEN DE ESTRELLA S.A.C.,2026-02-26,001/0014956,AJA905,29.0,ARENA,14,33.27,37.6,235.38,,,SAN LORENZO,MATERIALES,2026-06-30T22:20:37.358619Z
46563-0010014958,46563,VIRGEN DE ESTRELLA S.A.C.,2026-02-26,001/0014958,BAE736,35.0,ARENA,14,34.91,39.45,246.96,,,SAN LORENZO,MATERIALES,2026-06-30T22:20:37.358647Z
46563-0010014959,46563,VIRGEN DE ESTRELLA S.A.C.,2026-02-26,001/0014959,D8E728,24.0,ARENA,14,33.39,37.73,236.19,,,SAN LORENZO,MATERIALES,2026-06-30T22:20:37.358673Z
46563-0010014960,46563,VIRGEN DE ESTRELLA S.A.C.,2026-02-26,001/0014960,AJC805,30.0,ARENA,14,35.19,39.76,248.9,,,SAN LORENZO,MATERIALES,2026-06-30T22:20:37.358708Z
46563-0010014964,46563,VIRGEN DE ESTRELLA S.A.C.,2026-02-26,001/0014964,AJA905,29.0,ARENA,14,33.65,38.02,238.01,,,SAN LORENZO,MATERIALES,2026-06-30T22:20:37.358735Z
46563-0010014966,46563,VIRGEN DE ESTRELLA S.A.C.,2026-02-26,001/0014966,D8B795,22.0,ARENA,14,33.27,37.59,235.31,,,SAN LORENZO,MATERIALES,2026-06-30T22:20:37.358762Z
46563-0010014967,46563,VIRGEN DE ESTRELLA S.A.C.,2026-02-26,001/0014967,D8E728,24.0,ARENA,14,34.42,38.89,243.45,,,SAN LORENZO,MATERIALES,2026-06-30T22:20:37.358788Z
46563-0010014968,46563,VIRGEN DE ESTRELLA S.A.C.,2026-02-26,001/0014968,AKE789,31.0,ARENA,14,34.58,39.07,244.58,,,SAN LORENZO,MATERIALES,2026-06-30T22:20:37.358814Z
46563-0010014981,46563,VIRGEN DE ESTRELLA S.A.C.,2026-02-26,001/0014981,D8B795,22.0,ARENA,14,33.34,37.67,235.81,,,SAN LORENZO,MATERIALES,2026-06-30T22:20:37.358845Z
46563-0010014982,46563,VIRGEN DE ESTRELLA S.A.C.,2026-02-26,001/0014982,AKE789,31.0,ARENA,14,35.09,39.65,248.21,,,SAN LORENZO,MATERIALES,2026-06-30T22:20:37.358870Z
46563-0010014970,46563,VIRGEN DE ESTRELLA S.A.C.,2026-02-26,001 / 0014970,AJC805,30.0,PIEDRA,2,38.3,39.07,212.93,,,SAN LORENZO,MEIGGS,2026-06-30T22:20:37.360346Z
46563-0010014972,46563,VIRGEN DE ESTRELLA S.A.C.,2026-02-26,001 / 0014972,AJC805,30.0,PIEDRA,2,38.3,39.07,212.93,,,SAN LORENZO,MEIGGS,2026-06-30T22:20:37.360368Z
46563-0010014974,46563,VIRGEN DE ESTRELLA S.A.C.,2026-02-26,001 / 0014974,AJC805,30.0,PIEDRA,2,37.45,38.2,208.19,,,SAN LORENZO,MEIGGS,2026-06-30T22:20:37.360394Z
46563-0010014979,46563,VIRGEN DE ESTRELLA S.A.C.,2026-02-26,001 / 0014979,D8E728,24.0,PIEDRA,2,34.56,35.25,192.11,,,SAN LORENZO,MEIGGS,2026-06-30T22:20:37.360416Z
46563-1910570440,46563,VIRGEN DE ESTRELLA S.A.C.,2026-02-27,191 / 0570440,BYP824,9.0,ARENA,14,38.0,42.94,488.66,,,JICAMARCA,COLLIQUE,2026-06-30T22:20:37.355566Z
46563-1910570450,46563,VIRGEN DE ESTRELLA S.A.C.,2026-02-27,191 / 0570450,CCL847,44.0,ARENA,14,31.59,35.7,572.21,,,JICAMARCA,SAN ANTONIO,2026-06-30T22:20:37.356022Z
46563-1910570484,46563,VIRGEN DE ESTRELLA S.A.C.,2026-02-27,191 / 0570484,CBA709,43.0,ARENA,14,32.41,36.63,587.12,,,JICAMARCA,SAN ANTONIO,2026-06-30T22:20:37.356055Z
46563-1910570501,46563,VIRGEN DE ESTRELLA S.A.C.,2026-02-27,191 / 0570501,CCL847,44.0,ARENA,14,31.58,35.68,571.97,,,JICAMARCA,SAN ANTONIO,2026-06-30T22:20:37.356090Z
46563-1910570507,46563,VIRGEN DE ESTRELLA S.A.C.,2026-02-27,191 / 0570507,CHS718,45.0,ARENA,14,32.23,36.43,583.89,,,JICAMARCA,SAN ANTONIO,2026-06-30T22:20:37.356120Z
46563-1910570514,46563,VIRGEN DE ESTRELLA S.A.C.,2026-02-27,191 / 0570514,CBA709,43.0,ARENA,14,33.04,37.34,598.55,,,JICAMARCA,SAN ANTONIO,2026-06-30T22:20:37.356151Z
46563-1910570554,46563,VIRGEN DE ESTRELLA S.A.C.,2026-02-27,191 / 0570554,CHS718,45.0,ARENA,14,30.81,34.81,558.05,,,JICAMARCA,SAN ANTONIO,2026-06-30T22:20:37.356182Z
46563-1910570556,46563,VIRGEN DE ESTRELLA S.A.C.,2026-02-27,191 / 0570556,CCL847,44.0,ARENA,14,30.55,34.52,553.33,,,JICAMARCA,SAN ANTONIO,2026-06-30T22:20:37.356213Z
46563-1910570463,46563,VIRGEN DE ESTRELLA S.A.C.,2026-02-27,191 / 0570463,CHS718,45.0,PIEDRA,2,33.53,33.53,537.41,,,JICAMARCA,SAN ANTONIO,2026-06-30T22:20:37.356341Z
46563-1910570525,46563,VIRGEN DE ESTRELLA S.A.C.,2026-02-27,191 / 0570525,BYP824,9.0,PIEDRA,2,39.9,39.9,639.55,,,JICAMARCA,SAN ANTONIO,2026-06-30T22:20:37.356547Z
46563-1950188325,46563,VIRGEN DE ESTRELLA S.A.C.,2026-02-27,195/0188325,CBR872,16.0,PIEDRA,2,38.85,38.85,560.61,,,YERBABUENA,MEIGGS,2026-06-30T22:20:37.357240Z
46563-1950188345,46563,VIRGEN DE ESTRELLA S.A.C.,2026-02-27,195/0188345,CBR796,18.0,PIEDRA,2,41.43,41.43,597.83,,,YERBABUENA,MEIGGS,2026-06-30T22:20:37.357267Z
46563-1950188361,46563,VIRGEN DE ESTRELLA S.A.C.,2026-02-27,195/0188361,CBR846,12.0,PIEDRA,2,37.91,37.91,547.04,,,YERBABUENA,MEIGGS,2026-06-30T22:20:37.357295Z
46563-1950188323,46563,VIRGEN DE ESTRELLA S.A.C.,2026-02-27,195/0188323,CAZ895,42.0,ARENA,14,38.56,38.95,562.05,,,YERBABUENA,MEIGGS,2026-06-30T22:20:37.358065Z
46563-1950188324,46563,VIRGEN DE ESTRELLA S.A.C.,2026-02-27,195/0188324,AWH708,33.0,ARENA,14,38.67,39.06,563.64,,,YERBABUENA,MEIGGS,2026-06-30T22:20:37.358096Z
46563-1950188342,46563,VIRGEN DE ESTRELLA S.A.C.,2026-02-27,195/0188342,AFX735,25.0,ARENA,14,37.84,38.22,551.51,,,YERBABUENA,MEIGGS,2026-06-30T22:20:37.358125Z
46563-1950188344,46563,VIRGEN DE ESTRELLA S.A.C.,2026-02-27,195/0188344,CBR854,14.0,ARENA,14,42.78,43.21,623.52,,,YERBABUENA,MEIGGS,2026-06-30T22:20:37.358152Z
46563-1950188351,46563,VIRGEN DE ESTRELLA S.A.C.,2026-02-27,195/0188351,D8D861,23.0,ARENA,14,37.35,37.72,544.3,,,YERBABUENA,MEIGGS,2026-06-30T22:20:37.358179Z
46563-1950188352,46563,VIRGEN DE ESTRELLA S.A.C.,2026-02-27,195/0188352,BFI758,37.0,ARENA,14,38.5,38.88,561.04,,,YERBABUENA,MEIGGS,2026-06-30T22:20:37.358206Z
46563-1950188353,46563,VIRGEN DE ESTRELLA S.A.C.,2026-02-27,195/0188353,C9T788,20.0,ARENA,14,39.09,39.48,569.7,,,YERBABUENA,MEIGGS,2026-06-30T22:20:37.358232Z
46563-1950188354,46563,VIRGEN DE ESTRELLA S.A.C.,2026-02-27,195/0188354,F3F817,1.0,ARENA,14,44.27,44.71,645.17,,,YERBABUENA,MEIGGS,2026-06-30T22:20:37.358260Z
46563-1950188362,46563,VIRGEN DE ESTRELLA S.A.C.,2026-02-27,195/0188362,ATN880,5.0,ARENA,14,45.34,45.79,660.75,,,YERBABUENA,MEIGGS,2026-06-30T22:20:37.358287Z
46563-0010014995,46563,VIRGEN DE ESTRELLA S.A.C.,2026-02-27,001/0014995,D8B795,22.0,ARENA,14,33.22,37.54,235.0,,,SAN LORENZO,MATERIALES,2026-06-30T22:20:37.358900Z
46563-0010014996,46563,VIRGEN DE ESTRELLA S.A.C.,2026-02-27,001/0014996,BAE736,35.0,ARENA,14,34.16,38.6,241.64,,,SAN LORENZO,MATERIALES,2026-06-30T22:20:37.358927Z
46563-0010014998,46563,VIRGEN DE ESTRELLA S.A.C.,2026-02-27,001/0014998,D8E728,24.0,ARENA,14,33.73,38.12,238.63,,,SAN LORENZO,MATERIALES,2026-06-30T22:20:37.358954Z
46563-0010014999,46563,VIRGEN DE ESTRELLA S.A.C.,2026-02-27,001/0014999,BZR781,39.0,ARENA,14,34.81,39.33,246.21,,,SAN LORENZO,MATERIALES,2026-06-30T22:20:37.358979Z
46563-0010014983,46563,VIRGEN DE ESTRELLA S.A.C.,2026-02-27,001/0014983,D8E728,24.0,ARENA,14,32.21,35.59,193.97,,,SAN LORENZO,MEIGGS,2026-06-30T22:20:37.359519Z
46563-0010014984,46563,VIRGEN DE ESTRELLA S.A.C.,2026-02-27,001/0014984,BAE736,35.0,ARENA,14,34.59,38.22,208.3,,,SAN LORENZO,MEIGGS,2026-06-30T22:20:37.359546Z
46563-0010014985,46563,VIRGEN DE ESTRELLA S.A.C.,2026-02-27,001/0014985,D8B795,22.0,ARENA,14,31.79,35.13,191.46,,,SAN LORENZO,MEIGGS,2026-06-30T22:20:37.359576Z
46563-0010014988,46563,VIRGEN DE ESTRELLA S.A.C.,2026-02-27,001/0014988,BZR752,38.0,ARENA,14,34.72,38.37,209.12,,,SAN LORENZO,MEIGGS,2026-06-30T22:20:37.359605Z
46563-0010014989,46563,VIRGEN DE ESTRELLA S.A.C.,2026-02-27,001/0014989,AHJ786,28.0,ARENA,14,33.11,36.59,199.42,,,SAN LORENZO,MEIGGS,2026-06-30T22:20:37.359631Z
46563-0010014990,46563,VIRGEN DE ESTRELLA S.A.C.,2026-02-27,001/0014990,AKE789,31.0,ARENA,14,34.97,38.64,210.59,,,SAN LORENZO,MEIGGS,2026-06-30T22:20:37.359657Z
46563-0010014991,46563,VIRGEN DE ESTRELLA S.A.C.,2026-02-27,001/0014991,ABN852,27.0,ARENA,14,35.77,39.53,215.44,,,SAN LORENZO,MEIGGS,2026-06-30T22:20:37.359684Z
46563-0010014992,46563,VIRGEN DE ESTRELLA S.A.C.,2026-02-27,001/0014992,AJC805,30.0,ARENA,14,34.64,38.28,208.63,,,SAN LORENZO,MEIGGS,2026-06-30T22:20:37.359718Z
46563-0010014994,46563,VIRGEN DE ESTRELLA S.A.C.,2026-02-27,001/0014994,AJA905,29.0,ARENA,14,34.69,38.33,208.9,,,SAN LORENZO,MEIGGS,2026-06-30T22:20:37.359744Z
46563-0010015002,46563,VIRGEN DE ESTRELLA S.A.C.,2026-02-27,001/0015002,AHJ786,28.0,ARENA,14,35.8,39.56,215.6,,,SAN LORENZO,MEIGGS,2026-06-30T22:20:37.359769Z
46563-0010015004,46563,VIRGEN DE ESTRELLA S.A.C.,2026-02-27,001/0015004,AKE789,31.0,ARENA,14,34.88,38.54,210.04,,,SAN LORENZO,MEIGGS,2026-06-30T22:20:37.359797Z
46563-0010015006,46563,VIRGEN DE ESTRELLA S.A.C.,2026-02-27,001/0015006,AJC805,30.0,ARENA,14,36.82,40.69,221.76,,,SAN LORENZO,MEIGGS,2026-06-30T22:20:37.359822Z
46563-0010015016,46563,VIRGEN DE ESTRELLA S.A.C.,2026-02-27,001/0015016,AJC805,30.0,ARENA,14,36.75,40.61,221.32,,,SAN LORENZO,MEIGGS,2026-06-30T22:20:37.359846Z
46563-0010015017,46563,VIRGEN DE ESTRELLA S.A.C.,2026-02-27,001/0015017,BAE736,35.0,ARENA,14,35.76,39.51,215.33,,,SAN LORENZO,MEIGGS,2026-06-30T22:20:37.359871Z
46563-0010015020,46563,VIRGEN DE ESTRELLA S.A.C.,2026-02-27,001/0015020,BZR752,38.0,ARENA,14,38.14,42.15,229.72,,,SAN LORENZO,MEIGGS,2026-06-30T22:20:37.359896Z
46563-0010015025,46563,VIRGEN DE ESTRELLA S.A.C.,2026-02-27,001/0015025,AJA905,29.0,ARENA,14,35.44,39.16,213.42,,,SAN LORENZO,MEIGGS,2026-06-30T22:20:37.359921Z
46563-0010015027,46563,VIRGEN DE ESTRELLA S.A.C.,2026-02-27,001/0015027,AKE789,31.0,ARENA,14,36.0,39.78,216.8,,,SAN LORENZO,MEIGGS,2026-06-30T22:20:37.359946Z
46563-0010015003,46563,VIRGEN DE ESTRELLA S.A.C.,2026-02-27,001 / 0015003,AJA905,29.0,PIEDRA,2,36.75,37.48,204.27,,,SAN LORENZO,MEIGGS,2026-06-30T22:20:37.360442Z
46563-0010015007,46563,VIRGEN DE ESTRELLA S.A.C.,2026-02-27,001 / 0015007,ABN852,27.0,PIEDRA,2,38.81,39.59,215.77,,,SAN LORENZO,MEIGGS,2026-06-30T22:20:37.360465Z
46563-0010015010,46563,VIRGEN DE ESTRELLA S.A.C.,2026-02-27,001 / 0015010,D8B795,22.0,PIEDRA,2,34.43,35.12,191.4,,,SAN LORENZO,MEIGGS,2026-06-30T22:20:37.360487Z
46563-0010015012,46563,VIRGEN DE ESTRELLA S.A.C.,2026-02-27,001 / 0015012,D8E728,24.0,PIEDRA,2,35.19,35.89,195.6,,,SAN LORENZO,MEIGGS,2026-06-30T22:20:37.360509Z
46563-0010015014,46563,VIRGEN DE ESTRELLA S.A.C.,2026-02-27,001 / 0015014,AHJ786,28.0,PIEDRA,2,36.04,36.76,200.34,,,SAN LORENZO,MEIGGS,2026-06-30T22:20:37.360532Z
46563-0010015026,46563,VIRGEN DE ESTRELLA S.A.C.,2026-02-27,001 / 0015026,ABN852,27.0,PIEDRA,2,36.31,37.04,201.87,,,SAN LORENZO,MEIGGS,2026-06-30T22:20:37.360554Z
46563-0010015011,46563,VIRGEN DE ESTRELLA S.A.C.,2026-02-27,001 / 0015011,BAE736,35.0,PIEDRA,2,37.48,37.48,204.27,,,SAN LORENZO,MEIGGS,2026-06-30T22:20:37.360621Z
46664-1910570672,46664,VIRGEN DE ESTRELLA S.A.C.,2026-02-28,191/0570672,CCL847,44.0,ARENA,14,33.42,36.77,490.09,,,JICAMARCA,VILLA 1,2026-06-30T22:19:55.136345Z
46664-1910570676,46664,VIRGEN DE ESTRELLA S.A.C.,2026-02-28,191/0570676,CBA709,43.0,ARENA,14,34.78,38.25,509.93,,,JICAMARCA,VILLA 1,2026-06-30T22:19:55.136384Z
46664-1910570634,46664,VIRGEN DE ESTRELLA S.A.C.,2026-02-28,191/0570634,CHS718,45.0,PIEDRA,2,33.99,33.99,544.86,,,JICAMARCA,SAN ANTONIO,2026-06-30T22:19:55.136436Z
46664-1910570655,46664,VIRGEN DE ESTRELLA S.A.C.,2026-02-28,191/0570655,CBA709,43.0,PIEDRA,2,37.26,37.26,597.31,,,JICAMARCA,SAN ANTONIO,2026-06-30T22:19:55.136477Z
46664-1910570667,46664,VIRGEN DE ESTRELLA S.A.C.,2026-02-28,191/0570667,CHS718,45.0,PIEDRA,2,36.16,36.16,579.67,,,JICAMARCA,SAN ANTONIO,2026-06-30T22:19:55.136517Z
46563-1910570617,46563,VIRGEN DE ESTRELLA S.A.C.,2026-02-28,191 / 0570617,CCL847,44.0,PIEDRA,2,35.98,35.98,340.33,,,JICAMARCA,ANCIETA,2026-06-30T22:20:37.355398Z
46563-1910570604,46563,VIRGEN DE ESTRELLA S.A.C.,2026-02-28,191 / 0570604,BYP824,9.0,ARENA,14,37.87,42.79,486.95,,,JICAMARCA,COLLIQUE,2026-06-30T22:20:37.355603Z
46563-1950188431,46563,VIRGEN DE ESTRELLA S.A.C.,2026-02-28,195/0188431,D8D861,23.0,PIEDRA,2,36.99,36.99,533.77,,,YERBABUENA,MEIGGS,2026-06-30T22:20:37.357322Z
46563-1950188409,46563,VIRGEN DE ESTRELLA S.A.C.,2026-02-28,195/0188409,CAZ895,42.0,ARENA,14,38.12,38.5,555.55,,,YERBABUENA,MEIGGS,2026-06-30T22:20:37.358313Z
46563-1950188410,46563,VIRGEN DE ESTRELLA S.A.C.,2026-02-28,195/0188410,CBR872,16.0,ARENA,14,40.89,41.3,595.96,,,YERBABUENA,MEIGGS,2026-06-30T22:20:37.358342Z
46563-1950188420,46563,VIRGEN DE ESTRELLA S.A.C.,2026-02-28,195/0188420,CBR846,12.0,ARENA,14,41.48,41.89,604.47,,,YERBABUENA,MEIGGS,2026-06-30T22:20:37.358369Z
46563-1950188421,46563,VIRGEN DE ESTRELLA S.A.C.,2026-02-28,195/0188421,CBR854,14.0,ARENA,14,41.63,42.05,606.78,,,YERBABUENA,MEIGGS,2026-06-30T22:20:37.358398Z
46563-1950188422,46563,VIRGEN DE ESTRELLA S.A.C.,2026-02-28,195/0188422,CBR796,18.0,ARENA,14,41.42,41.83,603.61,,,YERBABUENA,MEIGGS,2026-06-30T22:20:37.358429Z
46563-1950188423,46563,VIRGEN DE ESTRELLA S.A.C.,2026-02-28,195/0188423,C9T788,20.0,ARENA,14,38.04,38.42,554.4,,,YERBABUENA,MEIGGS,2026-06-30T22:20:37.358456Z
46563-1950188424,46563,VIRGEN DE ESTRELLA S.A.C.,2026-02-28,195/0188424,AFX735,25.0,ARENA,14,36.65,37.02,534.2,,,YERBABUENA,MEIGGS,2026-06-30T22:20:37.358482Z
46563-1950188425,46563,VIRGEN DE ESTRELLA S.A.C.,2026-02-28,195/0188425,F3F817,1.0,ARENA,14,42.64,43.07,621.5,,,YERBABUENA,MEIGGS,2026-06-30T22:20:37.358509Z
46563-0010015039,46563,VIRGEN DE ESTRELLA S.A.C.,2026-02-28,001/0015039,AKE789,31.0,PIEDRA,2,36.12,37.2,230.27,,,SAN LORENZO,OQUENDO,2026-06-30T22:20:37.358534Z
46563-0010015040,46563,VIRGEN DE ESTRELLA S.A.C.,2026-02-28,001/0015040,AKE789,31.0,PIEDRA,2,36.12,37.2,230.27,,,SAN LORENZO,OQUENDO,2026-06-30T22:20:37.358559Z
46563-0010015034,46563,VIRGEN DE ESTRELLA S.A.C.,2026-02-28,001/0015034,ABN852,27.0,ARENA,14,34.84,39.37,246.46,,,SAN LORENZO,MATERIALES,2026-06-30T22:20:37.359007Z
46563-0010015035,46563,VIRGEN DE ESTRELLA S.A.C.,2026-02-28,001/0015035,D8B795,22.0,ARENA,14,31.68,35.8,224.11,,,SAN LORENZO,MATERIALES,2026-06-30T22:20:37.359034Z
46563-0010015037,46563,VIRGEN DE ESTRELLA S.A.C.,2026-02-28,001/0015037,D8E728,24.0,ARENA,14,33.43,37.78,236.5,,,SAN LORENZO,MATERIALES,2026-06-30T22:20:37.359060Z
46563-0010015038,46563,VIRGEN DE ESTRELLA S.A.C.,2026-02-28,001/0015038,AJC805,30.0,ARENA,14,36.48,41.22,258.04,,,SAN LORENZO,MATERIALES,2026-06-30T22:20:37.359095Z
46563-0010015033,46563,VIRGEN DE ESTRELLA S.A.C.,2026-02-28,001 / 0015033,AJA905,29.0,PIEDRA,2,36.75,36.75,200.29,,,SAN LORENZO,MEIGGS,2026-06-30T22:20:37.360644Z
46767-1910570768,46767,VIRGEN DE ESTRELLA S.A.C.,2026-03-02,191/0570768,CHS718,45.0,ARENA,14,34.09,37.49,601.04,,,JICAMARCA,CONCHAN,2026-06-30T22:23:29.795351Z
46767-1910570782,46767,VIRGEN DE ESTRELLA S.A.C.,2026-03-02,191/0570782,CBA709,43.0,ARENA,14,34.0,37.4,599.55,,,JICAMARCA,CONCHAN,2026-06-30T22:23:29.795444Z
46592-1910570742,46592,VIRGEN DE ESTRELLA S.A.C.,2026-03-02,191/0570742,CBA709,43.0,ARENA,14,33.66,38.04,359.83,,,JICAMARCA,ANCIETA,2026-06-30T22:23:48.844022Z
46592-1910570763,46592,VIRGEN DE ESTRELLA S.A.C.,2026-03-02,191/0570763,CCL847,44.0,ARENA,14,32.52,35.77,573.46,,,JICAMARCA,CONCHAN,2026-06-30T22:23:48.844484Z
46592-1910570737,46592,VIRGEN DE ESTRELLA S.A.C.,2026-03-02,191/0570737,CCL847,44.0,ARENA,14,33.6,35.56,336.37,,,JICAMARCA,BLOQUES ANCIETA INS. Y SUM.,2026-06-30T22:23:48.844521Z
46592-1910570714,46592,VIRGEN DE ESTRELLA S.A.C.,2026-03-02,191/0570714,CHS718,45.0,ARENA,14,33.83,37.22,496.08,,,JICAMARCA,VILLA 1,2026-06-30T22:23:48.844856Z
46592-1950188471,46592,VIRGEN DE ESTRELLA S.A.C.,2026-03-02,195/0188471,CAZ895,42.0,PIEDRA,2,35.04,35.04,505.63,,,YERBABUENA,MEIGGS,2026-06-30T22:23:48.845704Z
46592-1950188472,46592,VIRGEN DE ESTRELLA S.A.C.,2026-03-02,195/0188472,AWH708,33.0,PIEDRA,2,32.62,32.62,470.71,,,YERBABUENA,MEIGGS,2026-06-30T22:23:48.845732Z
46592-1950188479,46592,VIRGEN DE ESTRELLA S.A.C.,2026-03-02,195/0188479,D8D861,23.0,PIEDRA,2,33.13,33.13,478.07,,,YERBABUENA,MEIGGS,2026-06-30T22:23:48.845762Z
46592-1950188473,46592,VIRGEN DE ESTRELLA S.A.C.,2026-03-02,195/0188473,CBR872,16.0,PIEDRA,2,39.32,39.32,567.39,,,YERBABUENA,MEIGGS,2026-06-30T22:23:48.845846Z
46592-1950188477,46592,VIRGEN DE ESTRELLA S.A.C.,2026-03-02,195/0188477,CBR846,12.0,PIEDRA,2,41.59,41.59,600.14,,,YERBABUENA,MEIGGS,2026-06-30T22:23:48.845873Z
46592-1950188481,46592,VIRGEN DE ESTRELLA S.A.C.,2026-03-02,195/0188481,CBR854,14.0,PIEDRA,2,40.31,40.31,581.67,,,YERBABUENA,MEIGGS,2026-06-30T22:23:48.845906Z
46592-1950188482,46592,VIRGEN DE ESTRELLA S.A.C.,2026-03-02,195/0188482,CBR796,18.0,PIEDRA,2,41.49,41.49,598.7,,,YERBABUENA,MEIGGS,2026-06-30T22:23:48.845935Z
46592-1950188486,46592,VIRGEN DE ESTRELLA S.A.C.,2026-03-02,195/0188486,C9T788,20.0,PIEDRA,2,37.6,37.6,542.57,,,YERBABUENA,MEIGGS,2026-06-30T22:23:48.845967Z
46592-1950188488,46592,VIRGEN DE ESTRELLA S.A.C.,2026-03-02,195/0188488,F3F817,1.0,PIEDRA,2,42.74,42.74,616.74,,,YERBABUENA,MEIGGS,2026-06-30T22:23:48.846025Z
46592-0010015068,46592,VIRGEN DE ESTRELLA S.A.C.,2026-03-02,001/0015068,CBR872,16.0,ARENA,14,43.39,48.16,298.11,,,SAN LORENZO,OQUENDO,2026-06-30T22:23:48.847251Z
46592-0010015069,46592,VIRGEN DE ESTRELLA S.A.C.,2026-03-02,001/0015069,AKE789,31.0,ARENA,14,33.89,37.62,232.87,,,SAN LORENZO,OQUENDO,2026-06-30T22:23:48.847282Z
46592-0010015074,46592,VIRGEN DE ESTRELLA S.A.C.,2026-03-02,001/0015074,CBR846,12.0,ARENA,14,43.39,48.16,298.11,,,SAN LORENZO,OQUENDO,2026-06-30T22:23:48.847311Z
46592-0010015075,46592,VIRGEN DE ESTRELLA S.A.C.,2026-03-02,001/0015075,D8B795,22.0,ARENA,14,33.89,37.62,232.87,,,SAN LORENZO,OQUENDO,2026-06-30T22:23:48.847342Z
46592-0010015094,46592,VIRGEN DE ESTRELLA S.A.C.,2026-03-02,001/0015094,D8E728,24.0,ARENA,14,33.89,37.62,232.87,,,SAN LORENZO,OQUENDO,2026-06-30T22:23:48.847373Z
46592-0010015103,46592,VIRGEN DE ESTRELLA S.A.C.,2026-03-02,001/0015103,C9T788,20.0,ARENA,14,33.89,37.62,232.87,,,SAN LORENZO,OQUENDO,2026-06-30T22:23:48.847403Z
46592-0010015073,46592,VIRGEN DE ESTRELLA S.A.C.,2026-03-02,001/0015073,D8D861,23.0,PIEDRA,2,36.12,37.2,230.27,,,SAN LORENZO,OQUENDO,2026-06-30T22:23:48.847431Z
46592-0010015049,46592,VIRGEN DE ESTRELLA S.A.C.,2026-03-02,001/0015049,D8E728,24.0,ARENA,14,34.8,38.28,208.63,,,SAN LORENZO,MEIGGS,2026-06-30T22:23:48.847949Z
46592-0010015050,46592,VIRGEN DE ESTRELLA S.A.C.,2026-03-02,001/0015050,AJC805,30.0,ARENA,14,35.55,39.1,213.1,,,SAN LORENZO,MEIGGS,2026-06-30T22:23:48.847979Z
46592-0010015051,46592,VIRGEN DE ESTRELLA S.A.C.,2026-03-02,001/0015051,AKE789,31.0,ARENA,14,33.76,37.14,202.41,,,SAN LORENZO,MEIGGS,2026-06-30T22:23:48.848006Z
46592-0010015053,46592,VIRGEN DE ESTRELLA S.A.C.,2026-03-02,001/0015053,BAE736,35.0,ARENA,14,35.36,38.9,212.01,,,SAN LORENZO,MEIGGS,2026-06-30T22:23:48.848035Z
46592-0010015054,46592,VIRGEN DE ESTRELLA S.A.C.,2026-03-02,001/0015054,D8B795,22.0,ARENA,14,33.25,36.57,199.31,,,SAN LORENZO,MEIGGS,2026-06-30T22:23:48.848062Z
46592-0010015057,46592,VIRGEN DE ESTRELLA S.A.C.,2026-03-02,001/0015057,D8E728,24.0,ARENA,14,32.38,35.62,194.13,,,SAN LORENZO,MEIGGS,2026-06-30T22:23:48.848089Z
46592-0010015058,46592,VIRGEN DE ESTRELLA S.A.C.,2026-03-02,001/0015058,AKE789,31.0,ARENA,14,33.05,36.36,198.16,,,SAN LORENZO,MEIGGS,2026-06-30T22:23:48.848115Z
46592-0010015059,46592,VIRGEN DE ESTRELLA S.A.C.,2026-03-02,001/0015059,BAE736,35.0,ARENA,14,34.25,37.67,205.3,,,SAN LORENZO,MEIGGS,2026-06-30T22:23:48.848141Z
46592-0010015061,46592,VIRGEN DE ESTRELLA S.A.C.,2026-03-02,001/0015061,AJC805,30.0,ARENA,14,35.45,38.99,212.5,,,SAN LORENZO,MEIGGS,2026-06-30T22:23:48.848168Z
46592-0010015062,46592,VIRGEN DE ESTRELLA S.A.C.,2026-03-02,001/0015062,AJA905,29.0,ARENA,14,34.41,37.85,206.28,,,SAN LORENZO,MEIGGS,2026-06-30T22:23:48.848194Z
46592-0010015063,46592,VIRGEN DE ESTRELLA S.A.C.,2026-03-02,001/0015063,D8B795,22.0,ARENA,14,33.45,36.79,200.51,,,SAN LORENZO,MEIGGS,2026-06-30T22:23:48.848221Z
46592-0010015065,46592,VIRGEN DE ESTRELLA S.A.C.,2026-03-02,001/0015065,AWH708,33.0,ARENA,14,35.22,38.74,211.13,,,SAN LORENZO,MEIGGS,2026-06-30T22:23:48.848249Z
46592-0010015066,46592,VIRGEN DE ESTRELLA S.A.C.,2026-03-02,001/0015066,CAZ895,42.0,ARENA,14,36.25,39.87,217.29,,,SAN LORENZO,MEIGGS,2026-06-30T22:23:48.848275Z
46592-0010015067,46592,VIRGEN DE ESTRELLA S.A.C.,2026-03-02,001/0015067,D8B795,22.0,ARENA,14,33.28,36.61,199.52,,,SAN LORENZO,MEIGGS,2026-06-30T22:23:48.848304Z
46592-0010015070,46592,VIRGEN DE ESTRELLA S.A.C.,2026-03-02,001/0015070,BAE736,35.0,ARENA,14,32.92,36.21,197.34,,,SAN LORENZO,MEIGGS,2026-06-30T22:23:48.848330Z
46592-0010015071,46592,VIRGEN DE ESTRELLA S.A.C.,2026-03-02,001/0015071,AJC805,30.0,ARENA,14,34.6,38.06,207.43,,,SAN LORENZO,MEIGGS,2026-06-30T22:23:48.848361Z
46592-0010015076,46592,VIRGEN DE ESTRELLA S.A.C.,2026-03-02,001/0015076,AWH708,33.0,ARENA,14,35.18,38.7,210.92,,,SAN LORENZO,MEIGGS,2026-06-30T22:23:48.848386Z
46592-0010015077,46592,VIRGEN DE ESTRELLA S.A.C.,2026-03-02,001/0015077,AJA905,29.0,ARENA,14,33.38,36.72,200.12,,,SAN LORENZO,MEIGGS,2026-06-30T22:23:48.848412Z
46592-0010015079,46592,VIRGEN DE ESTRELLA S.A.C.,2026-03-02,001/0015079,D8E728,24.0,ARENA,14,32.28,35.51,193.53,,,SAN LORENZO,MEIGGS,2026-06-30T22:23:48.848440Z
46592-0010015081,46592,VIRGEN DE ESTRELLA S.A.C.,2026-03-02,001/0015081,CAZ895,42.0,ARENA,14,35.74,39.31,214.24,,,SAN LORENZO,MEIGGS,2026-06-30T22:23:48.848466Z
46592-0010015088,46592,VIRGEN DE ESTRELLA S.A.C.,2026-03-02,001/0015088,AWH708,33.0,ARENA,14,34.4,37.84,206.23,,,SAN LORENZO,MEIGGS,2026-06-30T22:23:48.848492Z
46592-0010015089,46592,VIRGEN DE ESTRELLA S.A.C.,2026-03-02,001/0015089,AJA905,29.0,ARENA,14,32.4,35.64,194.24,,,SAN LORENZO,MEIGGS,2026-06-30T22:23:48.848518Z
46592-0010015091,46592,VIRGEN DE ESTRELLA S.A.C.,2026-03-02,001/0015091,C9T788,20.0,ARENA,14,32.35,35.59,193.97,,,SAN LORENZO,MEIGGS,2026-06-30T22:23:48.848544Z
46592-0010015092,46592,VIRGEN DE ESTRELLA S.A.C.,2026-03-02,001/0015092,CAZ895,42.0,ARENA,14,34.3,37.9,206.56,,,SAN LORENZO,MEIGGS,2026-06-30T22:23:48.848574Z
46592-0010015095,46592,VIRGEN DE ESTRELLA S.A.C.,2026-03-02,001/0015095,BAE736,35.0,ARENA,14,34.6,38.06,207.43,,,SAN LORENZO,MEIGGS,2026-06-30T22:23:48.848600Z
46592-0010015096,46592,VIRGEN DE ESTRELLA S.A.C.,2026-03-02,001/0015096,D8D861,23.0,ARENA,14,34.03,37.43,203.99,,,SAN LORENZO,MEIGGS,2026-06-30T22:23:48.848630Z
46592-0010015083,46592,VIRGEN DE ESTRELLA S.A.C.,2026-03-02,001/0015083,BAE736,35.0,PIEDRA,2,36.52,37.25,203.01,,,SAN LORENZO,MEIGGS,2026-06-30T22:23:48.849174Z
46592-0010015084,46592,VIRGEN DE ESTRELLA S.A.C.,2026-03-02,001/0015084,AJC805,30.0,PIEDRA,2,37.96,38.72,211.02,,,SAN LORENZO,MEIGGS,2026-06-30T22:23:48.849199Z
46592-0010015085,46592,VIRGEN DE ESTRELLA S.A.C.,2026-03-02,001/0015085,D8D861,23.0,PIEDRA,2,35.51,36.22,197.4,,,SAN LORENZO,MEIGGS,2026-06-30T22:23:48.849227Z
46592-0010015086,46592,VIRGEN DE ESTRELLA S.A.C.,2026-03-02,001/0015086,D8B795,22.0,PIEDRA,2,35.03,35.73,194.73,,,SAN LORENZO,MEIGGS,2026-06-30T22:23:48.849251Z
46592-0010015087,46592,VIRGEN DE ESTRELLA S.A.C.,2026-03-02,001/0015087,AKE789,31.0,PIEDRA,2,35.13,35.83,195.27,,,SAN LORENZO,MEIGGS,2026-06-30T22:23:48.849276Z
46592-0010015100,46592,VIRGEN DE ESTRELLA S.A.C.,2026-03-02,001/0015100,AKE789,31.0,PIEDRA,2,34.55,35.24,192.06,,,SAN LORENZO,MEIGGS,2026-06-30T22:23:48.849304Z
46592-0010015101,46592,VIRGEN DE ESTRELLA S.A.C.,2026-03-02,001/0015101,AJA905,29.0,PIEDRA,2,34.71,35.4,192.93,,,SAN LORENZO,MEIGGS,2026-06-30T22:23:48.849329Z
46592-0010015097,46592,VIRGEN DE ESTRELLA S.A.C.,2026-03-02,001/0015097,AJC805,30.0,PIEDRA,2,37.87,37.87,206.39,,,SAN LORENZO,MEIGGS,2026-06-30T22:23:48.849853Z
46592-0010015098,46592,VIRGEN DE ESTRELLA S.A.C.,2026-03-02,001/0015098,AWH708,33.0,PIEDRA,2,39.43,39.43,214.89,,,SAN LORENZO,MEIGGS,2026-06-30T22:23:48.849879Z
46592-1910570884,46592,VIRGEN DE ESTRELLA S.A.C.,2026-03-03,191/0570884,CHS718,45.0,ARENA,14,33.21,37.2,423.71,,,JICAMARCA,SAN JUAN,2026-06-30T22:23:48.843923Z
46592-1910570897,46592,VIRGEN DE ESTRELLA S.A.C.,2026-03-03,191/0570897,CCL847,44.0,ARENA,14,31.63,35.43,403.55,,,JICAMARCA,SAN JUAN,2026-06-30T22:23:48.843979Z
46592-1910570844,46592,VIRGEN DE ESTRELLA S.A.C.,2026-03-03,191/0570844,CHS718,45.0,ARENA,14,31.95,36.1,341.5,,,JICAMARCA,ANCIETA,2026-06-30T22:23:48.844066Z
46592-1910570852,46592,VIRGEN DE ESTRELLA S.A.C.,2026-03-03,191/0570852,CCL847,44.0,ARENA,14,33.21,37.53,354.99,,,JICAMARCA,ANCIETA,2026-06-30T22:23:48.844105Z
46592-1910570945,46592,VIRGEN DE ESTRELLA S.A.C.,2026-03-03,191/0570945,CHS718,45.0,ARENA,14,31.96,36.12,341.65,,,JICAMARCA,ANCIETA,2026-06-30T22:23:48.844142Z
46592-1910570956,46592,VIRGEN DE ESTRELLA S.A.C.,2026-03-03,191/0570956,CCL847,44.0,ARENA,14,32.37,36.58,346.05,,,JICAMARCA,ANCIETA,2026-06-30T22:23:48.844180Z
46592-1910570891,46592,VIRGEN DE ESTRELLA S.A.C.,2026-03-03,191/0570891,BYP824,9.0,PIEDRA,2,38.72,38.72,366.28,,,JICAMARCA,ANCIETA,2026-06-30T22:23:48.844333Z
46592-1910570935,46592,VIRGEN DE ESTRELLA S.A.C.,2026-03-03,191/0570935,BYP824,9.0,PIEDRA,2,41.59,41.59,393.41,,,JICAMARCA,ANCIETA,2026-06-30T22:23:48.844375Z
46592-1910570992,46592,VIRGEN DE ESTRELLA S.A.C.,2026-03-03,191/0570992,F3F817,1.0,ARENA,14,37.26,42.1,479.1,,,JICAMARCA,COLLIQUE,2026-06-30T22:23:48.844752Z
46592-1950188557,46592,VIRGEN DE ESTRELLA S.A.C.,2026-03-03,195/0188557,CBR796,18.0,ARENA,14,47.57,48.05,647.23,,,YERBABUENA,OQUENDO,2026-06-30T22:23:48.844923Z
46592-1950188558,46592,VIRGEN DE ESTRELLA S.A.C.,2026-03-03,195/0188558,BFI758,37.0,ARENA,14,38.37,38.75,521.96,,,YERBABUENA,OQUENDO,2026-06-30T22:23:48.844962Z
46592-1950188559,46592,VIRGEN DE ESTRELLA S.A.C.,2026-03-03,195/0188559,F3F817,1.0,PIEDRA,2,42.54,42.54,597.69,,,YERBABUENA,MATERIALES,2026-06-30T22:23:48.845029Z
46592-1950188560,46592,VIRGEN DE ESTRELLA S.A.C.,2026-03-03,195/0188560,ATN880,5.0,PIEDRA,2,41.35,41.35,580.97,,,YERBABUENA,MATERIALES,2026-06-30T22:23:48.845061Z
46592-1950188487,46592,VIRGEN DE ESTRELLA S.A.C.,2026-03-03,195/0188487,ABL875,26.0,PIEDRA,2,36.67,36.67,529.15,,,YERBABUENA,MEIGGS,2026-06-30T22:23:48.845995Z
46592-1950188527,46592,VIRGEN DE ESTRELLA S.A.C.,2026-03-03,195/0188527,ABL875,26.0,PIEDRA,2,38.99,38.99,562.63,,,YERBABUENA,MEIGGS,2026-06-30T22:23:48.846054Z
46592-1950188528,46592,VIRGEN DE ESTRELLA S.A.C.,2026-03-03,195/0188528,CBR872,16.0,PIEDRA,2,40.47,40.47,583.98,,,YERBABUENA,MEIGGS,2026-06-30T22:23:48.846082Z
46592-1950188549,46592,VIRGEN DE ESTRELLA S.A.C.,2026-03-03,195/0188549,AFX735,25.0,PIEDRA,2,36.2,36.2,522.37,,,YERBABUENA,MEIGGS,2026-06-30T22:23:48.846113Z
46592-1950188550,46592,VIRGEN DE ESTRELLA S.A.C.,2026-03-03,195/0188550,CBR854,14.0,PIEDRA,2,46.44,46.44,670.13,,,YERBABUENA,MEIGGS,2026-06-30T22:23:48.846143Z
46592-1950188551,46592,VIRGEN DE ESTRELLA S.A.C.,2026-03-03,195/0188551,CBR846,12.0,PIEDRA,2,41.17,41.17,594.08,,,YERBABUENA,MEIGGS,2026-06-30T22:23:48.846172Z
46592-0010015108,46592,VIRGEN DE ESTRELLA S.A.C.,2026-03-03,001/0015108,ABN852,27.0,PIEDRA,2,36.2,36.92,201.21,,,SAN LORENZO,MEIGGS,2026-06-30T22:23:48.849354Z
46592-0010015109,46592,VIRGEN DE ESTRELLA S.A.C.,2026-03-03,001/0015109,D8E728,24.0,PIEDRA,2,36.13,36.85,200.83,,,SAN LORENZO,MEIGGS,2026-06-30T22:23:48.849382Z
46592-0010015110,46592,VIRGEN DE ESTRELLA S.A.C.,2026-03-03,001/0015110,AKE789,31.0,PIEDRA,2,35.87,36.59,199.42,,,SAN LORENZO,MEIGGS,2026-06-30T22:23:48.849408Z
46592-0010015114,46592,VIRGEN DE ESTRELLA S.A.C.,2026-03-03,001/0015114,ABN852,27.0,PIEDRA,2,37.55,38.3,208.74,,,SAN LORENZO,MEIGGS,2026-06-30T22:23:48.849433Z
46592-0010015121,46592,VIRGEN DE ESTRELLA S.A.C.,2026-03-03,001/0015121,AJC805,30.0,PIEDRA,2,36.49,37.22,202.85,,,SAN LORENZO,MEIGGS,2026-06-30T22:23:48.849457Z
46592-0010015115,46592,VIRGEN DE ESTRELLA S.A.C.,2026-03-03,001/0015115,D8E728,24.0,PIEDRA,2,36.53,36.53,199.09,,,SAN LORENZO,MEIGGS,2026-06-30T22:23:48.849902Z
46592-1910571026,46592,VIRGEN DE ESTRELLA S.A.C.,2026-03-04,191/0571026,BYP824,9.0,PIEDRA,2,38.83,38.83,367.31,,,JICAMARCA,ANCIETA,2026-06-30T22:23:48.844410Z
46592-1910570991,46592,VIRGEN DE ESTRELLA S.A.C.,2026-03-04,191/0570991,ATN880,5.0,ARENA,14,38.2,43.17,491.27,,,JICAMARCA,COLLIQUE,2026-06-30T22:23:48.844718Z
46592-1910571066,46592,VIRGEN DE ESTRELLA S.A.C.,2026-03-04,191/0571066,BYP824,9.0,ARENA,14,35.61,40.24,457.93,,,JICAMARCA,COLLIQUE,2026-06-30T22:23:48.844785Z
46592-1950188604,46592,VIRGEN DE ESTRELLA S.A.C.,2026-03-04,195/0188604,AWH708,33.0,PIEDRA,2,38.5,38.5,540.93,,,YERBABUENA,MATERIALES,2026-06-30T22:23:48.845097Z
46592-1950188605,46592,VIRGEN DE ESTRELLA S.A.C.,2026-03-04,195/0188605,C9T788,20.0,PIEDRA,2,35.69,35.69,501.44,,,YERBABUENA,MATERIALES,2026-06-30T22:23:48.845130Z
46592-1950188607,46592,VIRGEN DE ESTRELLA S.A.C.,2026-03-04,195/0188607,F3F817,1.0,PIEDRA,2,42.54,42.54,597.69,,,YERBABUENA,MATERIALES,2026-06-30T22:23:48.845160Z
46592-1950188617,46592,VIRGEN DE ESTRELLA S.A.C.,2026-03-04,195/0188617,AFX735,25.0,PIEDRA,2,34.68,34.68,487.25,,,YERBABUENA,MATERIALES,2026-06-30T22:23:48.845192Z
46592-1950188600,46592,VIRGEN DE ESTRELLA S.A.C.,2026-03-04,195/0188600,ATN880,5.0,ARENA,14,44.42,44.86,630.28,,,YERBABUENA,MATERIALES,2026-06-30T22:23:48.845291Z
46592-1950188612,46592,VIRGEN DE ESTRELLA S.A.C.,2026-03-04,195/0188612,AFX735,25.0,ARENA,14,46.47,46.93,659.37,,,YERBABUENA,MATERIALES,2026-06-30T22:23:48.845328Z
46592-1950188595,46592,VIRGEN DE ESTRELLA S.A.C.,2026-03-04,195/0188595,AWH708,33.0,PIEDRA,2,35.34,35.34,509.96,,,YERBABUENA,MEIGGS,2026-06-30T22:23:48.845789Z
46592-1950188596,46592,VIRGEN DE ESTRELLA S.A.C.,2026-03-04,195/0188596,F3F817,1.0,PIEDRA,2,37.19,37.19,536.65,,,YERBABUENA,MEIGGS,2026-06-30T22:23:48.845818Z
46592-1950188587,46592,VIRGEN DE ESTRELLA S.A.C.,2026-03-04,195/0188587,CBR796,18.0,PIEDRA,2,42.18,42.18,608.66,,,YERBABUENA,MEIGGS,2026-06-30T22:23:48.846201Z
46592-1950188588,46592,VIRGEN DE ESTRELLA S.A.C.,2026-03-04,195/0188588,CBR854,14.0,PIEDRA,2,42.27,42.27,609.96,,,YERBABUENA,MEIGGS,2026-06-30T22:23:48.846229Z
46592-1950188589,46592,VIRGEN DE ESTRELLA S.A.C.,2026-03-04,195/0188589,C9T788,20.0,PIEDRA,2,37.59,37.59,542.42,,,YERBABUENA,MEIGGS,2026-06-30T22:23:48.846267Z
46592-0010015125,46592,VIRGEN DE ESTRELLA S.A.C.,2026-03-04,001/0015125,ABN852,27.0,ARENA,14,35.53,40.15,251.34,,,SAN LORENZO,MATERIALES,2026-06-30T22:23:48.847494Z
46592-0010015126,46592,VIRGEN DE ESTRELLA S.A.C.,2026-03-04,001/0015126,BAE736,35.0,ARENA,14,34.67,39.18,245.27,,,SAN LORENZO,MATERIALES,2026-06-30T22:23:48.847523Z
46592-0010015127,46592,VIRGEN DE ESTRELLA S.A.C.,2026-03-04,001/0015127,BFI758,37.0,ARENA,14,34.59,39.09,244.7,,,SAN LORENZO,MATERIALES,2026-06-30T22:23:48.847552Z
46592-0010015128,46592,VIRGEN DE ESTRELLA S.A.C.,2026-03-04,001/0015128,AKE789,31.0,ARENA,14,33.96,38.38,240.26,,,SAN LORENZO,MATERIALES,2026-06-30T22:23:48.847582Z
46592-0010015130,46592,VIRGEN DE ESTRELLA S.A.C.,2026-03-04,001/0015130,D8E728,24.0,ARENA,14,33.33,37.66,235.75,,,SAN LORENZO,MATERIALES,2026-06-30T22:23:48.847609Z
46592-0010015131,46592,VIRGEN DE ESTRELLA S.A.C.,2026-03-04,001/0015131,AJA905,29.0,ARENA,14,35.05,39.61,247.96,,,SAN LORENZO,MATERIALES,2026-06-30T22:23:48.847637Z
46592-0010015135,46592,VIRGEN DE ESTRELLA S.A.C.,2026-03-04,001/0015135,D8D861,23.0,ARENA,14,34.77,39.29,245.96,,,SAN LORENZO,MATERIALES,2026-06-30T22:23:48.847664Z
46592-0010015148,46592,VIRGEN DE ESTRELLA S.A.C.,2026-03-04,001/0015148,ABN852,27.0,ARENA,14,34.24,38.69,242.2,,,SAN LORENZO,MATERIALES,2026-06-30T22:23:48.847696Z
46592-0010015149,46592,VIRGEN DE ESTRELLA S.A.C.,2026-03-04,001/0015149,D8D861,23.0,ARENA,14,34.52,39.01,244.2,,,SAN LORENZO,MATERIALES,2026-06-30T22:23:48.847723Z
46592-0010015150,46592,VIRGEN DE ESTRELLA S.A.C.,2026-03-04,001/0015150,BAE736,35.0,ARENA,14,37.78,42.69,267.24,,,SAN LORENZO,MATERIALES,2026-06-30T22:23:48.847753Z
46592-0010015151,46592,VIRGEN DE ESTRELLA S.A.C.,2026-03-04,001/0015151,BFI758,37.0,ARENA,14,38.46,43.46,272.06,,,SAN LORENZO,MATERIALES,2026-06-30T22:23:48.847779Z
46592-0010015152,46592,VIRGEN DE ESTRELLA S.A.C.,2026-03-04,001/0015152,ABN852,27.0,ARENA,14,38.52,43.53,272.5,,,SAN LORENZO,MATERIALES,2026-06-30T22:23:48.847805Z
46592-0010015132,46592,VIRGEN DE ESTRELLA S.A.C.,2026-03-04,001/0015132,D8D861,23.0,ARENA,14,33.5,37.18,202.63,,,SAN LORENZO,MEIGGS,2026-06-30T22:23:48.848656Z
46592-0010015133,46592,VIRGEN DE ESTRELLA S.A.C.,2026-03-04,001/0015133,AJC805,30.0,ARENA,14,36.85,40.9,222.91,,,SAN LORENZO,MEIGGS,2026-06-30T22:23:48.848682Z
46592-0010015136,46592,VIRGEN DE ESTRELLA S.A.C.,2026-03-04,001/0015136,AJC805,30.0,ARENA,14,35.95,39.91,217.51,,,SAN LORENZO,MEIGGS,2026-06-30T22:23:48.848714Z
46592-0010015138,46592,VIRGEN DE ESTRELLA S.A.C.,2026-03-04,001/0015138,BAE736,35.0,ARENA,14,35.64,39.56,215.6,,,SAN LORENZO,MEIGGS,2026-06-30T22:23:48.848741Z
46592-0010015140,46592,VIRGEN DE ESTRELLA S.A.C.,2026-03-04,001/0015140,ABN852,27.0,ARENA,14,36.36,40.36,219.96,,,SAN LORENZO,MEIGGS,2026-06-30T22:23:48.848767Z
46592-0010015141,46592,VIRGEN DE ESTRELLA S.A.C.,2026-03-04,001/0015141,D8E728,24.0,ARENA,14,34.91,38.75,211.19,,,SAN LORENZO,MEIGGS,2026-06-30T22:23:48.848796Z
46592-0010015142,46592,VIRGEN DE ESTRELLA S.A.C.,2026-03-04,001/0015142,BFI758,37.0,ARENA,14,35.16,39.03,212.71,,,SAN LORENZO,MEIGGS,2026-06-30T22:23:48.848822Z
46592-0010015144,46592,VIRGEN DE ESTRELLA S.A.C.,2026-03-04,001/0015144,AJC805,30.0,ARENA,14,36.67,40.7,221.82,,,SAN LORENZO,MEIGGS,2026-06-30T22:23:48.848850Z
46592-0010015145,46592,VIRGEN DE ESTRELLA S.A.C.,2026-03-04,001/0015145,AKE789,31.0,ARENA,14,34.42,38.21,208.24,,,SAN LORENZO,MEIGGS,2026-06-30T22:23:48.848876Z
46592-0010015153,46592,VIRGEN DE ESTRELLA S.A.C.,2026-03-04,001/0015153,D8E728,24.0,ARENA,14,34.9,38.74,211.13,,,SAN LORENZO,MEIGGS,2026-06-30T22:23:48.848903Z
46592-0010015154,46592,VIRGEN DE ESTRELLA S.A.C.,2026-03-04,001/0015154,AKE789,31.0,ARENA,14,33.61,37.31,203.34,,,SAN LORENZO,MEIGGS,2026-06-30T22:23:48.848929Z
46592-0010015156,46592,VIRGEN DE ESTRELLA S.A.C.,2026-03-04,001/0015156,AJC805,30.0,PIEDRA,2,36.99,37.73,205.63,,,SAN LORENZO,MEIGGS,2026-06-30T22:23:48.849483Z
46592-0010015158,46592,VIRGEN DE ESTRELLA S.A.C.,2026-03-04,001/0015158,BAE736,35.0,PIEDRA,2,36.99,37.73,205.63,,,SAN LORENZO,MEIGGS,2026-06-30T22:23:48.849506Z
46592-0010015159,46592,VIRGEN DE ESTRELLA S.A.C.,2026-03-04,001/0015159,D8D861,23.0,PIEDRA,2,35.25,35.95,195.93,,,SAN LORENZO,MEIGGS,2026-06-30T22:23:48.849529Z
46592-0010015160,46592,VIRGEN DE ESTRELLA S.A.C.,2026-03-04,001/0015160,D8E728,24.0,PIEDRA,2,36.26,36.99,201.6,,,SAN LORENZO,MEIGGS,2026-06-30T22:23:48.849552Z
46592-0010015172,46592,VIRGEN DE ESTRELLA S.A.C.,2026-03-04,001/0015172,AJC805,30.0,PIEDRA,2,37.0,37.74,205.68,,,SAN LORENZO,MEIGGS,2026-06-30T22:23:48.849575Z
46592-0010015155,46592,VIRGEN DE ESTRELLA S.A.C.,2026-03-04,001/0015155,AJA905,29.0,PIEDRA,2,37.43,37.43,203.99,,,SAN LORENZO,MEIGGS,2026-06-30T22:23:48.849925Z
46592-1910571247,46592,VIRGEN DE ESTRELLA S.A.C.,2026-03-05,191/0571247,ATN880,5.0,PIEDRA,2,42.42,42.42,483.16,,,JICAMARCA,SAN JUAN,2026-06-30T22:23:48.843764Z
46592-1910571274,46592,VIRGEN DE ESTRELLA S.A.C.,2026-03-05,191/0571274,C9W737,21.0,PIEDRA,2,35.94,35.94,409.36,,,JICAMARCA,SAN JUAN,2026-06-30T22:23:48.843858Z
46592-1910571284,46592,VIRGEN DE ESTRELLA S.A.C.,2026-03-05,191/0571284,ATN880,5.0,ARENA,14,37.16,41.99,477.85,,,JICAMARCA,COLLIQUE,2026-06-30T22:23:48.844818Z
46592-1950188633,46592,VIRGEN DE ESTRELLA S.A.C.,2026-03-05,195/0188633,AWH708,33.0,PIEDRA,2,36.31,36.31,523.95,,,YERBABUENA,MEIGGS,2026-06-30T22:23:48.846296Z
46592-1950188634,46592,VIRGEN DE ESTRELLA S.A.C.,2026-03-05,195/0188634,BFI758,37.0,PIEDRA,2,39.78,39.78,574.03,,,YERBABUENA,MEIGGS,2026-06-30T22:23:48.846325Z
46592-1950188635,46592,VIRGEN DE ESTRELLA S.A.C.,2026-03-05,195/0188635,AFX735,25.0,PIEDRA,2,36.63,36.63,528.57,,,YERBABUENA,MEIGGS,2026-06-30T22:23:48.846356Z
46592-1950188636,46592,VIRGEN DE ESTRELLA S.A.C.,2026-03-05,195/0188636,D8D861,23.0,PIEDRA,2,35.96,35.96,518.9,,,YERBABUENA,MEIGGS,2026-06-30T22:23:48.846386Z
46592-1950188637,46592,VIRGEN DE ESTRELLA S.A.C.,2026-03-05,195/0188637,C9T788,20.0,PIEDRA,2,35.76,35.76,516.02,,,YERBABUENA,MEIGGS,2026-06-30T22:23:48.846414Z
46592-1950188650,46592,VIRGEN DE ESTRELLA S.A.C.,2026-03-05,195/0188650,F3F817,1.0,ARENA,14,42.84,43.27,624.39,,,YERBABUENA,MEIGGS,2026-06-30T22:23:48.846663Z
46592-1950188655,46592,VIRGEN DE ESTRELLA S.A.C.,2026-03-05,195/0188655,BFI758,37.0,ARENA,14,38.75,39.14,564.79,,,YERBABUENA,MEIGGS,2026-06-30T22:23:48.846696Z
46592-1950188656,46592,VIRGEN DE ESTRELLA S.A.C.,2026-03-05,195/0188656,AWH708,33.0,ARENA,14,36.46,36.82,531.31,,,YERBABUENA,MEIGGS,2026-06-30T22:23:48.846726Z
46592-1950188658,46592,VIRGEN DE ESTRELLA S.A.C.,2026-03-05,195/0188658,C9T788,20.0,ARENA,14,38.07,38.45,554.83,,,YERBABUENA,MEIGGS,2026-06-30T22:23:48.846754Z
46592-1950188659,46592,VIRGEN DE ESTRELLA S.A.C.,2026-03-05,195/0188659,AFX735,25.0,ARENA,14,35.43,35.78,516.31,,,YERBABUENA,MEIGGS,2026-06-30T22:23:48.846783Z
46592-1950188663,46592,VIRGEN DE ESTRELLA S.A.C.,2026-03-05,195/0188663,D8D861,23.0,ARENA,14,35.45,35.8,516.59,,,YERBABUENA,MEIGGS,2026-06-30T22:23:48.846811Z
46592-1950188673,46592,VIRGEN DE ESTRELLA S.A.C.,2026-03-05,195/0188673,AHJ786,28.0,ARENA,14,37.13,37.5,541.13,,,YERBABUENA,MEIGGS,2026-06-30T22:23:48.846839Z
46592-1950188674,46592,VIRGEN DE ESTRELLA S.A.C.,2026-03-05,195/0188674,F3F817,1.0,ARENA,14,40.99,41.4,597.4,,,YERBABUENA,MEIGGS,2026-06-30T22:23:48.846871Z
46592-0010015161,46592,VIRGEN DE ESTRELLA S.A.C.,2026-03-05,001/0015161,BAE736,35.0,ARENA,14,33.26,37.58,235.25,,,SAN LORENZO,MATERIALES,2026-06-30T22:23:48.847831Z
46592-0010015162,46592,VIRGEN DE ESTRELLA S.A.C.,2026-03-05,001/0015162,D8E728,24.0,ARENA,14,32.42,36.64,229.37,,,SAN LORENZO,MATERIALES,2026-06-30T22:23:48.847862Z
46592-0010015163,46592,VIRGEN DE ESTRELLA S.A.C.,2026-03-05,001/0015163,AJC805,30.0,ARENA,14,35.7,40.34,252.53,,,SAN LORENZO,MATERIALES,2026-06-30T22:23:48.847888Z
46592-0010015168,46592,VIRGEN DE ESTRELLA S.A.C.,2026-03-05,001/0015168,ABN852,27.0,ARENA,14,35.2,39.78,249.02,,,SAN LORENZO,MATERIALES,2026-06-30T22:23:48.847919Z
46592-0010015173,46592,VIRGEN DE ESTRELLA S.A.C.,2026-03-05,001/0015173,D8E728,24.0,PIEDRA,2,34.79,35.49,193.42,,,SAN LORENZO,MEIGGS,2026-06-30T22:23:48.849602Z
46592-0010015175,46592,VIRGEN DE ESTRELLA S.A.C.,2026-03-05,001/0015175,BAE736,35.0,PIEDRA,2,37.95,38.71,210.97,,,SAN LORENZO,MEIGGS,2026-06-30T22:23:48.849628Z
46592-0010015176,46592,VIRGEN DE ESTRELLA S.A.C.,2026-03-05,001/0015176,AJC805,30.0,PIEDRA,2,36.33,37.06,201.98,,,SAN LORENZO,MEIGGS,2026-06-30T22:23:48.849652Z
46592-0010015177,46592,VIRGEN DE ESTRELLA S.A.C.,2026-03-05,001/0015177,ABN852,27.0,PIEDRA,2,36.38,37.11,202.25,,,SAN LORENZO,MEIGGS,2026-06-30T22:23:48.849677Z
46592-1910571330,46592,VIRGEN DE ESTRELLA S.A.C.,2026-03-06,191/0571330,C9W737,21.0,ARENA,14,29.61,33.46,316.57,,,JICAMARCA,ANCIETA,2026-06-30T22:23:48.844219Z
46592-1910571430,46592,VIRGEN DE ESTRELLA S.A.C.,2026-03-06,191/0571430,D8B795,22.0,PIEDRA,2,31.89,31.89,301.68,,,JICAMARCA,ANCIETA,2026-06-30T22:23:48.844294Z
46592-1910571402,46592,VIRGEN DE ESTRELLA S.A.C.,2026-03-06,191/0571402,D8B795,22.0,ARENA,14,35.15,36.87,348.83,,,JICAMARCA,BLOQUES ANCIETA INS. Y SUM.,2026-06-30T22:23:48.844558Z
46592-1910571394,46592,VIRGEN DE ESTRELLA S.A.C.,2026-03-06,191/0571394,C9W737,21.0,PIEDRA,2,32.35,32.35,306.08,,,JICAMARCA,BLOQUES ANCIETA INS. Y SUM.,2026-06-30T22:23:48.844634Z
46592-1910571358,46592,VIRGEN DE ESTRELLA S.A.C.,2026-03-06,191/0571358,D8B795,22.0,PIEDRA,2,34.68,34.68,472.69,,,JICAMARCA,EMBOLSADOS INS. Y SUM.,2026-06-30T22:23:48.844887Z
46592-1950188720,46592,VIRGEN DE ESTRELLA S.A.C.,2026-03-06,195/0188720,AHJ786,28.0,PIEDRA,2,37.01,37.01,519.99,,,YERBABUENA,MATERIALES,2026-06-30T22:23:48.845223Z
46592-1950188713,46592,VIRGEN DE ESTRELLA S.A.C.,2026-03-06,195/0188713,D8D861,23.0,ARENA,14,36.54,36.91,518.59,,,YERBABUENA,MATERIALES,2026-06-30T22:23:48.845361Z
46592-1950188722,46592,VIRGEN DE ESTRELLA S.A.C.,2026-03-06,195/0188722,BFI758,37.0,ARENA,14,40.39,40.79,573.1,,,YERBABUENA,MATERIALES,2026-06-30T22:23:48.845396Z
46592-1950188726,46592,VIRGEN DE ESTRELLA S.A.C.,2026-03-06,195/0188726,AWH708,33.0,ARENA,14,37.51,37.89,532.35,,,YERBABUENA,MATERIALES,2026-06-30T22:23:48.845429Z
46592-1950188729,46592,VIRGEN DE ESTRELLA S.A.C.,2026-03-06,195/0188729,AFX735,25.0,ARENA,14,34.99,35.34,496.53,,,YERBABUENA,MATERIALES,2026-06-30T22:23:48.845462Z
46592-1950188730,46592,VIRGEN DE ESTRELLA S.A.C.,2026-03-06,195/0188730,ATN880,5.0,ARENA,14,45.4,45.85,644.19,,,YERBABUENA,MATERIALES,2026-06-30T22:23:48.845499Z
46592-1950188737,46592,VIRGEN DE ESTRELLA S.A.C.,2026-03-06,195/0188737,F3F817,1.0,ARENA,14,41.49,41.9,588.7,,,YERBABUENA,MATERIALES,2026-06-30T22:23:48.845533Z
46592-1950188692,46592,VIRGEN DE ESTRELLA S.A.C.,2026-03-06,195/0188692,F3F817,1.0,PIEDRA,2,40.78,40.78,588.46,,,YERBABUENA,MEIGGS,2026-06-30T22:23:48.846443Z
46592-1950188700,46592,VIRGEN DE ESTRELLA S.A.C.,2026-03-06,195/0188700,ATN880,5.0,PIEDRA,2,41.3,41.3,595.96,,,YERBABUENA,MEIGGS,2026-06-30T22:23:48.846472Z
46592-1950188702,46592,VIRGEN DE ESTRELLA S.A.C.,2026-03-06,195/0188702,BFI758,37.0,PIEDRA,2,38.09,38.09,549.64,,,YERBABUENA,MEIGGS,2026-06-30T22:23:48.846501Z
46592-1950188705,46592,VIRGEN DE ESTRELLA S.A.C.,2026-03-06,195/0188705,AWH708,33.0,PIEDRA,2,35.83,35.83,517.03,,,YERBABUENA,MEIGGS,2026-06-30T22:23:48.846529Z
46592-1950188679,46592,VIRGEN DE ESTRELLA S.A.C.,2026-03-06,195/0188679,BFI758,37.0,ARENA,14,37.97,38.35,553.39,,,YERBABUENA,MEIGGS,2026-06-30T22:23:48.846899Z
46592-1950188681,46592,VIRGEN DE ESTRELLA S.A.C.,2026-03-06,195/0188681,AWH708,33.0,ARENA,14,36.15,36.51,526.84,,,YERBABUENA,MEIGGS,2026-06-30T22:23:48.846927Z
46592-1950188688,46592,VIRGEN DE ESTRELLA S.A.C.,2026-03-06,195/0188688,D8D861,23.0,ARENA,14,38.43,38.81,560.03,,,YERBABUENA,MEIGGS,2026-06-30T22:23:48.846954Z
46592-1950188690,46592,VIRGEN DE ESTRELLA S.A.C.,2026-03-06,195/0188690,C9T788,20.0,ARENA,14,38.55,38.94,561.9,,,YERBABUENA,MEIGGS,2026-06-30T22:23:48.846983Z
46592-1950188691,46592,VIRGEN DE ESTRELLA S.A.C.,2026-03-06,195/0188691,AFX735,25.0,ARENA,14,35.0,35.0,505.05,,,YERBABUENA,MEIGGS,2026-06-30T22:23:48.847012Z
46592-1950188698,46592,VIRGEN DE ESTRELLA S.A.C.,2026-03-06,195/0188698,AHJ786,28.0,ARENA,14,38.98,38.98,562.48,,,YERBABUENA,MEIGGS,2026-06-30T22:23:48.847043Z
46592-1950188706,46592,VIRGEN DE ESTRELLA S.A.C.,2026-03-06,195/0188706,C9T788,20.0,ARENA,14,36.56,36.56,527.56,,,YERBABUENA,MEIGGS,2026-06-30T22:23:48.847072Z
46592-0010015187,46592,VIRGEN DE ESTRELLA S.A.C.,2026-03-06,001/0015187,AKE789,31.0,PIEDRA,2,36.12,37.2,230.27,,,SAN LORENZO,OQUENDO,2026-06-30T22:23:48.847463Z
46643-1910571451,46643,VIRGEN DE ESTRELLA S.A.C.,2026-03-07,191/0571451,C9W737,21.0,PIEDRA,2,35.19,35.19,479.64,,,JICAMARCA,EMBOLSADOS INS. Y SUM.,2026-06-30T22:21:50.878798Z
46643-1910571493,46643,VIRGEN DE ESTRELLA S.A.C.,2026-03-07,191/0571493,D8B795,22.0,PIEDRA,2,34.88,34.88,475.41,,,JICAMARCA,EMBOLSADOS INS. Y SUM.,2026-06-30T22:21:50.878833Z
46592-1910571506,46592,VIRGEN DE ESTRELLA S.A.C.,2026-03-07,191/0571506,C9W737,21.0,ARENA,14,31.74,35.87,339.3,,,JICAMARCA,ANCIETA,2026-06-30T22:23:48.844256Z
46592-1910571458,46592,VIRGEN DE ESTRELLA S.A.C.,2026-03-07,191/0571458,D8B795,22.0,PIEDRA,2,33.2,33.2,314.08,,,JICAMARCA,ANCIETA,2026-06-30T22:23:48.844447Z
46592-1910571536,46592,VIRGEN DE ESTRELLA S.A.C.,2026-03-07,191/0571536,C9W737,21.0,ARENA,14,32.36,34.19,323.47,,,JICAMARCA,BLOQUES ANCIETA INS. Y SUM.,2026-06-30T22:23:48.844594Z
46592-1910571524,46592,VIRGEN DE ESTRELLA S.A.C.,2026-03-07,191/0571524,D8B795,22.0,PIEDRA,2,32.53,32.53,307.74,,,JICAMARCA,BLOQUES ANCIETA INS. Y SUM.,2026-06-30T22:23:48.844670Z
46592-1950188787,46592,VIRGEN DE ESTRELLA S.A.C.,2026-03-07,195/0188787,AFX735,25.0,ARENA,14,38.37,38.75,521.96,,,YERBABUENA,OQUENDO,2026-06-30T22:23:48.844997Z
46592-1950188785,46592,VIRGEN DE ESTRELLA S.A.C.,2026-03-07,195/0188785,ATN880,5.0,PIEDRA,2,43.87,43.87,616.37,,,YERBABUENA,MATERIALES,2026-06-30T22:23:48.845254Z
46592-1950188760,46592,VIRGEN DE ESTRELLA S.A.C.,2026-03-07,195/0188760,AFX735,25.0,ARENA,14,33.79,34.13,479.53,,,YERBABUENA,MATERIALES,2026-06-30T22:23:48.845565Z
46592-1950188761,46592,VIRGEN DE ESTRELLA S.A.C.,2026-03-07,195/0188761,D8D861,23.0,ARENA,14,35.56,35.92,504.68,,,YERBABUENA,MATERIALES,2026-06-30T22:23:48.845601Z
46592-1950188780,46592,VIRGEN DE ESTRELLA S.A.C.,2026-03-07,195/0188780,AWH708,33.0,ARENA,14,38.81,39.2,550.76,,,YERBABUENA,MATERIALES,2026-06-30T22:23:48.845633Z
46592-1950188786,46592,VIRGEN DE ESTRELLA S.A.C.,2026-03-07,195/0188786,D8D861,23.0,ARENA,14,39.02,39.41,553.71,,,YERBABUENA,MATERIALES,2026-06-30T22:23:48.845665Z
46592-1950188750,46592,VIRGEN DE ESTRELLA S.A.C.,2026-03-07,195/0188750,C9T788,20.0,PIEDRA,2,37.48,37.48,540.84,,,YERBABUENA,MEIGGS,2026-06-30T22:23:48.846561Z
46592-1950188753,46592,VIRGEN DE ESTRELLA S.A.C.,2026-03-07,195/0188753,F3F817,1.0,PIEDRA,2,43.25,43.25,624.1,,,YERBABUENA,MEIGGS,2026-06-30T22:23:48.846590Z
46592-1950188758,46592,VIRGEN DE ESTRELLA S.A.C.,2026-03-07,195/0188758,BFI758,37.0,PIEDRA,2,36.81,36.81,531.17,,,YERBABUENA,MEIGGS,2026-06-30T22:23:48.846631Z
46592-1950188762,46592,VIRGEN DE ESTRELLA S.A.C.,2026-03-07,195/0188762,AWH708,33.0,ARENA,14,36.68,37.05,534.63,,,YERBABUENA,MEIGGS,2026-06-30T22:23:48.847100Z
46592-1950188764,46592,VIRGEN DE ESTRELLA S.A.C.,2026-03-07,195/0188764,ATN880,5.0,ARENA,14,40.03,40.43,583.4,,,YERBABUENA,MEIGGS,2026-06-30T22:23:48.847132Z
46592-1950188772,46592,VIRGEN DE ESTRELLA S.A.C.,2026-03-07,195/0188772,C9T788,20.0,ARENA,14,36.22,36.58,527.85,,,YERBABUENA,MEIGGS,2026-06-30T22:23:48.847165Z
46592-1950188778,46592,VIRGEN DE ESTRELLA S.A.C.,2026-03-07,195/0188778,F3F817,1.0,ARENA,14,41.51,41.93,605.05,,,YERBABUENA,MEIGGS,2026-06-30T22:23:48.847192Z
46592-1950188779,46592,VIRGEN DE ESTRELLA S.A.C.,2026-03-07,195/0188779,BFI758,37.0,ARENA,14,39.7,40.1,578.64,,,YERBABUENA,MEIGGS,2026-06-30T22:23:48.847220Z
46592-0010015199,46592,VIRGEN DE ESTRELLA S.A.C.,2026-03-07,001/0015199,AJC805,30.0,ARENA,14,34.42,38.21,208.24,,,SAN LORENZO,MEIGGS,2026-06-30T22:23:48.848956Z
46592-0010015200,46592,VIRGEN DE ESTRELLA S.A.C.,2026-03-07,001/0015200,D8E728,24.0,ARENA,14,32.5,36.07,196.58,,,SAN LORENZO,MEIGGS,2026-06-30T22:23:48.848983Z
46592-0010015201,46592,VIRGEN DE ESTRELLA S.A.C.,2026-03-07,001/0015201,AKE789,31.0,ARENA,14,32.54,36.12,196.85,,,SAN LORENZO,MEIGGS,2026-06-30T22:23:48.849009Z
46592-0010015203,46592,VIRGEN DE ESTRELLA S.A.C.,2026-03-07,001/0015203,AJC805,30.0,ARENA,14,32.46,36.03,196.36,,,SAN LORENZO,MEIGGS,2026-06-30T22:23:48.849038Z
46592-0010015205,46592,VIRGEN DE ESTRELLA S.A.C.,2026-03-07,001/0015205,AJC805,30.0,ARENA,14,33.73,37.44,204.05,,,SAN LORENZO,MEIGGS,2026-06-30T22:23:48.849065Z
46592-0010015206,46592,VIRGEN DE ESTRELLA S.A.C.,2026-03-07,001/0015206,D8E728,24.0,ARENA,14,32.32,35.87,195.49,,,SAN LORENZO,MEIGGS,2026-06-30T22:23:48.849092Z
46592-0010015207,46592,VIRGEN DE ESTRELLA S.A.C.,2026-03-07,001/0015207,AKE789,31.0,ARENA,14,32.95,36.57,199.31,,,SAN LORENZO,MEIGGS,2026-06-30T22:23:48.849121Z
46592-0010015208,46592,VIRGEN DE ESTRELLA S.A.C.,2026-03-07,001/0015208,AJA905,29.0,ARENA,14,32.52,36.1,196.75,,,SAN LORENZO,MEIGGS,2026-06-30T22:23:48.849148Z
46592-0010015210,46592,VIRGEN DE ESTRELLA S.A.C.,2026-03-07,001/0015210,AKE789,31.0,PIEDRA,2,34.67,35.36,192.71,,,SAN LORENZO,MEIGGS,2026-06-30T22:23:48.849708Z
46592-0010015211,46592,VIRGEN DE ESTRELLA S.A.C.,2026-03-07,001/0015211,AJC805,30.0,PIEDRA,2,36.19,36.91,201.16,,,SAN LORENZO,MEIGGS,2026-06-30T22:23:48.849732Z
46592-0010015212,46592,VIRGEN DE ESTRELLA S.A.C.,2026-03-07,001/0015212,D8E728,24.0,PIEDRA,2,34.06,34.74,189.33,,,SAN LORENZO,MEIGGS,2026-06-30T22:23:48.849755Z
46592-0010015213,46592,VIRGEN DE ESTRELLA S.A.C.,2026-03-07,001/0015213,AJA905,29.0,PIEDRA,2,33.99,34.67,188.95,,,SAN LORENZO,MEIGGS,2026-06-30T22:23:48.849779Z
46592-0010015215,46592,VIRGEN DE ESTRELLA S.A.C.,2026-03-07,001/0015215,AKE789,31.0,PIEDRA,2,35.11,35.81,195.16,,,SAN LORENZO,MEIGGS,2026-06-30T22:23:48.849803Z
46592-0010015217,46592,VIRGEN DE ESTRELLA S.A.C.,2026-03-07,001/0015217,AJC805,30.0,PIEDRA,2,36.44,37.17,202.58,,,SAN LORENZO,MEIGGS,2026-06-30T22:23:48.849827Z
46592-0010015218,46592,VIRGEN DE ESTRELLA S.A.C.,2026-03-07,001/0015218,D8E728,24.0,PIEDRA,2,35.09,35.09,191.24,,,SAN LORENZO,MEIGGS,2026-06-30T22:23:48.849953Z
46643-1910571577,46643,VIRGEN DE ESTRELLA S.A.C.,2026-03-09,191/0571577,D8B795,22.0,PIEDRA,2,34.42,34.42,492.55,,,JICAMARCA,EMBOLSADOS INS. Y SUM.,2026-06-30T22:21:50.878866Z
46643-1910571590,46643,VIRGEN DE ESTRELLA S.A.C.,2026-03-09,191/0571590,C9W737,21.0,PIEDRA,2,35.52,35.52,508.29,,,JICAMARCA,EMBOLSADOS INS. Y SUM.,2026-06-30T22:21:50.878895Z
46643-1910571626,46643,VIRGEN DE ESTRELLA S.A.C.,2026-03-09,191/0571626,D8B795,22.0,PIEDRA,2,36.68,36.68,524.89,,,JICAMARCA,EMBOLSADOS INS. Y SUM.,2026-06-30T22:21:50.878930Z
46643-1910571642,46643,VIRGEN DE ESTRELLA S.A.C.,2026-03-09,191/0571642,C9W737,21.0,PIEDRA,2,35.52,35.52,508.29,,,JICAMARCA,EMBOLSADOS INS. Y SUM.,2026-06-30T22:21:50.878962Z
46643-1910571559,46643,VIRGEN DE ESTRELLA S.A.C.,2026-03-09,191/0571559,C9W737,21.0,PIEDRA,2,36.16,36.16,608.6,,,JICAMARCA,SAN ANTONIO,2026-06-30T22:21:50.879744Z
46643-1950188811,46643,VIRGEN DE ESTRELLA S.A.C.,2026-03-09,195/0188811,ATN880,5.0,PIEDRA,2,42.31,42.31,641.0,,,YERBABUENA,MEIGGS,2026-06-30T22:21:50.880187Z
46643-1950188831,46643,VIRGEN DE ESTRELLA S.A.C.,2026-03-09,195/0188831,D8D861,23.0,PIEDRA,2,37.33,37.33,565.55,,,YERBABUENA,MEIGGS,2026-06-30T22:21:50.880215Z
46643-1950188834,46643,VIRGEN DE ESTRELLA S.A.C.,2026-03-09,195/0188834,CBR872,16.0,PIEDRA,2,36.7,36.7,556.01,,,YERBABUENA,MEIGGS,2026-06-30T22:21:50.880241Z
46643-1950188801,46643,VIRGEN DE ESTRELLA S.A.C.,2026-03-09,195/0188801,C9T788,20.0,ARENA,14,37.48,37.48,567.82,,,YERBABUENA,MEIGGS,2026-06-30T22:21:50.881168Z
46643-1950188802,46643,VIRGEN DE ESTRELLA S.A.C.,2026-03-09,195/0188802,D8D861,23.0,ARENA,14,40.8,40.8,618.12,,,YERBABUENA,MEIGGS,2026-06-30T22:21:50.881196Z
46643-1950188812,46643,VIRGEN DE ESTRELLA S.A.C.,2026-03-09,195/0188812,AFX735,25.0,ARENA,14,37.47,37.84,573.28,,,YERBABUENA,MEIGGS,2026-06-30T22:21:50.881226Z
46643-1950188813,46643,VIRGEN DE ESTRELLA S.A.C.,2026-03-09,195/0188813,AWH708,33.0,ARENA,14,38.5,38.88,589.03,,,YERBABUENA,MEIGGS,2026-06-30T22:21:50.881255Z
46643-1950188816,46643,VIRGEN DE ESTRELLA S.A.C.,2026-03-09,195/0188816,F3F817,1.0,ARENA,14,44.5,44.5,674.18,,,YERBABUENA,MEIGGS,2026-06-30T22:21:50.881282Z
46643-1950188817,46643,VIRGEN DE ESTRELLA S.A.C.,2026-03-09,195/0188817,AHJ786,28.0,ARENA,14,36.71,36.71,556.16,,,YERBABUENA,MEIGGS,2026-06-30T22:21:50.881311Z
46643-1950188824,46643,VIRGEN DE ESTRELLA S.A.C.,2026-03-09,195/0188824,C9T788,20.0,ARENA,14,35.53,35.53,538.28,,,YERBABUENA,MEIGGS,2026-06-30T22:21:50.881338Z
46643-1950188836,46643,VIRGEN DE ESTRELLA S.A.C.,2026-03-09,195/0188836,ATN880,5.0,ARENA,14,41.83,42.25,640.09,,,YERBABUENA,MEIGGS,2026-06-30T22:21:50.881365Z
46643-1950188837,46643,VIRGEN DE ESTRELLA S.A.C.,2026-03-09,195/0188837,AFX735,25.0,ARENA,14,34.98,34.98,529.95,,,YERBABUENA,MEIGGS,2026-06-30T22:21:50.881392Z
46643-1950188843,46643,VIRGEN DE ESTRELLA S.A.C.,2026-03-09,195/0188843,F3F817,1.0,ARENA,14,42.03,42.03,636.75,,,YERBABUENA,MEIGGS,2026-06-30T22:21:50.881419Z
46643-1950188844,46643,VIRGEN DE ESTRELLA S.A.C.,2026-03-09,195/0188844,AHJ786,28.0,ARENA,14,36.87,36.87,558.58,,,YERBABUENA,MEIGGS,2026-06-30T22:21:50.881448Z
46643-1950188850,46643,VIRGEN DE ESTRELLA S.A.C.,2026-03-09,195/0188850,C9T788,20.0,ARENA,14,38.56,38.56,584.18,,,YERBABUENA,MEIGGS,2026-06-30T22:21:50.881478Z
46643-1950188854,46643,VIRGEN DE ESTRELLA S.A.C.,2026-03-09,195/0188854,D8D861,23.0,ARENA,14,33.22,33.22,503.28,,,YERBABUENA,MEIGGS,2026-06-30T22:21:50.881507Z
46643-0010015220,46643,VIRGEN DE ESTRELLA S.A.C.,2026-03-09,001/0015220,AJA905,29.0,PIEDRA,2,34.75,35.45,202.77,,,SAN LORENZO,MEIGGS,2026-06-30T22:21:50.884190Z
46643-0010015221,46643,VIRGEN DE ESTRELLA S.A.C.,2026-03-09,001/0015221,AJC805,30.0,PIEDRA,2,34.9,35.6,203.63,,,SAN LORENZO,MEIGGS,2026-06-30T22:21:50.884216Z
46643-0010015223,46643,VIRGEN DE ESTRELLA S.A.C.,2026-03-09,001/0015223,D8E728,24.0,PIEDRA,2,33.41,34.08,194.94,,,SAN LORENZO,MEIGGS,2026-06-30T22:21:50.884238Z
46643-0010015225,46643,VIRGEN DE ESTRELLA S.A.C.,2026-03-09,001/0015225,AJA905,29.0,PIEDRA,2,34.75,35.44,202.72,,,SAN LORENZO,MEIGGS,2026-06-30T22:21:50.884260Z
46643-0010015227,46643,VIRGEN DE ESTRELLA S.A.C.,2026-03-09,001/0015227,AJC805,30.0,PIEDRA,2,34.79,35.49,203.0,,,SAN LORENZO,MEIGGS,2026-06-30T22:21:50.884283Z
46643-0010015229,46643,VIRGEN DE ESTRELLA S.A.C.,2026-03-09,001/0015229,AKE789,31.0,PIEDRA,2,34.62,35.31,201.97,,,SAN LORENZO,MEIGGS,2026-06-30T22:21:50.884305Z
46643-0010015228,46643,VIRGEN DE ESTRELLA S.A.C.,2026-03-09,001/0015228,AKE789,31.0,PIEDRA,2,33.59,33.59,192.13,,,SAN LORENZO,MEIGGS,2026-06-30T22:21:50.884672Z
46643-1910571674,46643,VIRGEN DE ESTRELLA S.A.C.,2026-03-10,191/0571674,BYP824,9.0,PIEDRA,2,40.04,40.04,478.88,,,JICAMARCA,SAN JUAN,2026-06-30T22:21:50.877813Z
46643-1910571694,46643,VIRGEN DE ESTRELLA S.A.C.,2026-03-10,191/0571694,BYP824,9.0,ARENA,14,36.09,40.42,483.42,,,JICAMARCA,SAN JUAN,2026-06-30T22:21:50.878059Z
46643-1910571650,46643,VIRGEN DE ESTRELLA S.A.C.,2026-03-10,191/0571650,BYP824,9.0,PIEDRA,2,39.94,39.94,396.64,,,JICAMARCA,ANCIETA,2026-06-30T22:21:50.878493Z
46643-1910571696,46643,VIRGEN DE ESTRELLA S.A.C.,2026-03-10,191/0571696,C9W737,21.0,PIEDRA,2,35.22,35.22,349.75,,,JICAMARCA,ANCIETA,2026-06-30T22:21:50.878614Z
46643-1910571719,46643,VIRGEN DE ESTRELLA S.A.C.,2026-03-10,191/0571719,BYP824,9.0,ARENA,14,35.35,39.59,554.22,,,JICAMARCA,VILLA 1,2026-06-30T22:21:50.878679Z
46643-1910571710,46643,VIRGEN DE ESTRELLA S.A.C.,2026-03-10,191/0571710,CBA709,43.0,PIEDRA,2,35.33,35.33,505.57,,,JICAMARCA,EMBOLSADOS INS. Y SUM.,2026-06-30T22:21:50.878994Z
46643-1910571662,46643,VIRGEN DE ESTRELLA S.A.C.,2026-03-10,191/0571662,C9W737,21.0,ARENA,14,31.18,34.92,587.73,,,JICAMARCA,SAN ANTONIO,2026-06-30T22:21:50.879211Z
46643-1950188912,46643,VIRGEN DE ESTRELLA S.A.C.,2026-03-10,195/0188912,CBR796,18.0,PIEDRA,2,43.0,43.0,634.25,,,YERBABUENA,MATERIALES,2026-06-30T22:21:50.880031Z
46643-1950188930,46643,VIRGEN DE ESTRELLA S.A.C.,2026-03-10,195/0188930,ATN880,5.0,PIEDRA,2,42.7,42.7,629.83,,,YERBABUENA,MATERIALES,2026-06-30T22:21:50.880065Z
46643-1950188898,46643,VIRGEN DE ESTRELLA S.A.C.,2026-03-10,195/0188898,ATN880,5.0,ARENA,14,44.36,44.8,660.8,,,YERBABUENA,MATERIALES,2026-06-30T22:21:50.880098Z
46643-1950188913,46643,VIRGEN DE ESTRELLA S.A.C.,2026-03-10,195/0188913,CBR854,14.0,ARENA,14,36.62,36.99,545.6,,,YERBABUENA,MATERIALES,2026-06-30T22:21:50.880128Z
46643-1950188869,46643,VIRGEN DE ESTRELLA S.A.C.,2026-03-10,195/0188869,F3F817,1.0,PIEDRA,2,44.45,44.45,673.42,,,YERBABUENA,MEIGGS,2026-06-30T22:21:50.880269Z
46643-1950188870,46643,VIRGEN DE ESTRELLA S.A.C.,2026-03-10,195/0188870,D8D861,23.0,PIEDRA,2,37.16,37.16,562.97,,,YERBABUENA,MEIGGS,2026-06-30T22:21:50.880298Z
46643-1950188877,46643,VIRGEN DE ESTRELLA S.A.C.,2026-03-10,195/0188877,CBR796,18.0,PIEDRA,2,41.09,41.09,622.51,,,YERBABUENA,MEIGGS,2026-06-30T22:21:50.880324Z
46643-1950188908,46643,VIRGEN DE ESTRELLA S.A.C.,2026-03-10,195/0188908,CBR872,16.0,PIEDRA,2,40.77,40.77,617.67,,,YERBABUENA,MEIGGS,2026-06-30T22:21:50.880355Z
46643-1950188910,46643,VIRGEN DE ESTRELLA S.A.C.,2026-03-10,195/0188910,BF1758,,PIEDRA,2,37.57,37.57,569.19,,,YERBABUENA,MEIGGS,2026-06-30T22:21:50.880436Z
46643-1950188911,46643,VIRGEN DE ESTRELLA S.A.C.,2026-03-10,195/0188911,F3F817,1.0,PIEDRA,2,41.31,41.31,625.85,,,YERBABUENA,MEIGGS,2026-06-30T22:21:50.880468Z
46643-1950188863,46643,VIRGEN DE ESTRELLA S.A.C.,2026-03-10,195/0188863,AWH708,33.0,ARENA,14,39.62,39.62,600.24,,,YERBABUENA,MEIGGS,2026-06-30T22:21:50.881536Z
46643-1950188868,46643,VIRGEN DE ESTRELLA S.A.C.,2026-03-10,195/0188868,BF1758,,ARENA,14,36.29,36.29,549.79,,,YERBABUENA,MEIGGS,2026-06-30T22:21:50.881573Z
46643-1950188876,46643,VIRGEN DE ESTRELLA S.A.C.,2026-03-10,195/0188876,CBR854,14.0,ARENA,14,34.46,34.46,522.07,,,YERBABUENA,MEIGGS,2026-06-30T22:21:50.881601Z
46643-1950188889,46643,VIRGEN DE ESTRELLA S.A.C.,2026-03-10,195/0188889,C9T788,20.0,ARENA,14,35.2,35.2,533.28,,,YERBABUENA,MEIGGS,2026-06-30T22:21:50.881628Z
46643-1950188902,46643,VIRGEN DE ESTRELLA S.A.C.,2026-03-10,195/0188902,AWH708,33.0,ARENA,14,36.44,36.44,552.07,,,YERBABUENA,MEIGGS,2026-06-30T22:21:50.881655Z
46643-1950188906,46643,VIRGEN DE ESTRELLA S.A.C.,2026-03-10,195/0188906,D8D861,23.0,ARENA,14,36.73,36.73,556.46,,,YERBABUENA,MEIGGS,2026-06-30T22:21:50.881681Z
46643-1950188909,46643,VIRGEN DE ESTRELLA S.A.C.,2026-03-10,195/0188909,CAZ895,42.0,ARENA,14,36.77,36.77,557.07,,,YERBABUENA,MEIGGS,2026-06-30T22:21:50.881714Z
46643-0010015239,46643,VIRGEN DE ESTRELLA S.A.C.,2026-03-10,001/0015239,D8E728,24.0,ARENA,14,32.39,36.6,240.46,,,SAN LORENZO,MATERIALES,2026-06-30T22:21:50.882736Z
46643-0010015240,46643,VIRGEN DE ESTRELLA S.A.C.,2026-03-10,001/0015240,AJC805,30.0,ARENA,14,33.31,37.64,247.29,,,SAN LORENZO,MATERIALES,2026-06-30T22:21:50.882766Z
46643-0010015241,46643,VIRGEN DE ESTRELLA S.A.C.,2026-03-10,001/0015241,AKE789,31.0,ARENA,14,32.23,36.42,239.28,,,SAN LORENZO,MATERIALES,2026-06-30T22:21:50.882793Z
46643-0010015242,46643,VIRGEN DE ESTRELLA S.A.C.,2026-03-10,001/0015242,AJA905,29.0,ARENA,14,31.83,35.97,236.32,,,SAN LORENZO,MATERIALES,2026-06-30T22:21:50.882823Z
46643-0010015249,46643,VIRGEN DE ESTRELLA S.A.C.,2026-03-10,001/0015249,D8E728,24.0,ARENA,14,33.19,37.5,246.38,,,SAN LORENZO,MATERIALES,2026-06-30T22:21:50.882849Z
46643-0010015251,46643,VIRGEN DE ESTRELLA S.A.C.,2026-03-10,001/0015251,AJA905,29.0,ARENA,14,33.19,37.5,246.38,,,SAN LORENZO,MATERIALES,2026-06-30T22:21:50.882874Z
46643-0010015255,46643,VIRGEN DE ESTRELLA S.A.C.,2026-03-10,001/0015255,AJC805,30.0,ARENA,14,33.19,37.5,246.38,,,SAN LORENZO,MATERIALES,2026-06-30T22:21:50.882900Z
46643-0010015257,46643,VIRGEN DE ESTRELLA S.A.C.,2026-03-10,001/0015257,AKE789,31.0,ARENA,14,33.19,37.5,246.38,,,SAN LORENZO,MATERIALES,2026-06-30T22:21:50.882928Z
46643-0010015252,46643,VIRGEN DE ESTRELLA S.A.C.,2026-03-10,001/0015252,AKE789,31.0,PIEDRA,2,35.13,35.13,200.94,,,SAN LORENZO,MEIGGS,2026-06-30T22:21:50.884700Z
46643-1910571777,46643,VIRGEN DE ESTRELLA S.A.C.,2026-03-11,191/0571777,BYP824,9.0,PIEDRA,2,40.5,40.5,402.18,,,JICAMARCA,ANCIETA,2026-06-30T22:21:50.878526Z
46643-1910571768,46643,VIRGEN DE ESTRELLA S.A.C.,2026-03-11,191/0571768,CHS718,45.0,ARENA,14,32.02,36.18,608.86,,,JICAMARCA,SAN ANTONIO,2026-06-30T22:21:50.879243Z
46643-1910571770,46643,VIRGEN DE ESTRELLA S.A.C.,2026-03-11,191/0571770,CCL847,44.0,ARENA,14,33.18,37.49,631.03,,,JICAMARCA,SAN ANTONIO,2026-06-30T22:21:50.879273Z
46643-1910571787,46643,VIRGEN DE ESTRELLA S.A.C.,2026-03-11,191/0571787,C9W737,21.0,ARENA,14,31.23,35.29,593.99,,,JICAMARCA,SAN ANTONIO,2026-06-30T22:21:50.879305Z
46643-1910571801,46643,VIRGEN DE ESTRELLA S.A.C.,2026-03-11,191/0571801,CBA709,43.0,ARENA,14,33.11,37.42,629.73,,,JICAMARCA,SAN ANTONIO,2026-06-30T22:21:50.879336Z
46643-1910571825,46643,VIRGEN DE ESTRELLA S.A.C.,2026-03-11,191/0571825,CCL847,44.0,ARENA,14,31.86,36.01,605.99,,,JICAMARCA,SAN ANTONIO,2026-06-30T22:21:50.879366Z
46643-1910571826,46643,VIRGEN DE ESTRELLA S.A.C.,2026-03-11,191/0571826,CHS718,45.0,ARENA,14,31.89,36.04,606.51,,,JICAMARCA,SAN ANTONIO,2026-06-30T22:21:50.879397Z
46643-1910571827,46643,VIRGEN DE ESTRELLA S.A.C.,2026-03-11,191/0571827,C9W737,21.0,ARENA,14,31.64,35.76,601.82,,,JICAMARCA,SAN ANTONIO,2026-06-30T22:21:50.879428Z
46643-1910571833,46643,VIRGEN DE ESTRELLA S.A.C.,2026-03-11,191/0571833,CBA709,43.0,ARENA,14,33.95,38.36,645.64,,,JICAMARCA,SAN ANTONIO,2026-06-30T22:21:50.879462Z
46643-1910571864,46643,VIRGEN DE ESTRELLA S.A.C.,2026-03-11,191/0571864,CHS718,45.0,ARENA,14,31.99,36.15,608.34,,,JICAMARCA,SAN ANTONIO,2026-06-30T22:21:50.879492Z
46643-1910571865,46643,VIRGEN DE ESTRELLA S.A.C.,2026-03-11,191/0571865,CCL847,44.0,ARENA,14,33.39,37.73,634.95,,,JICAMARCA,SAN ANTONIO,2026-06-30T22:21:50.879523Z
46643-1910571873,46643,VIRGEN DE ESTRELLA S.A.C.,2026-03-11,191/0571873,C9W737,21.0,ARENA,14,30.89,34.91,587.47,,,JICAMARCA,SAN ANTONIO,2026-06-30T22:21:50.879554Z
46643-1910571795,46643,VIRGEN DE ESTRELLA S.A.C.,2026-03-11,191/0571795,CBR846,12.0,PIEDRA,2,42.24,42.24,710.86,,,JICAMARCA,SAN ANTONIO,2026-06-30T22:21:50.879775Z
46643-1910571821,46643,VIRGEN DE ESTRELLA S.A.C.,2026-03-11,191/0571821,BYP824,9.0,PIEDRA,2,39.25,39.25,660.51,,,JICAMARCA,SAN ANTONIO,2026-06-30T22:21:50.879804Z
46643-1910571848,46643,VIRGEN DE ESTRELLA S.A.C.,2026-03-11,191/0571848,CBR846,12.0,PIEDRA,2,39.94,39.94,672.25,,,JICAMARCA,SAN ANTONIO,2026-06-30T22:21:50.879831Z
46643-1910571872,46643,VIRGEN DE ESTRELLA S.A.C.,2026-03-11,191/0571872,BYP824,9.0,PIEDRA,2,38.91,38.91,654.77,,,JICAMARCA,SAN ANTONIO,2026-06-30T22:21:50.879857Z
46643-1950188991,46643,VIRGEN DE ESTRELLA S.A.C.,2026-03-11,195/0188991,CBR796,18.0,PIEDRA,2,38.43,38.43,543.4,,,YERBABUENA,OQUENDO,2026-06-30T22:21:50.879969Z
46643-1950188943,46643,VIRGEN DE ESTRELLA S.A.C.,2026-03-11,195/0188943,AFX735,25.0,PIEDRA,2,37.16,37.16,562.97,,,YERBABUENA,MEIGGS,2026-06-30T22:21:50.880495Z
46643-1950188950,46643,VIRGEN DE ESTRELLA S.A.C.,2026-03-11,195/0188950,CBR854,14.0,PIEDRA,2,42.84,42.84,649.03,,,YERBABUENA,MEIGGS,2026-06-30T22:21:50.880520Z
46643-1950188966,46643,VIRGEN DE ESTRELLA S.A.C.,2026-03-11,195/0188966,CBR872,16.0,PIEDRA,2,35.74,35.74,541.46,,,YERBABUENA,MEIGGS,2026-06-30T22:21:50.880544Z
46643-1950189005,46643,VIRGEN DE ESTRELLA S.A.C.,2026-03-11,195/0189005,CBR872,16.0,PIEDRA,2,39.36,39.36,596.3,,,YERBABUENA,MEIGGS,2026-06-30T22:21:50.880568Z
46643-1950188965,46643,VIRGEN DE ESTRELLA S.A.C.,2026-03-11,195/0188965,C9T788,20.0,ARENA,14,35.79,35.79,542.22,,,YERBABUENA,MEIGGS,2026-06-30T22:21:50.881742Z
46643-1950188967,46643,VIRGEN DE ESTRELLA S.A.C.,2026-03-11,195/0188967,F3F817,1.0,ARENA,14,44.3,44.3,671.15,,,YERBABUENA,MEIGGS,2026-06-30T22:21:50.881769Z
46643-1950188968,46643,VIRGEN DE ESTRELLA S.A.C.,2026-03-11,195/0188968,AWH708,33.0,ARENA,14,36.65,36.65,555.25,,,YERBABUENA,MEIGGS,2026-06-30T22:21:50.881799Z
46643-1950188971,46643,VIRGEN DE ESTRELLA S.A.C.,2026-03-11,195/0188971,ATN880,5.0,ARENA,14,45.07,45.07,682.81,,,YERBABUENA,MEIGGS,2026-06-30T22:21:50.881828Z
46643-1950188987,46643,VIRGEN DE ESTRELLA S.A.C.,2026-03-11,195/0188987,CBR854,14.0,ARENA,14,41.14,41.14,623.27,,,YERBABUENA,MEIGGS,2026-06-30T22:21:50.881854Z
46643-1950188990,46643,VIRGEN DE ESTRELLA S.A.C.,2026-03-11,195/0188990,AFX735,25.0,ARENA,14,37.29,37.29,564.94,,,YERBABUENA,MEIGGS,2026-06-30T22:21:50.881880Z
46643-1950188997,46643,VIRGEN DE ESTRELLA S.A.C.,2026-03-11,195/0188997,BF1758,,ARENA,14,39.46,39.46,597.82,,,YERBABUENA,MEIGGS,2026-06-30T22:21:50.881916Z
46643-1950189002,46643,VIRGEN DE ESTRELLA S.A.C.,2026-03-11,195/0189002,C9T788,20.0,ARENA,14,35.22,35.22,533.58,,,YERBABUENA,MEIGGS,2026-06-30T22:21:50.881942Z
46643-1950189003,46643,VIRGEN DE ESTRELLA S.A.C.,2026-03-11,195/0189003,AWH708,33.0,ARENA,14,36.97,36.97,560.1,,,YERBABUENA,MEIGGS,2026-06-30T22:21:50.881969Z
46643-1950189011,46643,VIRGEN DE ESTRELLA S.A.C.,2026-03-11,195/0189011,ATN880,5.0,ARENA,14,42.32,42.32,641.15,,,YERBABUENA,MEIGGS,2026-06-30T22:21:50.881995Z
46643-1950189013,46643,VIRGEN DE ESTRELLA S.A.C.,2026-03-11,195/0189013,F3F817,1.0,ARENA,14,40.77,40.77,617.67,,,YERBABUENA,MEIGGS,2026-06-30T22:21:50.882023Z
46643-0010015268,46643,VIRGEN DE ESTRELLA S.A.C.,2026-03-11,001/0015268,BFI758,37.0,ARENA,14,35.19,39.77,261.29,,,SAN LORENZO,MATERIALES,2026-06-30T22:21:50.882956Z
46643-0010015269,46643,VIRGEN DE ESTRELLA S.A.C.,2026-03-11,001/0015269,AJA905,29.0,ARENA,14,32.17,36.35,238.82,,,SAN LORENZO,MATERIALES,2026-06-30T22:21:50.882982Z
46643-0010015271,46643,VIRGEN DE ESTRELLA S.A.C.,2026-03-11,001/0015271,D8E728,24.0,ARENA,14,32.68,36.93,242.63,,,SAN LORENZO,MATERIALES,2026-06-30T22:21:50.883007Z
46643-0010015272,46643,VIRGEN DE ESTRELLA S.A.C.,2026-03-11,001/0015272,CBR796,18.0,ARENA,14,33.65,38.02,249.79,,,SAN LORENZO,MATERIALES,2026-06-30T22:21:50.883034Z
46643-0010015273,46643,VIRGEN DE ESTRELLA S.A.C.,2026-03-11,001/0015273,AJC805,30.0,ARENA,14,33.81,38.21,251.04,,,SAN LORENZO,MATERIALES,2026-06-30T22:21:50.883060Z
46643-0010015274,46643,VIRGEN DE ESTRELLA S.A.C.,2026-03-11,001/0015274,AKE789,31.0,ARENA,14,32.3,36.5,239.81,,,SAN LORENZO,MATERIALES,2026-06-30T22:21:50.883085Z
46643-0010015275,46643,VIRGEN DE ESTRELLA S.A.C.,2026-03-11,001/0015275,D8D861,23.0,ARENA,14,32.15,36.33,238.69,,,SAN LORENZO,MATERIALES,2026-06-30T22:21:50.883111Z
46643-0010015283,46643,VIRGEN DE ESTRELLA S.A.C.,2026-03-11,001/0015283,ABN852,27.0,ARENA,14,33.88,38.29,251.57,,,SAN LORENZO,MATERIALES,2026-06-30T22:21:50.883138Z
46643-0010015291,46643,VIRGEN DE ESTRELLA S.A.C.,2026-03-11,001/0015291,D8D861,23.0,ARENA,14,32.17,36.35,238.82,,,SAN LORENZO,MATERIALES,2026-06-30T22:21:50.883165Z
46643-0010015266,46643,VIRGEN DE ESTRELLA S.A.C.,2026-03-11,001/0015266,CAZ895,42.0,ARENA,14,34.34,37.77,216.04,,,SAN LORENZO,MEIGGS,2026-06-30T22:21:50.883296Z
46643-0010015267,46643,VIRGEN DE ESTRELLA S.A.C.,2026-03-11,001/0015267,ABN852,27.0,ARENA,14,35.21,38.73,221.54,,,SAN LORENZO,MEIGGS,2026-06-30T22:21:50.883321Z
46643-0010015282,46643,VIRGEN DE ESTRELLA S.A.C.,2026-03-11,001/0015282,CAZ895,42.0,ARENA,14,34.73,38.2,218.5,,,SAN LORENZO,MEIGGS,2026-06-30T22:21:50.883347Z
46643-0010015290,46643,VIRGEN DE ESTRELLA S.A.C.,2026-03-11,001/0015290,D8E728,24.0,ARENA,14,31.24,34.36,196.54,,,SAN LORENZO,MEIGGS,2026-06-30T22:21:50.883375Z
46643-0010015292,46643,VIRGEN DE ESTRELLA S.A.C.,2026-03-11,001/0015292,CAZ895,42.0,ARENA,14,34.72,38.19,218.45,,,SAN LORENZO,MEIGGS,2026-06-30T22:21:50.883401Z
46643-0010015293,46643,VIRGEN DE ESTRELLA S.A.C.,2026-03-11,001/0015293,AKE789,31.0,ARENA,14,34.5,37.95,217.07,,,SAN LORENZO,MEIGGS,2026-06-30T22:21:50.883426Z
46643-0010015294,46643,VIRGEN DE ESTRELLA S.A.C.,2026-03-11,001/0015294,AJC805,30.0,ARENA,14,35.2,38.72,221.48,,,SAN LORENZO,MEIGGS,2026-06-30T22:21:50.883454Z
46643-0010015299,46643,VIRGEN DE ESTRELLA S.A.C.,2026-03-11,001/0015299,ABN852,27.0,ARENA,14,35.25,38.77,221.76,,,SAN LORENZO,MEIGGS,2026-06-30T22:21:50.883481Z
46643-0010015303,46643,VIRGEN DE ESTRELLA S.A.C.,2026-03-11,001/0015303,CAZ895,42.0,ARENA,14,35.04,38.54,220.45,,,SAN LORENZO,MEIGGS,2026-06-30T22:21:50.883509Z
46643-0010015305,46643,VIRGEN DE ESTRELLA S.A.C.,2026-03-11,001/0015305,AJC805,30.0,ARENA,14,33.92,37.31,213.41,,,SAN LORENZO,MEIGGS,2026-06-30T22:21:50.883533Z
46643-0010015297,46643,VIRGEN DE ESTRELLA S.A.C.,2026-03-11,001/0015297,AJA905,29.0,PIEDRA,2,33.43,34.1,195.05,,,SAN LORENZO,MEIGGS,2026-06-30T22:21:50.884326Z
46643-0010015307,46643,VIRGEN DE ESTRELLA S.A.C.,2026-03-11,001/0015307,AKE789,31.0,PIEDRA,2,34.33,35.02,200.31,,,SAN LORENZO,MEIGGS,2026-06-30T22:21:50.884348Z
46643-0010015311,46643,VIRGEN DE ESTRELLA S.A.C.,2026-03-11,001/0015311,D8D861,23.0,PIEDRA,2,34.93,35.63,203.8,,,SAN LORENZO,MEIGGS,2026-06-30T22:21:50.884370Z
46643-0010015314,46643,VIRGEN DE ESTRELLA S.A.C.,2026-03-11,001/0015314,AJA905,29.0,PIEDRA,2,34.65,35.34,202.14,,,SAN LORENZO,MEIGGS,2026-06-30T22:21:50.884392Z
46643-0010015315,46643,VIRGEN DE ESTRELLA S.A.C.,2026-03-11,001/0015315,AKE789,31.0,PIEDRA,2,33.87,34.55,197.63,,,SAN LORENZO,MEIGGS,2026-06-30T22:21:50.884413Z
46643-0010015306,46643,VIRGEN DE ESTRELLA S.A.C.,2026-03-11,001/0015306,AJC805,30.0,PIEDRA,2,34.96,34.96,199.97,,,SAN LORENZO,MEIGGS,2026-06-30T22:21:50.884723Z
46643-1910572004,46643,VIRGEN DE ESTRELLA S.A.C.,2026-03-12,191/0572004,C9W737,21.0,PIEDRA,2,32.73,32.73,391.45,,,JICAMARCA,SAN JUAN,2026-06-30T22:21:50.877725Z
46643-1910571964,46643,VIRGEN DE ESTRELLA S.A.C.,2026-03-12,191/0571964,CBR846,12.0,PIEDRA,2,40.67,40.67,486.41,,,JICAMARCA,SAN JUAN,2026-06-30T22:21:50.877864Z
46643-1910572047,46643,VIRGEN DE ESTRELLA S.A.C.,2026-03-12,191/0572047,CHS718,45.0,PIEDRA,2,35.94,35.94,429.84,,,JICAMARCA,SAN JUAN,2026-06-30T22:21:50.877906Z
46643-1910572051,46643,VIRGEN DE ESTRELLA S.A.C.,2026-03-12,191/0572051,CCL847,44.0,PIEDRA,2,33.31,33.31,398.39,,,JICAMARCA,SAN JUAN,2026-06-30T22:21:50.877944Z
46643-1910572000,46643,VIRGEN DE ESTRELLA S.A.C.,2026-03-12,191/0572000,CBA709,43.0,ARENA,14,31.47,35.25,421.59,,,JICAMARCA,SAN JUAN,2026-06-30T22:21:50.878095Z
46643-1910572012,46643,VIRGEN DE ESTRELLA S.A.C.,2026-03-12,191/0572012,CBR846,12.0,ARENA,14,37.12,41.94,416.49,,,JICAMARCA,ANCIETA,2026-06-30T22:21:50.878306Z
46643-1910572043,46643,VIRGEN DE ESTRELLA S.A.C.,2026-03-12,191/0572043,CBR846,12.0,ARENA,14,35.48,38.67,462.11,,,JICAMARCA,COLLIQUE,2026-06-30T22:21:50.878646Z
46643-1910571989,46643,VIRGEN DE ESTRELLA S.A.C.,2026-03-12,191/0571989,CHS718,45.0,ARENA,14,32.95,36.58,512.12,,,JICAMARCA,VILLA 1,2026-06-30T22:21:50.878729Z
46643-1910571981,46643,VIRGEN DE ESTRELLA S.A.C.,2026-03-12,191/0571981,CCL847,44.0,PIEDRA,2,35.89,35.89,513.59,,,JICAMARCA,EMBOLSADOS INS. Y SUM.,2026-06-30T22:21:50.879027Z
46643-1910571921,46643,VIRGEN DE ESTRELLA S.A.C.,2026-03-12,191/0571921,CCL847,44.0,ARENA,14,32.87,37.14,625.03,,,JICAMARCA,SAN ANTONIO,2026-06-30T22:21:50.879586Z
46643-1910571922,46643,VIRGEN DE ESTRELLA S.A.C.,2026-03-12,191/0571922,CHS718,45.0,ARENA,14,31.75,35.88,603.9,,,JICAMARCA,SAN ANTONIO,2026-06-30T22:21:50.879617Z
46643-1910571944,46643,VIRGEN DE ESTRELLA S.A.C.,2026-03-12,191/0571944,C9W737,21.0,ARENA,14,30.92,34.94,587.99,,,JICAMARCA,SAN ANTONIO,2026-06-30T22:21:50.879648Z
46643-1910571962,46643,VIRGEN DE ESTRELLA S.A.C.,2026-03-12,191/0571962,CBA709,43.0,ARENA,14,32.66,36.91,621.12,,,JICAMARCA,SAN ANTONIO,2026-06-30T22:21:50.879678Z
46643-1950189063,46643,VIRGEN DE ESTRELLA S.A.C.,2026-03-12,195/0189063,ATN880,5.0,ARENA,14,38.37,38.75,547.93,,,YERBABUENA,OQUENDO,2026-06-30T22:21:50.880000Z
46643-1950189062,46643,VIRGEN DE ESTRELLA S.A.C.,2026-03-12,195/0189062,CAZ895,42.0,PIEDRA,2,37.32,37.32,565.4,,,YERBABUENA,MEIGGS,2026-06-30T22:21:50.880156Z
46643-1950189036,46643,VIRGEN DE ESTRELLA S.A.C.,2026-03-12,195/0189036,AFX735,25.0,PIEDRA,2,37.29,37.29,564.94,,,YERBABUENA,MEIGGS,2026-06-30T22:21:50.880593Z
46643-1950189039,46643,VIRGEN DE ESTRELLA S.A.C.,2026-03-12,195/0189039,D8D861,23.0,PIEDRA,2,37.39,37.39,566.46,,,YERBABUENA,MEIGGS,2026-06-30T22:21:50.880618Z
46643-1950189041,46643,VIRGEN DE ESTRELLA S.A.C.,2026-03-12,195/0189041,CBR854,14.0,PIEDRA,2,42.74,42.74,647.51,,,YERBABUENA,MEIGGS,2026-06-30T22:21:50.880644Z
46643-1950189043,46643,VIRGEN DE ESTRELLA S.A.C.,2026-03-12,195/0189043,AWH708,33.0,PIEDRA,2,38.15,38.15,577.97,,,YERBABUENA,MEIGGS,2026-06-30T22:21:50.880671Z
46643-1950189048,46643,VIRGEN DE ESTRELLA S.A.C.,2026-03-12,195/0189048,F3F817,1.0,PIEDRA,2,44.36,44.36,672.05,,,YERBABUENA,MEIGGS,2026-06-30T22:21:50.880705Z
46643-1950189054,46643,VIRGEN DE ESTRELLA S.A.C.,2026-03-12,195/0189054,CBR872,16.0,PIEDRA,2,42.96,42.96,650.84,,,YERBABUENA,MEIGGS,2026-06-30T22:21:50.880731Z
46643-1950189055,46643,VIRGEN DE ESTRELLA S.A.C.,2026-03-12,195/0189055,CBR796,18.0,PIEDRA,2,40.88,40.88,619.33,,,YERBABUENA,MEIGGS,2026-06-30T22:21:50.880756Z
46643-0010015331,46643,VIRGEN DE ESTRELLA S.A.C.,2026-03-12,001/0015331,BAE736,35.0,ARENA,14,35.16,39.73,261.03,,,SAN LORENZO,MATERIALES,2026-06-30T22:21:50.883194Z
46643-0010015332,46643,VIRGEN DE ESTRELLA S.A.C.,2026-03-12,001/0015332,ABN852,27.0,ARENA,14,32.26,36.45,239.48,,,SAN LORENZO,MATERIALES,2026-06-30T22:21:50.883220Z
46643-0010015333,46643,VIRGEN DE ESTRELLA S.A.C.,2026-03-12,001/0015333,AJC805,30.0,ARENA,14,33.61,37.98,249.53,,,SAN LORENZO,MATERIALES,2026-06-30T22:21:50.883245Z
46643-0010015334,46643,VIRGEN DE ESTRELLA S.A.C.,2026-03-12,001/0015334,D8E728,24.0,ARENA,14,32.2,36.39,239.08,,,SAN LORENZO,MATERIALES,2026-06-30T22:21:50.883270Z
46643-0010015319,46643,VIRGEN DE ESTRELLA S.A.C.,2026-03-12,001/0015319,BAE736,35.0,ARENA,14,35.01,38.51,220.28,,,SAN LORENZO,MEIGGS,2026-06-30T22:21:50.883560Z
46643-0010015320,46643,VIRGEN DE ESTRELLA S.A.C.,2026-03-12,001/0015320,BFI758,37.0,ARENA,14,35.61,39.17,224.05,,,SAN LORENZO,MEIGGS,2026-06-30T22:21:50.883583Z
46643-0010015321,46643,VIRGEN DE ESTRELLA S.A.C.,2026-03-12,001/0015321,AJA905,29.0,ARENA,14,32.73,36.0,205.92,,,SAN LORENZO,MEIGGS,2026-06-30T22:21:50.883607Z
46643-0010015322,46643,VIRGEN DE ESTRELLA S.A.C.,2026-03-12,001/0015322,AJC805,30.0,ARENA,14,33.38,36.72,210.04,,,SAN LORENZO,MEIGGS,2026-06-30T22:21:50.883637Z
46643-0010015323,46643,VIRGEN DE ESTRELLA S.A.C.,2026-03-12,001/0015323,D8E728,24.0,ARENA,14,32.32,35.55,203.35,,,SAN LORENZO,MEIGGS,2026-06-30T22:21:50.883664Z
46643-0010015326,46643,VIRGEN DE ESTRELLA S.A.C.,2026-03-12,001/0015326,AKE789,31.0,ARENA,14,33.55,36.91,211.13,,,SAN LORENZO,MEIGGS,2026-06-30T22:21:50.883695Z
46643-0010015328,46643,VIRGEN DE ESTRELLA S.A.C.,2026-03-12,001/0015328,AWH708,33.0,ARENA,14,33.38,36.72,210.04,,,SAN LORENZO,MEIGGS,2026-06-30T22:21:50.883723Z
46643-0010015329,46643,VIRGEN DE ESTRELLA S.A.C.,2026-03-12,001/0015329,D8D861,23.0,ARENA,14,34.32,37.75,215.93,,,SAN LORENZO,MEIGGS,2026-06-30T22:21:50.883747Z
46643-0010015330,46643,VIRGEN DE ESTRELLA S.A.C.,2026-03-12,001/0015330,BFI758,37.0,ARENA,14,36.26,39.89,228.17,,,SAN LORENZO,MEIGGS,2026-06-30T22:21:50.883773Z
46643-0010015335,46643,VIRGEN DE ESTRELLA S.A.C.,2026-03-12,001/0015335,AKE789,31.0,ARENA,14,33.92,37.31,213.41,,,SAN LORENZO,MEIGGS,2026-06-30T22:21:50.883798Z
46643-0010015343,46643,VIRGEN DE ESTRELLA S.A.C.,2026-03-12,001/0015343,AKE789,31.0,PIEDRA,2,32.6,33.25,190.19,,,SAN LORENZO,MEIGGS,2026-06-30T22:21:50.884437Z
46643-0010015344,46643,VIRGEN DE ESTRELLA S.A.C.,2026-03-12,001/0015344,D8E728,24.0,PIEDRA,2,32.16,32.8,187.62,,,SAN LORENZO,MEIGGS,2026-06-30T22:21:50.884460Z
46643-0010015345,46643,VIRGEN DE ESTRELLA S.A.C.,2026-03-12,001/0015345,BAE736,35.0,PIEDRA,2,34.14,34.82,199.17,,,SAN LORENZO,MEIGGS,2026-06-30T22:21:50.884482Z
46643-0010015346,46643,VIRGEN DE ESTRELLA S.A.C.,2026-03-12,001/0015346,AJA905,29.0,PIEDRA,2,33.38,34.05,194.77,,,SAN LORENZO,MEIGGS,2026-06-30T22:21:50.884506Z
46643-0010015347,46643,VIRGEN DE ESTRELLA S.A.C.,2026-03-12,001/0015347,AJC805,30.0,PIEDRA,2,34.1,34.78,198.94,,,SAN LORENZO,MEIGGS,2026-06-30T22:21:50.884533Z
46643-0010015353,46643,VIRGEN DE ESTRELLA S.A.C.,2026-03-12,001/0015353,AJA905,29.0,PIEDRA,2,32.37,33.02,188.87,,,SAN LORENZO,MEIGGS,2026-06-30T22:21:50.884556Z
46643-0010015340,46643,VIRGEN DE ESTRELLA S.A.C.,2026-03-12,001/0015340,BFI758,37.0,PIEDRA,2,35.42,35.42,202.6,,,SAN LORENZO,MEIGGS,2026-06-30T22:21:50.884743Z
46643-1910572267,46643,VIRGEN DE ESTRELLA S.A.C.,2026-03-13,191/0572267,BYP824,9.0,PIEDRA,2,39.97,39.97,478.04,,,JICAMARCA,SAN JUAN,2026-06-30T22:21:50.877982Z
46643-1910572137,46643,VIRGEN DE ESTRELLA S.A.C.,2026-03-13,191/0572137,C9W737,21.0,ARENA,14,32.46,36.36,434.87,,,JICAMARCA,SAN JUAN,2026-06-30T22:21:50.878133Z
46643-1910572155,46643,VIRGEN DE ESTRELLA S.A.C.,2026-03-13,191/0572155,CHS718,45.0,ARENA,14,32.22,36.09,431.64,,,JICAMARCA,SAN JUAN,2026-06-30T22:21:50.878169Z
46643-1910572156,46643,VIRGEN DE ESTRELLA S.A.C.,2026-03-13,191/0572156,CCL847,44.0,ARENA,14,30.79,34.49,412.5,,,JICAMARCA,SAN JUAN,2026-06-30T22:21:50.878202Z
46643-1910572213,46643,VIRGEN DE ESTRELLA S.A.C.,2026-03-13,191/0572213,BYP824,9.0,ARENA,14,35.85,40.15,480.19,,,JICAMARCA,SAN JUAN,2026-06-30T22:21:50.878235Z
46643-1910572136,46643,VIRGEN DE ESTRELLA S.A.C.,2026-03-13,191/0572136,CHS718,45.0,ARENA,14,32.06,36.22,359.7,,,JICAMARCA,ANCIETA,2026-06-30T22:21:50.878340Z
46643-1910572143,46643,VIRGEN DE ESTRELLA S.A.C.,2026-03-13,191/0572143,CCL847,44.0,ARENA,14,31.59,35.7,354.5,,,JICAMARCA,ANCIETA,2026-06-30T22:21:50.878389Z
46643-1910572168,46643,VIRGEN DE ESTRELLA S.A.C.,2026-03-13,191/0572168,CBA709,43.0,ARENA,14,32.29,36.49,362.32,,,JICAMARCA,ANCIETA,2026-06-30T22:21:50.878423Z
46643-1910572172,46643,VIRGEN DE ESTRELLA S.A.C.,2026-03-13,191/0572172,BYP824,9.0,ARENA,14,35.25,39.84,395.56,,,JICAMARCA,ANCIETA,2026-06-30T22:21:50.878457Z
46643-1910572163,46643,VIRGEN DE ESTRELLA S.A.C.,2026-03-13,191/0572163,BYP824,9.0,PIEDRA,2,40.36,40.36,400.79,,,JICAMARCA,ANCIETA,2026-06-30T22:21:50.878554Z
46643-1910572234,46643,VIRGEN DE ESTRELLA S.A.C.,2026-03-13,191/0572234,CCL847,44.0,ARENA,14,29.88,33.46,468.5,,,JICAMARCA,VILLA 1,2026-06-30T22:21:50.878761Z
46643-1910572206,46643,VIRGEN DE ESTRELLA S.A.C.,2026-03-13,191/0572206,CBA709,43.0,PIEDRA,2,35.42,35.42,506.86,,,JICAMARCA,EMBOLSADOS INS. Y SUM.,2026-06-30T22:21:50.879056Z
46643-1910572208,46643,VIRGEN DE ESTRELLA S.A.C.,2026-03-13,191/0572208,CHS718,45.0,PIEDRA,2,35.74,35.74,511.44,,,JICAMARCA,EMBOLSADOS INS. Y SUM.,2026-06-30T22:21:50.879085Z
46643-1950189140,46643,VIRGEN DE ESTRELLA S.A.C.,2026-03-13,195/0189140,CBR872,16.0,PIEDRA,2,42.45,42.45,643.12,,,YERBABUENA,MEIGGS,2026-06-30T22:21:50.880790Z
46643-1950189142,46643,VIRGEN DE ESTRELLA S.A.C.,2026-03-13,195/0189142,CBR846,12.0,PIEDRA,2,42.73,42.73,647.36,,,YERBABUENA,MEIGGS,2026-06-30T22:21:50.880816Z
46643-1950189144,46643,VIRGEN DE ESTRELLA S.A.C.,2026-03-13,195/0189144,CBR796,18.0,PIEDRA,2,37.39,37.39,566.46,,,YERBABUENA,MEIGGS,2026-06-30T22:21:50.880841Z
46643-1950189197,46643,VIRGEN DE ESTRELLA S.A.C.,2026-03-13,195/0189197,CAZ895,42.0,PIEDRA,2,38.43,38.43,582.21,,,YERBABUENA,MEIGGS,2026-06-30T22:21:50.880867Z
46643-1950189198,46643,VIRGEN DE ESTRELLA S.A.C.,2026-03-13,195/0189198,CBR796,18.0,PIEDRA,2,39.0,39.0,590.85,,,YERBABUENA,MEIGGS,2026-06-30T22:21:50.880893Z
46643-1950189199,46643,VIRGEN DE ESTRELLA S.A.C.,2026-03-13,195/0189199,CBR846,12.0,PIEDRA,2,42.1,42.1,637.82,,,YERBABUENA,MEIGGS,2026-06-30T22:21:50.880918Z
46643-1950189200,46643,VIRGEN DE ESTRELLA S.A.C.,2026-03-13,195/0189200,CBR872,16.0,PIEDRA,2,43.37,43.37,657.06,,,YERBABUENA,MEIGGS,2026-06-30T22:21:50.880947Z
46643-1950189136,46643,VIRGEN DE ESTRELLA S.A.C.,2026-03-13,195/0189136,CBR854,14.0,ARENA,14,41.73,41.73,632.21,,,YERBABUENA,MEIGGS,2026-06-30T22:21:50.882050Z
46643-1950189137,46643,VIRGEN DE ESTRELLA S.A.C.,2026-03-13,195/0189137,AWH708,33.0,ARENA,14,39.74,39.74,602.06,,,YERBABUENA,MEIGGS,2026-06-30T22:21:50.882080Z
46643-1950189138,46643,VIRGEN DE ESTRELLA S.A.C.,2026-03-13,195/0189138,F3F817,1.0,ARENA,14,40.7,40.7,616.61,,,YERBABUENA,MEIGGS,2026-06-30T22:21:50.882108Z
46643-1950189139,46643,VIRGEN DE ESTRELLA S.A.C.,2026-03-13,195/0189139,CAZ895,42.0,ARENA,14,37.87,37.87,573.73,,,YERBABUENA,MEIGGS,2026-06-30T22:21:50.882134Z
46643-1950189141,46643,VIRGEN DE ESTRELLA S.A.C.,2026-03-13,195/0189141,C9T788,20.0,ARENA,14,38.12,38.12,577.52,,,YERBABUENA,MEIGGS,2026-06-30T22:21:50.882162Z
46643-1950189143,46643,VIRGEN DE ESTRELLA S.A.C.,2026-03-13,195/0189143,D8D861,23.0,ARENA,14,38.01,38.01,575.85,,,YERBABUENA,MEIGGS,2026-06-30T22:21:50.882191Z
46643-1950189145,46643,VIRGEN DE ESTRELLA S.A.C.,2026-03-13,195/0189145,BFI758,37.0,ARENA,14,43.06,43.06,652.36,,,YERBABUENA,MEIGGS,2026-06-30T22:21:50.882220Z
46643-1950189152,46643,VIRGEN DE ESTRELLA S.A.C.,2026-03-13,195/0189152,AHJ786,28.0,ARENA,14,35.87,35.87,543.43,,,YERBABUENA,MEIGGS,2026-06-30T22:21:50.882246Z
46643-1950189153,46643,VIRGEN DE ESTRELLA S.A.C.,2026-03-13,195/0189153,ATN880,5.0,ARENA,14,37.26,37.26,564.49,,,YERBABUENA,MEIGGS,2026-06-30T22:21:50.882272Z
46643-1950189156,46643,VIRGEN DE ESTRELLA S.A.C.,2026-03-13,195/0189156,AFX735,25.0,ARENA,14,33.92,33.92,513.89,,,YERBABUENA,MEIGGS,2026-06-30T22:21:50.882299Z
46643-1950189162,46643,VIRGEN DE ESTRELLA S.A.C.,2026-03-13,195/0189162,BAE736,35.0,ARENA,14,42.19,42.19,639.18,,,YERBABUENA,MEIGGS,2026-06-30T22:21:50.882326Z
46643-1950189176,46643,VIRGEN DE ESTRELLA S.A.C.,2026-03-13,195/0189176,CBR854,14.0,ARENA,14,40.9,40.9,619.64,,,YERBABUENA,MEIGGS,2026-06-30T22:21:50.882360Z
46643-1950189194,46643,VIRGEN DE ESTRELLA S.A.C.,2026-03-13,195/0189194,D8D861,23.0,ARENA,14,34.54,34.54,523.28,,,YERBABUENA,MEIGGS,2026-06-30T22:21:50.882387Z
46643-1950189195,46643,VIRGEN DE ESTRELLA S.A.C.,2026-03-13,195/0189195,AHJ786,28.0,ARENA,14,35.84,35.84,542.98,,,YERBABUENA,MEIGGS,2026-06-30T22:21:50.882413Z
46643-1950189196,46643,VIRGEN DE ESTRELLA S.A.C.,2026-03-13,195/0189196,AWH708,33.0,ARENA,14,35.59,35.59,539.19,,,YERBABUENA,MEIGGS,2026-06-30T22:21:50.882440Z
46643-1950189203,46643,VIRGEN DE ESTRELLA S.A.C.,2026-03-13,195/0189203,ATN880,5.0,ARENA,14,43.75,43.75,662.81,,,YERBABUENA,MEIGGS,2026-06-30T22:21:50.882471Z
46643-1950189204,46643,VIRGEN DE ESTRELLA S.A.C.,2026-03-13,195/0189204,F3F817,1.0,ARENA,14,42.23,42.23,639.78,,,YERBABUENA,MEIGGS,2026-06-30T22:21:50.882498Z
46643-1950189205,46643,VIRGEN DE ESTRELLA S.A.C.,2026-03-13,195/0189205,BF1758,,ARENA,14,36.18,36.54,553.58,,,YERBABUENA,MEIGGS,2026-06-30T22:21:50.882535Z
46643-1950189206,46643,VIRGEN DE ESTRELLA S.A.C.,2026-03-13,195/0189206,AFX735,25.0,ARENA,14,34.17,34.17,517.68,,,YERBABUENA,MEIGGS,2026-06-30T22:21:50.882563Z
46643-0010015361,46643,VIRGEN DE ESTRELLA S.A.C.,2026-03-13,001/0015361,D8E728,24.0,ARENA,14,32.36,35.6,203.63,,,SAN LORENZO,MEIGGS,2026-06-30T22:21:50.883822Z
46643-0010015362,46643,VIRGEN DE ESTRELLA S.A.C.,2026-03-13,001/0015362,AJC805,30.0,ARENA,14,34.82,38.3,219.08,,,SAN LORENZO,MEIGGS,2026-06-30T22:21:50.883845Z
46643-0010015363,46643,VIRGEN DE ESTRELLA S.A.C.,2026-03-13,001/0015363,AJA905,29.0,ARENA,14,32.24,35.46,202.83,,,SAN LORENZO,MEIGGS,2026-06-30T22:21:50.883870Z
46643-0010015364,46643,VIRGEN DE ESTRELLA S.A.C.,2026-03-13,001/0015364,AKE789,31.0,ARENA,14,33.65,37.02,211.75,,,SAN LORENZO,MEIGGS,2026-06-30T22:21:50.883895Z
46643-0010015366,46643,VIRGEN DE ESTRELLA S.A.C.,2026-03-13,001/0015366,D8E728,24.0,ARENA,14,33.15,36.46,208.55,,,SAN LORENZO,MEIGGS,2026-06-30T22:21:50.883918Z
46643-0010015367,46643,VIRGEN DE ESTRELLA S.A.C.,2026-03-13,001/0015367,AKE789,31.0,ARENA,14,33.65,37.02,211.75,,,SAN LORENZO,MEIGGS,2026-06-30T22:21:50.883942Z
46643-0010015368,46643,VIRGEN DE ESTRELLA S.A.C.,2026-03-13,001/0015368,AJC805,30.0,ARENA,14,34.72,38.19,218.45,,,SAN LORENZO,MEIGGS,2026-06-30T22:21:50.883968Z
46643-0010015359,46643,VIRGEN DE ESTRELLA S.A.C.,2026-03-13,001/0015359,AJC805,30.0,PIEDRA,2,36.03,36.75,210.21,,,SAN LORENZO,MEIGGS,2026-06-30T22:21:50.884579Z
46643-0010015360,46643,VIRGEN DE ESTRELLA S.A.C.,2026-03-13,001/0015360,AJA905,29.0,PIEDRA,2,32.54,33.19,189.85,,,SAN LORENZO,MEIGGS,2026-06-30T22:21:50.884604Z
46643-0010015371,46643,VIRGEN DE ESTRELLA S.A.C.,2026-03-13,001/0015371,AKE789,31.0,PIEDRA,2,34.39,35.08,200.66,,,SAN LORENZO,MEIGGS,2026-06-30T22:21:50.884625Z
46643-0010015372,46643,VIRGEN DE ESTRELLA S.A.C.,2026-03-13,001/0015372,AJA905,29.0,PIEDRA,2,33.26,33.93,194.08,,,SAN LORENZO,MEIGGS,2026-06-30T22:21:50.884648Z
46643-0010015358,46643,VIRGEN DE ESTRELLA S.A.C.,2026-03-13,001/0015358,D8E728,24.0,PIEDRA,2,33.01,33.01,188.82,,,SAN LORENZO,MEIGGS,2026-06-30T22:21:50.884764Z
46687-1910572210,46687,VIRGEN DE ESTRELLA S.A.C.,2026-03-13,191/0572210,C9W737,21.0,PIEDRA,2,35.14,35.14,502.85,,,JICAMARCA,CONCRETO PRETENSADO,2026-07-01T08:55:00.160352Z
46643-1910572374,46643,VIRGEN DE ESTRELLA S.A.C.,2026-03-14,191/0572374,BYP824,9.0,PIEDRA,2,39.37,39.37,470.87,,,JICAMARCA,SAN JUAN,2026-06-30T22:21:50.878017Z
46643-1910572404,46643,VIRGEN DE ESTRELLA S.A.C.,2026-03-14,191/0572404,C9W737,21.0,ARENA,14,32.62,36.53,436.9,,,JICAMARCA,SAN JUAN,2026-06-30T22:21:50.878267Z
46643-1910572309,46643,VIRGEN DE ESTRELLA S.A.C.,2026-03-14,191/0572309,BYP824,9.0,PIEDRA,2,40.7,40.7,404.18,,,JICAMARCA,ANCIETA,2026-06-30T22:21:50.878583Z
46643-1910572372,46643,VIRGEN DE ESTRELLA S.A.C.,2026-03-14,191/0572372,CHS718,45.0,PIEDRA,2,35.85,35.85,513.01,,,JICAMARCA,EMBOLSADOS INS. Y SUM.,2026-06-30T22:21:50.879113Z
46643-1910572390,46643,VIRGEN DE ESTRELLA S.A.C.,2026-03-14,191/0572390,CCL847,44.0,PIEDRA,2,34.93,34.93,499.85,,,JICAMARCA,EMBOLSADOS INS. Y SUM.,2026-06-30T22:21:50.879146Z
46643-1910572396,46643,VIRGEN DE ESTRELLA S.A.C.,2026-03-14,191/0572396,CBA709,43.0,PIEDRA,2,35.88,35.88,513.44,,,JICAMARCA,EMBOLSADOS INS. Y SUM.,2026-06-30T22:21:50.879179Z
46643-1910572327,46643,VIRGEN DE ESTRELLA S.A.C.,2026-03-14,191/0572327,C9W737,21.0,PIEDRA,2,31.41,31.41,528.63,,,JICAMARCA,SAN ANTONIO,2026-06-30T22:21:50.879716Z
46643-1910572305,46643,VIRGEN DE ESTRELLA S.A.C.,2026-03-14,191/0572305,CHS718,45.0,PIEDRA,2,36.72,36.72,617.99,,,JICAMARCA,SAN ANTONIO,2026-06-30T22:21:50.879884Z
46643-1910572320,46643,VIRGEN DE ESTRELLA S.A.C.,2026-03-14,191/0572320,CCL847,44.0,PIEDRA,2,37.54,37.54,631.82,,,JICAMARCA,SAN ANTONIO,2026-06-30T22:21:50.879911Z
46643-1910572350,46643,VIRGEN DE ESTRELLA S.A.C.,2026-03-14,191/0572350,CBA709,43.0,PIEDRA,2,39.45,39.45,663.9,,,JICAMARCA,SAN ANTONIO,2026-06-30T22:21:50.879939Z
46643-1950189232,46643,VIRGEN DE ESTRELLA S.A.C.,2026-03-14,195/0189232,CBR854,14.0,PIEDRA,2,43.06,43.06,652.36,,,YERBABUENA,MEIGGS,2026-06-30T22:21:50.880972Z
46643-1950189233,46643,VIRGEN DE ESTRELLA S.A.C.,2026-03-14,195/0189233,F3F817,1.0,PIEDRA,2,40.42,40.42,612.36,,,YERBABUENA,MEIGGS,2026-06-30T22:21:50.880998Z
46643-1950189234,46643,VIRGEN DE ESTRELLA S.A.C.,2026-03-14,195/0189234,CBR872,16.0,PIEDRA,2,37.56,37.56,569.03,,,YERBABUENA,MEIGGS,2026-06-30T22:21:50.881024Z
46643-1950189235,46643,VIRGEN DE ESTRELLA S.A.C.,2026-03-14,195/0189235,BF1758,,PIEDRA,2,38.61,38.61,584.94,,,YERBABUENA,MEIGGS,2026-06-30T22:21:50.881059Z
46643-1950189249,46643,VIRGEN DE ESTRELLA S.A.C.,2026-03-14,195/0189249,CBR846,12.0,PIEDRA,2,36.66,36.66,555.4,,,YERBABUENA,MEIGGS,2026-06-30T22:21:50.881086Z
46643-1950189250,46643,VIRGEN DE ESTRELLA S.A.C.,2026-03-14,195/0189250,CBR796,18.0,PIEDRA,2,39.56,39.56,599.33,,,YERBABUENA,MEIGGS,2026-06-30T22:21:50.881115Z
46643-1950189251,46643,VIRGEN DE ESTRELLA S.A.C.,2026-03-14,195/0189251,ATN880,5.0,PIEDRA,2,42.22,42.22,639.63,,,YERBABUENA,MEIGGS,2026-06-30T22:21:50.881140Z
46643-1950189214,46643,VIRGEN DE ESTRELLA S.A.C.,2026-03-14,195/0189214,BAE736,35.0,ARENA,14,37.16,37.16,562.97,,,YERBABUENA,MEIGGS,2026-06-30T22:21:50.882589Z
46643-1950189225,46643,VIRGEN DE ESTRELLA S.A.C.,2026-03-14,195/0189225,AWH708,33.0,ARENA,14,34.16,34.16,517.52,,,YERBABUENA,MEIGGS,2026-06-30T22:21:50.882618Z
46643-1950189227,46643,VIRGEN DE ESTRELLA S.A.C.,2026-03-14,195/0189227,AFX735,25.0,ARENA,14,36.75,36.75,556.76,,,YERBABUENA,MEIGGS,2026-06-30T22:21:50.882647Z
46643-1950189231,46643,VIRGEN DE ESTRELLA S.A.C.,2026-03-14,195/0189231,CAZ895,42.0,ARENA,14,35.4,35.4,536.31,,,YERBABUENA,MEIGGS,2026-06-30T22:21:50.882674Z
46643-1950189248,46643,VIRGEN DE ESTRELLA S.A.C.,2026-03-14,195/0189248,AHJ786,28.0,ARENA,14,36.68,36.68,555.7,,,YERBABUENA,MEIGGS,2026-06-30T22:21:50.882706Z
46643-0010015378,46643,VIRGEN DE ESTRELLA S.A.C.,2026-03-14,001/0015378,D8E728,24.0,ARENA,14,31.35,34.49,197.28,,,SAN LORENZO,MEIGGS,2026-06-30T22:21:50.883993Z
46643-0010015379,46643,VIRGEN DE ESTRELLA S.A.C.,2026-03-14,001/0015379,AWH708,33.0,ARENA,14,33.7,37.07,212.04,,,SAN LORENZO,MEIGGS,2026-06-30T22:21:50.884017Z
46643-0010015380,46643,VIRGEN DE ESTRELLA S.A.C.,2026-03-14,001/0015380,BAE736,35.0,ARENA,14,34.85,38.33,219.25,,,SAN LORENZO,MEIGGS,2026-06-30T22:21:50.884041Z
46643-0010015381,46643,VIRGEN DE ESTRELLA S.A.C.,2026-03-14,001/0015381,D8D861,23.0,ARENA,14,33.38,36.72,210.04,,,SAN LORENZO,MEIGGS,2026-06-30T22:21:50.884065Z
46643-0010015382,46643,VIRGEN DE ESTRELLA S.A.C.,2026-03-14,001/0015382,AJC805,30.0,ARENA,14,35.53,39.08,223.54,,,SAN LORENZO,MEIGGS,2026-06-30T22:21:50.884089Z
46643-0010015383,46643,VIRGEN DE ESTRELLA S.A.C.,2026-03-14,001/0015383,AKE789,31.0,ARENA,14,33.85,37.23,212.96,,,SAN LORENZO,MEIGGS,2026-06-30T22:21:50.884112Z
46643-0010015385,46643,VIRGEN DE ESTRELLA S.A.C.,2026-03-14,001/0015385,D8D861,23.0,ARENA,14,33.29,36.62,209.47,,,SAN LORENZO,MEIGGS,2026-06-30T22:21:50.884139Z
46643-0010015386,46643,VIRGEN DE ESTRELLA S.A.C.,2026-03-14,001/0015386,D8E728,24.0,ARENA,14,34.06,37.47,214.33,,,SAN LORENZO,MEIGGS,2026-06-30T22:21:50.884166Z
46687-1910572540,46687,VIRGEN DE ESTRELLA S.A.C.,2026-03-16,191/0572540,BYP824,9.0,ARENA,14,35.58,40.21,399.26,,,JICAMARCA,ANCIETA,2026-07-01T08:55:00.158546Z
46687-1910572550,46687,VIRGEN DE ESTRELLA S.A.C.,2026-03-16,191/0572550,CHS718,45.0,ARENA,14,31.51,35.6,353.54,,,JICAMARCA,ANCIETA,2026-07-01T08:55:00.158576Z
46687-1910572561,46687,VIRGEN DE ESTRELLA S.A.C.,2026-03-16,191/0572561,CBR846,12.0,ARENA,14,38.24,42.06,502.62,,,JICAMARCA,COLLIQUE,2026-07-01T08:55:00.159049Z
46687-1910572460,46687,VIRGEN DE ESTRELLA S.A.C.,2026-03-16,191/0572460,CHS718,45.0,PIEDRA,2,34.15,34.15,488.69,,,JICAMARCA,EMBOLSADOS INS. Y SUM.,2026-07-01T08:55:00.159348Z
46687-1910572461,46687,VIRGEN DE ESTRELLA S.A.C.,2026-03-16,191/0572461,CCL847,44.0,PIEDRA,2,34.95,34.95,500.13,,,JICAMARCA,EMBOLSADOS INS. Y SUM.,2026-07-01T08:55:00.159376Z
46687-1910572478,46687,VIRGEN DE ESTRELLA S.A.C.,2026-03-16,191/0572478,C9W737,21.0,ARENA,14,31.22,35.28,593.73,,,JICAMARCA,SAN ANTONIO,2026-07-01T08:55:00.159689Z
46687-1910572484,46687,VIRGEN DE ESTRELLA S.A.C.,2026-03-16,191/0572484,CBA709,43.0,ARENA,14,33.89,38.3,644.6,,,JICAMARCA,SAN ANTONIO,2026-07-01T08:55:00.159725Z
46687-1910572545,46687,VIRGEN DE ESTRELLA S.A.C.,2026-03-16,191/0572545,CCL847,44.0,ARENA,14,31.07,35.11,590.86,,,JICAMARCA,SAN ANTONIO,2026-07-01T08:55:00.159752Z
46687-1910572548,46687,VIRGEN DE ESTRELLA S.A.C.,2026-03-16,191/0572548,CBA709,43.0,ARENA,14,33.54,37.9,637.81,,,JICAMARCA,SAN ANTONIO,2026-07-01T08:55:00.159777Z
46687-1910572553,46687,VIRGEN DE ESTRELLA S.A.C.,2026-03-16,191/0572553,C9W737,21.0,ARENA,14,31.29,35.36,595.03,,,JICAMARCA,SAN ANTONIO,2026-07-01T08:55:00.159804Z
46687-1910572481,46687,VIRGEN DE ESTRELLA S.A.C.,2026-03-16,191/0572481,BYP824,9.0,PIEDRA,2,40.69,40.69,684.77,,,JICAMARCA,SAN ANTONIO,2026-07-01T08:55:00.160173Z
46687-1910572500,46687,VIRGEN DE ESTRELLA S.A.C.,2026-03-16,191/0572500,CBR846,12.0,PIEDRA,2,42.11,42.11,708.77,,,JICAMARCA,SAN ANTONIO,2026-07-01T08:55:00.160201Z
46687-1950189320,46687,VIRGEN DE ESTRELLA S.A.C.,2026-03-16,195/0189320,F3F817,1.0,PIEDRA,2,44.27,44.27,625.98,,,YERBABUENA,OQUENDO,2026-07-01T08:55:00.160377Z
46687-1950189322,46687,VIRGEN DE ESTRELLA S.A.C.,2026-03-16,195/0189322,ATN880,5.0,PIEDRA,2,43.09,43.09,609.29,,,YERBABUENA,OQUENDO,2026-07-01T08:55:00.160401Z
46687-1950189323,46687,VIRGEN DE ESTRELLA S.A.C.,2026-03-16,195/0189323,CAZ895,42.0,ARENA,14,38.37,38.75,547.93,,,YERBABUENA,OQUENDO,2026-07-01T08:55:00.160430Z
46687-1950189337,46687,VIRGEN DE ESTRELLA S.A.C.,2026-03-16,195/0189337,AFX735,25.0,PIEDRA,2,34.52,34.52,509.17,,,YERBABUENA,MATERIALES,2026-07-01T08:55:00.160483Z
46687-1950189338,46687,VIRGEN DE ESTRELLA S.A.C.,2026-03-16,195/0189338,CBR854,14.0,PIEDRA,2,40.33,40.33,594.87,,,YERBABUENA,MATERIALES,2026-07-01T08:55:00.160509Z
46687-1950189339,46687,VIRGEN DE ESTRELLA S.A.C.,2026-03-16,195/0189339,CBR796,18.0,PIEDRA,2,40.06,40.06,590.89,,,YERBABUENA,MATERIALES,2026-07-01T08:55:00.160534Z
46687-1950189340,46687,VIRGEN DE ESTRELLA S.A.C.,2026-03-16,195/0189340,BF1758,,PIEDRA,2,35.98,35.98,530.7,,,YERBABUENA,MATERIALES,2026-07-01T08:55:00.160604Z
46687-1950189311,46687,VIRGEN DE ESTRELLA S.A.C.,2026-03-16,195/0189311,BF1758,,PIEDRA,2,36.24,36.24,549.04,,,YERBABUENA,MEIGGS,2026-07-01T08:55:00.160828Z
46687-0010015396,46687,VIRGEN DE ESTRELLA S.A.C.,2026-03-16,001/0015396,AHJ786,28.0,PIEDRA,2,38.49,39.45,299.82,,,SAN LORENZO,COLLIQUE,2026-07-01T08:55:00.162425Z
46687-0010015397,46687,VIRGEN DE ESTRELLA S.A.C.,2026-03-16,001/0015397,CBR872,16.0,PIEDRA,2,38.97,39.94,303.54,,,SAN LORENZO,COLLIQUE,2026-07-01T08:55:00.162450Z
46687-0010015398,46687,VIRGEN DE ESTRELLA S.A.C.,2026-03-16,001/0015398,AJA905,29.0,PIEDRA,2,36.56,37.47,284.77,,,SAN LORENZO,COLLIQUE,2026-07-01T08:55:00.162475Z
46687-0010015399,46687,VIRGEN DE ESTRELLA S.A.C.,2026-03-16,001/0015399,AKE789,31.0,PIEDRA,2,37.71,38.65,293.74,,,SAN LORENZO,COLLIQUE,2026-07-01T08:55:00.162499Z
46687-0010015400,46687,VIRGEN DE ESTRELLA S.A.C.,2026-03-16,001/0015400,BAE736,35.0,PIEDRA,2,39.87,40.87,310.61,,,SAN LORENZO,COLLIQUE,2026-07-01T08:55:00.162524Z
46687-0010015401,46687,VIRGEN DE ESTRELLA S.A.C.,2026-03-16,001/0015401,D8E728,24.0,PIEDRA,2,35.52,36.41,276.72,,,SAN LORENZO,COLLIQUE,2026-07-01T08:55:00.162551Z
46687-0010015402,46687,VIRGEN DE ESTRELLA S.A.C.,2026-03-16,001/0015402,AJC805,30.0,PIEDRA,2,39.01,39.99,303.92,,,SAN LORENZO,COLLIQUE,2026-07-01T08:55:00.162578Z
46687-0010015404,46687,VIRGEN DE ESTRELLA S.A.C.,2026-03-16,001/0015404,D8D861,23.0,PIEDRA,2,38.4,39.36,299.14,,,SAN LORENZO,COLLIQUE,2026-07-01T08:55:00.162606Z
46687-0010015409,46687,VIRGEN DE ESTRELLA S.A.C.,2026-03-16,001/0015409,AHJ786,28.0,PIEDRA,2,38.09,39.04,296.7,,,SAN LORENZO,COLLIQUE,2026-07-01T08:55:00.162636Z
46687-0010015410,46687,VIRGEN DE ESTRELLA S.A.C.,2026-03-16,001/0015410,AJA905,29.0,PIEDRA,2,35.59,36.48,277.25,,,SAN LORENZO,COLLIQUE,2026-07-01T08:55:00.162662Z
46687-0010015411,46687,VIRGEN DE ESTRELLA S.A.C.,2026-03-16,001/0015411,CBR872,16.0,PIEDRA,2,38.2,39.16,297.62,,,SAN LORENZO,COLLIQUE,2026-07-01T08:55:00.162689Z
46687-0010015413,46687,VIRGEN DE ESTRELLA S.A.C.,2026-03-16,001/0015413,AKE789,31.0,PIEDRA,2,36.3,37.21,282.8,,,SAN LORENZO,COLLIQUE,2026-07-01T08:55:00.162722Z
46687-0010015419,46687,VIRGEN DE ESTRELLA S.A.C.,2026-03-16,001/0015419,D8D861,23.0,PIEDRA,2,36.36,37.27,283.25,,,SAN LORENZO,COLLIQUE,2026-07-01T08:55:00.162752Z
46687-0010015416,46687,VIRGEN DE ESTRELLA S.A.C.,2026-03-16,001/0015416,BAE736,35.0,PIEDRA,2,38.31,39.08,223.54,,,SAN LORENZO,MEIGGS,2026-07-01T08:55:00.166190Z
46687-0010015417,46687,VIRGEN DE ESTRELLA S.A.C.,2026-03-16,001/0015417,D8E728,24.0,PIEDRA,2,35.81,36.53,208.95,,,SAN LORENZO,MEIGGS,2026-07-01T08:55:00.166218Z
46687-0010015418,46687,VIRGEN DE ESTRELLA S.A.C.,2026-03-16,001/0015418,AJC805,30.0,PIEDRA,2,39.15,39.93,228.4,,,SAN LORENZO,MEIGGS,2026-07-01T08:55:00.166242Z
46687-0010015425,46687,VIRGEN DE ESTRELLA S.A.C.,2026-03-16,001/0015425,AJA905,29.0,PIEDRA,2,37.84,38.6,220.79,,,SAN LORENZO,MEIGGS,2026-07-01T08:55:00.166267Z
46687-0010015427,46687,VIRGEN DE ESTRELLA S.A.C.,2026-03-16,001/0015427,AHJ786,28.0,PIEDRA,2,38.06,38.82,222.05,,,SAN LORENZO,MEIGGS,2026-07-01T08:55:00.166291Z
46687-0010015433,46687,VIRGEN DE ESTRELLA S.A.C.,2026-03-16,001/0015433,D8E728,24.0,PIEDRA,2,35.73,36.44,208.44,,,SAN LORENZO,MEIGGS,2026-07-01T08:55:00.166315Z
46687-1910572698,46687,VIRGEN DE ESTRELLA S.A.C.,2026-03-17,191/0572698,CBR846,12.0,ARENA,14,42.41,42.41,507.22,,,JICAMARCA,SAN JUAN,2026-07-01T08:55:00.158333Z
46687-1910572609,46687,VIRGEN DE ESTRELLA S.A.C.,2026-03-17,191/0572609,BYP824,9.0,ARENA,14,34.85,39.39,391.1,,,JICAMARCA,ANCIETA,2026-07-01T08:55:00.158607Z
46687-1910572650,46687,VIRGEN DE ESTRELLA S.A.C.,2026-03-17,191/0572650,CBR846,12.0,ARENA,14,35.86,40.52,402.33,,,JICAMARCA,ANCIETA,2026-07-01T08:55:00.158637Z
46687-1910572712,46687,VIRGEN DE ESTRELLA S.A.C.,2026-03-17,191/0572712,BYP824,9.0,ARENA,14,37.6,42.49,421.88,,,JICAMARCA,ANCIETA,2026-07-01T08:55:00.158668Z
46687-1910572735,46687,VIRGEN DE ESTRELLA S.A.C.,2026-03-17,191/0572735,CHS718,45.0,PIEDRA,2,36.26,36.26,360.01,,,JICAMARCA,ANCIETA,2026-07-01T08:55:00.158894Z
46687-1910572759,46687,VIRGEN DE ESTRELLA S.A.C.,2026-03-17,191/0572759,BYP824,9.0,PIEDRA,2,39.22,39.22,389.4,,,JICAMARCA,ANCIETA,2026-07-01T08:55:00.158921Z
46687-1910572756,46687,VIRGEN DE ESTRELLA S.A.C.,2026-03-17,191/0572756,CBR846,12.0,ARENA,14,38.67,42.61,509.19,,,JICAMARCA,COLLIQUE,2026-07-01T08:55:00.159075Z
46687-1910572667,46687,VIRGEN DE ESTRELLA S.A.C.,2026-03-17,191/0572667,CHS718,45.0,PIEDRA,2,34.81,34.81,498.13,,,JICAMARCA,EMBOLSADOS INS. Y SUM.,2026-07-01T08:55:00.159404Z
46687-1910572668,46687,VIRGEN DE ESTRELLA S.A.C.,2026-03-17,191/0572668,CCL847,44.0,PIEDRA,2,35.75,35.75,511.58,,,JICAMARCA,EMBOLSADOS INS. Y SUM.,2026-07-01T08:55:00.159435Z
46687-1910572607,46687,VIRGEN DE ESTRELLA S.A.C.,2026-03-17,191/0572607,CHS718,45.0,ARENA,14,31.47,35.56,598.42,,,JICAMARCA,SAN ANTONIO,2026-07-01T08:55:00.159833Z
46687-1910572638,46687,VIRGEN DE ESTRELLA S.A.C.,2026-03-17,191/0572638,C9W737,21.0,ARENA,14,30.9,34.92,587.73,,,JICAMARCA,SAN ANTONIO,2026-07-01T08:55:00.159860Z
46687-1910572703,46687,VIRGEN DE ESTRELLA S.A.C.,2026-03-17,191/0572703,CBA709,43.0,ARENA,14,34.31,38.77,652.42,,,JICAMARCA,SAN ANTONIO,2026-07-01T08:55:00.159884Z
46687-1910572706,46687,VIRGEN DE ESTRELLA S.A.C.,2026-03-17,191/0572706,C9W737,21.0,ARENA,14,32.84,37.11,624.51,,,JICAMARCA,SAN ANTONIO,2026-07-01T08:55:00.159909Z
46687-1910572731,46687,VIRGEN DE ESTRELLA S.A.C.,2026-03-17,191/0572731,CCL847,44.0,PIEDRA,2,34.68,34.68,583.66,,,JICAMARCA,SAN ANTONIO,2026-07-01T08:55:00.160149Z
46687-1910572614,46687,VIRGEN DE ESTRELLA S.A.C.,2026-03-17,191/0572614,CCL847,44.0,PIEDRA,2,36.04,36.04,606.51,,,JICAMARCA,SAN ANTONIO,2026-07-01T08:55:00.160224Z
46687-1910572649,46687,VIRGEN DE ESTRELLA S.A.C.,2026-03-17,191/0572649,CBA709,43.0,PIEDRA,2,48.14,48.14,810.25,,,JICAMARCA,SAN ANTONIO,2026-07-01T08:55:00.160249Z
46687-1910572655,46687,VIRGEN DE ESTRELLA S.A.C.,2026-03-17,191/0572655,BYP824,9.0,PIEDRA,2,38.94,38.94,655.29,,,JICAMARCA,SAN ANTONIO,2026-07-01T08:55:00.160273Z
46687-1950189404,46687,VIRGEN DE ESTRELLA S.A.C.,2026-03-17,195/0189404,F3F817,1.0,ARENA,14,46.04,46.5,657.51,,,YERBABUENA,OQUENDO,2026-07-01T08:55:00.160459Z
46687-1950189304,46687,VIRGEN DE ESTRELLA S.A.C.,2026-03-17,195/0189304,AFX735,25.0,PIEDRA,2,33.41,33.41,506.16,,,YERBABUENA,MEIGGS,2026-07-01T08:55:00.160740Z
46687-1950189308,46687,VIRGEN DE ESTRELLA S.A.C.,2026-03-17,195/0189308,CBR854,14.0,PIEDRA,2,38.4,38.4,581.76,,,YERBABUENA,MEIGGS,2026-07-01T08:55:00.160765Z
46687-1950189310,46687,VIRGEN DE ESTRELLA S.A.C.,2026-03-17,195/0189310,CBR796,18.0,PIEDRA,2,41.64,41.64,630.85,,,YERBABUENA,MEIGGS,2026-07-01T08:55:00.160792Z
46687-1950189398,46687,VIRGEN DE ESTRELLA S.A.C.,2026-03-17,195/0189398,ATN880,5.0,PIEDRA,2,39.28,39.28,595.09,,,YERBABUENA,MEIGGS,2026-07-01T08:55:00.160857Z
46687-0010015437,46687,VIRGEN DE ESTRELLA S.A.C.,2026-03-17,001/0015437,ABN852,27.0,ARENA,14,36.43,41.17,270.49,,,SAN LORENZO,MATERIALES,2026-07-01T08:55:00.164078Z
46687-0010015438,46687,VIRGEN DE ESTRELLA S.A.C.,2026-03-17,001/0015438,BF1758,,ARENA,14,37.29,42.14,276.86,,,SAN LORENZO,MATERIALES,2026-07-01T08:55:00.164118Z
46687-0010015439,46687,VIRGEN DE ESTRELLA S.A.C.,2026-03-17,001/0015439,D8E728,24.0,ARENA,14,33.04,37.34,245.32,,,SAN LORENZO,MATERIALES,2026-07-01T08:55:00.164150Z
46687-0010015440,46687,VIRGEN DE ESTRELLA S.A.C.,2026-03-17,001/0015440,BAE736,35.0,ARENA,14,35.64,40.27,264.57,,,SAN LORENZO,MATERIALES,2026-07-01T08:55:00.164180Z
46687-0010015441,46687,VIRGEN DE ESTRELLA S.A.C.,2026-03-17,001/0015441,AKE789,31.0,ARENA,14,34.3,38.76,254.65,,,SAN LORENZO,MATERIALES,2026-07-01T08:55:00.164210Z
46687-0010015442,46687,VIRGEN DE ESTRELLA S.A.C.,2026-03-17,001/0015442,AJC805,30.0,ARENA,14,35.6,40.23,264.31,,,SAN LORENZO,MATERIALES,2026-07-01T08:55:00.164240Z
46687-0010015443,46687,VIRGEN DE ESTRELLA S.A.C.,2026-03-17,001/0015443,D8D861,23.0,ARENA,14,34.74,39.26,257.94,,,SAN LORENZO,MATERIALES,2026-07-01T08:55:00.164270Z
46687-0010015449,46687,VIRGEN DE ESTRELLA S.A.C.,2026-03-17,001/0015449,BFI758,37.0,ARENA,14,35.5,40.12,263.59,,,SAN LORENZO,MATERIALES,2026-07-01T08:55:00.164301Z
46687-0010015450,46687,VIRGEN DE ESTRELLA S.A.C.,2026-03-17,001/0015450,AHJ786,28.0,ARENA,14,36.12,40.81,268.12,,,SAN LORENZO,MATERIALES,2026-07-01T08:55:00.164330Z
46687-0010015452,46687,VIRGEN DE ESTRELLA S.A.C.,2026-03-17,001/0015452,ABN852,27.0,ARENA,14,38.81,43.85,288.09,,,SAN LORENZO,MATERIALES,2026-07-01T08:55:00.164363Z
46687-0010015453,46687,VIRGEN DE ESTRELLA S.A.C.,2026-03-17,001/0015453,AFX735,25.0,ARENA,14,34.16,38.6,253.6,,,SAN LORENZO,MATERIALES,2026-07-01T08:55:00.164394Z
46687-0010015455,46687,VIRGEN DE ESTRELLA S.A.C.,2026-03-17,001/0015455,D8E728,24.0,ARENA,14,34.04,38.47,252.75,,,SAN LORENZO,MATERIALES,2026-07-01T08:55:00.164431Z
46687-0010015456,46687,VIRGEN DE ESTRELLA S.A.C.,2026-03-17,001/0015456,AKE789,31.0,ARENA,14,34.3,38.07,217.76,,,SAN LORENZO,MEIGGS,2026-07-01T08:55:00.165229Z
46687-0010015457,46687,VIRGEN DE ESTRELLA S.A.C.,2026-03-17,001/0015457,BAE736,35.0,ARENA,14,35.66,39.58,226.4,,,SAN LORENZO,MEIGGS,2026-07-01T08:55:00.165256Z
46687-0010015459,46687,VIRGEN DE ESTRELLA S.A.C.,2026-03-17,001/0015459,D8D861,23.0,ARENA,14,34.01,37.75,215.93,,,SAN LORENZO,MEIGGS,2026-07-01T08:55:00.165287Z
46687-0010015462,46687,VIRGEN DE ESTRELLA S.A.C.,2026-03-17,001/0015462,D8D861,23.0,ARENA,14,34.14,37.9,216.79,,,SAN LORENZO,MEIGGS,2026-07-01T08:55:00.165316Z
46687-0010015466,46687,VIRGEN DE ESTRELLA S.A.C.,2026-03-17,001/0015466,AKE789,31.0,ARENA,14,33.24,36.9,211.07,,,SAN LORENZO,MEIGGS,2026-07-01T08:55:00.165344Z
46687-0010015467,46687,VIRGEN DE ESTRELLA S.A.C.,2026-03-17,001/0015467,AJC805,30.0,ARENA,14,35.9,39.85,227.94,,,SAN LORENZO,MEIGGS,2026-07-01T08:55:00.165380Z
46687-0010015468,46687,VIRGEN DE ESTRELLA S.A.C.,2026-03-17,001/0015468,BAE736,35.0,ARENA,14,34.54,38.34,219.3,,,SAN LORENZO,MEIGGS,2026-07-01T08:55:00.165409Z
46687-0010015469,46687,VIRGEN DE ESTRELLA S.A.C.,2026-03-17,001/0015469,AHJ786,28.0,ARENA,14,34.2,37.96,217.13,,,SAN LORENZO,MEIGGS,2026-07-01T08:55:00.165437Z
46687-0010015476,46687,VIRGEN DE ESTRELLA S.A.C.,2026-03-17,001/0015476,AKE789,31.0,ARENA,14,33.41,37.08,212.1,,,SAN LORENZO,MEIGGS,2026-07-01T08:55:00.165465Z
46687-0010015434,46687,VIRGEN DE ESTRELLA S.A.C.,2026-03-17,001/0015434,BAE736,35.0,PIEDRA,2,37.71,38.46,219.99,,,SAN LORENZO,MEIGGS,2026-07-01T08:55:00.166339Z
46687-0010015470,46687,VIRGEN DE ESTRELLA S.A.C.,2026-03-17,001/0015470,ABN852,27.0,PIEDRA,2,40.97,41.79,239.04,,,SAN LORENZO,MEIGGS,2026-07-01T08:55:00.166364Z
46687-0010015472,46687,VIRGEN DE ESTRELLA S.A.C.,2026-03-17,001/0015472,BF1758,,PIEDRA,2,40.79,41.61,238.01,,,SAN LORENZO,MEIGGS,2026-07-01T08:55:00.166405Z
46687-0010015473,46687,VIRGEN DE ESTRELLA S.A.C.,2026-03-17,001/0015473,D8D861,23.0,PIEDRA,2,37.09,37.83,216.39,,,SAN LORENZO,MEIGGS,2026-07-01T08:55:00.166429Z
46687-0010015475,46687,VIRGEN DE ESTRELLA S.A.C.,2026-03-17,001/0015475,D8E728,24.0,PIEDRA,2,36.9,37.64,215.3,,,SAN LORENZO,MEIGGS,2026-07-01T08:55:00.166452Z
46687-0010015477,46687,VIRGEN DE ESTRELLA S.A.C.,2026-03-17,001/0015477,AFX735,25.0,PIEDRA,2,36.34,37.07,212.04,,,SAN LORENZO,MEIGGS,2026-07-01T08:55:00.166474Z
46687-0010015478,46687,VIRGEN DE ESTRELLA S.A.C.,2026-03-17,001/0015478,AHJ786,28.0,PIEDRA,2,37.89,38.65,221.08,,,SAN LORENZO,MEIGGS,2026-07-01T08:55:00.166499Z
46687-1910572930,46687,VIRGEN DE ESTRELLA S.A.C.,2026-03-18,191/0572930,C9W737,21.0,PIEDRA,2,34.47,34.47,412.26,,,JICAMARCA,SAN JUAN,2026-07-01T08:55:00.158200Z
46687-1910572849,46687,VIRGEN DE ESTRELLA S.A.C.,2026-03-18,191/0572849,CHS718,45.0,ARENA,14,32.1,35.95,429.96,,,JICAMARCA,SAN JUAN,2026-07-01T08:55:00.158375Z
46687-1910572801,46687,VIRGEN DE ESTRELLA S.A.C.,2026-03-18,191/0572801,BYP824,9.0,ARENA,14,36.72,41.49,412.03,,,JICAMARCA,ANCIETA,2026-07-01T08:55:00.158697Z
46687-1910572802,46687,VIRGEN DE ESTRELLA S.A.C.,2026-03-18,191/0572802,CHS718,45.0,PIEDRA,2,35.81,35.81,355.54,,,JICAMARCA,ANCIETA,2026-07-01T08:55:00.158946Z
46687-1910572816,46687,VIRGEN DE ESTRELLA S.A.C.,2026-03-18,191/0572816,CCL847,44.0,PIEDRA,2,36.98,36.98,367.24,,,JICAMARCA,ANCIETA,2026-07-01T08:55:00.158972Z
46687-1910572829,46687,VIRGEN DE ESTRELLA S.A.C.,2026-03-18,191/0572829,C9W737,21.0,PIEDRA,2,35.25,35.25,350.0,,,JICAMARCA,ANCIETA,2026-07-01T08:55:00.158996Z
46687-1910572873,46687,VIRGEN DE ESTRELLA S.A.C.,2026-03-18,191/0572873,BYP824,9.0,ARENA,14,36.32,40.68,569.52,,,JICAMARCA,VILLA 1,2026-07-01T08:55:00.159185Z
46687-1910572926,46687,VIRGEN DE ESTRELLA S.A.C.,2026-03-18,191/0572926,BYP824,9.0,ARENA,14,36.62,41.01,574.14,,,JICAMARCA,VILLA 1,2026-07-01T08:55:00.159211Z
46687-1910572932,46687,VIRGEN DE ESTRELLA S.A.C.,2026-03-18,191/0572932,CBA709,43.0,PIEDRA,2,34.4,34.39,405.52,,,JICAMARCA,MATERIALES,2026-07-01T08:55:00.159261Z
46687-1910572847,46687,VIRGEN DE ESTRELLA S.A.C.,2026-03-18,191/0572847,CBA709,43.0,ARENA,14,33.21,37.53,275.81,,,JICAMARCA,HUACHIPA,2026-07-01T08:55:00.159290Z
46687-1910572854,46687,VIRGEN DE ESTRELLA S.A.C.,2026-03-18,191/0572854,BYP824,9.0,ARENA,14,36.39,41.12,302.24,,,JICAMARCA,HUACHIPA,2026-07-01T08:55:00.159321Z
46687-1910572867,46687,VIRGEN DE ESTRELLA S.A.C.,2026-03-18,191/0572867,CBA709,43.0,PIEDRA,2,35.65,35.65,510.15,,,JICAMARCA,EMBOLSADOS INS. Y SUM.,2026-07-01T08:55:00.159463Z
46687-1910572868,46687,VIRGEN DE ESTRELLA S.A.C.,2026-03-18,191/0572868,C9W737,21.0,PIEDRA,2,34.64,34.64,495.7,,,JICAMARCA,EMBOLSADOS INS. Y SUM.,2026-07-01T08:55:00.159490Z
46687-1910572893,46687,VIRGEN DE ESTRELLA S.A.C.,2026-03-18,191/0572893,CCL847,44.0,PIEDRA,2,37.29,37.29,533.62,,,JICAMARCA,EMBOLSADOS INS. Y SUM.,2026-07-01T08:55:00.159518Z
46687-1910572901,46687,VIRGEN DE ESTRELLA S.A.C.,2026-03-18,191/0572901,CHS718,45.0,PIEDRA,2,36.74,36.74,525.75,,,JICAMARCA,EMBOLSADOS INS. Y SUM.,2026-07-01T08:55:00.159544Z
46687-1950189480,46687,VIRGEN DE ESTRELLA S.A.C.,2026-03-18,195/0189480,AFX735,25.0,PIEDRA,2,34.95,34.95,529.49,,,YERBABUENA,MEIGGS,2026-07-01T08:55:00.160674Z
46687-1950189489,46687,VIRGEN DE ESTRELLA S.A.C.,2026-03-18,195/0189489,CAZ895,42.0,PIEDRA,2,38.35,38.35,581.0,,,YERBABUENA,MEIGGS,2026-07-01T08:55:00.160703Z
46687-1950189478,46687,VIRGEN DE ESTRELLA S.A.C.,2026-03-18,195/0189478,CBR854,14.0,PIEDRA,2,38.9,38.9,589.34,,,YERBABUENA,MEIGGS,2026-07-01T08:55:00.160882Z
46687-1950189493,46687,VIRGEN DE ESTRELLA S.A.C.,2026-03-18,195/0189493,F3F817,1.0,PIEDRA,2,41.72,41.72,632.06,,,YERBABUENA,MEIGGS,2026-07-01T08:55:00.160907Z
46687-1950189498,46687,VIRGEN DE ESTRELLA S.A.C.,2026-03-18,195/0189498,ATN880,5.0,PIEDRA,2,41.55,41.55,629.48,,,YERBABUENA,MEIGGS,2026-07-01T08:55:00.160931Z
46687-1950189501,46687,VIRGEN DE ESTRELLA S.A.C.,2026-03-18,195/0189501,CBR846,12.0,PIEDRA,2,34.41,34.41,521.31,,,YERBABUENA,MEIGGS,2026-07-01T08:55:00.160955Z
46687-1950189503,46687,VIRGEN DE ESTRELLA S.A.C.,2026-03-18,195/0189503,CBR872,16.0,PIEDRA,2,39.58,39.58,599.64,,,YERBABUENA,MEIGGS,2026-07-01T08:55:00.160978Z
46687-1950189502,46687,VIRGEN DE ESTRELLA S.A.C.,2026-03-18,195/0189502,AWH708,33.0,PIEDRA,2,38.27,38.27,579.79,,,YERBABUENA,MEIGGS,2026-07-01T08:55:00.161449Z
46687-1950189495,46687,VIRGEN DE ESTRELLA S.A.C.,2026-03-18,195/0189495,C9T788,20.0,ARENA,14,36.84,36.84,558.13,,,YERBABUENA,MEIGGS,2026-07-01T08:55:00.161499Z
46687-0010015490,46687,VIRGEN DE ESTRELLA S.A.C.,2026-03-18,001/0015490,AKE789,31.0,PIEDRA,2,36.09,36.99,281.12,,,SAN LORENZO,COLLIQUE,2026-07-01T08:55:00.162778Z
46687-0010015498,46687,VIRGEN DE ESTRELLA S.A.C.,2026-03-18,001/0015498,D8D861,23.0,PIEDRA,2,36.32,37.23,282.95,,,SAN LORENZO,COLLIQUE,2026-07-01T08:55:00.162804Z
46687-0010015499,46687,VIRGEN DE ESTRELLA S.A.C.,2026-03-18,001/0015499,BF1758,,PIEDRA,2,38.96,39.93,303.47,,,SAN LORENZO,COLLIQUE,2026-07-01T08:55:00.162839Z
46687-0010015502,46687,VIRGEN DE ESTRELLA S.A.C.,2026-03-18,001/0015502,ATN880,5.0,PIEDRA,2,43.36,44.44,337.74,,,SAN LORENZO,COLLIQUE,2026-07-01T08:55:00.162867Z
46687-0010015504,46687,VIRGEN DE ESTRELLA S.A.C.,2026-03-18,001/0015504,CBR854,14.0,PIEDRA,2,38.2,39.16,297.62,,,SAN LORENZO,COLLIQUE,2026-07-01T08:55:00.162893Z
46687-0010015506,46687,VIRGEN DE ESTRELLA S.A.C.,2026-03-18,001/0015506,CBR872,16.0,PIEDRA,2,38.05,39.0,296.4,,,SAN LORENZO,COLLIQUE,2026-07-01T08:55:00.162922Z
46687-0010015514,46687,VIRGEN DE ESTRELLA S.A.C.,2026-03-18,001/0015514,F3F817,1.0,PIEDRA,2,41.23,42.26,321.18,,,SAN LORENZO,COLLIQUE,2026-07-01T08:55:00.162951Z
46687-0010015515,46687,VIRGEN DE ESTRELLA S.A.C.,2026-03-18,001/0015515,CBR846,12.0,PIEDRA,2,36.93,37.85,287.66,,,SAN LORENZO,COLLIQUE,2026-07-01T08:55:00.162977Z
46687-0010015519,46687,VIRGEN DE ESTRELLA S.A.C.,2026-03-18,001/0015519,AHJ786,28.0,PIEDRA,2,37.0,37.92,288.19,,,SAN LORENZO,COLLIQUE,2026-07-01T08:55:00.163003Z
46687-0010015520,46687,VIRGEN DE ESTRELLA S.A.C.,2026-03-18,001/0015520,BFI758,37.0,PIEDRA,2,37.64,38.58,293.21,,,SAN LORENZO,COLLIQUE,2026-07-01T08:55:00.163030Z
46687-0010015479,46687,VIRGEN DE ESTRELLA S.A.C.,2026-03-18,001/0015479,D8D861,23.0,ARENA,14,33.58,37.94,249.27,,,SAN LORENZO,MATERIALES,2026-07-01T08:55:00.164462Z
46687-0010015482,46687,VIRGEN DE ESTRELLA S.A.C.,2026-03-18,001/0015482,BF1758,,ARENA,14,35.69,40.33,264.97,,,SAN LORENZO,MATERIALES,2026-07-01T08:55:00.164501Z
46687-0010015483,46687,VIRGEN DE ESTRELLA S.A.C.,2026-03-18,001/0015483,D8E728,24.0,ARENA,14,32.94,37.22,244.54,,,SAN LORENZO,MATERIALES,2026-07-01T08:55:00.164531Z
46687-0010015489,46687,VIRGEN DE ESTRELLA S.A.C.,2026-03-18,001/0015489,ABN852,27.0,ARENA,14,34.66,39.17,257.35,,,SAN LORENZO,MATERIALES,2026-07-01T08:55:00.164561Z
46687-0010015494,46687,VIRGEN DE ESTRELLA S.A.C.,2026-03-18,001/0015494,BAE736,35.0,ARENA,14,34.42,38.9,255.57,,,SAN LORENZO,MATERIALES,2026-07-01T08:55:00.164591Z
46687-0010015495,46687,VIRGEN DE ESTRELLA S.A.C.,2026-03-18,001/0015495,AHJ786,28.0,ARENA,14,33.71,38.09,250.25,,,SAN LORENZO,MATERIALES,2026-07-01T08:55:00.164621Z
46687-0010015500,46687,VIRGEN DE ESTRELLA S.A.C.,2026-03-18,001/0015500,D8E728,24.0,ARENA,14,34.35,38.82,255.05,,,SAN LORENZO,MATERIALES,2026-07-01T08:55:00.164650Z
46687-0010015501,46687,VIRGEN DE ESTRELLA S.A.C.,2026-03-18,001/0015501,AFX735,25.0,ARENA,14,34.2,38.65,253.93,,,SAN LORENZO,MATERIALES,2026-07-01T08:55:00.164684Z
46687-0010015480,46687,VIRGEN DE ESTRELLA S.A.C.,2026-03-18,001/0015480,AKE789,31.0,ARENA,14,34.14,37.55,214.79,,,SAN LORENZO,MEIGGS,2026-07-01T08:55:00.165492Z
46687-0010015481,46687,VIRGEN DE ESTRELLA S.A.C.,2026-03-18,001/0015481,ABN852,27.0,ARENA,14,34.46,37.91,216.85,,,SAN LORENZO,MEIGGS,2026-07-01T08:55:00.165519Z
46687-0010015484,46687,VIRGEN DE ESTRELLA S.A.C.,2026-03-18,001/0015484,AHJ786,28.0,ARENA,14,33.98,37.38,213.81,,,SAN LORENZO,MEIGGS,2026-07-01T08:55:00.165547Z
46687-0010015485,46687,VIRGEN DE ESTRELLA S.A.C.,2026-03-18,001/0015485,BAE736,35.0,ARENA,14,34.49,37.94,217.02,,,SAN LORENZO,MEIGGS,2026-07-01T08:55:00.165577Z
46687-0010015486,46687,VIRGEN DE ESTRELLA S.A.C.,2026-03-18,001/0015486,AJC805,30.0,ARENA,14,35.48,39.03,223.25,,,SAN LORENZO,MEIGGS,2026-07-01T08:55:00.165605Z
46687-0010015487,46687,VIRGEN DE ESTRELLA S.A.C.,2026-03-18,001/0015487,AJA905,29.0,ARENA,14,32.95,36.24,207.29,,,SAN LORENZO,MEIGGS,2026-07-01T08:55:00.165632Z
46687-0010015492,46687,VIRGEN DE ESTRELLA S.A.C.,2026-03-18,001/0015492,AJA905,29.0,ARENA,14,33.05,36.36,207.98,,,SAN LORENZO,MEIGGS,2026-07-01T08:55:00.165662Z
46687-0010015493,46687,VIRGEN DE ESTRELLA S.A.C.,2026-03-18,001/0015493,AKE789,31.0,ARENA,14,33.81,37.19,212.73,,,SAN LORENZO,MEIGGS,2026-07-01T08:55:00.165689Z
46687-0010015496,46687,VIRGEN DE ESTRELLA S.A.C.,2026-03-18,001/0015496,AJC805,30.0,ARENA,14,37.44,41.18,235.55,,,SAN LORENZO,MEIGGS,2026-07-01T08:55:00.165725Z
46687-0010015505,46687,VIRGEN DE ESTRELLA S.A.C.,2026-03-18,001/0015505,AJA905,29.0,PIEDRA,2,36.25,36.97,211.47,,,SAN LORENZO,MEIGGS,2026-07-01T08:55:00.166522Z
46687-0010015507,46687,VIRGEN DE ESTRELLA S.A.C.,2026-03-18,001/0015507,CAZ895,42.0,PIEDRA,2,37.52,38.27,218.9,,,SAN LORENZO,MEIGGS,2026-07-01T08:55:00.166546Z
46687-0010015508,46687,VIRGEN DE ESTRELLA S.A.C.,2026-03-18,001/0015508,C9T788,20.0,PIEDRA,2,35.91,36.63,209.52,,,SAN LORENZO,MEIGGS,2026-07-01T08:55:00.166568Z
46687-0010015511,46687,VIRGEN DE ESTRELLA S.A.C.,2026-03-18,001/0015511,AJC805,30.0,PIEDRA,2,37.07,37.81,216.27,,,SAN LORENZO,MEIGGS,2026-07-01T08:55:00.166592Z
46687-0010015517,46687,VIRGEN DE ESTRELLA S.A.C.,2026-03-18,001/0015517,BAE736,35.0,PIEDRA,2,37.43,38.18,218.39,,,SAN LORENZO,MEIGGS,2026-07-01T08:55:00.166617Z
46687-0010015518,46687,VIRGEN DE ESTRELLA S.A.C.,2026-03-18,001/0015518,ABN852,27.0,PIEDRA,2,37.55,38.3,219.08,,,SAN LORENZO,MEIGGS,2026-07-01T08:55:00.166643Z
46687-0010015503,46687,VIRGEN DE ESTRELLA S.A.C.,2026-03-18,001/0015503,AWH708,33.0,PIEDRA,2,39.03,39.03,223.25,,,SAN LORENZO,MEIGGS,2026-07-01T08:55:00.166811Z
46687-1910572976,46687,VIRGEN DE ESTRELLA S.A.C.,2026-03-19,191/0572976,BYP824,9.0,ARENA,14,35.2,39.77,394.95,,,JICAMARCA,ANCIETA,2026-07-01T08:55:00.158738Z
46687-1910573077,46687,VIRGEN DE ESTRELLA S.A.C.,2026-03-19,191/0573077,CBR846,12.0,ARENA,14,37.5,41.44,495.21,,,JICAMARCA,COLLIQUE,2026-07-01T08:55:00.159104Z
46687-1910572974,46687,VIRGEN DE ESTRELLA S.A.C.,2026-03-19,191/0572974,CHS718,45.0,ARENA,14,29.37,33.19,558.51,,,JICAMARCA,SAN ANTONIO,2026-07-01T08:55:00.159939Z
46687-1910572982,46687,VIRGEN DE ESTRELLA S.A.C.,2026-03-19,191/0572982,CCL847,44.0,ARENA,14,31.26,35.32,594.51,,,JICAMARCA,SAN ANTONIO,2026-07-01T08:55:00.159964Z
46687-1910573013,46687,VIRGEN DE ESTRELLA S.A.C.,2026-03-19,191/0573013,CBA709,43.0,ARENA,14,32.37,36.58,615.64,,,JICAMARCA,SAN ANTONIO,2026-07-01T08:55:00.159995Z
46687-1910573039,46687,VIRGEN DE ESTRELLA S.A.C.,2026-03-19,191/0573039,CCL847,44.0,ARENA,14,32.29,36.49,614.08,,,JICAMARCA,SAN ANTONIO,2026-07-01T08:55:00.160020Z
46687-1910573041,46687,VIRGEN DE ESTRELLA S.A.C.,2026-03-19,191/0573041,CHS718,45.0,ARENA,14,32.62,36.86,620.34,,,JICAMARCA,SAN ANTONIO,2026-07-01T08:55:00.160047Z
46687-1910573073,46687,VIRGEN DE ESTRELLA S.A.C.,2026-03-19,191/0573073,CBA709,43.0,ARENA,14,33.35,37.68,634.16,,,JICAMARCA,SAN ANTONIO,2026-07-01T08:55:00.160072Z
46687-1910573019,46687,VIRGEN DE ESTRELLA S.A.C.,2026-03-19,191/0573019,CBR846,12.0,PIEDRA,2,41.6,41.6,700.16,,,JICAMARCA,SAN ANTONIO,2026-07-01T08:55:00.160301Z
46687-1950189472,46687,VIRGEN DE ESTRELLA S.A.C.,2026-03-19,195/0189472,AFX735,25.0,ARENA,14,34.66,35.01,516.4,,,YERBABUENA,MATERIALES,2026-07-01T08:55:00.160638Z
46687-1950189569,46687,VIRGEN DE ESTRELLA S.A.C.,2026-03-19,195/0189569,CBR872,16.0,PIEDRA,2,42.79,42.79,648.27,,,YERBABUENA,MEIGGS,2026-07-01T08:55:00.161002Z
46687-1950189597,46687,VIRGEN DE ESTRELLA S.A.C.,2026-03-19,195/0189597,CBR854,14.0,PIEDRA,2,39.88,39.88,604.18,,,YERBABUENA,MEIGGS,2026-07-01T08:55:00.161028Z
46687-1950189613,46687,VIRGEN DE ESTRELLA S.A.C.,2026-03-19,195/0189613,CBR872,16.0,PIEDRA,2,39.7,39.7,601.46,,,YERBABUENA,MEIGGS,2026-07-01T08:55:00.161053Z
46687-1950189396,46687,VIRGEN DE ESTRELLA S.A.C.,2026-03-19,195/0189396,F3F817,1.0,ARENA,14,45.66,45.66,691.75,,,YERBABUENA,MEIGGS,2026-07-01T08:55:00.161474Z
46687-1950189548,46687,VIRGEN DE ESTRELLA S.A.C.,2026-03-19,195/0189548,CBR854,14.0,ARENA,14,44.24,44.24,670.24,,,YERBABUENA,MEIGGS,2026-07-01T08:55:00.161523Z
46687-1950189551,46687,VIRGEN DE ESTRELLA S.A.C.,2026-03-19,195/0189551,D8D861,23.0,ARENA,14,32.17,32.49,492.22,,,YERBABUENA,MEIGGS,2026-07-01T08:55:00.161551Z
46687-1950189552,46687,VIRGEN DE ESTRELLA S.A.C.,2026-03-19,195/0189552,AFX735,25.0,ARENA,14,36.05,36.05,546.16,,,YERBABUENA,MEIGGS,2026-07-01T08:55:00.161576Z
46687-1950189553,46687,VIRGEN DE ESTRELLA S.A.C.,2026-03-19,195/0189553,BFI758,37.0,ARENA,14,40.28,40.68,616.3,,,YERBABUENA,MEIGGS,2026-07-01T08:55:00.161601Z
46687-1950189560,46687,VIRGEN DE ESTRELLA S.A.C.,2026-03-19,195/0189560,C9T788,20.0,ARENA,14,35.91,35.91,544.04,,,YERBABUENA,MEIGGS,2026-07-01T08:55:00.161625Z
46687-1950189563,46687,VIRGEN DE ESTRELLA S.A.C.,2026-03-19,195/0189563,ATN880,5.0,ARENA,14,46.94,46.94,711.14,,,YERBABUENA,MEIGGS,2026-07-01T08:55:00.161657Z
46687-1950189564,46687,VIRGEN DE ESTRELLA S.A.C.,2026-03-19,195/0189564,CAZ895,42.0,ARENA,14,37.81,37.81,572.82,,,YERBABUENA,MEIGGS,2026-07-01T08:55:00.161681Z
46687-1950189566,46687,VIRGEN DE ESTRELLA S.A.C.,2026-03-19,195/0189566,AWH708,33.0,ARENA,14,37.68,37.68,570.85,,,YERBABUENA,MEIGGS,2026-07-01T08:55:00.161708Z
46687-1950189567,46687,VIRGEN DE ESTRELLA S.A.C.,2026-03-19,195/0189567,AHJ786,28.0,ARENA,14,37.14,37.14,562.67,,,YERBABUENA,MEIGGS,2026-07-01T08:55:00.161743Z
46687-1950189596,46687,VIRGEN DE ESTRELLA S.A.C.,2026-03-19,195/0189596,BFI758,37.0,ARENA,14,38.22,38.22,579.03,,,YERBABUENA,MEIGGS,2026-07-01T08:55:00.161770Z
46687-1950189600,46687,VIRGEN DE ESTRELLA S.A.C.,2026-03-19,195/0189600,D8D861,23.0,ARENA,14,35.8,35.8,542.37,,,YERBABUENA,MEIGGS,2026-07-01T08:55:00.161796Z
46687-1950189601,46687,VIRGEN DE ESTRELLA S.A.C.,2026-03-19,195/0189601,AWH708,33.0,ARENA,14,36.98,36.98,560.25,,,YERBABUENA,MEIGGS,2026-07-01T08:55:00.161825Z
46687-0010015526,46687,VIRGEN DE ESTRELLA S.A.C.,2026-03-19,001/0015526,BAE736,35.0,PIEDRA,2,36.51,37.42,284.39,,,SAN LORENZO,COLLIQUE,2026-07-01T08:55:00.163056Z
46687-0010015528,46687,VIRGEN DE ESTRELLA S.A.C.,2026-03-19,001/0015528,AJC805,30.0,PIEDRA,2,37.45,38.39,291.76,,,SAN LORENZO,COLLIQUE,2026-07-01T08:55:00.163083Z
46687-0010015529,46687,VIRGEN DE ESTRELLA S.A.C.,2026-03-19,001/0015529,AKE789,31.0,PIEDRA,2,36.77,37.69,286.44,,,SAN LORENZO,COLLIQUE,2026-07-01T08:55:00.163111Z
46687-0010015531,46687,VIRGEN DE ESTRELLA S.A.C.,2026-03-19,001/0015531,D8E728,24.0,PIEDRA,2,36.73,37.65,286.14,,,SAN LORENZO,COLLIQUE,2026-07-01T08:55:00.163141Z
46687-0010015532,46687,VIRGEN DE ESTRELLA S.A.C.,2026-03-19,001/0015532,BAE736,35.0,PIEDRA,2,39.02,40.0,304.0,,,SAN LORENZO,COLLIQUE,2026-07-01T08:55:00.163168Z
46687-0010015533,46687,VIRGEN DE ESTRELLA S.A.C.,2026-03-19,001/0015533,AKE789,31.0,PIEDRA,2,37.27,38.2,290.32,,,SAN LORENZO,COLLIQUE,2026-07-01T08:55:00.163196Z
46687-0010015534,46687,VIRGEN DE ESTRELLA S.A.C.,2026-03-19,001/0015534,AJC805,30.0,PIEDRA,2,38.69,39.66,301.42,,,SAN LORENZO,COLLIQUE,2026-07-01T08:55:00.163223Z
46687-0010015539,46687,VIRGEN DE ESTRELLA S.A.C.,2026-03-19,001/0015539,D8E728,24.0,PIEDRA,2,35.83,36.73,279.15,,,SAN LORENZO,COLLIQUE,2026-07-01T08:55:00.163250Z
46687-0010015540,46687,VIRGEN DE ESTRELLA S.A.C.,2026-03-19,001/0015540,BAE736,35.0,PIEDRA,2,36.12,37.2,241.8,,,SAN LORENZO,OQUENDO,2026-07-01T08:55:00.163953Z
46687-0010015541,46687,VIRGEN DE ESTRELLA S.A.C.,2026-03-19,001/0015541,AKE789,31.0,PIEDRA,2,36.12,37.2,241.8,,,SAN LORENZO,OQUENDO,2026-07-01T08:55:00.163984Z
46687-0010015544,46687,VIRGEN DE ESTRELLA S.A.C.,2026-03-19,001/0015544,AJC805,30.0,PIEDRA,2,36.12,37.2,241.8,,,SAN LORENZO,OQUENDO,2026-07-01T08:55:00.164013Z
46687-0010015550,46687,VIRGEN DE ESTRELLA S.A.C.,2026-03-19,001/0015550,AWW845,34.0,PIEDRA,2,36.12,37.2,241.8,,,SAN LORENZO,OQUENDO,2026-07-01T08:55:00.164045Z
46687-1910573187,46687,VIRGEN DE ESTRELLA S.A.C.,2026-03-20,191/0573187,BYP824,9.0,PIEDRA,2,40.36,40.36,482.71,,,JICAMARCA,SAN JUAN,2026-07-01T08:55:00.158276Z
46687-1910573282,46687,VIRGEN DE ESTRELLA S.A.C.,2026-03-20,191/0573282,C9W737,21.0,ARENA,14,31.94,35.77,427.81,,,JICAMARCA,SAN JUAN,2026-07-01T08:55:00.158410Z
46687-1910573133,46687,VIRGEN DE ESTRELLA S.A.C.,2026-03-20,191/0573133,BYP824,9.0,ARENA,14,35.24,39.82,395.41,,,JICAMARCA,ANCIETA,2026-07-01T08:55:00.158768Z
46687-1910573168,46687,VIRGEN DE ESTRELLA S.A.C.,2026-03-20,191/0573168,C9W737,21.0,ARENA,14,29.24,33.05,328.15,,,JICAMARCA,ANCIETA,2026-07-01T08:55:00.158809Z
46687-1910573235,46687,VIRGEN DE ESTRELLA S.A.C.,2026-03-20,191/0573235,BYP824,9.0,ARENA,14,38.28,43.26,429.58,,,JICAMARCA,ANCIETA,2026-07-01T08:55:00.158840Z
46687-1910573176,46687,VIRGEN DE ESTRELLA S.A.C.,2026-03-20,191/0573176,CBR846,12.0,ARENA,14,36.05,39.66,473.94,,,JICAMARCA,COLLIQUE,2026-07-01T08:55:00.159131Z
46687-1910573194,46687,VIRGEN DE ESTRELLA S.A.C.,2026-03-20,191/0573194,C9W737,21.0,PIEDRA,2,34.92,34.92,499.71,,,JICAMARCA,EMBOLSADOS INS. Y SUM.,2026-07-01T08:55:00.159576Z
46687-1910573197,46687,VIRGEN DE ESTRELLA S.A.C.,2026-03-20,191/0573197,CHS718,45.0,PIEDRA,2,38.29,38.29,547.93,,,JICAMARCA,EMBOLSADOS INS. Y SUM.,2026-07-01T08:55:00.159604Z
46687-1910573207,46687,VIRGEN DE ESTRELLA S.A.C.,2026-03-20,191/0573207,CCL847,44.0,PIEDRA,2,36.22,36.22,518.31,,,JICAMARCA,EMBOLSADOS INS. Y SUM.,2026-07-01T08:55:00.159629Z
46687-1910573217,46687,VIRGEN DE ESTRELLA S.A.C.,2026-03-20,191/0573217,CBA709,43.0,PIEDRA,2,34.47,34.47,493.27,,,JICAMARCA,EMBOLSADOS INS. Y SUM.,2026-07-01T08:55:00.159661Z
46687-1910573137,46687,VIRGEN DE ESTRELLA S.A.C.,2026-03-20,191/0573137,CHS718,45.0,ARENA,14,30.38,34.33,577.82,,,JICAMARCA,SAN ANTONIO,2026-07-01T08:55:00.160098Z
46687-1910573182,46687,VIRGEN DE ESTRELLA S.A.C.,2026-03-20,191/0573182,CBA709,43.0,ARENA,14,32.84,37.11,624.51,,,JICAMARCA,SAN ANTONIO,2026-07-01T08:55:00.160124Z
46687-1910573139,46687,VIRGEN DE ESTRELLA S.A.C.,2026-03-20,191/0573139,CCL847,44.0,PIEDRA,2,35.67,35.67,600.25,,,JICAMARCA,SAN ANTONIO,2026-07-01T08:55:00.160327Z
46687-1950189653,46687,VIRGEN DE ESTRELLA S.A.C.,2026-03-20,195/0189653,F3F817,1.0,PIEDRA,2,44.33,44.33,671.6,,,YERBABUENA,MEIGGS,2026-07-01T08:55:00.161076Z
46687-1950189655,46687,VIRGEN DE ESTRELLA S.A.C.,2026-03-20,195/0189655,C9T788,20.0,PIEDRA,2,37.45,37.45,567.37,,,YERBABUENA,MEIGGS,2026-07-01T08:55:00.161100Z
46687-1950189658,46687,VIRGEN DE ESTRELLA S.A.C.,2026-03-20,195/0189658,CAZ895,42.0,PIEDRA,2,38.42,38.42,582.06,,,YERBABUENA,MEIGGS,2026-07-01T08:55:00.161123Z
46687-1950189662,46687,VIRGEN DE ESTRELLA S.A.C.,2026-03-20,195/0189662,CBR872,16.0,PIEDRA,2,44.04,44.04,667.21,,,YERBABUENA,MEIGGS,2026-07-01T08:55:00.161150Z
46687-1950189661,46687,VIRGEN DE ESTRELLA S.A.C.,2026-03-20,195/0189661,CBR846,12.0,PIEDRA,2,44.71,44.71,677.36,,,YERBABUENA,MEIGGS,2026-07-01T08:55:00.161175Z
46687-1950189704,46687,VIRGEN DE ESTRELLA S.A.C.,2026-03-20,195/0189704,AFX735,25.0,PIEDRA,2,36.9,36.9,559.04,,,YERBABUENA,MEIGGS,2026-07-01T08:55:00.161198Z
46687-1950189706,46687,VIRGEN DE ESTRELLA S.A.C.,2026-03-20,195/0189706,ATN880,5.0,PIEDRA,2,44.2,44.2,669.63,,,YERBABUENA,MEIGGS,2026-07-01T08:55:00.161222Z
46687-1950189708,46687,VIRGEN DE ESTRELLA S.A.C.,2026-03-20,195/0189708,CBR872,16.0,PIEDRA,2,43.46,43.46,658.42,,,YERBABUENA,MEIGGS,2026-07-01T08:55:00.161244Z
46687-1950189715,46687,VIRGEN DE ESTRELLA S.A.C.,2026-03-20,195/0189715,CBR796,18.0,PIEDRA,2,42.27,42.27,640.39,,,YERBABUENA,MEIGGS,2026-07-01T08:55:00.161270Z
46687-1950189614,46687,VIRGEN DE ESTRELLA S.A.C.,2026-03-20,195/0189614,CAZ895,42.0,ARENA,14,38.36,38.36,581.15,,,YERBABUENA,MEIGGS,2026-07-01T08:55:00.161851Z
46687-1950189639,46687,VIRGEN DE ESTRELLA S.A.C.,2026-03-20,195/0189639,AFX735,25.0,ARENA,14,36.55,36.55,553.73,,,YERBABUENA,MEIGGS,2026-07-01T08:55:00.161878Z
46687-1950189641,46687,VIRGEN DE ESTRELLA S.A.C.,2026-03-20,195/0189641,CBR854,14.0,ARENA,14,46.15,46.15,699.17,,,YERBABUENA,MEIGGS,2026-07-01T08:55:00.161904Z
46687-1950189644,46687,VIRGEN DE ESTRELLA S.A.C.,2026-03-20,195/0189644,D8D861,23.0,ARENA,14,39.42,39.42,597.21,,,YERBABUENA,MEIGGS,2026-07-01T08:55:00.161930Z
46687-1950189645,46687,VIRGEN DE ESTRELLA S.A.C.,2026-03-20,195/0189645,BFI758,37.0,ARENA,14,40.13,40.13,607.97,,,YERBABUENA,MEIGGS,2026-07-01T08:55:00.161957Z
46687-1950189657,46687,VIRGEN DE ESTRELLA S.A.C.,2026-03-20,195/0189657,ATN880,5.0,ARENA,14,44.18,44.18,669.33,,,YERBABUENA,MEIGGS,2026-07-01T08:55:00.161983Z
46687-1950189660,46687,VIRGEN DE ESTRELLA S.A.C.,2026-03-20,195/0189660,AWH708,33.0,ARENA,14,36.92,36.92,559.34,,,YERBABUENA,MEIGGS,2026-07-01T08:55:00.162013Z
46687-1950189661,46687,VIRGEN DE ESTRELLA S.A.C.,2026-03-20,195/0189661,AHJ786,28.0,ARENA,14,38.76,38.76,587.21,,,YERBABUENA,MEIGGS,2026-07-01T08:55:00.162040Z
46687-1950189668,46687,VIRGEN DE ESTRELLA S.A.C.,2026-03-20,195/0189668,CBR796,18.0,ARENA,14,43.57,43.57,660.09,,,YERBABUENA,MEIGGS,2026-07-01T08:55:00.162069Z
46687-1950189689,46687,VIRGEN DE ESTRELLA S.A.C.,2026-03-20,195/0189689,CBR854,14.0,ARENA,14,44.15,44.15,668.87,,,YERBABUENA,MEIGGS,2026-07-01T08:55:00.162098Z
46687-1950189690,46687,VIRGEN DE ESTRELLA S.A.C.,2026-03-20,195/0189690,BFI758,37.0,ARENA,14,43.44,43.44,658.12,,,YERBABUENA,MEIGGS,2026-07-01T08:55:00.162125Z
46687-1950189694,46687,VIRGEN DE ESTRELLA S.A.C.,2026-03-20,195/0189694,AHJ786,28.0,ARENA,14,40.26,40.26,609.94,,,YERBABUENA,MEIGGS,2026-07-01T08:55:00.162151Z
46687-1950189695,46687,VIRGEN DE ESTRELLA S.A.C.,2026-03-20,195/0189695,D8D861,23.0,ARENA,14,38.46,38.46,582.67,,,YERBABUENA,MEIGGS,2026-07-01T08:55:00.162178Z
46687-1950189699,46687,VIRGEN DE ESTRELLA S.A.C.,2026-03-20,195/0189699,C9T788,20.0,ARENA,14,38.31,38.31,580.4,,,YERBABUENA,MEIGGS,2026-07-01T08:55:00.162206Z
46687-1950189701,46687,VIRGEN DE ESTRELLA S.A.C.,2026-03-20,195/0189701,AWH708,33.0,ARENA,14,38.73,38.73,586.76,,,YERBABUENA,MEIGGS,2026-07-01T08:55:00.162232Z
46687-1950189702,46687,VIRGEN DE ESTRELLA S.A.C.,2026-03-20,195/0189702,F3F817,1.0,ARENA,14,47.29,47.29,716.44,,,YERBABUENA,MEIGGS,2026-07-01T08:55:00.162258Z
46687-0010015579,46687,VIRGEN DE ESTRELLA S.A.C.,2026-03-20,001/0015579,AWW845,34.0,PIEDRA,2,38.34,39.3,298.68,,,SAN LORENZO,COLLIQUE,2026-07-01T08:55:00.163276Z
46687-0010015580,46687,VIRGEN DE ESTRELLA S.A.C.,2026-03-20,001/0015580,D8E728,24.0,PIEDRA,2,36.12,37.02,281.35,,,SAN LORENZO,COLLIQUE,2026-07-01T08:55:00.163302Z
46687-0010015585,46687,VIRGEN DE ESTRELLA S.A.C.,2026-03-20,001/0015585,BAE736,35.0,PIEDRA,2,38.9,39.87,303.01,,,SAN LORENZO,COLLIQUE,2026-07-01T08:55:00.163327Z
46687-0010015586,46687,VIRGEN DE ESTRELLA S.A.C.,2026-03-20,001/0015586,AKE789,31.0,PIEDRA,2,37.29,38.22,290.47,,,SAN LORENZO,COLLIQUE,2026-07-01T08:55:00.163353Z
46687-0010015590,46687,VIRGEN DE ESTRELLA S.A.C.,2026-03-20,001/0015590,BF1758,,PIEDRA,2,39.47,40.46,307.5,,,SAN LORENZO,COLLIQUE,2026-07-01T08:55:00.163392Z
46687-0010015592,46687,VIRGEN DE ESTRELLA S.A.C.,2026-03-20,001/0015592,BZR752,38.0,PIEDRA,2,37.03,37.96,288.5,,,SAN LORENZO,COLLIQUE,2026-07-01T08:55:00.163419Z
46687-0010015593,46687,VIRGEN DE ESTRELLA S.A.C.,2026-03-20,001/0015593,CBR854,14.0,PIEDRA,2,36.22,37.13,282.19,,,SAN LORENZO,COLLIQUE,2026-07-01T08:55:00.163448Z
46687-0010015554,46687,VIRGEN DE ESTRELLA S.A.C.,2026-03-20,001/0015554,BAE736,35.0,ARENA,14,33.84,38.24,251.24,,,SAN LORENZO,MATERIALES,2026-07-01T08:55:00.164724Z
46687-0010015555,46687,VIRGEN DE ESTRELLA S.A.C.,2026-03-20,001/0015555,BZR752,38.0,ARENA,14,33.77,38.16,250.71,,,SAN LORENZO,MATERIALES,2026-07-01T08:55:00.164759Z
46687-0010015559,46687,VIRGEN DE ESTRELLA S.A.C.,2026-03-20,001/0015559,D8E728,24.0,ARENA,14,33.41,37.75,248.02,,,SAN LORENZO,MATERIALES,2026-07-01T08:55:00.164789Z
46687-0010015564,46687,VIRGEN DE ESTRELLA S.A.C.,2026-03-20,001/0015564,AWW845,34.0,ARENA,14,37.55,42.43,278.77,,,SAN LORENZO,MATERIALES,2026-07-01T08:55:00.164818Z
46687-0010015568,46687,VIRGEN DE ESTRELLA S.A.C.,2026-03-20,001/0015568,BAE736,35.0,ARENA,14,35.38,39.98,262.67,,,SAN LORENZO,MATERIALES,2026-07-01T08:55:00.164848Z
46687-0010015569,46687,VIRGEN DE ESTRELLA S.A.C.,2026-03-20,001/0015569,D8E728,24.0,ARENA,14,33.19,37.51,246.44,,,SAN LORENZO,MATERIALES,2026-07-01T08:55:00.164879Z
46687-0010015576,46687,VIRGEN DE ESTRELLA S.A.C.,2026-03-20,001/0015576,AJC805,30.0,ARENA,14,36.04,40.72,267.53,,,SAN LORENZO,MATERIALES,2026-07-01T08:55:00.164909Z
46687-0010015577,46687,VIRGEN DE ESTRELLA S.A.C.,2026-03-20,001/0015577,ABN852,27.0,ARENA,14,36.19,40.9,268.71,,,SAN LORENZO,MATERIALES,2026-07-01T08:55:00.164943Z
46687-0010015578,46687,VIRGEN DE ESTRELLA S.A.C.,2026-03-20,001/0015578,BZR752,38.0,ARENA,14,36.42,41.15,270.36,,,SAN LORENZO,MATERIALES,2026-07-01T08:55:00.164971Z
46687-0010015553,46687,VIRGEN DE ESTRELLA S.A.C.,2026-03-20,001/0015553,ABN852,27.0,ARENA,14,34.03,37.77,216.04,,,SAN LORENZO,MEIGGS,2026-07-01T08:55:00.165752Z
46687-0010015560,46687,VIRGEN DE ESTRELLA S.A.C.,2026-03-20,001/0015560,AJA905,29.0,ARENA,14,32.82,36.43,208.38,,,SAN LORENZO,MEIGGS,2026-07-01T08:55:00.165779Z
46687-0010015561,46687,VIRGEN DE ESTRELLA S.A.C.,2026-03-20,001/0015561,AJC805,30.0,ARENA,14,34.32,38.09,217.87,,,SAN LORENZO,MEIGGS,2026-07-01T08:55:00.165808Z
46687-0010015562,46687,VIRGEN DE ESTRELLA S.A.C.,2026-03-20,001/0015562,AKE789,31.0,ARENA,14,32.9,36.52,208.89,,,SAN LORENZO,MEIGGS,2026-07-01T08:55:00.165835Z
46687-0010015567,46687,VIRGEN DE ESTRELLA S.A.C.,2026-03-20,001/0015567,AJC805,30.0,ARENA,14,34.22,37.98,217.25,,,SAN LORENZO,MEIGGS,2026-07-01T08:55:00.165865Z
46687-0010015570,46687,VIRGEN DE ESTRELLA S.A.C.,2026-03-20,001/0015570,ABN852,27.0,ARENA,14,32.94,36.56,209.12,,,SAN LORENZO,MEIGGS,2026-07-01T08:55:00.165891Z
46687-0010015571,46687,VIRGEN DE ESTRELLA S.A.C.,2026-03-20,001/0015571,BZR752,38.0,ARENA,14,35.16,39.03,223.25,,,SAN LORENZO,MEIGGS,2026-07-01T08:55:00.165918Z
46687-0010015574,46687,VIRGEN DE ESTRELLA S.A.C.,2026-03-20,001/0015574,AKE789,31.0,ARENA,14,34.32,38.09,217.87,,,SAN LORENZO,MEIGGS,2026-07-01T08:55:00.165947Z
46687-0010015583,46687,VIRGEN DE ESTRELLA S.A.C.,2026-03-20,001/0015583,AKE789,31.0,ARENA,14,34.11,37.86,216.56,,,SAN LORENZO,MEIGGS,2026-07-01T08:55:00.165976Z
46687-0010015581,46687,VIRGEN DE ESTRELLA S.A.C.,2026-03-20,001/0015581,BAE736,35.0,PIEDRA,2,37.29,38.04,217.59,,,SAN LORENZO,MEIGGS,2026-07-01T08:55:00.166666Z
46687-0010015588,46687,VIRGEN DE ESTRELLA S.A.C.,2026-03-20,001/0015588,AJC805,30.0,PIEDRA,2,39.33,40.12,229.49,,,SAN LORENZO,MEIGGS,2026-07-01T08:55:00.166689Z
46687-0010015595,46687,VIRGEN DE ESTRELLA S.A.C.,2026-03-20,001/0015595,ABN852,27.0,PIEDRA,2,37.66,38.41,219.71,,,SAN LORENZO,MEIGGS,2026-07-01T08:55:00.166719Z
46687-0010015596,46687,VIRGEN DE ESTRELLA S.A.C.,2026-03-20,001/0015596,D8D861,23.0,PIEDRA,2,35.89,36.61,209.41,,,SAN LORENZO,MEIGGS,2026-07-01T08:55:00.166742Z
46687-0010015598,46687,VIRGEN DE ESTRELLA S.A.C.,2026-03-20,001/0015598,AWH708,33.0,PIEDRA,2,38.99,39.77,227.48,,,SAN LORENZO,MEIGGS,2026-07-01T08:55:00.166765Z
46687-0010015600,46687,VIRGEN DE ESTRELLA S.A.C.,2026-03-20,001/0015600,AJC805,30.0,PIEDRA,2,36.95,37.69,215.59,,,SAN LORENZO,MEIGGS,2026-07-01T08:55:00.166788Z
46687-0010015597,46687,VIRGEN DE ESTRELLA S.A.C.,2026-03-20,001/0015597,AJA905,29.0,PIEDRA,2,36.49,36.49,208.72,,,SAN LORENZO,MEIGGS,2026-07-01T08:55:00.166838Z
46713-1910573269,46713,VIRGEN DE ESTRELLA S.A.C.,2026-03-20,191/0573269,BYP824,9.0,ARENA,14,36.66,41.06,301.79,,,JICAMARCA,HUACHIPA,2026-07-01T08:58:37.041612Z
46736-1910573386,46736,VIRGEN DE ESTRELLA S.A.C.,2026-03-21,191/0573386,CHS718,45.0,PIEDRA,2,35.06,35.06,501.71,,,JICAMARCA,CONCRETO PRETENSADO,2026-06-30T22:23:14.130653Z
46687-1910573368,46687,VIRGEN DE ESTRELLA S.A.C.,2026-03-21,191/0573368,C9W737,21.0,ARENA,14,30.38,34.03,407.0,,,JICAMARCA,SAN JUAN,2026-07-01T08:55:00.158446Z
46687-1910573401,46687,VIRGEN DE ESTRELLA S.A.C.,2026-03-21,191/0573401,C9W737,21.0,ARENA,14,33.55,37.58,449.46,,,JICAMARCA,SAN JUAN,2026-07-01T08:55:00.158479Z
46687-1910573402,46687,VIRGEN DE ESTRELLA S.A.C.,2026-03-21,191/0573402,CBA709,43.0,ARENA,14,33.6,37.63,450.05,,,JICAMARCA,SAN JUAN,2026-07-01T08:55:00.158515Z
46687-1910573372,46687,VIRGEN DE ESTRELLA S.A.C.,2026-03-21,191/0573372,CBA709,43.0,ARENA,14,33.03,37.32,370.63,,,JICAMARCA,ANCIETA,2026-07-01T08:55:00.158867Z
46687-1910573331,46687,VIRGEN DE ESTRELLA S.A.C.,2026-03-21,191/0573331,CCL847,44.0,PIEDRA,2,35.73,35.73,354.77,,,JICAMARCA,ANCIETA,2026-07-01T08:55:00.159022Z
46687-1910573326,46687,VIRGEN DE ESTRELLA S.A.C.,2026-03-21,191/0573326,BYP824,9.0,ARENA,14,37.65,41.41,494.85,,,JICAMARCA,COLLIQUE,2026-07-01T08:55:00.159158Z
46687-1910573330,46687,VIRGEN DE ESTRELLA S.A.C.,2026-03-21,191/0573330,CHS718,45.0,ARENA,14,30.12,33.43,468.02,,,JICAMARCA,VILLA 1,2026-07-01T08:55:00.159237Z
46687-1950189728,46687,VIRGEN DE ESTRELLA S.A.C.,2026-03-21,195/0189728,CBR854,14.0,PIEDRA,2,41.12,41.12,622.97,,,YERBABUENA,MEIGGS,2026-07-01T08:55:00.161295Z
46687-1950189732,46687,VIRGEN DE ESTRELLA S.A.C.,2026-03-21,195/0189732,BAE736,35.0,PIEDRA,2,39.79,39.79,602.82,,,YERBABUENA,MEIGGS,2026-07-01T08:55:00.161319Z
46687-1950189736,46687,VIRGEN DE ESTRELLA S.A.C.,2026-03-21,195/0189736,CBR796,18.0,PIEDRA,2,40.08,40.08,607.21,,,YERBABUENA,MEIGGS,2026-07-01T08:55:00.161346Z
46687-1950189741,46687,VIRGEN DE ESTRELLA S.A.C.,2026-03-21,195/0189741,F3F817,1.0,PIEDRA,2,42.19,42.19,639.18,,,YERBABUENA,MEIGGS,2026-07-01T08:55:00.161369Z
46687-1950189743,46687,VIRGEN DE ESTRELLA S.A.C.,2026-03-21,195/0189743,ATN880,5.0,PIEDRA,2,47.37,47.37,717.66,,,YERBABUENA,MEIGGS,2026-07-01T08:55:00.161393Z
46687-1950189760,46687,VIRGEN DE ESTRELLA S.A.C.,2026-03-21,195/0189760,BF1758,,PIEDRA,2,40.55,40.55,614.33,,,YERBABUENA,MEIGGS,2026-07-01T08:55:00.161424Z
46687-1950189716,46687,VIRGEN DE ESTRELLA S.A.C.,2026-03-21,195/0189716,CAZ895,42.0,ARENA,14,38.56,38.56,584.18,,,YERBABUENA,MEIGGS,2026-07-01T08:55:00.162288Z
46687-1950189727,46687,VIRGEN DE ESTRELLA S.A.C.,2026-03-21,195/0189727,AFX735,25.0,ARENA,14,36.43,36.43,551.91,,,YERBABUENA,MEIGGS,2026-07-01T08:55:00.162314Z
46687-1950189744,46687,VIRGEN DE ESTRELLA S.A.C.,2026-03-21,195/0189744,CAZ895,42.0,ARENA,14,39.98,39.98,605.7,,,YERBABUENA,MEIGGS,2026-07-01T08:55:00.162344Z
46687-1950189745,46687,VIRGEN DE ESTRELLA S.A.C.,2026-03-21,195/0189745,AWH708,33.0,ARENA,14,35.03,35.03,530.7,,,YERBABUENA,MEIGGS,2026-07-01T08:55:00.162371Z
46687-1950189749,46687,VIRGEN DE ESTRELLA S.A.C.,2026-03-21,195/0189749,C9T788,20.0,ARENA,14,35.79,35.79,542.22,,,YERBABUENA,MEIGGS,2026-07-01T08:55:00.162397Z
46687-0010015602,46687,VIRGEN DE ESTRELLA S.A.C.,2026-03-21,001/0015602,AHJ786,28.0,PIEDRA,2,37.14,38.07,289.33,,,SAN LORENZO,COLLIQUE,2026-07-01T08:55:00.163479Z
46687-0010015605,46687,VIRGEN DE ESTRELLA S.A.C.,2026-03-21,001/0015605,BFI758,37.0,PIEDRA,2,36.39,37.3,283.48,,,SAN LORENZO,COLLIQUE,2026-07-01T08:55:00.163506Z
46687-0010015606,46687,VIRGEN DE ESTRELLA S.A.C.,2026-03-21,001/0015606,D8E728,24.0,PIEDRA,2,34.15,35.0,266.0,,,SAN LORENZO,COLLIQUE,2026-07-01T08:55:00.163535Z
46687-0010015607,46687,VIRGEN DE ESTRELLA S.A.C.,2026-03-21,001/0015607,ABN852,27.0,PIEDRA,2,37.66,38.6,293.36,,,SAN LORENZO,COLLIQUE,2026-07-01T08:55:00.163561Z
46687-0010015608,46687,VIRGEN DE ESTRELLA S.A.C.,2026-03-21,001/0015608,BYP824,9.0,PIEDRA,2,37.72,38.66,293.82,,,SAN LORENZO,COLLIQUE,2026-07-01T08:55:00.163591Z
46687-0010015610,46687,VIRGEN DE ESTRELLA S.A.C.,2026-03-21,001/0015610,BZR752,38.0,PIEDRA,2,37.16,38.09,289.48,,,SAN LORENZO,COLLIQUE,2026-07-01T08:55:00.163616Z
46687-0010015613,46687,VIRGEN DE ESTRELLA S.A.C.,2026-03-21,001/0015613,AHJ786,28.0,PIEDRA,2,36.54,37.45,284.62,,,SAN LORENZO,COLLIQUE,2026-07-01T08:55:00.163643Z
46687-0010015618,46687,VIRGEN DE ESTRELLA S.A.C.,2026-03-21,001/0015618,AJA905,29.0,PIEDRA,2,35.61,36.5,277.4,,,SAN LORENZO,COLLIQUE,2026-07-01T08:55:00.163673Z
46687-0010015620,46687,VIRGEN DE ESTRELLA S.A.C.,2026-03-21,001/0015620,AWW845,34.0,PIEDRA,2,37.32,38.25,290.7,,,SAN LORENZO,COLLIQUE,2026-07-01T08:55:00.163700Z
46687-0010015624,46687,VIRGEN DE ESTRELLA S.A.C.,2026-03-21,001/0015624,ABN852,27.0,PIEDRA,2,39.0,39.98,303.85,,,SAN LORENZO,COLLIQUE,2026-07-01T08:55:00.163735Z
46687-0010015627,46687,VIRGEN DE ESTRELLA S.A.C.,2026-03-21,001/0015627,D8D861,23.0,PIEDRA,2,36.59,37.5,285.0,,,SAN LORENZO,COLLIQUE,2026-07-01T08:55:00.163766Z
46687-0010015628,46687,VIRGEN DE ESTRELLA S.A.C.,2026-03-21,001/0015628,AHJ786,28.0,PIEDRA,2,37.82,38.77,294.65,,,SAN LORENZO,COLLIQUE,2026-07-01T08:55:00.163793Z
46687-0010015629,46687,VIRGEN DE ESTRELLA S.A.C.,2026-03-21,001/0015629,BYP824,9.0,PIEDRA,2,41.46,42.5,323.0,,,SAN LORENZO,COLLIQUE,2026-07-01T08:55:00.163819Z
46687-0010015636,46687,VIRGEN DE ESTRELLA S.A.C.,2026-03-21,001/0015636,CBR854,14.0,PIEDRA,2,36.78,37.7,286.52,,,SAN LORENZO,COLLIQUE,2026-07-01T08:55:00.163845Z
46687-0010015638,46687,VIRGEN DE ESTRELLA S.A.C.,2026-03-21,001/0015638,CBR796,18.0,PIEDRA,2,38.68,39.65,301.34,,,SAN LORENZO,COLLIQUE,2026-07-01T08:55:00.163872Z
46687-0010015642,46687,VIRGEN DE ESTRELLA S.A.C.,2026-03-21,001/0015642,F3F817,1.0,PIEDRA,2,43.37,44.45,337.82,,,SAN LORENZO,COLLIQUE,2026-07-01T08:55:00.163898Z
46687-0010015643,46687,VIRGEN DE ESTRELLA S.A.C.,2026-03-21,001/0015643,ATN880,5.0,PIEDRA,2,45.48,46.62,354.31,,,SAN LORENZO,COLLIQUE,2026-07-01T08:55:00.163925Z
46687-0010015609,46687,VIRGEN DE ESTRELLA S.A.C.,2026-03-21,001/0015609,D8D861,23.0,ARENA,14,33.65,38.03,249.86,,,SAN LORENZO,MATERIALES,2026-07-01T08:55:00.165002Z
46687-0010015612,46687,VIRGEN DE ESTRELLA S.A.C.,2026-03-21,001/0015612,AKE789,31.0,ARENA,14,34.13,38.57,253.4,,,SAN LORENZO,MATERIALES,2026-07-01T08:55:00.165029Z
46687-0010015617,46687,VIRGEN DE ESTRELLA S.A.C.,2026-03-21,001/0015617,AJC805,30.0,ARENA,14,37.0,41.81,274.69,,,SAN LORENZO,MATERIALES,2026-07-01T08:55:00.165057Z
46687-0010015622,46687,VIRGEN DE ESTRELLA S.A.C.,2026-03-21,001/0015622,D8E728,24.0,ARENA,14,34.06,38.49,252.88,,,SAN LORENZO,MATERIALES,2026-07-01T08:55:00.165085Z
46687-0010015626,46687,VIRGEN DE ESTRELLA S.A.C.,2026-03-21,001/0015626,BZR752,38.0,ARENA,14,36.36,41.09,269.96,,,SAN LORENZO,MATERIALES,2026-07-01T08:55:00.165114Z
46687-0010015630,46687,VIRGEN DE ESTRELLA S.A.C.,2026-03-21,001/0015630,AKE789,31.0,ARENA,14,34.3,38.76,254.65,,,SAN LORENZO,MATERIALES,2026-07-01T08:55:00.165143Z
46687-0010015634,46687,VIRGEN DE ESTRELLA S.A.C.,2026-03-21,001/0015634,AJA905,29.0,ARENA,14,34.93,39.47,259.32,,,SAN LORENZO,MATERIALES,2026-07-01T08:55:00.165170Z
46687-0010015650,46687,VIRGEN DE ESTRELLA S.A.C.,2026-03-21,001/0015650,AJC805,30.0,ARENA,14,36.4,41.13,270.22,,,SAN LORENZO,MATERIALES,2026-07-01T08:55:00.165201Z
46687-0010015631,46687,VIRGEN DE ESTRELLA S.A.C.,2026-03-21,001/0015631,AFX735,25.0,ARENA,14,32.14,35.67,204.03,,,SAN LORENZO,MEIGGS,2026-07-01T08:55:00.166002Z
46687-0010015633,46687,VIRGEN DE ESTRELLA S.A.C.,2026-03-21,001/0015633,AWH708,33.0,ARENA,14,34.26,38.03,217.53,,,SAN LORENZO,MEIGGS,2026-07-01T08:55:00.166027Z
46687-0010015639,46687,VIRGEN DE ESTRELLA S.A.C.,2026-03-21,001/0015639,AJC805,30.0,ARENA,14,34.41,38.2,218.5,,,SAN LORENZO,MEIGGS,2026-07-01T08:55:00.166053Z
46687-0010015644,46687,VIRGEN DE ESTRELLA S.A.C.,2026-03-21,001/0015644,C9T788,20.0,ARENA,14,33.43,37.11,212.27,,,SAN LORENZO,MEIGGS,2026-07-01T08:55:00.166079Z
46687-0010015645,46687,VIRGEN DE ESTRELLA S.A.C.,2026-03-21,001/0015645,D8E728,24.0,ARENA,14,32.43,36.0,205.92,,,SAN LORENZO,MEIGGS,2026-07-01T08:55:00.166110Z
46687-0010015647,46687,VIRGEN DE ESTRELLA S.A.C.,2026-03-21,001/0015647,BZR752,38.0,ARENA,14,35.57,39.48,225.83,,,SAN LORENZO,MEIGGS,2026-07-01T08:55:00.166139Z
46687-0010015648,46687,VIRGEN DE ESTRELLA S.A.C.,2026-03-21,001/0015648,AKE789,31.0,ARENA,14,33.89,37.62,215.19,,,SAN LORENZO,MEIGGS,2026-07-01T08:55:00.166166Z
46767-1910573503,46767,VIRGEN DE ESTRELLA S.A.C.,2026-03-23,191/0573503,CBA709,43.0,ARENA,14,34.18,37.6,632.86,,,JICAMARCA,CONCHAN,2026-06-30T22:23:29.795496Z
46767-1910573511,46767,VIRGEN DE ESTRELLA S.A.C.,2026-03-23,191/0573511,CHS718,45.0,ARENA,14,33.09,36.39,612.51,,,JICAMARCA,CONCHAN,2026-06-30T22:23:29.795537Z
46713-1910573495,46713,VIRGEN DE ESTRELLA S.A.C.,2026-03-23,191/0573495,BYP824,9.0,PIEDRA,2,39.84,39.84,476.49,,,JICAMARCA,SAN JUAN,2026-07-01T08:58:37.040634Z
46713-1910573523,46713,VIRGEN DE ESTRELLA S.A.C.,2026-03-23,191/0573523,C9W737,21.0,ARENA,14,32.03,35.87,429.01,,,JICAMARCA,SAN JUAN,2026-07-01T08:58:37.040779Z
46713-1910573459,46713,VIRGEN DE ESTRELLA S.A.C.,2026-03-23,191/0573459,BYP824,9.0,PIEDRA,2,38.58,38.58,383.09,,,JICAMARCA,ANCIETA,2026-07-01T08:58:37.041161Z
46713-1910573484,46713,VIRGEN DE ESTRELLA S.A.C.,2026-03-23,191/0573484,C9W737,21.0,PIEDRA,2,33.83,33.83,569.27,,,JICAMARCA,SAN ANTONIO,2026-07-01T08:58:37.042513Z
46713-1910573508,46713,VIRGEN DE ESTRELLA S.A.C.,2026-03-23,191/0573508,CCL847,44.0,PIEDRA,2,34.86,34.86,586.69,,,JICAMARCA,SAN ANTONIO,2026-07-01T08:58:37.042543Z
46713-1910573439,46713,VIRGEN DE ESTRELLA S.A.C.,2026-03-23,191/0573439,CHS718,45.0,PIEDRA,2,34.18,34.18,575.21,,,JICAMARCA,SAN ANTONIO,2026-07-01T08:58:37.042655Z
46713-1910573442,46713,VIRGEN DE ESTRELLA S.A.C.,2026-03-23,191/0573442,CCL847,44.0,PIEDRA,2,35.62,35.62,599.47,,,JICAMARCA,SAN ANTONIO,2026-07-01T08:58:37.042684Z
46713-1910573456,46713,VIRGEN DE ESTRELLA S.A.C.,2026-03-23,191/0573456,CBA709,43.0,PIEDRA,2,35.11,35.11,590.86,,,JICAMARCA,SAN ANTONIO,2026-07-01T08:58:37.042723Z
46713-1950189790,46713,VIRGEN DE ESTRELLA S.A.C.,2026-03-23,195/0189790,F3F817,1.0,PIEDRA,2,45.44,45.44,642.52,,,YERBABUENA,OQUENDO,2026-07-01T08:58:37.042854Z
46713-1950189799,46713,VIRGEN DE ESTRELLA S.A.C.,2026-03-23,195/0189799,ATN880,5.0,PIEDRA,2,41.62,41.62,630.54,,,YERBABUENA,MEIGGS,2026-07-01T08:58:37.042880Z
46713-1950189795,46713,VIRGEN DE ESTRELLA S.A.C.,2026-03-23,195/0189795,AWH708,33.0,ARENA,14,35.98,35.98,545.1,,,YERBABUENA,MEIGGS,2026-07-01T08:58:37.043936Z
46713-1950189797,46713,VIRGEN DE ESTRELLA S.A.C.,2026-03-23,195/0189797,CBR872,16.0,ARENA,14,41.1,41.1,622.67,,,YERBABUENA,MEIGGS,2026-07-01T08:58:37.043965Z
46713-0010015658,46713,VIRGEN DE ESTRELLA S.A.C.,2026-03-23,001/0015658,BFI758,37.0,PIEDRA,2,39.02,40.0,304.0,,,SAN LORENZO,COLLIQUE,2026-07-01T08:58:37.045125Z
46713-0010015659,46713,VIRGEN DE ESTRELLA S.A.C.,2026-03-23,001/0015659,AHJ786,28.0,PIEDRA,2,38.7,39.67,301.49,,,SAN LORENZO,COLLIQUE,2026-07-01T08:58:37.045152Z
46713-0010015660,46713,VIRGEN DE ESTRELLA S.A.C.,2026-03-23,001/0015660,D8D861,23.0,PIEDRA,2,36.42,37.33,283.71,,,SAN LORENZO,COLLIQUE,2026-07-01T08:58:37.045181Z
46713-0010015663,46713,VIRGEN DE ESTRELLA S.A.C.,2026-03-23,001/0015663,BAE736,35.0,PIEDRA,2,36.88,37.8,287.28,,,SAN LORENZO,COLLIQUE,2026-07-01T08:58:37.045209Z
46713-0010015671,46713,VIRGEN DE ESTRELLA S.A.C.,2026-03-23,001/0015671,CBR872,16.0,PIEDRA,2,38.11,39.06,296.86,,,SAN LORENZO,COLLIQUE,2026-07-01T08:58:37.045234Z
46713-0010015676,46713,VIRGEN DE ESTRELLA S.A.C.,2026-03-23,001/0015676,ATN880,5.0,PIEDRA,2,44.46,45.57,346.33,,,SAN LORENZO,COLLIQUE,2026-07-01T08:58:37.045259Z
46713-0010015667,46713,VIRGEN DE ESTRELLA S.A.C.,2026-03-23,001/0015667,D8E728,24.0,PIEDRA,2,36.34,37.43,243.3,,,SAN LORENZO,OQUENDO,2026-07-01T08:58:37.046460Z
46713-0010015668,46713,VIRGEN DE ESTRELLA S.A.C.,2026-03-23,001/0015668,AWH708,33.0,PIEDRA,2,39.35,40.53,263.45,,,SAN LORENZO,OQUENDO,2026-07-01T08:58:37.046483Z
46713-0010015674,46713,VIRGEN DE ESTRELLA S.A.C.,2026-03-23,001/0015674,AHJ786,28.0,PIEDRA,2,37.7,38.83,252.4,,,SAN LORENZO,OQUENDO,2026-07-01T08:58:37.046505Z
46713-0010015678,46713,VIRGEN DE ESTRELLA S.A.C.,2026-03-23,001/0015678,F3F817,1.0,PIEDRA,2,42.91,44.2,287.3,,,SAN LORENZO,OQUENDO,2026-07-01T08:58:37.046526Z
46713-0010015686,46713,VIRGEN DE ESTRELLA S.A.C.,2026-03-23,001/0015686,AWH708,33.0,PIEDRA,2,36.65,37.75,245.38,,,SAN LORENZO,OQUENDO,2026-07-01T08:58:37.046548Z
46713-0010015687,46713,VIRGEN DE ESTRELLA S.A.C.,2026-03-23,001/0015687,AHJ786,28.0,PIEDRA,2,37.36,38.48,250.12,,,SAN LORENZO,OQUENDO,2026-07-01T08:58:37.046569Z
46713-0010015673,46713,VIRGEN DE ESTRELLA S.A.C.,2026-03-23,001/0015673,BAE736,35.0,PIEDRA,2,37.68,38.62,220.91,,,SAN LORENZO,MEIGGS,2026-07-01T08:58:37.047963Z
46713-0010015677,46713,VIRGEN DE ESTRELLA S.A.C.,2026-03-23,001/0015677,D8D861,23.0,PIEDRA,2,36.21,37.12,212.33,,,SAN LORENZO,MEIGGS,2026-07-01T08:58:37.047983Z
46713-0010015680,46713,VIRGEN DE ESTRELLA S.A.C.,2026-03-23,001/0015680,AWH708,33.0,PIEDRA,2,37.47,38.41,219.71,,,SAN LORENZO,MEIGGS,2026-07-01T08:58:37.048003Z
46713-0010015682,46713,VIRGEN DE ESTRELLA S.A.C.,2026-03-23,001/0015682,BAE736,35.0,PIEDRA,2,37.04,37.97,217.19,,,SAN LORENZO,MEIGGS,2026-07-01T08:58:37.048024Z
46713-0010015683,46713,VIRGEN DE ESTRELLA S.A.C.,2026-03-23,001/0015683,D8D861,23.0,PIEDRA,2,35.99,36.89,211.01,,,SAN LORENZO,MEIGGS,2026-07-01T08:58:37.048047Z
46713-0010015685,46713,VIRGEN DE ESTRELLA S.A.C.,2026-03-23,001/0015685,BFI758,37.0,PIEDRA,2,37.7,38.64,221.02,,,SAN LORENZO,MEIGGS,2026-07-01T08:58:37.048067Z
46713-0010015670,46713,VIRGEN DE ESTRELLA S.A.C.,2026-03-23,001/0015670,BFI758,37.0,PIEDRA,2,39.48,39.48,225.83,,,SAN LORENZO,MEIGGS,2026-07-01T08:58:37.048303Z
46713-1910573655,46713,VIRGEN DE ESTRELLA S.A.C.,2026-03-24,191/0573655,CBR846,12.0,ARENA,14,37.19,41.65,498.13,,,JICAMARCA,SAN JUAN,2026-07-01T08:58:37.040807Z
46713-1910573577,46713,VIRGEN DE ESTRELLA S.A.C.,2026-03-24,191/0573577,CCL847,44.0,ARENA,14,31.89,36.04,357.85,,,JICAMARCA,ANCIETA,2026-07-01T08:58:37.040912Z
46713-1910573616,46713,VIRGEN DE ESTRELLA S.A.C.,2026-03-24,191/0573616,CBR846,12.0,ARENA,14,36.83,41.62,413.26,,,JICAMARCA,ANCIETA,2026-07-01T08:58:37.040936Z
46713-1910573621,46713,VIRGEN DE ESTRELLA S.A.C.,2026-03-24,191/0573621,CCL847,44.0,ARENA,14,32.03,36.19,359.39,,,JICAMARCA,ANCIETA,2026-07-01T08:58:37.040959Z
46713-1910573606,46713,VIRGEN DE ESTRELLA S.A.C.,2026-03-24,191/0573606,C9W737,21.0,PIEDRA,2,32.25,32.25,320.24,,,JICAMARCA,ANCIETA,2026-07-01T08:58:37.041136Z
46713-1910573711,46713,VIRGEN DE ESTRELLA S.A.C.,2026-03-24,191/0573711,CBR846,12.0,ARENA,14,38.27,42.1,503.1,,,JICAMARCA,COLLIQUE,2026-07-01T08:58:37.041264Z
46713-1910573569,46713,VIRGEN DE ESTRELLA S.A.C.,2026-03-24,191/0573569,CHS718,45.0,ARENA,14,30.58,34.25,479.5,,,JICAMARCA,VILLA 1,2026-07-01T08:58:37.041412Z
46713-1910573641,46713,VIRGEN DE ESTRELLA S.A.C.,2026-03-24,191/0573641,CBA709,43.0,ARENA,14,32.58,36.49,614.08,,,JICAMARCA,SAN ANTONIO,2026-07-01T08:58:37.041743Z
46713-1910573649,46713,VIRGEN DE ESTRELLA S.A.C.,2026-03-24,191/0573649,CCL847,44.0,ARENA,14,31.73,35.54,598.16,,,JICAMARCA,SAN ANTONIO,2026-07-01T08:58:37.041767Z
46713-1910573663,46713,VIRGEN DE ESTRELLA S.A.C.,2026-03-24,191/0573663,CHS718,45.0,ARENA,14,32.92,36.87,620.6,,,JICAMARCA,SAN ANTONIO,2026-07-01T08:58:37.041791Z
46713-1910573679,46713,VIRGEN DE ESTRELLA S.A.C.,2026-03-24,191/0573679,C9W737,21.0,ARENA,14,31.66,35.46,596.86,,,JICAMARCA,SAN ANTONIO,2026-07-01T08:58:37.042033Z
46713-1910573703,46713,VIRGEN DE ESTRELLA S.A.C.,2026-03-24,191/0573703,CBA709,43.0,ARENA,14,33.41,37.42,629.73,,,JICAMARCA,SAN ANTONIO,2026-07-01T08:58:37.042161Z
46713-1910573705,46713,VIRGEN DE ESTRELLA S.A.C.,2026-03-24,191/0573705,CCL847,44.0,ARENA,14,31.98,35.82,602.86,,,JICAMARCA,SAN ANTONIO,2026-07-01T08:58:37.042207Z
46713-1950189845,46713,VIRGEN DE ESTRELLA S.A.C.,2026-03-24,195/0189845,AFX735,25.0,PIEDRA,2,37.34,37.34,565.7,,,YERBABUENA,MEIGGS,2026-07-01T08:58:37.043040Z
46713-1950189847,46713,VIRGEN DE ESTRELLA S.A.C.,2026-03-24,195/0189847,F3F817,1.0,PIEDRA,2,44.57,44.57,675.24,,,YERBABUENA,MEIGGS,2026-07-01T08:58:37.043066Z
46713-1950189849,46713,VIRGEN DE ESTRELLA S.A.C.,2026-03-24,195/0189849,C9T788,20.0,PIEDRA,2,35.62,35.62,539.64,,,YERBABUENA,MEIGGS,2026-07-01T08:58:37.043092Z
46713-1950189854,46713,VIRGEN DE ESTRELLA S.A.C.,2026-03-24,195/0189854,AWH708,33.0,PIEDRA,2,37.0,37.0,560.55,,,YERBABUENA,MEIGGS,2026-07-01T08:58:37.043117Z
46713-0010015695,46713,VIRGEN DE ESTRELLA S.A.C.,2026-03-24,001/0015695,ABN852,27.0,PIEDRA,2,38.79,39.76,302.18,,,SAN LORENZO,COLLIQUE,2026-07-01T08:58:37.045283Z
46713-0010015711,46713,VIRGEN DE ESTRELLA S.A.C.,2026-03-24,001/0015711,D8E728,24.0,PIEDRA,2,34.06,34.91,265.32,,,SAN LORENZO,COLLIQUE,2026-07-01T08:58:37.045308Z
46713-0010015712,46713,VIRGEN DE ESTRELLA S.A.C.,2026-03-24,001/0015712,C9T788,20.0,PIEDRA,2,35.71,36.6,278.16,,,SAN LORENZO,COLLIQUE,2026-07-01T08:58:37.045333Z
46713-0010015715,46713,VIRGEN DE ESTRELLA S.A.C.,2026-03-24,001/0015715,F3F817,1.0,PIEDRA,2,42.82,43.89,333.56,,,SAN LORENZO,COLLIQUE,2026-07-01T08:58:37.045358Z
46713-0010015716,46713,VIRGEN DE ESTRELLA S.A.C.,2026-03-24,001/0015716,AFX735,25.0,PIEDRA,2,34.21,35.07,266.53,,,SAN LORENZO,COLLIQUE,2026-07-01T08:58:37.045383Z
46713-0010015691,46713,VIRGEN DE ESTRELLA S.A.C.,2026-03-24,001/0015691,AJA905,29.0,ARENA,14,34.62,38.08,247.52,,,SAN LORENZO,OQUENDO,2026-07-01T08:58:37.046282Z
46713-0010015692,46713,VIRGEN DE ESTRELLA S.A.C.,2026-03-24,001/0015692,CAZ895,42.0,ARENA,14,36.54,40.19,261.24,,,SAN LORENZO,OQUENDO,2026-07-01T08:58:37.046308Z
46713-0010015694,46713,VIRGEN DE ESTRELLA S.A.C.,2026-03-24,001/0015694,BAE736,35.0,ARENA,14,36.46,40.11,260.71,,,SAN LORENZO,OQUENDO,2026-07-01T08:58:37.046335Z
46713-0010015696,46713,VIRGEN DE ESTRELLA S.A.C.,2026-03-24,001/0015696,D8E728,24.0,ARENA,14,34.48,37.93,246.55,,,SAN LORENZO,OQUENDO,2026-07-01T08:58:37.046359Z
46713-0010015698,46713,VIRGEN DE ESTRELLA S.A.C.,2026-03-24,001/0015698,AKE789,31.0,ARENA,14,35.93,39.52,256.88,,,SAN LORENZO,OQUENDO,2026-07-01T08:58:37.046386Z
46713-0010015699,46713,VIRGEN DE ESTRELLA S.A.C.,2026-03-24,001/0015699,AJC805,30.0,PIEDRA,2,38.8,39.77,227.48,,,SAN LORENZO,MEIGGS,2026-07-01T08:58:37.048093Z
46713-0010015705,46713,VIRGEN DE ESTRELLA S.A.C.,2026-03-24,001/0015705,AKE789,31.0,PIEDRA,2,36.87,37.79,216.16,,,SAN LORENZO,MEIGGS,2026-07-01T08:58:37.048113Z
46713-0010015708,46713,VIRGEN DE ESTRELLA S.A.C.,2026-03-24,001/0015708,BAE736,35.0,PIEDRA,2,38.31,39.27,224.62,,,SAN LORENZO,MEIGGS,2026-07-01T08:58:37.048135Z
46713-0010015709,46713,VIRGEN DE ESTRELLA S.A.C.,2026-03-24,001/0015709,AJA905,29.0,PIEDRA,2,38.13,39.08,223.54,,,SAN LORENZO,MEIGGS,2026-07-01T08:58:37.048158Z
46713-0010015710,46713,VIRGEN DE ESTRELLA S.A.C.,2026-03-24,001/0015710,CAZ895,42.0,PIEDRA,2,35.48,36.37,208.04,,,SAN LORENZO,MEIGGS,2026-07-01T08:58:37.048177Z
46713-0010015717,46713,VIRGEN DE ESTRELLA S.A.C.,2026-03-24,001/0015717,ABN852,27.0,PIEDRA,2,37.69,38.63,220.96,,,SAN LORENZO,MEIGGS,2026-07-01T08:58:37.048196Z
46713-1910573817,46713,VIRGEN DE ESTRELLA S.A.C.,2026-03-25,191/0573817,BYP824,9.0,PIEDRA,2,40.48,40.48,484.14,,,JICAMARCA,SAN JUAN,2026-07-01T08:58:37.040698Z
46713-1910573881,46713,VIRGEN DE ESTRELLA S.A.C.,2026-03-25,191/0573881,CBA709,43.0,PIEDRA,2,34.58,34.58,413.58,,,JICAMARCA,SAN JUAN,2026-07-01T08:58:37.040740Z
46713-1910573840,46713,VIRGEN DE ESTRELLA S.A.C.,2026-03-25,191/0573840,CBR846,12.0,ARENA,14,38.18,42.76,511.46,,,JICAMARCA,SAN JUAN,2026-07-01T08:58:37.040833Z
46713-1910573759,46713,VIRGEN DE ESTRELLA S.A.C.,2026-03-25,191/0573759,BYP824,9.0,ARENA,14,36.84,41.63,413.42,,,JICAMARCA,ANCIETA,2026-07-01T08:58:37.040986Z
46713-1910573810,46713,VIRGEN DE ESTRELLA S.A.C.,2026-03-25,191/0573810,CBR846,12.0,ARENA,14,36.28,41.0,407.11,,,JICAMARCA,ANCIETA,2026-07-01T08:58:37.041012Z
46713-1910573898,46713,VIRGEN DE ESTRELLA S.A.C.,2026-03-25,191/0573898,CCL847,44.0,ARENA,14,32.69,36.94,366.78,,,JICAMARCA,ANCIETA,2026-07-01T08:58:37.041038Z
46713-1910573909,46713,VIRGEN DE ESTRELLA S.A.C.,2026-03-25,191/0573909,CBR846,12.0,ARENA,14,38.65,42.51,507.99,,,JICAMARCA,COLLIQUE,2026-07-01T08:58:37.041289Z
46713-1910573925,46713,VIRGEN DE ESTRELLA S.A.C.,2026-03-25,191/0573925,BYP824,9.0,ARENA,14,38.75,42.63,509.43,,,JICAMARCA,COLLIQUE,2026-07-01T08:58:37.041313Z
46713-1910573760,46713,VIRGEN DE ESTRELLA S.A.C.,2026-03-25,191/0573760,CHS718,45.0,ARENA,14,32.24,35.46,496.44,,,JICAMARCA,VILLA 1,2026-07-01T08:58:37.041436Z
46713-1910573765,46713,VIRGEN DE ESTRELLA S.A.C.,2026-03-25,191/0573765,CCL847,44.0,ARENA,14,32.67,35.94,503.16,,,JICAMARCA,VILLA 1,2026-07-01T08:58:37.041461Z
46713-1910573807,46713,VIRGEN DE ESTRELLA S.A.C.,2026-03-25,191/0573807,CBA709,43.0,ARENA,14,31.17,34.29,480.06,,,JICAMARCA,VILLA 1,2026-07-01T08:58:37.041511Z
46713-1910573867,46713,VIRGEN DE ESTRELLA S.A.C.,2026-03-25,191/0573867,BYP824,9.0,ARENA,14,37.5,41.25,577.5,,,JICAMARCA,VILLA 1,2026-07-01T08:58:37.041536Z
46713-1910573893,46713,VIRGEN DE ESTRELLA S.A.C.,2026-03-25,191/0573893,CHS718,45.0,PIEDRA,2,33.18,33.18,142.0,,,JICAMARCA,BLOQUES HUACHIPA INS. Y SUM.,2026-07-01T08:58:37.041659Z
46713-1910573933,46713,VIRGEN DE ESTRELLA S.A.C.,2026-03-25,191/0573933,CHS718,45.0,PIEDRA,2,32.99,32.99,141.18,,,JICAMARCA,BLOQUES HUACHIPA INS. Y SUM.,2026-07-01T08:58:37.041682Z
46713-1910573847,46713,VIRGEN DE ESTRELLA S.A.C.,2026-03-25,191/0573847,CHS718,45.0,ARENA,14,32.09,35.94,604.95,,,JICAMARCA,SAN ANTONIO,2026-07-01T08:58:37.042241Z
46713-1910573859,46713,VIRGEN DE ESTRELLA S.A.C.,2026-03-25,191/0573859,CCL847,44.0,ARENA,14,31.69,35.49,597.38,,,JICAMARCA,SAN ANTONIO,2026-07-01T08:58:37.042283Z
46713-1950189891,46713,VIRGEN DE ESTRELLA S.A.C.,2026-03-25,195/0189891,AWH708,33.0,PIEDRA,2,37.17,37.17,563.13,,,YERBABUENA,MEIGGS,2026-07-01T08:58:37.042904Z
46713-1950189883,46713,VIRGEN DE ESTRELLA S.A.C.,2026-03-25,195/0189883,F3F817,1.0,PIEDRA,2,44.28,44.28,670.84,,,YERBABUENA,MEIGGS,2026-07-01T08:58:37.043140Z
46713-1950189885,46713,VIRGEN DE ESTRELLA S.A.C.,2026-03-25,195/0189885,C9T788,20.0,PIEDRA,2,34.5,34.5,522.68,,,YERBABUENA,MEIGGS,2026-07-01T08:58:37.043165Z
46713-1950189889,46713,VIRGEN DE ESTRELLA S.A.C.,2026-03-25,195/0189889,ATN880,5.0,PIEDRA,2,42.56,42.56,644.78,,,YERBABUENA,MEIGGS,2026-07-01T08:58:37.043192Z
46713-0010015724,46713,VIRGEN DE ESTRELLA S.A.C.,2026-03-25,001/0015724,AJC805,30.0,PIEDRA,2,39.0,39.98,303.85,,,SAN LORENZO,COLLIQUE,2026-07-01T08:58:37.045406Z
46713-0010015736,46713,VIRGEN DE ESTRELLA S.A.C.,2026-03-25,001/0015736,AJA905,29.0,PIEDRA,2,35.4,36.29,275.8,,,SAN LORENZO,COLLIQUE,2026-07-01T08:58:37.045430Z
46713-0010015737,46713,VIRGEN DE ESTRELLA S.A.C.,2026-03-25,001/0015737,ABN852,27.0,PIEDRA,2,37.0,37.93,288.27,,,SAN LORENZO,COLLIQUE,2026-07-01T08:58:37.045457Z
46713-0010015738,46713,VIRGEN DE ESTRELLA S.A.C.,2026-03-25,001/0015738,CAZ895,42.0,PIEDRA,2,37.23,38.16,290.02,,,SAN LORENZO,COLLIQUE,2026-07-01T08:58:37.045483Z
46713-0010015739,46713,VIRGEN DE ESTRELLA S.A.C.,2026-03-25,001/0015739,BAE736,35.0,PIEDRA,2,38.22,39.18,297.77,,,SAN LORENZO,COLLIQUE,2026-07-01T08:58:37.045506Z
46713-0010015749,46713,VIRGEN DE ESTRELLA S.A.C.,2026-03-25,001/0015749,CBR854,14.0,PIEDRA,2,38.6,39.57,300.73,,,SAN LORENZO,COLLIQUE,2026-07-01T08:58:37.045531Z
46713-0010015751,46713,VIRGEN DE ESTRELLA S.A.C.,2026-03-25,001/0015751,ATN880,5.0,PIEDRA,2,47.53,48.72,370.27,,,SAN LORENZO,COLLIQUE,2026-07-01T08:58:37.045555Z
46713-0010015757,46713,VIRGEN DE ESTRELLA S.A.C.,2026-03-25,001/0015757,F3F817,1.0,PIEDRA,2,44.49,45.6,346.56,,,SAN LORENZO,COLLIQUE,2026-07-01T08:58:37.045584Z
46713-0010015765,46713,VIRGEN DE ESTRELLA S.A.C.,2026-03-25,001/0015765,AJC805,30.0,ARENA,14,33.85,37.23,241.99,,,SAN LORENZO,OQUENDO,2026-07-01T08:58:37.046409Z
46713-0010015768,46713,VIRGEN DE ESTRELLA S.A.C.,2026-03-25,001/0015768,AKE789,31.0,ARENA,14,33.19,36.51,237.32,,,SAN LORENZO,OQUENDO,2026-07-01T08:58:37.046433Z
46713-0010015741,46713,VIRGEN DE ESTRELLA S.A.C.,2026-03-25,001/0015741,AFX735,25.0,ARENA,14,33.23,37.55,246.7,,,SAN LORENZO,MATERIALES,2026-07-01T08:58:37.046758Z
46713-0010015743,46713,VIRGEN DE ESTRELLA S.A.C.,2026-03-25,001/0015743,AJC805,30.0,ARENA,14,35.13,39.7,260.83,,,SAN LORENZO,MATERIALES,2026-07-01T08:58:37.046783Z
46713-0010015744,46713,VIRGEN DE ESTRELLA S.A.C.,2026-03-25,001/0015744,BF1758,,ARENA,14,37.97,42.91,281.92,,,SAN LORENZO,MATERIALES,2026-07-01T08:58:37.046814Z
46713-0010015745,46713,VIRGEN DE ESTRELLA S.A.C.,2026-03-25,001/0015745,AKE789,31.0,ARENA,14,34.87,39.4,258.86,,,SAN LORENZO,MATERIALES,2026-07-01T08:58:37.046839Z
46713-0010015746,46713,VIRGEN DE ESTRELLA S.A.C.,2026-03-25,001/0015746,D8D861,23.0,ARENA,14,34.62,39.12,257.02,,,SAN LORENZO,MATERIALES,2026-07-01T08:58:37.046866Z
46713-0010015748,46713,VIRGEN DE ESTRELLA S.A.C.,2026-03-25,001/0015748,AHJ786,28.0,ARENA,14,37.46,42.33,278.11,,,SAN LORENZO,MATERIALES,2026-07-01T08:58:37.046889Z
46713-0010015750,46713,VIRGEN DE ESTRELLA S.A.C.,2026-03-25,001/0015750,AWH708,33.0,ARENA,14,35.84,40.5,266.09,,,SAN LORENZO,MATERIALES,2026-07-01T08:58:37.046914Z
46713-0010015752,46713,VIRGEN DE ESTRELLA S.A.C.,2026-03-25,001/0015752,ABN852,27.0,ARENA,14,37.59,42.48,279.09,,,SAN LORENZO,MATERIALES,2026-07-01T08:58:37.046940Z
46713-0010015763,46713,VIRGEN DE ESTRELLA S.A.C.,2026-03-25,001/0015763,BF1758,,ARENA,14,36.4,41.13,270.22,,,SAN LORENZO,MATERIALES,2026-07-01T08:58:37.046970Z
46713-0010015767,46713,VIRGEN DE ESTRELLA S.A.C.,2026-03-25,001/0015767,AHJ786,28.0,ARENA,14,34.65,39.15,257.22,,,SAN LORENZO,MATERIALES,2026-07-01T08:58:37.046998Z
46713-0010015769,46713,VIRGEN DE ESTRELLA S.A.C.,2026-03-25,001/0015769,C9T788,20.0,ARENA,14,33.91,38.32,251.76,,,SAN LORENZO,MATERIALES,2026-07-01T08:58:37.047021Z
46713-0010015770,46713,VIRGEN DE ESTRELLA S.A.C.,2026-03-25,001/0015770,ABN852,27.0,ARENA,14,36.3,41.02,269.5,,,SAN LORENZO,MATERIALES,2026-07-01T08:58:37.047044Z
46713-0010015725,46713,VIRGEN DE ESTRELLA S.A.C.,2026-03-25,001/0015725,BAE736,35.0,ARENA,14,34.67,38.14,218.16,,,SAN LORENZO,MEIGGS,2026-07-01T08:58:37.047156Z
46713-0010015726,46713,VIRGEN DE ESTRELLA S.A.C.,2026-03-25,001/0015726,CAZ895,42.0,ARENA,14,34.85,38.33,219.25,,,SAN LORENZO,MEIGGS,2026-07-01T08:58:37.047181Z
46713-0010015727,46713,VIRGEN DE ESTRELLA S.A.C.,2026-03-25,001/0015727,ABN852,27.0,ARENA,14,34.29,37.72,215.76,,,SAN LORENZO,MEIGGS,2026-07-01T08:58:37.047203Z
46713-0010015728,46713,VIRGEN DE ESTRELLA S.A.C.,2026-03-25,001/0015728,AFX735,25.0,ARENA,14,30.67,33.74,192.99,,,SAN LORENZO,MEIGGS,2026-07-01T08:58:37.047225Z
46713-0010015730,46713,VIRGEN DE ESTRELLA S.A.C.,2026-03-25,001/0015730,AHJ786,28.0,ARENA,14,32.55,35.8,204.78,,,SAN LORENZO,MEIGGS,2026-07-01T08:58:37.047247Z
46713-0010015731,46713,VIRGEN DE ESTRELLA S.A.C.,2026-03-25,001/0015731,AJC805,30.0,ARENA,14,34.43,37.87,216.62,,,SAN LORENZO,MEIGGS,2026-07-01T08:58:37.047269Z
46713-0010015732,46713,VIRGEN DE ESTRELLA S.A.C.,2026-03-25,001/0015732,BF1758,,ARENA,14,35.3,38.83,222.11,,,SAN LORENZO,MEIGGS,2026-07-01T08:58:37.047297Z
46713-0010015733,46713,VIRGEN DE ESTRELLA S.A.C.,2026-03-25,001/0015733,AKE789,31.0,ARENA,14,33.26,36.59,209.29,,,SAN LORENZO,MEIGGS,2026-07-01T08:58:37.047319Z
46713-0010015734,46713,VIRGEN DE ESTRELLA S.A.C.,2026-03-25,001/0015734,D8D861,23.0,ARENA,14,32.41,35.65,203.92,,,SAN LORENZO,MEIGGS,2026-07-01T08:58:37.047341Z
46713-0010015740,46713,VIRGEN DE ESTRELLA S.A.C.,2026-03-25,001/0015740,AHJ786,28.0,ARENA,14,34.69,38.16,218.28,,,SAN LORENZO,MEIGGS,2026-07-01T08:58:37.047362Z
46713-0010015742,46713,VIRGEN DE ESTRELLA S.A.C.,2026-03-25,001/0015742,AJC805,30.0,ARENA,14,33.44,36.78,210.38,,,SAN LORENZO,MEIGGS,2026-07-01T08:58:37.047384Z
46713-0010015754,46713,VIRGEN DE ESTRELLA S.A.C.,2026-03-25,001/0015754,CAZ895,42.0,ARENA,14,37.79,41.57,237.78,,,SAN LORENZO,MEIGGS,2026-07-01T08:58:37.047407Z
46713-0010015755,46713,VIRGEN DE ESTRELLA S.A.C.,2026-03-25,001/0015755,BAE736,35.0,ARENA,14,36.76,40.44,231.32,,,SAN LORENZO,MEIGGS,2026-07-01T08:58:37.047433Z
46713-0010015756,46713,VIRGEN DE ESTRELLA S.A.C.,2026-03-25,001/0015756,AJA905,29.0,ARENA,14,36.15,39.76,227.43,,,SAN LORENZO,MEIGGS,2026-07-01T08:58:37.047455Z
46713-0010015758,46713,VIRGEN DE ESTRELLA S.A.C.,2026-03-25,001/0015758,BF1758,,ARENA,14,35.58,39.14,223.88,,,SAN LORENZO,MEIGGS,2026-07-01T08:58:37.047484Z
46713-0010015759,46713,VIRGEN DE ESTRELLA S.A.C.,2026-03-25,001/0015759,D8D861,23.0,ARENA,14,33.34,36.67,209.75,,,SAN LORENZO,MEIGGS,2026-07-01T08:58:37.047506Z
46713-0010015760,46713,VIRGEN DE ESTRELLA S.A.C.,2026-03-25,001/0015760,CAZ895,42.0,ARENA,14,34.24,37.66,215.42,,,SAN LORENZO,MEIGGS,2026-07-01T08:58:37.047528Z
46713-0010015761,46713,VIRGEN DE ESTRELLA S.A.C.,2026-03-25,001/0015761,AJA905,29.0,ARENA,14,32.55,35.8,204.78,,,SAN LORENZO,MEIGGS,2026-07-01T08:58:37.047550Z
46713-0010015764,46713,VIRGEN DE ESTRELLA S.A.C.,2026-03-25,001/0015764,AWH708,33.0,ARENA,14,37.37,41.11,235.15,,,SAN LORENZO,MEIGGS,2026-07-01T08:58:37.047573Z
46713-0010015762,46713,VIRGEN DE ESTRELLA S.A.C.,2026-03-25,001/0015762,BAE736,35.0,PIEDRA,2,37.54,37.54,214.73,,,SAN LORENZO,MEIGGS,2026-07-01T08:58:37.048324Z
46713-1910574034,46713,VIRGEN DE ESTRELLA S.A.C.,2026-03-26,191/0574034,CBR846,12.0,ARENA,14,37.87,42.41,507.22,,,JICAMARCA,SAN JUAN,2026-07-01T08:58:37.040861Z
46713-1910574072,46713,VIRGEN DE ESTRELLA S.A.C.,2026-03-26,191/0574072,BYP824,9.0,ARENA,14,37.39,41.88,500.88,,,JICAMARCA,SAN JUAN,2026-07-01T08:58:37.040888Z
46713-1910573955,46713,VIRGEN DE ESTRELLA S.A.C.,2026-03-26,191/0573955,BYP824,9.0,ARENA,14,36.27,40.98,406.95,,,JICAMARCA,ANCIETA,2026-07-01T08:58:37.041062Z
46713-1910574003,46713,VIRGEN DE ESTRELLA S.A.C.,2026-03-26,191/0574003,CBR846,12.0,ARENA,14,34.14,38.58,383.09,,,JICAMARCA,ANCIETA,2026-07-01T08:58:37.041086Z
46713-1910574035,46713,VIRGEN DE ESTRELLA S.A.C.,2026-03-26,191/0574035,CHS718,45.0,ARENA,14,32.63,36.87,366.16,,,JICAMARCA,ANCIETA,2026-07-01T08:58:37.041110Z
46713-1910574005,46713,VIRGEN DE ESTRELLA S.A.C.,2026-03-26,191/0574005,BYP824,9.0,PIEDRA,2,39.53,39.53,392.48,,,JICAMARCA,ANCIETA,2026-07-01T08:58:37.041185Z
46713-1910574100,46713,VIRGEN DE ESTRELLA S.A.C.,2026-03-26,191/0574100,CBR846,12.0,ARENA,14,38.97,42.87,512.3,,,JICAMARCA,COLLIQUE,2026-07-01T08:58:37.041339Z
46713-1910574111,46713,VIRGEN DE ESTRELLA S.A.C.,2026-03-26,191/0574111,BYP824,9.0,ARENA,14,38.65,42.52,508.11,,,JICAMARCA,COLLIQUE,2026-07-01T08:58:37.041364Z
46713-1910573953,46713,VIRGEN DE ESTRELLA S.A.C.,2026-03-26,191/0573953,CHS718,45.0,ARENA,14,29.43,32.96,461.44,,,JICAMARCA,VILLA 1,2026-07-01T08:58:37.041562Z
46713-1910573962,46713,VIRGEN DE ESTRELLA S.A.C.,2026-03-26,191/0573962,CCL847,44.0,ARENA,14,30.19,33.81,473.34,,,JICAMARCA,VILLA 1,2026-07-01T08:58:37.041587Z
46713-1910574039,46713,VIRGEN DE ESTRELLA S.A.C.,2026-03-26,191/0574039,BYP824,9.0,ARENA,14,36.9,41.32,303.72,,,JICAMARCA,HUACHIPA,2026-07-01T08:58:37.041635Z
46713-1910574066,46713,VIRGEN DE ESTRELLA S.A.C.,2026-03-26,191/0574066,CBA709,43.0,PIEDRA,2,33.75,33.75,482.96,,,JICAMARCA,EMBOLSADOS INS. Y SUM.,2026-07-01T08:58:37.041705Z
46713-1910574092,46713,VIRGEN DE ESTRELLA S.A.C.,2026-03-26,191/0574092,CCL847,44.0,PIEDRA,2,34.26,34.26,576.6,,,JICAMARCA,SAN ANTONIO,2026-07-01T08:58:37.042569Z
46713-1910574002,46713,VIRGEN DE ESTRELLA S.A.C.,2026-03-26,191/0574002,CBA709,43.0,PIEDRA,2,37.29,37.29,627.64,,,JICAMARCA,SAN ANTONIO,2026-07-01T08:58:37.042754Z
46713-1910574030,46713,VIRGEN DE ESTRELLA S.A.C.,2026-03-26,191/0574030,CCL847,44.0,PIEDRA,2,36.15,36.15,608.34,,,JICAMARCA,SAN ANTONIO,2026-07-01T08:58:37.042780Z
46713-1950189960,46713,VIRGEN DE ESTRELLA S.A.C.,2026-03-26,195/0189960,C9T788,20.0,PIEDRA,2,36.55,36.55,553.73,,,YERBABUENA,MEIGGS,2026-07-01T08:58:37.042933Z
46713-1950189967,46713,VIRGEN DE ESTRELLA S.A.C.,2026-03-26,195/0189967,CBR872,16.0,PIEDRA,2,38.81,38.81,587.97,,,YERBABUENA,MEIGGS,2026-07-01T08:58:37.043217Z
46713-1950189985,46713,VIRGEN DE ESTRELLA S.A.C.,2026-03-26,195/0189985,CBR854,14.0,PIEDRA,2,39.49,39.49,598.27,,,YERBABUENA,MEIGGS,2026-07-01T08:58:37.043241Z
46713-1950190019,46713,VIRGEN DE ESTRELLA S.A.C.,2026-03-26,195/0190019,CBR872,16.0,PIEDRA,2,36.59,36.59,554.34,,,YERBABUENA,MEIGGS,2026-07-01T08:58:37.043265Z
46713-1950189950,46713,VIRGEN DE ESTRELLA S.A.C.,2026-03-26,195/0189950,AFX735,25.0,ARENA,14,36.54,36.54,553.58,,,YERBABUENA,MEIGGS,2026-07-01T08:58:37.043992Z
46713-1950189964,46713,VIRGEN DE ESTRELLA S.A.C.,2026-03-26,195/0189964,ATN880,5.0,ARENA,14,44.56,44.56,675.08,,,YERBABUENA,MEIGGS,2026-07-01T08:58:37.044019Z
46713-1950189966,46713,VIRGEN DE ESTRELLA S.A.C.,2026-03-26,195/0189966,AWH708,33.0,ARENA,14,36.58,36.58,554.19,,,YERBABUENA,MEIGGS,2026-07-01T08:58:37.044048Z
46713-1950189980,46713,VIRGEN DE ESTRELLA S.A.C.,2026-03-26,195/0189980,F3F817,1.0,ARENA,14,44.17,44.17,669.18,,,YERBABUENA,MEIGGS,2026-07-01T08:58:37.044075Z
46713-1950189987,46713,VIRGEN DE ESTRELLA S.A.C.,2026-03-26,195/0189987,BF1758,,ARENA,14,37.02,37.02,560.85,,,YERBABUENA,MEIGGS,2026-07-01T08:58:37.044112Z
46713-1950189991,46713,VIRGEN DE ESTRELLA S.A.C.,2026-03-26,195/0189991,CAZ895,42.0,ARENA,14,34.84,34.84,527.83,,,YERBABUENA,MEIGGS,2026-07-01T08:58:37.044141Z
46713-1950189994,46713,VIRGEN DE ESTRELLA S.A.C.,2026-03-26,195/0189994,C9T788,20.0,ARENA,14,36.28,36.28,549.64,,,YERBABUENA,MEIGGS,2026-07-01T08:58:37.044167Z
46713-1950190013,46713,VIRGEN DE ESTRELLA S.A.C.,2026-03-26,195/0190013,AFX735,25.0,ARENA,14,39.94,39.94,605.09,,,YERBABUENA,MEIGGS,2026-07-01T08:58:37.044193Z
46713-1950190014,46713,VIRGEN DE ESTRELLA S.A.C.,2026-03-26,195/0190014,AWH708,33.0,ARENA,14,33.1,33.1,501.47,,,YERBABUENA,MEIGGS,2026-07-01T08:58:37.044218Z
46713-1950190025,46713,VIRGEN DE ESTRELLA S.A.C.,2026-03-26,195/0190025,ATN880,5.0,ARENA,14,42.6,42.6,645.39,,,YERBABUENA,MEIGGS,2026-07-01T08:58:37.044243Z
46713-0010015778,46713,VIRGEN DE ESTRELLA S.A.C.,2026-03-26,001/0015778,BFI758,37.0,PIEDRA,2,38.82,39.79,302.4,,,SAN LORENZO,COLLIQUE,2026-07-01T08:58:37.045606Z
46713-0010015780,46713,VIRGEN DE ESTRELLA S.A.C.,2026-03-26,001/0015780,CAZ895,42.0,PIEDRA,2,39.11,40.09,304.68,,,SAN LORENZO,COLLIQUE,2026-07-01T08:58:37.045629Z
46713-0010015797,46713,VIRGEN DE ESTRELLA S.A.C.,2026-03-26,001/0015797,D8D861,23.0,PIEDRA,2,37.01,37.94,288.34,,,SAN LORENZO,COLLIQUE,2026-07-01T08:58:37.045651Z
46713-0010015798,46713,VIRGEN DE ESTRELLA S.A.C.,2026-03-26,001/0015798,D8E728,24.0,PIEDRA,2,35.89,36.79,279.6,,,SAN LORENZO,COLLIQUE,2026-07-01T08:58:37.045674Z
46713-0010015801,46713,VIRGEN DE ESTRELLA S.A.C.,2026-03-26,001/0015801,BAE736,35.0,PIEDRA,2,37.92,38.87,295.41,,,SAN LORENZO,COLLIQUE,2026-07-01T08:58:37.045698Z
46713-0010015803,46713,VIRGEN DE ESTRELLA S.A.C.,2026-03-26,001/0015803,AJC805,30.0,PIEDRA,2,37.33,38.26,290.78,,,SAN LORENZO,COLLIQUE,2026-07-01T08:58:37.045737Z
46713-0010015804,46713,VIRGEN DE ESTRELLA S.A.C.,2026-03-26,001/0015804,AJA905,29.0,PIEDRA,2,36.11,37.01,281.28,,,SAN LORENZO,COLLIQUE,2026-07-01T08:58:37.045762Z
46713-0010015806,46713,VIRGEN DE ESTRELLA S.A.C.,2026-03-26,001/0015806,ABN852,27.0,PIEDRA,2,36.94,37.86,287.74,,,SAN LORENZO,COLLIQUE,2026-07-01T08:58:37.045785Z
46713-0010015773,46713,VIRGEN DE ESTRELLA S.A.C.,2026-03-26,001/0015773,AHJ786,28.0,PIEDRA,2,36.63,37.73,245.24,,,SAN LORENZO,OQUENDO,2026-07-01T08:58:37.046590Z
46713-0010015774,46713,VIRGEN DE ESTRELLA S.A.C.,2026-03-26,001/0015774,ABN852,27.0,PIEDRA,2,37.83,38.96,253.24,,,SAN LORENZO,OQUENDO,2026-07-01T08:58:37.046612Z
46713-0010015776,46713,VIRGEN DE ESTRELLA S.A.C.,2026-03-26,001/0015776,AKE789,31.0,PIEDRA,2,36.15,37.23,241.99,,,SAN LORENZO,OQUENDO,2026-07-01T08:58:37.046634Z
46713-0010015805,46713,VIRGEN DE ESTRELLA S.A.C.,2026-03-26,001/0015805,AHJ786,28.0,PIEDRA,2,36.12,37.2,241.8,,,SAN LORENZO,OQUENDO,2026-07-01T08:58:37.046656Z
46713-0010015783,46713,VIRGEN DE ESTRELLA S.A.C.,2026-03-26,001/0015783,D8D861,23.0,ARENA,14,34.35,38.81,254.98,,,SAN LORENZO,MATERIALES,2026-07-01T08:58:37.047069Z
46713-0010015792,46713,VIRGEN DE ESTRELLA S.A.C.,2026-03-26,001/0015792,AHJ786,28.0,ARENA,14,34.24,38.69,254.19,,,SAN LORENZO,MATERIALES,2026-07-01T08:58:37.047091Z
46713-0010015793,46713,VIRGEN DE ESTRELLA S.A.C.,2026-03-26,001/0015793,ABN852,27.0,ARENA,14,36.4,41.13,270.22,,,SAN LORENZO,MATERIALES,2026-07-01T08:58:37.047112Z
46713-0010015795,46713,VIRGEN DE ESTRELLA S.A.C.,2026-03-26,001/0015795,AKE789,31.0,ARENA,14,33.87,38.27,251.43,,,SAN LORENZO,MATERIALES,2026-07-01T08:58:37.047134Z
46713-0010015779,46713,VIRGEN DE ESTRELLA S.A.C.,2026-03-26,001/0015779,AJA905,29.0,PIEDRA,2,35.82,36.54,209.01,,,SAN LORENZO,MEIGGS,2026-07-01T08:58:37.048216Z
46713-0010015781,46713,VIRGEN DE ESTRELLA S.A.C.,2026-03-26,001/0015781,D8E728,24.0,PIEDRA,2,36.69,37.42,214.04,,,SAN LORENZO,MEIGGS,2026-07-01T08:58:37.048239Z
46713-0010015782,46713,VIRGEN DE ESTRELLA S.A.C.,2026-03-26,001/0015782,AJC805,30.0,PIEDRA,2,37.95,38.71,221.42,,,SAN LORENZO,MEIGGS,2026-07-01T08:58:37.048259Z
46713-0010015788,46713,VIRGEN DE ESTRELLA S.A.C.,2026-03-26,001/0015788,BAE736,35.0,PIEDRA,2,38.11,38.87,222.34,,,SAN LORENZO,MEIGGS,2026-07-01T08:58:37.048280Z
46713-1910574164,46713,VIRGEN DE ESTRELLA S.A.C.,2026-03-27,191/0574164,CCL847,44.0,PIEDRA,2,36.19,36.19,359.39,,,JICAMARCA,ANCIETA,2026-07-01T08:58:37.041212Z
46713-1910574166,46713,VIRGEN DE ESTRELLA S.A.C.,2026-03-27,191/0574166,BYP824,9.0,ARENA,14,35.83,39.77,475.25,,,JICAMARCA,COLLIQUE,2026-07-01T08:58:37.041387Z
46713-1910574214,46713,VIRGEN DE ESTRELLA S.A.C.,2026-03-27,191/0574214,CCL847,44.0,ARENA,14,32.04,35.88,603.9,,,JICAMARCA,SAN ANTONIO,2026-07-01T08:58:37.042315Z
46713-1910574232,46713,VIRGEN DE ESTRELLA S.A.C.,2026-03-27,191/0574232,CHS718,45.0,ARENA,14,33.57,37.6,632.86,,,JICAMARCA,SAN ANTONIO,2026-07-01T08:58:37.042343Z
46713-1910574249,46713,VIRGEN DE ESTRELLA S.A.C.,2026-03-27,191/0574249,CBA709,43.0,ARENA,14,33.46,37.48,630.77,,,JICAMARCA,SAN ANTONIO,2026-07-01T08:58:37.042375Z
46713-1910574265,46713,VIRGEN DE ESTRELLA S.A.C.,2026-03-27,191/0574265,CCL847,44.0,ARENA,14,32.84,36.78,619.03,,,JICAMARCA,SAN ANTONIO,2026-07-01T08:58:37.042402Z
46713-1910574274,46713,VIRGEN DE ESTRELLA S.A.C.,2026-03-27,191/0574274,CHS718,45.0,ARENA,14,31.39,35.15,591.64,,,JICAMARCA,SAN ANTONIO,2026-07-01T08:58:37.042431Z
46713-1910574203,46713,VIRGEN DE ESTRELLA S.A.C.,2026-03-27,191/0574203,CBA709,43.0,PIEDRA,2,34.73,34.72,584.42,,,JICAMARCA,SAN ANTONIO,2026-07-01T08:58:37.042595Z
46713-1910574193,46713,VIRGEN DE ESTRELLA S.A.C.,2026-03-27,191/0574193,CHS718,45.0,PIEDRA,2,34.36,34.36,578.34,,,JICAMARCA,SAN ANTONIO,2026-07-01T08:58:37.042804Z
46713-1910574210,46713,VIRGEN DE ESTRELLA S.A.C.,2026-03-27,191/0574210,CBR846,12.0,PIEDRA,2,39.42,39.42,663.38,,,JICAMARCA,SAN ANTONIO,2026-07-01T08:58:37.042829Z
46713-1950190054,46713,VIRGEN DE ESTRELLA S.A.C.,2026-03-27,195/0190054,CAZ895,42.0,PIEDRA,2,36.91,36.91,559.19,,,YERBABUENA,MEIGGS,2026-07-01T08:58:37.042959Z
46713-1950190113,46713,VIRGEN DE ESTRELLA S.A.C.,2026-03-27,195/0190113,CBR846,12.0,PIEDRA,2,36.97,36.97,560.1,,,YERBABUENA,MEIGGS,2026-07-01T08:58:37.042984Z
46713-1950190043,46713,VIRGEN DE ESTRELLA S.A.C.,2026-03-27,195/0190043,CBR796,18.0,PIEDRA,2,40.1,40.1,607.52,,,YERBABUENA,MEIGGS,2026-07-01T08:58:37.043291Z
46713-1950190053,46713,VIRGEN DE ESTRELLA S.A.C.,2026-03-27,195/0190053,ATN880,5.0,PIEDRA,2,43.8,43.8,663.57,,,YERBABUENA,MEIGGS,2026-07-01T08:58:37.043320Z
46713-1950190057,46713,VIRGEN DE ESTRELLA S.A.C.,2026-03-27,195/0190057,CBR872,16.0,PIEDRA,2,39.65,39.65,600.7,,,YERBABUENA,MEIGGS,2026-07-01T08:58:37.043348Z
46713-1950190089,46713,VIRGEN DE ESTRELLA S.A.C.,2026-03-27,195/0190089,CBR796,18.0,PIEDRA,2,40.87,40.87,619.18,,,YERBABUENA,MEIGGS,2026-07-01T08:58:37.043374Z
46713-1950190094,46713,VIRGEN DE ESTRELLA S.A.C.,2026-03-27,195/0190094,CBR872,16.0,PIEDRA,2,39.91,39.91,604.64,,,YERBABUENA,MEIGGS,2026-07-01T08:58:37.043402Z
46713-1950190112,46713,VIRGEN DE ESTRELLA S.A.C.,2026-03-27,195/0190112,AYM897,7.0,PIEDRA,2,39.53,39.53,598.88,,,YERBABUENA,MEIGGS,2026-07-01T08:58:37.043431Z
46713-1950190039,46713,VIRGEN DE ESTRELLA S.A.C.,2026-03-27,195/0190039,AFX735,25.0,ARENA,14,37.01,37.01,560.7,,,YERBABUENA,MEIGGS,2026-07-01T08:58:37.044268Z
46713-1950190041,46713,VIRGEN DE ESTRELLA S.A.C.,2026-03-27,195/0190041,CBR854,14.0,ARENA,14,43.04,43.04,652.06,,,YERBABUENA,MEIGGS,2026-07-01T08:58:37.044293Z
46713-1950190044,46713,VIRGEN DE ESTRELLA S.A.C.,2026-03-27,195/0190044,D8D861,23.0,ARENA,14,36.73,36.73,556.46,,,YERBABUENA,MEIGGS,2026-07-01T08:58:37.044319Z
46713-1950190045,46713,VIRGEN DE ESTRELLA S.A.C.,2026-03-27,195/0190045,BF1758,,ARENA,14,39.28,39.28,595.09,,,YERBABUENA,MEIGGS,2026-07-01T08:58:37.044353Z
46713-1950190048,46713,VIRGEN DE ESTRELLA S.A.C.,2026-03-27,195/0190048,F3F817,1.0,ARENA,14,42.35,42.35,641.6,,,YERBABUENA,MEIGGS,2026-07-01T08:58:37.044384Z
46713-1950190049,46713,VIRGEN DE ESTRELLA S.A.C.,2026-03-27,195/0190049,C9T788,20.0,ARENA,14,37.49,37.49,567.97,,,YERBABUENA,MEIGGS,2026-07-01T08:58:37.044410Z
46713-1950190055,46713,VIRGEN DE ESTRELLA S.A.C.,2026-03-27,195/0190055,AWH708,33.0,ARENA,14,36.73,36.73,556.46,,,YERBABUENA,MEIGGS,2026-07-01T08:58:37.044436Z
46713-1950190056,46713,VIRGEN DE ESTRELLA S.A.C.,2026-03-27,195/0190056,AHJ786,28.0,ARENA,14,38.48,38.48,582.97,,,YERBABUENA,MEIGGS,2026-07-01T08:58:37.044464Z
46713-1950190076,46713,VIRGEN DE ESTRELLA S.A.C.,2026-03-27,195/0190076,AYM897,7.0,ARENA,14,40.75,40.75,617.36,,,YERBABUENA,MEIGGS,2026-07-01T08:58:37.044492Z
46713-1950190090,46713,VIRGEN DE ESTRELLA S.A.C.,2026-03-27,195/0190090,CAZ895,42.0,ARENA,14,37.64,37.64,570.25,,,YERBABUENA,MEIGGS,2026-07-01T08:58:37.044519Z
46713-1950190091,46713,VIRGEN DE ESTRELLA S.A.C.,2026-03-27,195/0190091,AWH708,33.0,ARENA,14,37.65,37.65,570.4,,,YERBABUENA,MEIGGS,2026-07-01T08:58:37.044544Z
46713-1950190092,46713,VIRGEN DE ESTRELLA S.A.C.,2026-03-27,195/0190092,CBR854,14.0,ARENA,14,42.77,42.77,647.97,,,YERBABUENA,MEIGGS,2026-07-01T08:58:37.044569Z
46713-1950190093,46713,VIRGEN DE ESTRELLA S.A.C.,2026-03-27,195/0190093,AFX735,25.0,ARENA,14,36.04,36.04,546.01,,,YERBABUENA,MEIGGS,2026-07-01T08:58:37.044597Z
46713-1950190095,46713,VIRGEN DE ESTRELLA S.A.C.,2026-03-27,195/0190095,ATN880,5.0,ARENA,14,43.64,43.64,661.15,,,YERBABUENA,MEIGGS,2026-07-01T08:58:37.044622Z
46713-1950190099,46713,VIRGEN DE ESTRELLA S.A.C.,2026-03-27,195/0190099,AHJ786,28.0,ARENA,14,37.43,37.43,567.06,,,YERBABUENA,MEIGGS,2026-07-01T08:58:37.044651Z
46713-1950190101,46713,VIRGEN DE ESTRELLA S.A.C.,2026-03-27,195/0190101,D8D861,23.0,ARENA,14,36.18,36.18,548.13,,,YERBABUENA,MEIGGS,2026-07-01T08:58:37.044676Z
46713-1950190105,46713,VIRGEN DE ESTRELLA S.A.C.,2026-03-27,195/0190105,F3F817,1.0,ARENA,14,43.08,43.08,652.66,,,YERBABUENA,MEIGGS,2026-07-01T08:58:37.044703Z
46713-1950190114,46713,VIRGEN DE ESTRELLA S.A.C.,2026-03-27,195/0190114,C9T788,20.0,ARENA,14,38.37,38.37,581.31,,,YERBABUENA,MEIGGS,2026-07-01T08:58:37.044741Z
46713-1950190115,46713,VIRGEN DE ESTRELLA S.A.C.,2026-03-27,195/0190115,BF1758,,ARENA,14,38.37,38.37,581.31,,,YERBABUENA,MEIGGS,2026-07-01T08:58:37.044775Z
46713-0010015817,46713,VIRGEN DE ESTRELLA S.A.C.,2026-03-27,001/0015817,D8E728,24.0,PIEDRA,2,35.05,35.93,273.07,,,SAN LORENZO,COLLIQUE,2026-07-01T08:58:37.045808Z
46713-0010015819,46713,VIRGEN DE ESTRELLA S.A.C.,2026-03-27,001/0015819,AJC805,30.0,PIEDRA,2,38.84,39.81,302.56,,,SAN LORENZO,COLLIQUE,2026-07-01T08:58:37.045835Z
46713-0010015821,46713,VIRGEN DE ESTRELLA S.A.C.,2026-03-27,001/0015821,AKE789,31.0,PIEDRA,2,35.97,36.87,280.21,,,SAN LORENZO,COLLIQUE,2026-07-01T08:58:37.045861Z
46713-0010015830,46713,VIRGEN DE ESTRELLA S.A.C.,2026-03-27,001/0015830,D8D861,23.0,PIEDRA,2,35.39,36.27,275.65,,,SAN LORENZO,COLLIQUE,2026-07-01T08:58:37.045886Z
46713-0010015831,46713,VIRGEN DE ESTRELLA S.A.C.,2026-03-27,001/0015831,AJC805,30.0,PIEDRA,2,38.15,39.1,297.16,,,SAN LORENZO,COLLIQUE,2026-07-01T08:58:37.045909Z
46713-0010015835,46713,VIRGEN DE ESTRELLA S.A.C.,2026-03-27,001/0015835,BAE736,35.0,PIEDRA,2,36.72,37.64,286.06,,,SAN LORENZO,COLLIQUE,2026-07-01T08:58:37.045932Z
46713-0010015847,46713,VIRGEN DE ESTRELLA S.A.C.,2026-03-27,001/0015847,AJC805,30.0,PIEDRA,2,37.12,38.05,289.18,,,SAN LORENZO,COLLIQUE,2026-07-01T08:58:37.045967Z
46713-0010015851,46713,VIRGEN DE ESTRELLA S.A.C.,2026-03-27,001/0015851,ABN852,27.0,PIEDRA,2,38.63,39.6,300.96,,,SAN LORENZO,COLLIQUE,2026-07-01T08:58:37.045991Z
46713-0010015852,46713,VIRGEN DE ESTRELLA S.A.C.,2026-03-27,001/0015852,AKE789,31.0,PIEDRA,2,36.71,37.63,285.99,,,SAN LORENZO,COLLIQUE,2026-07-01T08:58:37.046016Z
46713-0010015814,46713,VIRGEN DE ESTRELLA S.A.C.,2026-03-27,001/0015814,ABN852,27.0,PIEDRA,2,38.29,39.44,256.36,,,SAN LORENZO,OQUENDO,2026-07-01T08:58:37.046685Z
46713-0010015815,46713,VIRGEN DE ESTRELLA S.A.C.,2026-03-27,001/0015815,BAE736,35.0,PIEDRA,2,38.0,39.14,254.41,,,SAN LORENZO,OQUENDO,2026-07-01T08:58:37.046708Z
46713-0010015816,46713,VIRGEN DE ESTRELLA S.A.C.,2026-03-27,001/0015816,AJA905,29.0,PIEDRA,2,35.79,36.86,239.59,,,SAN LORENZO,OQUENDO,2026-07-01T08:58:37.046735Z
46713-0010015827,46713,VIRGEN DE ESTRELLA S.A.C.,2026-03-27,001/0015827,ABN852,27.0,ARENA,14,37.4,41.51,237.44,,,SAN LORENZO,MEIGGS,2026-07-01T08:58:37.047598Z
46713-0010015828,46713,VIRGEN DE ESTRELLA S.A.C.,2026-03-27,001/0015828,BAE736,35.0,ARENA,14,35.95,39.9,228.23,,,SAN LORENZO,MEIGGS,2026-07-01T08:58:37.047620Z
46713-0010015829,46713,VIRGEN DE ESTRELLA S.A.C.,2026-03-27,001/0015829,AJA905,29.0,ARENA,14,33.74,37.45,214.21,,,SAN LORENZO,MEIGGS,2026-07-01T08:58:37.047644Z
46713-0010015836,46713,VIRGEN DE ESTRELLA S.A.C.,2026-03-27,001/0015836,AJA905,29.0,ARENA,14,32.53,36.11,206.55,,,SAN LORENZO,MEIGGS,2026-07-01T08:58:37.047666Z
46713-0010015837,46713,VIRGEN DE ESTRELLA S.A.C.,2026-03-27,001/0015837,ABN852,27.0,ARENA,14,37.13,41.21,235.72,,,SAN LORENZO,MEIGGS,2026-07-01T08:58:37.047688Z
46713-0010015838,46713,VIRGEN DE ESTRELLA S.A.C.,2026-03-27,001/0015838,AKE789,31.0,ARENA,14,34.38,38.16,218.28,,,SAN LORENZO,MEIGGS,2026-07-01T08:58:37.047716Z
46713-0010015845,46713,VIRGEN DE ESTRELLA S.A.C.,2026-03-27,001/0015845,D8E728,24.0,ARENA,14,32.59,36.17,206.89,,,SAN LORENZO,MEIGGS,2026-07-01T08:58:37.047739Z
46713-0010015846,46713,VIRGEN DE ESTRELLA S.A.C.,2026-03-27,001/0015846,AJA905,29.0,ARENA,14,32.74,36.34,207.86,,,SAN LORENZO,MEIGGS,2026-07-01T08:58:37.047760Z
46713-0010015854,46713,VIRGEN DE ESTRELLA S.A.C.,2026-03-27,001/0015854,AJA905,29.0,PIEDRA,2,37.38,37.38,213.81,,,SAN LORENZO,MEIGGS,2026-07-01T08:58:37.048348Z
46713-1910574318,46713,VIRGEN DE ESTRELLA S.A.C.,2026-03-28,191/0574318,BYP824,9.0,PIEDRA,2,39.77,39.77,394.95,,,JICAMARCA,ANCIETA,2026-07-01T08:58:37.041237Z
46713-1910573802,46713,VIRGEN DE ESTRELLA S.A.C.,2026-03-28,191/0573802,C9W737,21.0,ARENA,14,32.61,35.22,493.08,,,JICAMARCA,VILLA 1,2026-07-01T08:58:37.041487Z
46713-1910574315,46713,VIRGEN DE ESTRELLA S.A.C.,2026-03-28,191/0574315,CHS718,45.0,ARENA,14,31.42,35.19,592.16,,,JICAMARCA,SAN ANTONIO,2026-07-01T08:58:37.042457Z
46713-1910574317,46713,VIRGEN DE ESTRELLA S.A.C.,2026-03-28,191/0574317,CCL847,44.0,ARENA,14,29.95,33.54,564.51,,,JICAMARCA,SAN ANTONIO,2026-07-01T08:58:37.042483Z
46713-1910574349,46713,VIRGEN DE ESTRELLA S.A.C.,2026-03-28,191/0574349,CBA709,43.0,PIEDRA,2,35.39,35.39,595.53,,,JICAMARCA,SAN ANTONIO,2026-07-01T08:58:37.042626Z
46713-1950190195,46713,VIRGEN DE ESTRELLA S.A.C.,2026-03-28,195/0190195,CAZ895,42.0,PIEDRA,2,37.13,37.13,562.52,,,YERBABUENA,MEIGGS,2026-07-01T08:58:37.043014Z
46713-1950190132,46713,VIRGEN DE ESTRELLA S.A.C.,2026-03-28,195/0190132,AFX735,25.0,PIEDRA,2,34.69,34.69,525.55,,,YERBABUENA,MEIGGS,2026-07-01T08:58:37.043464Z
46713-1950190133,46713,VIRGEN DE ESTRELLA S.A.C.,2026-03-28,195/0190133,A1H872,,PIEDRA,2,39.63,39.63,600.39,,,YERBABUENA,MEIGGS,2026-07-01T08:58:37.043553Z
46713-1950190135,46713,VIRGEN DE ESTRELLA S.A.C.,2026-03-28,195/0190135,CBR796,18.0,PIEDRA,2,38.81,38.81,587.97,,,YERBABUENA,MEIGGS,2026-07-01T08:58:37.043586Z
46713-1950190136,46713,VIRGEN DE ESTRELLA S.A.C.,2026-03-28,195/0190136,D8D861,23.0,PIEDRA,2,35.18,35.18,532.98,,,YERBABUENA,MEIGGS,2026-07-01T08:58:37.043614Z
46713-1950190141,46713,VIRGEN DE ESTRELLA S.A.C.,2026-03-28,195/0190141,F3F817,1.0,PIEDRA,2,42.37,42.37,641.91,,,YERBABUENA,MEIGGS,2026-07-01T08:58:37.043644Z
46713-1950190151,46713,VIRGEN DE ESTRELLA S.A.C.,2026-03-28,195/0190151,CBR872,16.0,PIEDRA,2,39.01,39.01,591.0,,,YERBABUENA,MEIGGS,2026-07-01T08:58:37.043669Z
46713-1950190161,46713,VIRGEN DE ESTRELLA S.A.C.,2026-03-28,195/0190161,CBR846,12.0,PIEDRA,2,39.55,39.55,599.18,,,YERBABUENA,MEIGGS,2026-07-01T08:58:37.043695Z
46713-1950190162,46713,VIRGEN DE ESTRELLA S.A.C.,2026-03-28,195/0190162,BYP838,10.0,PIEDRA,2,42.62,42.62,645.69,,,YERBABUENA,MEIGGS,2026-07-01T08:58:37.043726Z
46713-1950190178,46713,VIRGEN DE ESTRELLA S.A.C.,2026-03-28,195/0190178,CBR796,18.0,PIEDRA,2,38.27,38.27,579.79,,,YERBABUENA,MEIGGS,2026-07-01T08:58:37.043757Z
46713-1950190181,46713,VIRGEN DE ESTRELLA S.A.C.,2026-03-28,195/0190181,CBR872,16.0,PIEDRA,2,39.83,39.83,603.42,,,YERBABUENA,MEIGGS,2026-07-01T08:58:37.043783Z
46713-1950190182,46713,VIRGEN DE ESTRELLA S.A.C.,2026-03-28,195/0190182,CBR854,14.0,PIEDRA,2,37.89,37.89,574.03,,,YERBABUENA,MEIGGS,2026-07-01T08:58:37.043812Z
46713-1950190185,46713,VIRGEN DE ESTRELLA S.A.C.,2026-03-28,195/0190185,F3F817,1.0,PIEDRA,2,43.93,43.93,665.54,,,YERBABUENA,MEIGGS,2026-07-01T08:58:37.043838Z
46713-1950190194,46713,VIRGEN DE ESTRELLA S.A.C.,2026-03-28,195/0190194,A1H872,,PIEDRA,2,41.95,41.95,635.54,,,YERBABUENA,MEIGGS,2026-07-01T08:58:37.043875Z
46713-1950190196,46713,VIRGEN DE ESTRELLA S.A.C.,2026-03-28,195/0190196,CBR846,12.0,PIEDRA,2,43.42,43.42,657.81,,,YERBABUENA,MEIGGS,2026-07-01T08:58:37.043903Z
46713-1950190143,46713,VIRGEN DE ESTRELLA S.A.C.,2026-03-28,195/0190143,C9T788,20.0,ARENA,14,36.42,37.15,562.82,,,YERBABUENA,MEIGGS,2026-07-01T08:58:37.044805Z
46713-1950190147,46713,VIRGEN DE ESTRELLA S.A.C.,2026-03-28,195/0190147,ATN880,5.0,ARENA,14,45.4,46.31,701.6,,,YERBABUENA,MEIGGS,2026-07-01T08:58:37.044830Z
46713-1950190148,46713,VIRGEN DE ESTRELLA S.A.C.,2026-03-28,195/0190148,CAZ895,42.0,ARENA,14,36.37,37.1,562.07,,,YERBABUENA,MEIGGS,2026-07-01T08:58:37.044856Z
46713-1950190149,46713,VIRGEN DE ESTRELLA S.A.C.,2026-03-28,195/0190149,AWH708,33.0,ARENA,14,35.51,36.22,548.73,,,YERBABUENA,MEIGGS,2026-07-01T08:58:37.044881Z
46713-1950190150,46713,VIRGEN DE ESTRELLA S.A.C.,2026-03-28,195/0190150,AHJ786,28.0,ARENA,14,36.98,37.72,571.46,,,YERBABUENA,MEIGGS,2026-07-01T08:58:37.044907Z
46713-1950190177,46713,VIRGEN DE ESTRELLA S.A.C.,2026-03-28,195/0190177,D8B795,22.0,ARENA,14,33.93,34.61,524.34,,,YERBABUENA,MEIGGS,2026-07-01T08:58:37.044934Z
46713-1950190179,46713,VIRGEN DE ESTRELLA S.A.C.,2026-03-28,195/0190179,AFX735,25.0,ARENA,14,34.18,34.86,528.13,,,YERBABUENA,MEIGGS,2026-07-01T08:58:37.044961Z
46713-1950190180,46713,VIRGEN DE ESTRELLA S.A.C.,2026-03-28,195/0190180,D8D861,23.0,ARENA,14,35.49,36.2,548.43,,,YERBABUENA,MEIGGS,2026-07-01T08:58:37.044987Z
46713-1950190183,46713,VIRGEN DE ESTRELLA S.A.C.,2026-03-28,195/0190183,ATN880,5.0,ARENA,14,42.99,43.85,664.33,,,YERBABUENA,MEIGGS,2026-07-01T08:58:37.045013Z
46713-1950190184,46713,VIRGEN DE ESTRELLA S.A.C.,2026-03-28,195/0190184,AWH708,33.0,ARENA,14,35.94,36.66,555.4,,,YERBABUENA,MEIGGS,2026-07-01T08:58:37.045039Z
46713-1950190186,46713,VIRGEN DE ESTRELLA S.A.C.,2026-03-28,195/0190186,C9T788,20.0,ARENA,14,36.09,36.81,557.67,,,YERBABUENA,MEIGGS,2026-07-01T08:58:37.045068Z
46713-1950190187,46713,VIRGEN DE ESTRELLA S.A.C.,2026-03-28,195/0190187,AHJ786,28.0,ARENA,14,35.14,35.84,542.98,,,YERBABUENA,MEIGGS,2026-07-01T08:58:37.045099Z
46713-0010015853,46713,VIRGEN DE ESTRELLA S.A.C.,2026-03-28,001/0015853,BAE736,35.0,PIEDRA,2,37.8,38.74,294.42,,,SAN LORENZO,COLLIQUE,2026-07-01T08:58:37.046041Z
46713-0010015865,46713,VIRGEN DE ESTRELLA S.A.C.,2026-03-28,001/0015865,BAE736,35.0,PIEDRA,2,36.23,37.14,282.26,,,SAN LORENZO,COLLIQUE,2026-07-01T08:58:37.046065Z
46713-0010015866,46713,VIRGEN DE ESTRELLA S.A.C.,2026-03-28,001/0015866,AJC805,30.0,PIEDRA,2,37.0,37.93,288.27,,,SAN LORENZO,COLLIQUE,2026-07-01T08:58:37.046087Z
46713-0010015874,46713,VIRGEN DE ESTRELLA S.A.C.,2026-03-28,001/0015874,D8E728,24.0,PIEDRA,2,35.0,35.87,272.61,,,SAN LORENZO,COLLIQUE,2026-07-01T08:58:37.046111Z
46713-0010015877,46713,VIRGEN DE ESTRELLA S.A.C.,2026-03-28,001/0015877,AJA905,29.0,PIEDRA,2,34.94,35.81,272.16,,,SAN LORENZO,COLLIQUE,2026-07-01T08:58:37.046134Z
46713-0010015881,46713,VIRGEN DE ESTRELLA S.A.C.,2026-03-28,001/0015881,AJC805,30.0,PIEDRA,2,37.96,38.91,295.72,,,SAN LORENZO,COLLIQUE,2026-07-01T08:58:37.046158Z
46713-0010015886,46713,VIRGEN DE ESTRELLA S.A.C.,2026-03-28,001/0015886,BAE736,35.0,PIEDRA,2,37.69,38.63,293.59,,,SAN LORENZO,COLLIQUE,2026-07-01T08:58:37.046181Z
46713-0010015888,46713,VIRGEN DE ESTRELLA S.A.C.,2026-03-28,001/0015888,D8E728,24.0,PIEDRA,2,35.47,36.36,276.34,,,SAN LORENZO,COLLIQUE,2026-07-01T08:58:37.046207Z
46713-0010015890,46713,VIRGEN DE ESTRELLA S.A.C.,2026-03-28,001/0015890,ABN852,27.0,PIEDRA,2,37.29,38.22,290.47,,,SAN LORENZO,COLLIQUE,2026-07-01T08:58:37.046232Z
46713-0010015891,46713,VIRGEN DE ESTRELLA S.A.C.,2026-03-28,001/0015891,AKE789,31.0,PIEDRA,2,35.75,36.64,278.46,,,SAN LORENZO,COLLIQUE,2026-07-01T08:58:37.046255Z
46713-0010015860,46713,VIRGEN DE ESTRELLA S.A.C.,2026-03-28,001/0015860,ABN852,27.0,ARENA,14,34.66,38.47,220.05,,,SAN LORENZO,MEIGGS,2026-07-01T08:58:37.047781Z
46713-0010015861,46713,VIRGEN DE ESTRELLA S.A.C.,2026-03-28,001/0015861,D8E728,24.0,ARENA,14,33.68,37.39,213.87,,,SAN LORENZO,MEIGGS,2026-07-01T08:58:37.047806Z
46713-0010015862,46713,VIRGEN DE ESTRELLA S.A.C.,2026-03-28,001/0015862,AJA905,29.0,ARENA,14,32.93,36.55,209.07,,,SAN LORENZO,MEIGGS,2026-07-01T08:58:37.047828Z
46713-0010015864,46713,VIRGEN DE ESTRELLA S.A.C.,2026-03-28,001/0015864,AKE789,31.0,ARENA,14,34.54,38.34,219.3,,,SAN LORENZO,MEIGGS,2026-07-01T08:58:37.047850Z
46713-0010015875,46713,VIRGEN DE ESTRELLA S.A.C.,2026-03-28,001/0015875,AKE789,31.0,ARENA,14,34.96,38.81,221.99,,,SAN LORENZO,MEIGGS,2026-07-01T08:58:37.047876Z
46713-0010015876,46713,VIRGEN DE ESTRELLA S.A.C.,2026-03-28,001/0015876,AKE789,31.0,ARENA,14,33.49,37.17,212.61,,,SAN LORENZO,MEIGGS,2026-07-01T08:58:37.047898Z
46713-0010015878,46713,VIRGEN DE ESTRELLA S.A.C.,2026-03-28,001/0015878,ABN852,27.0,ARENA,14,35.7,39.63,226.68,,,SAN LORENZO,MEIGGS,2026-07-01T08:58:37.047920Z
46713-0010015889,46713,VIRGEN DE ESTRELLA S.A.C.,2026-03-28,001/0015889,AJA905,29.0,ARENA,14,35.77,39.7,227.08,,,SAN LORENZO,MEIGGS,2026-07-01T08:58:37.047942Z
46713-0010015880,46713,VIRGEN DE ESTRELLA S.A.C.,2026-03-28,001/0015880,BAE736,35.0,PIEDRA,2,36.64,36.64,209.58,,,SAN LORENZO,MEIGGS,2026-07-01T08:58:37.048369Z
46736-1910574419,46736,VIRGEN DE ESTRELLA S.A.C.,2026-03-30,191/0574419,CHS718,45.0,PIEDRA,2,37.4,37.4,535.19,,,JICAMARCA,EMBOLSADOS INS. Y SUM.,2026-06-30T22:23:14.130164Z
46736-1910574425,46736,VIRGEN DE ESTRELLA S.A.C.,2026-03-30,191/0574425,CCL847,44.0,PIEDRA,2,37.16,37.16,531.76,,,JICAMARCA,EMBOLSADOS INS. Y SUM.,2026-06-30T22:23:14.130197Z
46736-1910574429,46736,VIRGEN DE ESTRELLA S.A.C.,2026-03-30,191/0574429,C9W737,21.0,ARENA,14,29.64,33.2,558.77,,,JICAMARCA,SAN ANTONIO,2026-06-30T22:23:14.130330Z
46736-1910574439,46736,VIRGEN DE ESTRELLA S.A.C.,2026-03-30,191/0574439,CBA709,43.0,ARENA,14,32.92,36.87,620.6,,,JICAMARCA,SAN ANTONIO,2026-06-30T22:23:14.130366Z
46736-1910574490,46736,VIRGEN DE ESTRELLA S.A.C.,2026-03-30,191/0574490,C9W737,21.0,ARENA,14,30.27,33.9,570.51,,,JICAMARCA,SAN ANTONIO,2026-06-30T22:23:14.130398Z
46736-1910574493,46736,VIRGEN DE ESTRELLA S.A.C.,2026-03-30,191/0574493,CBA709,43.0,ARENA,14,30.83,34.53,581.21,,,JICAMARCA,SAN ANTONIO,2026-06-30T22:23:14.130432Z
46736-1910574504,46736,VIRGEN DE ESTRELLA S.A.C.,2026-03-30,191/0574504,CCL847,44.0,PIEDRA,2,35.15,35.15,591.64,,,JICAMARCA,SAN ANTONIO,2026-06-30T22:23:14.130623Z
46736-1950190225,46736,VIRGEN DE ESTRELLA S.A.C.,2026-03-30,195/0190225,CAZ895,42.0,PIEDRA,2,37.43,37.43,567.06,,,YERBABUENA,MEIGGS,2026-06-30T22:23:14.130684Z
46736-1950190227,46736,VIRGEN DE ESTRELLA S.A.C.,2026-03-30,195/0190227,BFC837,36.0,PIEDRA,2,35.75,35.75,541.61,,,YERBABUENA,MEIGGS,2026-06-30T22:23:14.130730Z
46736-1950190281,46736,VIRGEN DE ESTRELLA S.A.C.,2026-03-30,195/0190281,AFX735,25.0,PIEDRA,2,35.14,35.14,532.37,,,YERBABUENA,MEIGGS,2026-06-30T22:23:14.130760Z
46736-1950190210,46736,VIRGEN DE ESTRELLA S.A.C.,2026-03-30,195/0190210,CBR796,18.0,PIEDRA,2,42.28,42.28,640.54,,,YERBABUENA,MEIGGS,2026-06-30T22:23:14.130825Z
46736-1950190222,46736,VIRGEN DE ESTRELLA S.A.C.,2026-03-30,195/0190222,ATN880,5.0,PIEDRA,2,44.11,44.11,668.27,,,YERBABUENA,MEIGGS,2026-06-30T22:23:14.130853Z
46736-1950190224,46736,VIRGEN DE ESTRELLA S.A.C.,2026-03-30,195/0190224,D8B795,22.0,PIEDRA,2,35.25,35.25,534.04,,,YERBABUENA,MEIGGS,2026-06-30T22:23:14.130880Z
46736-1950190226,46736,VIRGEN DE ESTRELLA S.A.C.,2026-03-30,195/0190226,CBR846,12.0,PIEDRA,2,41.96,41.96,635.69,,,YERBABUENA,MEIGGS,2026-06-30T22:23:14.130908Z
46736-1950190254,46736,VIRGEN DE ESTRELLA S.A.C.,2026-03-30,195/0190254,CBR854,14.0,PIEDRA,2,42.31,42.31,641.0,,,YERBABUENA,MEIGGS,2026-06-30T22:23:14.130965Z
46736-1950190280,46736,VIRGEN DE ESTRELLA S.A.C.,2026-03-30,195/0190280,ATN880,5.0,PIEDRA,2,44.43,44.43,673.11,,,YERBABUENA,MEIGGS,2026-06-30T22:23:14.130996Z
46736-1950190284,46736,VIRGEN DE ESTRELLA S.A.C.,2026-03-30,195/0190284,AHJ786,28.0,PIEDRA,2,37.42,37.42,566.91,,,YERBABUENA,MEIGGS,2026-06-30T22:23:14.131024Z
46736-1950190285,46736,VIRGEN DE ESTRELLA S.A.C.,2026-03-30,195/0190285,CBR796,18.0,PIEDRA,2,42.21,42.21,639.48,,,YERBABUENA,MEIGGS,2026-06-30T22:23:14.131052Z
46736-1950190208,46736,VIRGEN DE ESTRELLA S.A.C.,2026-03-30,195/0190208,AFX735,25.0,ARENA,14,34.48,35.17,532.83,,,YERBABUENA,MEIGGS,2026-06-30T22:23:14.131225Z
46736-1950190209,46736,VIRGEN DE ESTRELLA S.A.C.,2026-03-30,195/0190209,CBR854,14.0,ARENA,14,40.32,41.13,623.12,,,YERBABUENA,MEIGGS,2026-06-30T22:23:14.131256Z
46736-1950190211,46736,VIRGEN DE ESTRELLA S.A.C.,2026-03-30,195/0190211,D8D861,23.0,ARENA,14,36.01,36.73,556.46,,,YERBABUENA,MEIGGS,2026-06-30T22:23:14.131286Z
46736-1950190219,46736,VIRGEN DE ESTRELLA S.A.C.,2026-03-30,195/0190219,D8B795,22.0,ARENA,14,34.64,35.33,535.25,,,YERBABUENA,MEIGGS,2026-06-30T22:23:14.131319Z
46736-1950190228,46736,VIRGEN DE ESTRELLA S.A.C.,2026-03-30,195/0190228,AWH708,33.0,ARENA,14,37.79,38.55,584.03,,,YERBABUENA,MEIGGS,2026-06-30T22:23:14.131349Z
46736-1950190229,46736,VIRGEN DE ESTRELLA S.A.C.,2026-03-30,195/0190229,AHJ786,28.0,ARENA,14,37.04,37.78,572.37,,,YERBABUENA,MEIGGS,2026-06-30T22:23:14.131382Z
46736-1950190242,46736,VIRGEN DE ESTRELLA S.A.C.,2026-03-30,195/0190242,A1H872,,ARENA,14,41.66,42.49,643.72,,,YERBABUENA,MEIGGS,2026-06-30T22:23:14.131465Z
46736-1950190250,46736,VIRGEN DE ESTRELLA S.A.C.,2026-03-30,195/0190250,D8B795,22.0,ARENA,14,36.59,37.32,565.4,,,YERBABUENA,MEIGGS,2026-06-30T22:23:14.131501Z
46736-1950190278,46736,VIRGEN DE ESTRELLA S.A.C.,2026-03-30,195/0190278,C9T788,20.0,ARENA,14,34.6,35.29,534.64,,,YERBABUENA,MEIGGS,2026-06-30T22:23:14.131531Z
46736-1950190279,46736,VIRGEN DE ESTRELLA S.A.C.,2026-03-30,195/0190279,CAZ895,42.0,ARENA,14,36.73,37.46,567.52,,,YERBABUENA,MEIGGS,2026-06-30T22:23:14.131560Z
46736-1950190282,46736,VIRGEN DE ESTRELLA S.A.C.,2026-03-30,195/0190282,AWH708,33.0,ARENA,14,36.89,37.63,570.09,,,YERBABUENA,MEIGGS,2026-06-30T22:23:14.131589Z
46736-1950190283,46736,VIRGEN DE ESTRELLA S.A.C.,2026-03-30,195/0190283,D8D861,23.0,ARENA,14,35.53,36.24,549.04,,,YERBABUENA,MEIGGS,2026-06-30T22:23:14.131622Z
46736-1950190288,46736,VIRGEN DE ESTRELLA S.A.C.,2026-03-30,195/0190288,CBR846,12.0,ARENA,14,40.99,41.81,633.42,,,YERBABUENA,MEIGGS,2026-06-30T22:23:14.131651Z
46736-0010015900,46736,VIRGEN DE ESTRELLA S.A.C.,2026-03-30,001/0015900,ABN852,27.0,PIEDRA,2,37.75,38.69,294.04,,,SAN LORENZO,COLLIQUE,2026-06-30T22:23:14.131956Z
46736-0010015901,46736,VIRGEN DE ESTRELLA S.A.C.,2026-03-30,001/0015901,BAE736,35.0,PIEDRA,2,38.0,38.95,296.02,,,SAN LORENZO,COLLIQUE,2026-06-30T22:23:14.131985Z
46736-0010015902,46736,VIRGEN DE ESTRELLA S.A.C.,2026-03-30,001/0015902,D8E728,24.0,PIEDRA,2,34.84,35.71,271.4,,,SAN LORENZO,COLLIQUE,2026-06-30T22:23:14.132017Z
46736-0010015907,46736,VIRGEN DE ESTRELLA S.A.C.,2026-03-30,001/0015907,AJA905,29.0,PIEDRA,2,35.55,36.44,276.94,,,SAN LORENZO,COLLIQUE,2026-06-30T22:23:14.132048Z
46736-0010015913,46736,VIRGEN DE ESTRELLA S.A.C.,2026-03-30,001/0015913,BAE736,35.0,PIEDRA,2,37.25,38.18,290.17,,,SAN LORENZO,COLLIQUE,2026-06-30T22:23:14.132073Z
46736-0010015914,46736,VIRGEN DE ESTRELLA S.A.C.,2026-03-30,001/0015914,D8E728,24.0,PIEDRA,2,34.97,35.84,272.38,,,SAN LORENZO,COLLIQUE,2026-06-30T22:23:14.132097Z
46736-0010015915,46736,VIRGEN DE ESTRELLA S.A.C.,2026-03-30,001/0015915,AKE789,31.0,PIEDRA,2,35.22,36.1,274.36,,,SAN LORENZO,COLLIQUE,2026-06-30T22:23:14.132123Z
46736-0010015920,46736,VIRGEN DE ESTRELLA S.A.C.,2026-03-30,001/0015920,BFC837,36.0,PIEDRA,2,38.2,39.16,297.62,,,SAN LORENZO,COLLIQUE,2026-06-30T22:23:14.132148Z
46736-0010015922,46736,VIRGEN DE ESTRELLA S.A.C.,2026-03-30,001/0015922,BYP824,9.0,PIEDRA,2,39.09,40.07,304.53,,,SAN LORENZO,COLLIQUE,2026-06-30T22:23:14.132174Z
46736-0010015935,46736,VIRGEN DE ESTRELLA S.A.C.,2026-03-30,001/0015935,CBR854,14.0,PIEDRA,2,35.52,36.41,276.72,,,SAN LORENZO,COLLIQUE,2026-06-30T22:23:14.132199Z
46736-0010015903,46736,VIRGEN DE ESTRELLA S.A.C.,2026-03-30,001/0015903,AJC805,30.0,PIEDRA,2,37.48,38.6,250.9,,,SAN LORENZO,OQUENDO,2026-06-30T22:23:14.132453Z
46736-0010015904,46736,VIRGEN DE ESTRELLA S.A.C.,2026-03-30,001/0015904,AJC805,30.0,PIEDRA,2,36.99,38.1,247.65,,,SAN LORENZO,OQUENDO,2026-06-30T22:23:14.132479Z
46736-0010015909,46736,VIRGEN DE ESTRELLA S.A.C.,2026-03-30,001/0015909,AKE789,31.0,PIEDRA,2,35.67,36.74,238.81,,,SAN LORENZO,OQUENDO,2026-06-30T22:23:14.132504Z
46736-0010015931,46736,VIRGEN DE ESTRELLA S.A.C.,2026-03-30,001/0015931,AJA905,29.0,PIEDRA,2,35.12,36.17,235.11,,,SAN LORENZO,OQUENDO,2026-06-30T22:23:14.132528Z
46736-0010015916,46736,VIRGEN DE ESTRELLA S.A.C.,2026-03-30,001/0015916,AJA905,29.0,PIEDRA,2,36.08,36.8,210.5,,,SAN LORENZO,MEIGGS,2026-06-30T22:23:14.133122Z
46736-0010015917,46736,VIRGEN DE ESTRELLA S.A.C.,2026-03-30,001/0015917,AKE789,31.0,PIEDRA,2,35.1,35.8,204.78,,,SAN LORENZO,MEIGGS,2026-06-30T22:23:14.133151Z
46736-0010015918,46736,VIRGEN DE ESTRELLA S.A.C.,2026-03-30,001/0015918,AJC805,30.0,PIEDRA,2,37.63,38.38,219.53,,,SAN LORENZO,MEIGGS,2026-06-30T22:23:14.133176Z
46736-0010015919,46736,VIRGEN DE ESTRELLA S.A.C.,2026-03-30,001/0015919,AJC805,30.0,PIEDRA,2,37.68,38.43,219.82,,,SAN LORENZO,MEIGGS,2026-06-30T22:23:14.133202Z
46736-0010015928,46736,VIRGEN DE ESTRELLA S.A.C.,2026-03-30,001/0015928,ABN852,27.0,PIEDRA,2,39.35,40.14,229.6,,,SAN LORENZO,MEIGGS,2026-06-30T22:23:14.133226Z
46736-0010015929,46736,VIRGEN DE ESTRELLA S.A.C.,2026-03-30,001/0015929,BAE736,35.0,PIEDRA,2,37.77,38.53,220.39,,,SAN LORENZO,MEIGGS,2026-06-30T22:23:14.133254Z
46736-0010015936,46736,VIRGEN DE ESTRELLA S.A.C.,2026-03-30,001/0015936,ABN852,27.0,PIEDRA,2,37.13,37.87,216.62,,,SAN LORENZO,MEIGGS,2026-06-30T22:23:14.133284Z
46736-0010015930,46736,VIRGEN DE ESTRELLA S.A.C.,2026-03-30,001/0015930,D8E728,24.0,PIEDRA,2,35.33,35.33,202.09,,,SAN LORENZO,MEIGGS,2026-06-30T22:23:14.133512Z
46736-0010015937,46736,VIRGEN DE ESTRELLA S.A.C.,2026-03-30,001/0015937,BAE736,35.0,PIEDRA,2,37.8,37.8,216.22,,,SAN LORENZO,MEIGGS,2026-06-30T22:23:14.133537Z
46736-1910574711,46736,VIRGEN DE ESTRELLA S.A.C.,2026-03-31,191/0574711,C9W737,21.0,ARENA,14,29.86,33.44,399.94,,,JICAMARCA,SAN JUAN,2026-06-30T22:23:14.129856Z
46736-1910574576,46736,VIRGEN DE ESTRELLA S.A.C.,2026-03-31,191/0574576,BYP824,9.0,ARENA,14,36.1,40.8,405.1,,,JICAMARCA,ANCIETA,2026-06-30T22:23:14.129948Z
46736-1910574668,46736,VIRGEN DE ESTRELLA S.A.C.,2026-03-31,191/0574668,BYP824,9.0,ARENA,14,34.98,39.53,392.48,,,JICAMARCA,ANCIETA,2026-06-30T22:23:14.130002Z
46736-1910574699,46736,VIRGEN DE ESTRELLA S.A.C.,2026-03-31,191/0574699,BYP824,9.0,PIEDRA,2,39.46,39.46,391.87,,,JICAMARCA,ANCIETA,2026-06-30T22:23:14.130047Z
46736-1910574732,46736,VIRGEN DE ESTRELLA S.A.C.,2026-03-31,191/0574732,BYP824,9.0,PIEDRA,2,40.52,40.52,402.33,,,JICAMARCA,ANCIETA,2026-06-30T22:23:14.130086Z
46736-1910574638,46736,VIRGEN DE ESTRELLA S.A.C.,2026-03-31,191/0574638,BYP824,9.0,ARENA,14,38.81,40.83,174.74,,,JICAMARCA,BLOQUES HUACHIPA INS. Y SUM.,2026-06-30T22:23:14.130129Z
46736-1910574650,46736,VIRGEN DE ESTRELLA S.A.C.,2026-03-31,191/0574650,C9W737,21.0,PIEDRA,2,35.07,35.07,501.85,,,JICAMARCA,EMBOLSADOS INS. Y SUM.,2026-06-30T22:23:14.130230Z
46736-1910574664,46736,VIRGEN DE ESTRELLA S.A.C.,2026-03-31,191/0574664,CBA709,43.0,PIEDRA,2,34.65,34.65,495.84,,,JICAMARCA,EMBOLSADOS INS. Y SUM.,2026-06-30T22:23:14.130261Z
46736-1910574695,46736,VIRGEN DE ESTRELLA S.A.C.,2026-03-31,191/0574695,CCL847,44.0,PIEDRA,2,36.28,36.28,519.17,,,JICAMARCA,EMBOLSADOS INS. Y SUM.,2026-06-30T22:23:14.130291Z
46736-1910574578,46736,VIRGEN DE ESTRELLA S.A.C.,2026-03-31,191/0574578,CHS718,45.0,ARENA,14,31.76,35.57,598.69,,,JICAMARCA,SAN ANTONIO,2026-06-30T22:23:14.130466Z
46736-1910574581,46736,VIRGEN DE ESTRELLA S.A.C.,2026-03-31,191/0574581,CCL847,44.0,ARENA,14,32.95,36.91,621.12,,,JICAMARCA,SAN ANTONIO,2026-06-30T22:23:14.130496Z
46736-1910574605,46736,VIRGEN DE ESTRELLA S.A.C.,2026-03-31,191/0574605,C9W737,21.0,ARENA,14,31.07,34.8,585.64,,,JICAMARCA,SAN ANTONIO,2026-06-30T22:23:14.130530Z
46736-1910574621,46736,VIRGEN DE ESTRELLA S.A.C.,2026-03-31,191/0574621,CBA709,43.0,ARENA,14,32.73,36.66,616.95,,,JICAMARCA,SAN ANTONIO,2026-06-30T22:23:14.130562Z
46736-1910574643,46736,VIRGEN DE ESTRELLA S.A.C.,2026-03-31,191/0574643,CCL847,44.0,ARENA,14,32.9,36.84,620.08,,,JICAMARCA,SAN ANTONIO,2026-06-30T22:23:14.130593Z
46736-1950190319,46736,VIRGEN DE ESTRELLA S.A.C.,2026-03-31,195/0190319,CAZ895,42.0,PIEDRA,2,36.02,36.02,545.7,,,YERBABUENA,MEIGGS,2026-06-30T22:23:14.130793Z
46736-1950190231,46736,VIRGEN DE ESTRELLA S.A.C.,2026-03-31,195/0190231,CBR872,16.0,PIEDRA,2,41.4,41.4,627.21,,,YERBABUENA,MEIGGS,2026-06-30T22:23:14.130937Z
46736-1950190305,46736,VIRGEN DE ESTRELLA S.A.C.,2026-03-31,195/0190305,CBR796,18.0,PIEDRA,2,41.47,41.47,628.27,,,YERBABUENA,MEIGGS,2026-06-30T22:23:14.131081Z
46736-1950190322,46736,VIRGEN DE ESTRELLA S.A.C.,2026-03-31,195/0190322,CBR872,16.0,PIEDRA,2,42.03,42.03,636.75,,,YERBABUENA,MEIGGS,2026-06-30T22:23:14.131108Z
46736-1950190346,46736,VIRGEN DE ESTRELLA S.A.C.,2026-03-31,195/0190346,C9T788,20.0,PIEDRA,2,36.18,36.18,548.13,,,YERBABUENA,MEIGGS,2026-06-30T22:23:14.131136Z
46736-1950190347,46736,VIRGEN DE ESTRELLA S.A.C.,2026-03-31,195/0190347,F3F817,1.0,PIEDRA,2,43.64,43.64,661.15,,,YERBABUENA,MEIGGS,2026-06-30T22:23:14.131165Z
46736-1950190367,46736,VIRGEN DE ESTRELLA S.A.C.,2026-03-31,195/0190367,CBR854,14.0,PIEDRA,2,40.78,40.78,617.82,,,YERBABUENA,MEIGGS,2026-06-30T22:23:14.131192Z
46736-1950190303,46736,VIRGEN DE ESTRELLA S.A.C.,2026-03-31,195/0190303,AFX735,25.0,ARENA,14,36.18,36.9,559.04,,,YERBABUENA,MEIGGS,2026-06-30T22:23:14.131681Z
46736-1950190304,46736,VIRGEN DE ESTRELLA S.A.C.,2026-03-31,195/0190304,CBR854,14.0,ARENA,14,41.98,42.82,648.72,,,YERBABUENA,MEIGGS,2026-06-30T22:23:14.131718Z
46736-1950190306,46736,VIRGEN DE ESTRELLA S.A.C.,2026-03-31,195/0190306,D8D861,23.0,ARENA,14,35.92,36.64,555.1,,,YERBABUENA,MEIGGS,2026-06-30T22:23:14.131752Z
46736-1950190312,46736,VIRGEN DE ESTRELLA S.A.C.,2026-03-31,195/0190312,F3F817,1.0,ARENA,14,45.5,46.41,703.11,,,YERBABUENA,MEIGGS,2026-06-30T22:23:14.131783Z
46736-1950190317,46736,VIRGEN DE ESTRELLA S.A.C.,2026-03-31,195/0190317,ATN880,5.0,ARENA,14,44.69,45.58,690.54,,,YERBABUENA,MEIGGS,2026-06-30T22:23:14.131813Z
46736-1950190320,46736,VIRGEN DE ESTRELLA S.A.C.,2026-03-31,195/0190320,AWH708,33.0,ARENA,14,34.64,35.33,535.25,,,YERBABUENA,MEIGGS,2026-06-30T22:23:14.131841Z
46736-1950190343,46736,VIRGEN DE ESTRELLA S.A.C.,2026-03-31,195/0190343,D8B795,22.0,ARENA,14,35.97,36.69,555.85,,,YERBABUENA,MEIGGS,2026-06-30T22:23:14.131869Z
46736-1950190345,46736,VIRGEN DE ESTRELLA S.A.C.,2026-03-31,195/0190345,AWH708,33.0,ARENA,14,37.15,37.89,574.03,,,YERBABUENA,MEIGGS,2026-06-30T22:23:14.131899Z
46736-1950190358,46736,VIRGEN DE ESTRELLA S.A.C.,2026-03-31,195/0190358,AFX735,25.0,ARENA,14,35.6,36.31,550.1,,,YERBABUENA,MEIGGS,2026-06-30T22:23:14.131927Z
46736-0010015938,46736,VIRGEN DE ESTRELLA S.A.C.,2026-03-31,001/0015938,AJC805,30.0,PIEDRA,2,37.47,38.41,291.92,,,SAN LORENZO,COLLIQUE,2026-06-30T22:23:14.132226Z
46736-0010015945,46736,VIRGEN DE ESTRELLA S.A.C.,2026-03-31,001/0015945,AHJ786,28.0,PIEDRA,2,36.26,37.17,282.49,,,SAN LORENZO,COLLIQUE,2026-06-30T22:23:14.132255Z
46736-0010015954,46736,VIRGEN DE ESTRELLA S.A.C.,2026-03-31,001/0015954,BF1758,,PIEDRA,2,34.87,35.74,271.62,,,SAN LORENZO,COLLIQUE,2026-06-30T22:23:14.132292Z
46736-0010015955,46736,VIRGEN DE ESTRELLA S.A.C.,2026-03-31,001/0015955,AJA905,29.0,PIEDRA,2,37.11,38.04,289.1,,,SAN LORENZO,COLLIQUE,2026-06-30T22:23:14.132322Z
46736-0010015959,46736,VIRGEN DE ESTRELLA S.A.C.,2026-03-31,001/0015959,ABN852,27.0,PIEDRA,2,38.2,39.16,297.62,,,SAN LORENZO,COLLIQUE,2026-06-30T22:23:14.132347Z
46736-0010015964,46736,VIRGEN DE ESTRELLA S.A.C.,2026-03-31,001/0015964,D8E728,24.0,PIEDRA,2,34.98,35.85,272.46,,,SAN LORENZO,COLLIQUE,2026-06-30T22:23:14.132373Z
46736-0010015965,46736,VIRGEN DE ESTRELLA S.A.C.,2026-03-31,001/0015965,AJC805,30.0,PIEDRA,2,36.56,37.47,284.77,,,SAN LORENZO,COLLIQUE,2026-06-30T22:23:14.132399Z
46736-0010015970,46736,VIRGEN DE ESTRELLA S.A.C.,2026-03-31,001/0015970,CBR854,14.0,PIEDRA,2,37.89,38.84,295.18,,,SAN LORENZO,COLLIQUE,2026-06-30T22:23:14.132426Z
46736-0010015940,46736,VIRGEN DE ESTRELLA S.A.C.,2026-03-31,001/0015940,AKE789,31.0,ARENA,14,33.27,37.6,247.03,,,SAN LORENZO,MATERIALES,2026-06-30T22:23:14.132558Z
46736-0010015941,46736,VIRGEN DE ESTRELLA S.A.C.,2026-03-31,001/0015941,D8D861,23.0,ARENA,14,33.08,37.38,245.59,,,SAN LORENZO,MATERIALES,2026-06-30T22:23:14.132589Z
46736-0010015942,46736,VIRGEN DE ESTRELLA S.A.C.,2026-03-31,001/0015942,BAE736,35.0,ARENA,14,34.77,39.29,258.14,,,SAN LORENZO,MATERIALES,2026-06-30T22:23:14.132616Z
46736-0010015943,46736,VIRGEN DE ESTRELLA S.A.C.,2026-03-31,001/0015943,BZR752,38.0,ARENA,14,34.98,39.53,259.71,,,SAN LORENZO,MATERIALES,2026-06-30T22:23:14.132643Z
46736-0010015958,46736,VIRGEN DE ESTRELLA S.A.C.,2026-03-31,001/0015958,AKE789,31.0,ARENA,14,34.17,38.61,253.67,,,SAN LORENZO,MATERIALES,2026-06-30T22:23:14.132671Z
46736-0010015960,46736,VIRGEN DE ESTRELLA S.A.C.,2026-03-31,001/0015960,D8D861,23.0,ARENA,14,34.61,39.11,256.95,,,SAN LORENZO,MATERIALES,2026-06-30T22:23:14.132704Z
46736-0010015961,46736,VIRGEN DE ESTRELLA S.A.C.,2026-03-31,001/0015961,BAE736,35.0,ARENA,14,35.47,40.08,263.33,,,SAN LORENZO,MATERIALES,2026-06-30T22:23:14.132731Z
46736-0010015966,46736,VIRGEN DE ESTRELLA S.A.C.,2026-03-31,001/0015966,BZR752,38.0,ARENA,14,37.35,42.2,277.25,,,SAN LORENZO,MATERIALES,2026-06-30T22:23:14.132758Z
46736-0010015967,46736,VIRGEN DE ESTRELLA S.A.C.,2026-03-31,001/0015967,AHJ786,28.0,ARENA,14,36.57,41.32,271.47,,,SAN LORENZO,MATERIALES,2026-06-30T22:23:14.132785Z
46736-0010015971,46736,VIRGEN DE ESTRELLA S.A.C.,2026-03-31,001/0015971,AJA905,29.0,ARENA,14,32.96,37.25,244.73,,,SAN LORENZO,MATERIALES,2026-06-30T22:23:14.132812Z
46736-0010015944,46736,VIRGEN DE ESTRELLA S.A.C.,2026-03-31,001/0015944,ABN852,27.0,ARENA,14,36.12,40.09,229.31,,,SAN LORENZO,MEIGGS,2026-06-30T22:23:14.132843Z
46736-0010015952,46736,VIRGEN DE ESTRELLA S.A.C.,2026-03-31,001/0015952,D8E728,24.0,ARENA,14,31.88,35.39,202.43,,,SAN LORENZO,MEIGGS,2026-06-30T22:23:14.132872Z
46736-0010015953,46736,VIRGEN DE ESTRELLA S.A.C.,2026-03-31,001/0015953,AJC805,30.0,ARENA,14,34.47,38.26,218.85,,,SAN LORENZO,MEIGGS,2026-06-30T22:23:14.132900Z
46736-0010015973,46736,VIRGEN DE ESTRELLA S.A.C.,2026-03-31,001/0015973,AKE789,31.0,ARENA,14,31.59,35.07,200.6,,,SAN LORENZO,MEIGGS,2026-06-30T22:23:14.132927Z
46736-0010015974,46736,VIRGEN DE ESTRELLA S.A.C.,2026-03-31,001/0015974,AKE789,31.0,ARENA,14,34.05,37.79,216.16,,,SAN LORENZO,MEIGGS,2026-06-30T22:23:14.132956Z
46736-0010015975,46736,VIRGEN DE ESTRELLA S.A.C.,2026-03-31,001/0015975,AKE789,31.0,ARENA,14,32.35,35.91,205.41,,,SAN LORENZO,MEIGGS,2026-06-30T22:23:14.132988Z
46736-0010015976,46736,VIRGEN DE ESTRELLA S.A.C.,2026-03-31,001/0015976,D8D861,23.0,ARENA,14,31.32,34.77,198.88,,,SAN LORENZO,MEIGGS,2026-06-30T22:23:14.133015Z
46736-0010015977,46736,VIRGEN DE ESTRELLA S.A.C.,2026-03-31,001/0015977,BAE736,35.0,ARENA,14,34.64,38.45,219.93,,,SAN LORENZO,MEIGGS,2026-06-30T22:23:14.133042Z
46736-0010015980,46736,VIRGEN DE ESTRELLA S.A.C.,2026-03-31,001/0015980,BZR752,38.0,ARENA,14,35.22,39.09,223.59,,,SAN LORENZO,MEIGGS,2026-06-30T22:23:14.133069Z
46736-0010015981,46736,VIRGEN DE ESTRELLA S.A.C.,2026-03-31,001/0015981,AHJ786,28.0,ARENA,14,34.75,38.57,220.62,,,SAN LORENZO,MEIGGS,2026-06-30T22:23:14.133097Z
46736-0010015984,46736,VIRGEN DE ESTRELLA S.A.C.,2026-03-31,001/0015984,D8E728,24.0,PIEDRA,2,34.48,35.17,201.17,,,SAN LORENZO,MEIGGS,2026-06-30T22:23:14.133310Z
46736-0010015985,46736,VIRGEN DE ESTRELLA S.A.C.,2026-03-31,001/0015985,ABN852,27.0,PIEDRA,2,38.09,38.85,222.22,,,SAN LORENZO,MEIGGS,2026-06-30T22:23:14.133336Z
46736-0010015986,46736,VIRGEN DE ESTRELLA S.A.C.,2026-03-31,001/0015986,AJC805,30.0,PIEDRA,2,37.49,38.24,218.73,,,SAN LORENZO,MEIGGS,2026-06-30T22:23:14.133362Z
46736-0010015987,46736,VIRGEN DE ESTRELLA S.A.C.,2026-03-31,001/0015987,D8D861,23.0,PIEDRA,2,36.24,36.96,211.41,,,SAN LORENZO,MEIGGS,2026-06-30T22:23:14.133389Z
46736-0010015988,46736,VIRGEN DE ESTRELLA S.A.C.,2026-03-31,001/0015988,BAE736,35.0,PIEDRA,2,36.25,36.97,211.47,,,SAN LORENZO,MEIGGS,2026-06-30T22:23:14.133416Z
46736-0010015990,46736,VIRGEN DE ESTRELLA S.A.C.,2026-03-31,001/0015990,D8B795,22.0,PIEDRA,2,33.38,34.05,194.77,,,SAN LORENZO,MEIGGS,2026-06-30T22:23:14.133440Z
46736-0010015994,46736,VIRGEN DE ESTRELLA S.A.C.,2026-03-31,001/0015994,C9T788,20.0,PIEDRA,2,34.78,35.48,202.95,,,SAN LORENZO,MEIGGS,2026-06-30T22:23:14.133464Z
46736-0010015995,46736,VIRGEN DE ESTRELLA S.A.C.,2026-03-31,001/0015995,D8D861,23.0,PIEDRA,2,34.34,35.03,200.37,,,SAN LORENZO,MEIGGS,2026-06-30T22:23:14.133488Z
46767-1910574646,46767,VIRGEN DE ESTRELLA S.A.C.,2026-03-31,191/0574646,CHS718,45.0,PIEDRA,2,35.74,35.74,511.44,,,JICAMARCA,EMBOLSADOS INS. Y SUM.,2026-06-30T22:23:29.795643Z
46751-1910574761,46751,VIRGEN DE ESTRELLA S.A.C.,2026-04-01,191/0574761,BYP824,9.0,ARENA,14,41.31,41.31,410.18,,,JICAMARCA,ANCIETA,2026-06-30T22:23:50.993674Z
46751-1910574804,46751,VIRGEN DE ESTRELLA S.A.C.,2026-04-01,191/0574804,CBA709,43.0,ARENA,14,36.67,36.67,364.16,,,JICAMARCA,ANCIETA,2026-06-30T22:23:50.993743Z
46751-1910574810,46751,VIRGEN DE ESTRELLA S.A.C.,2026-04-01,191/0574810,BYP824,9.0,ARENA,14,40.52,40.52,402.33,,,JICAMARCA,ANCIETA,2026-06-30T22:23:50.993802Z
46751-1910574843,46751,VIRGEN DE ESTRELLA S.A.C.,2026-04-01,191/0574843,BYP824,9.0,ARENA,14,40.66,40.66,403.72,,,JICAMARCA,ANCIETA,2026-06-30T22:23:50.993860Z
46751-1910574919,46751,VIRGEN DE ESTRELLA S.A.C.,2026-04-01,191/0574919,C9W737,21.0,ARENA,14,34.01,34.01,337.69,,,JICAMARCA,ANCIETA,2026-06-30T22:23:50.993917Z
46751-1910574907,46751,VIRGEN DE ESTRELLA S.A.C.,2026-04-01,191/0574907,BYP824,9.0,ARENA,14,35.99,39.95,477.4,,,JICAMARCA,COLLIQUE,2026-06-30T22:23:50.993972Z
46751-1910574878,46751,VIRGEN DE ESTRELLA S.A.C.,2026-04-01,191/0574878,BYP824,9.0,ARENA,14,36.12,40.46,297.34,,,JICAMARCA,HUACHIPA,2026-06-30T22:23:50.994029Z
46751-1910574827,46751,VIRGEN DE ESTRELLA S.A.C.,2026-04-01,191/0574827,CCL847,44.0,PIEDRA,2,36.65,36.65,524.46,,,JICAMARCA,EMBOLSADOS INS. Y SUM.,2026-06-30T22:23:50.994249Z
46751-1910574829,46751,VIRGEN DE ESTRELLA S.A.C.,2026-04-01,191/0574829,CHS718,45.0,PIEDRA,2,33.31,33.31,476.67,,,JICAMARCA,EMBOLSADOS INS. Y SUM.,2026-06-30T22:23:50.994308Z
46751-1910574851,46751,VIRGEN DE ESTRELLA S.A.C.,2026-04-01,191/0574851,C9W737,21.0,PIEDRA,2,32.44,32.44,464.22,,,JICAMARCA,EMBOLSADOS INS. Y SUM.,2026-06-30T22:23:50.994364Z
46751-1910574860,46751,VIRGEN DE ESTRELLA S.A.C.,2026-04-01,191/0574860,CBA709,43.0,PIEDRA,2,35.09,35.09,502.14,,,JICAMARCA,EMBOLSADOS INS. Y SUM.,2026-06-30T22:23:50.994418Z
46751-1910574760,46751,VIRGEN DE ESTRELLA S.A.C.,2026-04-01,191/0574760,CHS718,45.0,ARENA,14,32.05,35.9,604.16,,,JICAMARCA,SAN ANTONIO,2026-06-30T22:23:50.994474Z
46751-1910574762,46751,VIRGEN DE ESTRELLA S.A.C.,2026-04-01,191/0574762,CCL847,44.0,ARENA,14,32.12,35.98,605.47,,,JICAMARCA,SAN ANTONIO,2026-06-30T22:23:50.994529Z
46751-1910574792,46751,VIRGEN DE ESTRELLA S.A.C.,2026-04-01,191/0574792,C9W737,21.0,PIEDRA,2,34.88,34.88,586.95,,,JICAMARCA,SAN ANTONIO,2026-06-30T22:23:50.994583Z
46751-1950190395,46751,VIRGEN DE ESTRELLA S.A.C.,2026-04-01,195/0190395,C9T788,20.0,PIEDRA,2,35.34,35.34,535.4,,,YERBABUENA,MEIGGS,2026-06-30T22:23:50.994637Z
46751-1950190356,46751,VIRGEN DE ESTRELLA S.A.C.,2026-04-01,195/0190356,CBR796,18.0,PIEDRA,2,40.82,40.82,618.42,,,YERBABUENA,MEIGGS,2026-06-30T22:23:50.994703Z
46751-1950190368,46751,VIRGEN DE ESTRELLA S.A.C.,2026-04-01,195/0190368,CBR872,16.0,PIEDRA,2,41.5,41.5,628.73,,,YERBABUENA,MEIGGS,2026-06-30T22:23:50.994759Z
46751-1950190381,46751,VIRGEN DE ESTRELLA S.A.C.,2026-04-01,195/0190381,CBR796,18.0,PIEDRA,2,41.86,41.86,634.18,,,YERBABUENA,MEIGGS,2026-06-30T22:23:50.994811Z
46751-1950190400,46751,VIRGEN DE ESTRELLA S.A.C.,2026-04-01,195/0190400,CBR846,12.0,PIEDRA,2,42.22,42.22,639.63,,,YERBABUENA,MEIGGS,2026-06-30T22:23:50.994870Z
46751-1950190418,46751,VIRGEN DE ESTRELLA S.A.C.,2026-04-01,195/0190418,CBR872,16.0,PIEDRA,2,39.33,39.33,595.85,,,YERBABUENA,MEIGGS,2026-06-30T22:23:50.994925Z
46751-1950190429,46751,VIRGEN DE ESTRELLA S.A.C.,2026-04-01,195/0190429,D8B795,22.0,PIEDRA,2,35.75,35.75,541.61,,,YERBABUENA,MEIGGS,2026-06-30T22:23:50.994978Z
46751-1950190452,46751,VIRGEN DE ESTRELLA S.A.C.,2026-04-01,195/0190452,AHJ786,28.0,PIEDRA,2,38.75,38.75,587.06,,,YERBABUENA,MEIGGS,2026-06-30T22:23:50.995031Z
46751-1950190453,46751,VIRGEN DE ESTRELLA S.A.C.,2026-04-01,195/0190453,F3F817,1.0,PIEDRA,2,46.5,46.5,704.48,,,YERBABUENA,MEIGGS,2026-06-30T22:23:50.995084Z
46751-1950190456,46751,VIRGEN DE ESTRELLA S.A.C.,2026-04-01,195/0190456,CBR854,14.0,PIEDRA,2,46.5,46.5,704.48,,,YERBABUENA,MEIGGS,2026-06-30T22:23:50.995137Z
46751-1950190461,46751,VIRGEN DE ESTRELLA S.A.C.,2026-04-01,195/0190461,CBR846,12.0,PIEDRA,2,48.05,48.05,727.96,,,YERBABUENA,MEIGGS,2026-06-30T22:23:50.995191Z
46751-1950190344,46751,VIRGEN DE ESTRELLA S.A.C.,2026-04-01,195/0190344,CAZ895,42.0,ARENA,14,37.85,38.61,584.94,,,YERBABUENA,MEIGGS,2026-06-30T22:23:50.995899Z
46751-1950190366,46751,VIRGEN DE ESTRELLA S.A.C.,2026-04-01,195/0190366,ATN880,5.0,ARENA,14,42.04,42.88,649.63,,,YERBABUENA,MEIGGS,2026-06-30T22:23:50.995960Z
46751-1950190377,46751,VIRGEN DE ESTRELLA S.A.C.,2026-04-01,195/0190377,AFX735,25.0,ARENA,14,37.75,38.5,583.28,,,YERBABUENA,MEIGGS,2026-06-30T22:23:50.996017Z
46751-1950190379,46751,VIRGEN DE ESTRELLA S.A.C.,2026-04-01,195/0190379,CBR854,14.0,ARENA,14,40.69,41.5,628.73,,,YERBABUENA,MEIGGS,2026-06-30T22:23:50.996082Z
46751-1950190383,46751,VIRGEN DE ESTRELLA S.A.C.,2026-04-01,195/0190383,D8D861,23.0,ARENA,14,34.73,35.42,536.61,,,YERBABUENA,MEIGGS,2026-06-30T22:23:50.996138Z
46751-1950190394,46751,VIRGEN DE ESTRELLA S.A.C.,2026-04-01,195/0190394,F3F817,1.0,ARENA,14,38.93,39.71,601.61,,,YERBABUENA,MEIGGS,2026-06-30T22:23:50.996194Z
46751-1950190401,46751,VIRGEN DE ESTRELLA S.A.C.,2026-04-01,195/0190401,AWH708,33.0,ARENA,14,35.75,36.46,552.37,,,YERBABUENA,MEIGGS,2026-06-30T22:23:50.996250Z
46751-1950190419,46751,VIRGEN DE ESTRELLA S.A.C.,2026-04-01,195/0190419,CAZ895,42.0,ARENA,14,36.42,37.15,562.82,,,YERBABUENA,MEIGGS,2026-06-30T22:23:50.996305Z
46751-1950190431,46751,VIRGEN DE ESTRELLA S.A.C.,2026-04-01,195/0190431,ATN880,5.0,ARENA,14,42.75,43.61,660.69,,,YERBABUENA,MEIGGS,2026-06-30T22:23:50.996359Z
46751-1950190439,46751,VIRGEN DE ESTRELLA S.A.C.,2026-04-01,195/0190439,C9T788,20.0,ARENA,14,36.09,36.81,557.67,,,YERBABUENA,MEIGGS,2026-06-30T22:23:50.996414Z
46751-1950190441,46751,VIRGEN DE ESTRELLA S.A.C.,2026-04-01,195/0190441,D8D861,23.0,ARENA,14,37.44,38.19,578.58,,,YERBABUENA,MEIGGS,2026-06-30T22:23:50.996530Z
46751-1950190447,46751,VIRGEN DE ESTRELLA S.A.C.,2026-04-01,195/0190447,C9T788,20.0,ARENA,14,41.25,41.25,624.94,,,YERBABUENA,MEIGGS,2026-06-30T22:23:50.996589Z
46751-1950190451,46751,VIRGEN DE ESTRELLA S.A.C.,2026-04-01,195/0190451,AWH708,33.0,ARENA,14,41.25,41.25,624.94,,,YERBABUENA,MEIGGS,2026-06-30T22:23:50.996759Z
46751-0010015991,46751,VIRGEN DE ESTRELLA S.A.C.,2026-04-01,001/0015991,AJA905,29.0,PIEDRA,2,36.63,37.55,285.38,,,SAN LORENZO,COLLIQUE,2026-06-30T22:23:50.997320Z
46751-0010016002,46751,VIRGEN DE ESTRELLA S.A.C.,2026-04-01,001/0016002,D8B795,22.0,PIEDRA,2,33.78,34.62,263.11,,,SAN LORENZO,COLLIQUE,2026-06-30T22:23:50.997373Z
46751-0010016005,46751,VIRGEN DE ESTRELLA S.A.C.,2026-04-01,001/0016005,ATN880,5.0,PIEDRA,2,46.76,47.93,364.27,,,SAN LORENZO,COLLIQUE,2026-06-30T22:23:50.997425Z
46751-0010016015,46751,VIRGEN DE ESTRELLA S.A.C.,2026-04-01,001/0016015,D8E728,24.0,PIEDRA,2,36.12,37.02,281.35,,,SAN LORENZO,COLLIQUE,2026-06-30T22:23:50.997479Z
46751-0010016027,46751,VIRGEN DE ESTRELLA S.A.C.,2026-04-01,001/0016027,AWW871,32.0,PIEDRA,2,38.17,39.12,297.31,,,SAN LORENZO,COLLIQUE,2026-06-30T22:23:50.997536Z
46751-0010016037,46751,VIRGEN DE ESTRELLA S.A.C.,2026-04-01,001/0016037,CAZ895,42.0,PIEDRA,2,35.75,36.64,278.46,,,SAN LORENZO,COLLIQUE,2026-06-30T22:23:50.997589Z
46751-0010016038,46751,VIRGEN DE ESTRELLA S.A.C.,2026-04-01,001/0016038,CBR872,16.0,PIEDRA,2,36.62,37.54,285.3,,,SAN LORENZO,COLLIQUE,2026-06-30T22:23:50.997647Z
46751-0010016039,46751,VIRGEN DE ESTRELLA S.A.C.,2026-04-01,001/0016039,CBR796,18.0,PIEDRA,2,36.97,37.89,287.96,,,SAN LORENZO,COLLIQUE,2026-06-30T22:23:50.997707Z
46751-0010016042,46751,VIRGEN DE ESTRELLA S.A.C.,2026-04-01,001/0016042,D8B795,22.0,PIEDRA,2,32.79,33.61,255.44,,,SAN LORENZO,COLLIQUE,2026-06-30T22:23:50.997762Z
46751-0010016043,46751,VIRGEN DE ESTRELLA S.A.C.,2026-04-01,001/0016043,BZR752,38.0,PIEDRA,2,37.38,38.31,291.16,,,SAN LORENZO,COLLIQUE,2026-06-30T22:23:50.997816Z
46751-0010016044,46751,VIRGEN DE ESTRELLA S.A.C.,2026-04-01,001/0016044,AJC805,30.0,PIEDRA,2,36.7,37.62,285.91,,,SAN LORENZO,COLLIQUE,2026-06-30T22:23:50.997870Z
46751-0010016045,46751,VIRGEN DE ESTRELLA S.A.C.,2026-04-01,001/0016045,D8E728,24.0,PIEDRA,2,35.28,36.16,274.82,,,SAN LORENZO,COLLIQUE,2026-06-30T22:23:50.997923Z
46751-0010016046,46751,VIRGEN DE ESTRELLA S.A.C.,2026-04-01,001/0016046,D8D861,23.0,PIEDRA,2,36.69,37.61,285.84,,,SAN LORENZO,COLLIQUE,2026-06-30T22:23:50.997977Z
46751-0010016048,46751,VIRGEN DE ESTRELLA S.A.C.,2026-04-01,001/0016048,AWW871,32.0,PIEDRA,2,37.89,38.84,295.18,,,SAN LORENZO,COLLIQUE,2026-06-30T22:23:50.998030Z
46751-0010016050,46751,VIRGEN DE ESTRELLA S.A.C.,2026-04-01,001/0016050,BAE736,35.0,PIEDRA,2,37.96,38.91,295.72,,,SAN LORENZO,COLLIQUE,2026-06-30T22:23:50.998083Z
46751-0010016051,46751,VIRGEN DE ESTRELLA S.A.C.,2026-04-01,001/0016051,ATN880,5.0,PIEDRA,2,42.07,43.12,327.71,,,SAN LORENZO,COLLIQUE,2026-06-30T22:23:50.998136Z
46751-0010015999,46751,VIRGEN DE ESTRELLA S.A.C.,2026-04-01,001/0015999,AHJ786,28.0,ARENA,14,35.96,40.64,267.0,,,SAN LORENZO,MATERIALES,2026-06-30T22:23:50.998979Z
46751-0010016000,46751,VIRGEN DE ESTRELLA S.A.C.,2026-04-01,001/0016000,BAE736,35.0,ARENA,14,36.64,41.4,272.0,,,SAN LORENZO,MATERIALES,2026-06-30T22:23:50.999034Z
46751-0010016001,46751,VIRGEN DE ESTRELLA S.A.C.,2026-04-01,001/0016001,BZR752,38.0,ARENA,14,36.79,41.57,273.11,,,SAN LORENZO,MATERIALES,2026-06-30T22:23:50.999089Z
46751-0010016007,46751,VIRGEN DE ESTRELLA S.A.C.,2026-04-01,001/0016007,AJC805,30.0,ARENA,14,35.71,40.35,265.1,,,SAN LORENZO,MATERIALES,2026-06-30T22:23:50.999143Z
46751-0010016018,46751,VIRGEN DE ESTRELLA S.A.C.,2026-04-01,001/0016018,AKE789,31.0,ARENA,14,35.06,39.62,260.3,,,SAN LORENZO,MATERIALES,2026-06-30T22:23:50.999198Z
46751-0010016019,46751,VIRGEN DE ESTRELLA S.A.C.,2026-04-01,001/0016019,BAE736,35.0,ARENA,14,35.22,39.8,261.49,,,SAN LORENZO,MATERIALES,2026-06-30T22:23:50.999259Z
46751-0010016022,46751,VIRGEN DE ESTRELLA S.A.C.,2026-04-01,001/0016022,BZR752,38.0,ARENA,14,34.02,38.44,252.55,,,SAN LORENZO,MATERIALES,2026-06-30T22:23:50.999319Z
46751-0010016023,46751,VIRGEN DE ESTRELLA S.A.C.,2026-04-01,001/0016023,AJA905,29.0,ARENA,14,32.93,37.21,244.47,,,SAN LORENZO,MATERIALES,2026-06-30T22:23:50.999375Z
46751-0010015998,46751,VIRGEN DE ESTRELLA S.A.C.,2026-04-01,001/0015998,AWW871,32.0,ARENA,14,35.77,39.71,227.14,,,SAN LORENZO,MEIGGS,2026-06-30T22:23:50.999430Z
46751-0010016003,46751,VIRGEN DE ESTRELLA S.A.C.,2026-04-01,001/0016003,D8E728,24.0,ARENA,14,33.67,37.37,213.76,,,SAN LORENZO,MEIGGS,2026-06-30T22:23:50.999485Z
46751-0010016004,46751,VIRGEN DE ESTRELLA S.A.C.,2026-04-01,001/0016004,AKE789,31.0,ARENA,14,33.2,36.85,210.78,,,SAN LORENZO,MEIGGS,2026-06-30T22:23:50.999540Z
46751-0010016006,46751,VIRGEN DE ESTRELLA S.A.C.,2026-04-01,001/0016006,AJA905,29.0,ARENA,14,33.3,36.96,211.41,,,SAN LORENZO,MEIGGS,2026-06-30T22:23:50.999595Z
46751-0010016014,46751,VIRGEN DE ESTRELLA S.A.C.,2026-04-01,001/0016014,AWW871,32.0,ARENA,14,35.41,39.31,224.85,,,SAN LORENZO,MEIGGS,2026-06-30T22:23:50.999650Z
46751-0010016017,46751,VIRGEN DE ESTRELLA S.A.C.,2026-04-01,001/0016017,AHJ786,28.0,ARENA,14,34.57,38.37,219.48,,,SAN LORENZO,MEIGGS,2026-06-30T22:23:50.999710Z
46751-0010016026,46751,VIRGEN DE ESTRELLA S.A.C.,2026-04-01,001/0016026,AJC805,30.0,ARENA,14,33.5,37.18,212.67,,,SAN LORENZO,MEIGGS,2026-06-30T22:23:50.999771Z
46751-0010016029,46751,VIRGEN DE ESTRELLA S.A.C.,2026-04-01,001/0016029,AJC805,30.0,PIEDRA,2,36.77,37.51,214.56,,,SAN LORENZO,MEIGGS,2026-06-30T22:23:50.999824Z
46751-0010016032,46751,VIRGEN DE ESTRELLA S.A.C.,2026-04-01,001/0016032,AKE789,31.0,PIEDRA,2,35.38,36.09,206.43,,,SAN LORENZO,MEIGGS,2026-06-30T22:23:50.999881Z
46751-0010016034,46751,VIRGEN DE ESTRELLA S.A.C.,2026-04-01,001/0016034,D8E728,24.0,PIEDRA,2,34.98,35.68,204.09,,,SAN LORENZO,MEIGGS,2026-06-30T22:23:50.999934Z
46751-0010016035,46751,VIRGEN DE ESTRELLA S.A.C.,2026-04-01,001/0016035,ABN852,27.0,PIEDRA,2,37.91,38.67,221.19,,,SAN LORENZO,MEIGGS,2026-06-30T22:23:50.999987Z
46751-0010016036,46751,VIRGEN DE ESTRELLA S.A.C.,2026-04-01,001/0016036,BAE736,35.0,PIEDRA,2,38.2,38.96,222.85,,,SAN LORENZO,MEIGGS,2026-06-30T22:23:51.000039Z
46751-0010016030,46751,VIRGEN DE ESTRELLA S.A.C.,2026-04-01,001/0016030,AKE789,31.0,PIEDRA,2,34.93,35.02,200.31,,,SAN LORENZO,MEIGGS,2026-06-30T22:23:51.000098Z
46751-0010016040,46751,VIRGEN DE ESTRELLA S.A.C.,2026-04-01,001/0016040,AJA905,29.0,PIEDRA,2,36.09,36.18,206.95,,,SAN LORENZO,MEIGGS,2026-06-30T22:23:51.000152Z
46767-1910575001,46767,VIRGEN DE ESTRELLA S.A.C.,2026-04-04,191/0575001,C9W737,21.0,ARENA,14,34.56,36.29,360.32,,,JICAMARCA,BLOQUES ANCIETA INS. Y SUM.,2026-06-30T22:23:29.795601Z
46751-1910575045,46751,VIRGEN DE ESTRELLA S.A.C.,2026-04-04,191/0575045,C9W737,21.0,PIEDRA,2,33.82,33.82,404.49,,,JICAMARCA,SAN JUAN,2026-06-30T22:23:50.993428Z
46751-1910574949,46751,VIRGEN DE ESTRELLA S.A.C.,2026-04-04,191/0574949,BYP824,9.0,PIEDRA,2,42.2,42.2,504.71,,,JICAMARCA,SAN JUAN,2026-06-30T22:23:50.993527Z
46751-1910575008,46751,VIRGEN DE ESTRELLA S.A.C.,2026-04-04,191/0575008,CBA709,43.0,ARENA,14,32.75,36.68,438.69,,,JICAMARCA,SAN JUAN,2026-06-30T22:23:50.993610Z
46751-1910574971,46751,VIRGEN DE ESTRELLA S.A.C.,2026-04-04,191/0574971,CBA709,43.0,PIEDRA,2,34.75,35.79,512.15,,,JICAMARCA,VILLA 1 UNICON,2026-06-30T22:23:50.994084Z
46751-1910574993,46751,VIRGEN DE ESTRELLA S.A.C.,2026-04-04,191/0574993,BYP824,9.0,PIEDRA,2,40.37,41.58,595.01,,,JICAMARCA,VILLA 1 UNICON,2026-06-30T22:23:50.994139Z
46751-1910575042,46751,VIRGEN DE ESTRELLA S.A.C.,2026-04-04,191/0575042,BYP824,9.0,PIEDRA,2,39.37,40.55,580.27,,,JICAMARCA,VILLA 1 UNICON,2026-06-30T22:23:50.994194Z
46751-1950190465,46751,VIRGEN DE ESTRELLA S.A.C.,2026-04-04,195/0190465,CBR854,14.0,PIEDRA,2,42.91,42.91,650.09,,,YERBABUENA,MEIGGS,2026-06-30T22:23:50.995244Z
46751-1950190467,46751,VIRGEN DE ESTRELLA S.A.C.,2026-04-04,195/0190467,CBR796,18.0,PIEDRA,2,42.94,42.94,650.54,,,YERBABUENA,MEIGGS,2026-06-30T22:23:50.995296Z
46751-1950190476,46751,VIRGEN DE ESTRELLA S.A.C.,2026-04-04,195/0190476,F3F817,1.0,PIEDRA,2,43.37,43.37,657.06,,,YERBABUENA,MEIGGS,2026-06-30T22:23:50.995349Z
46751-1950190480,46751,VIRGEN DE ESTRELLA S.A.C.,2026-04-04,195/0190480,ATN880,5.0,PIEDRA,2,45.18,45.18,684.48,,,YERBABUENA,MEIGGS,2026-06-30T22:23:50.995407Z
46751-1950190483,46751,VIRGEN DE ESTRELLA S.A.C.,2026-04-04,195/0190483,CBR846,12.0,PIEDRA,2,42.75,42.75,647.66,,,YERBABUENA,MEIGGS,2026-06-30T22:23:50.995461Z
46751-1950190486,46751,VIRGEN DE ESTRELLA S.A.C.,2026-04-04,195/0190486,CBR872,16.0,PIEDRA,2,42.14,42.14,638.42,,,YERBABUENA,MEIGGS,2026-06-30T22:23:50.995515Z
46751-1950190504,46751,VIRGEN DE ESTRELLA S.A.C.,2026-04-04,195/0190504,D8D861,23.0,PIEDRA,2,34.24,34.24,518.74,,,YERBABUENA,MEIGGS,2026-06-30T22:23:50.995568Z
46751-1950190505,46751,VIRGEN DE ESTRELLA S.A.C.,2026-04-04,195/0190505,CBR796,18.0,PIEDRA,2,42.38,42.38,642.06,,,YERBABUENA,MEIGGS,2026-06-30T22:23:50.995621Z
46751-1950190519,46751,VIRGEN DE ESTRELLA S.A.C.,2026-04-04,195/0190519,F3F817,1.0,PIEDRA,2,41.4,41.4,627.21,,,YERBABUENA,MEIGGS,2026-06-30T22:23:50.995674Z
46751-1950190520,46751,VIRGEN DE ESTRELLA S.A.C.,2026-04-04,195/0190520,CBR872,16.0,PIEDRA,2,40.94,40.94,620.24,,,YERBABUENA,MEIGGS,2026-06-30T22:23:50.995735Z
46751-1950190525,46751,VIRGEN DE ESTRELLA S.A.C.,2026-04-04,195/0190525,ATN880,5.0,PIEDRA,2,42.9,42.9,649.93,,,YERBABUENA,MEIGGS,2026-06-30T22:23:50.995789Z
46751-1950190527,46751,VIRGEN DE ESTRELLA S.A.C.,2026-04-04,195/0190527,CBR846,12.0,PIEDRA,2,42.19,42.19,639.18,,,YERBABUENA,MEIGGS,2026-06-30T22:23:50.995842Z
46751-1950190440,46751,VIRGEN DE ESTRELLA S.A.C.,2026-04-04,195/0190440,AFX735,25.0,ARENA,14,35.08,35.78,542.07,,,YERBABUENA,MEIGGS,2026-06-30T22:23:50.996470Z
46751-1950190448,46751,VIRGEN DE ESTRELLA S.A.C.,2026-04-04,195/0190448,AFX735,25.0,ARENA,14,34.75,35.44,536.92,,,YERBABUENA,MEIGGS,2026-06-30T22:23:50.996644Z
46751-1950190449,46751,VIRGEN DE ESTRELLA S.A.C.,2026-04-04,195/0190449,D8D861,23.0,ARENA,14,35.77,36.49,552.82,,,YERBABUENA,MEIGGS,2026-06-30T22:23:50.996704Z
46751-1950190469,46751,VIRGEN DE ESTRELLA S.A.C.,2026-04-04,195/0190469,D8B795,22.0,ARENA,14,34.62,35.31,534.95,,,YERBABUENA,MEIGGS,2026-06-30T22:23:50.996819Z
46751-1950190482,46751,VIRGEN DE ESTRELLA S.A.C.,2026-04-04,195/0190482,CAZ895,42.0,ARENA,14,36.18,36.9,559.04,,,YERBABUENA,MEIGGS,2026-06-30T22:23:50.996875Z
46751-1950190484,46751,VIRGEN DE ESTRELLA S.A.C.,2026-04-04,195/0190484,AHJ786,28.0,ARENA,14,36.24,36.96,559.94,,,YERBABUENA,MEIGGS,2026-06-30T22:23:50.996930Z
46751-1950190506,46751,VIRGEN DE ESTRELLA S.A.C.,2026-04-04,195/0190506,C9T788,20.0,ARENA,14,37.09,37.83,573.12,,,YERBABUENA,MEIGGS,2026-06-30T22:23:50.996985Z
46751-1950190507,46751,VIRGEN DE ESTRELLA S.A.C.,2026-04-04,195/0190507,AHJ786,28.0,ARENA,14,36.52,37.25,564.34,,,YERBABUENA,MEIGGS,2026-06-30T22:23:50.997040Z
46751-1950190508,46751,VIRGEN DE ESTRELLA S.A.C.,2026-04-04,195/0190508,CAZ895,42.0,ARENA,14,37.66,38.41,581.91,,,YERBABUENA,MEIGGS,2026-06-30T22:23:50.997099Z
46751-1950190509,46751,VIRGEN DE ESTRELLA S.A.C.,2026-04-04,195/0190509,AFX735,25.0,ARENA,14,34.87,35.57,538.89,,,YERBABUENA,MEIGGS,2026-06-30T22:23:50.997156Z
46751-1950190522,46751,VIRGEN DE ESTRELLA S.A.C.,2026-04-04,195/0190522,D8B795,22.0,ARENA,14,34.35,35.04,530.86,,,YERBABUENA,MEIGGS,2026-06-30T22:23:50.997211Z
46751-1950190526,46751,VIRGEN DE ESTRELLA S.A.C.,2026-04-04,195/0190526,CBR854,14.0,ARENA,14,40.85,41.67,631.3,,,YERBABUENA,MEIGGS,2026-06-30T22:23:50.997266Z
46751-0010016056,46751,VIRGEN DE ESTRELLA S.A.C.,2026-04-04,001/0016056,AJC805,30.0,PIEDRA,2,35.79,36.68,278.77,,,SAN LORENZO,COLLIQUE,2026-06-30T22:23:50.998193Z
46751-0010016058,46751,VIRGEN DE ESTRELLA S.A.C.,2026-04-04,001/0016058,AKE789,31.0,PIEDRA,2,34.71,35.58,270.41,,,SAN LORENZO,COLLIQUE,2026-06-30T22:23:50.998247Z
46751-0010016059,46751,VIRGEN DE ESTRELLA S.A.C.,2026-04-04,001/0016059,AJA905,29.0,PIEDRA,2,33.92,34.77,264.25,,,SAN LORENZO,COLLIQUE,2026-06-30T22:23:50.998300Z
46751-0010016062,46751,VIRGEN DE ESTRELLA S.A.C.,2026-04-04,001/0016062,ABN852,27.0,PIEDRA,2,35.55,36.44,276.94,,,SAN LORENZO,COLLIQUE,2026-06-30T22:23:50.998358Z
46751-0010016063,46751,VIRGEN DE ESTRELLA S.A.C.,2026-04-04,001/0016063,BAE736,35.0,PIEDRA,2,35.38,36.26,275.58,,,SAN LORENZO,COLLIQUE,2026-06-30T22:23:50.998416Z
46751-0010016066,46751,VIRGEN DE ESTRELLA S.A.C.,2026-04-04,001/0016066,BZR752,38.0,PIEDRA,2,38.16,39.11,297.24,,,SAN LORENZO,COLLIQUE,2026-06-30T22:23:50.998474Z
46751-0010016067,46751,VIRGEN DE ESTRELLA S.A.C.,2026-04-04,001/0016067,CBR854,14.0,PIEDRA,2,37.69,38.63,293.59,,,SAN LORENZO,COLLIQUE,2026-06-30T22:23:50.998528Z
46751-0010016071,46751,VIRGEN DE ESTRELLA S.A.C.,2026-04-04,001/0016071,AJC805,30.0,PIEDRA,2,37.99,38.94,295.94,,,SAN LORENZO,COLLIQUE,2026-06-30T22:23:50.998581Z
46751-0010016054,46751,VIRGEN DE ESTRELLA S.A.C.,2026-04-04,001/0016054,ABN852,27.0,ARENA,14,35.16,39.03,253.7,,,SAN LORENZO,OQUENDO,2026-06-30T22:23:50.998637Z
46751-0010016055,46751,VIRGEN DE ESTRELLA S.A.C.,2026-04-04,001/0016055,BAE736,35.0,ARENA,14,35.93,39.88,259.22,,,SAN LORENZO,OQUENDO,2026-06-30T22:23:50.998700Z
46751-0010016060,46751,VIRGEN DE ESTRELLA S.A.C.,2026-04-04,001/0016060,BZR752,38.0,ARENA,14,36.05,40.01,260.07,,,SAN LORENZO,OQUENDO,2026-06-30T22:23:50.998762Z
46751-0010016068,46751,VIRGEN DE ESTRELLA S.A.C.,2026-04-04,001/0016068,AJA905,29.0,ARENA,14,34.58,38.38,249.47,,,SAN LORENZO,OQUENDO,2026-06-30T22:23:50.998817Z
46751-0010016069,46751,VIRGEN DE ESTRELLA S.A.C.,2026-04-04,001/0016069,AJC805,30.0,PIEDRA,2,36.78,37.88,246.22,,,SAN LORENZO,OQUENDO,2026-06-30T22:23:50.998871Z
46751-0010016070,46751,VIRGEN DE ESTRELLA S.A.C.,2026-04-04,001/0016070,AKE789,31.0,PIEDRA,2,35.24,36.3,235.95,,,SAN LORENZO,OQUENDO,2026-06-30T22:23:50.998925Z
46783-1910574951,46783,VIRGEN DE ESTRELLA S.A.C.,2026-04-04,191 / 0574951,C9W737,21.0,PIEDRA,2,35.33,35.33,505.57,,,JICAMARCA,EMBOLSADOS INS. Y SUM.,2026-07-01T09:02:02.559720Z
46767-1910575053,46767,VIRGEN DE ESTRELLA S.A.C.,2026-04-06,191/0575053,CHS718,45.0,ARENA,14,26.63,29.82,501.9,,,JICAMARCA,SAN ANTONIO,2026-06-30T22:23:29.795680Z
46767-1910575054,46767,VIRGEN DE ESTRELLA S.A.C.,2026-04-06,191/0575054,CCL847,44.0,ARENA,14,28.85,32.32,543.9,,,JICAMARCA,SAN ANTONIO,2026-06-30T22:23:29.795728Z
46767-1910575109,46767,VIRGEN DE ESTRELLA S.A.C.,2026-04-06,191/0575109,CCL847,44.0,ARENA,14,31.39,35.15,591.64,,,JICAMARCA,SAN ANTONIO,2026-06-30T22:23:29.795761Z
46767-1910575110,46767,VIRGEN DE ESTRELLA S.A.C.,2026-04-06,191/0575110,CHS718,45.0,ARENA,14,31.98,35.82,602.86,,,JICAMARCA,SAN ANTONIO,2026-06-30T22:23:29.795795Z
46767-1910575156,46767,VIRGEN DE ESTRELLA S.A.C.,2026-04-06,191/0575156,CBA709,43.0,ARENA,14,33.03,37.0,622.68,,,JICAMARCA,SAN ANTONIO,2026-06-30T22:23:29.795827Z
46767-1910575173,46767,VIRGEN DE ESTRELLA S.A.C.,2026-04-06,191/0575173,CCL847,44.0,ARENA,14,31.98,35.82,602.86,,,JICAMARCA,SAN ANTONIO,2026-06-30T22:23:29.795860Z
46767-1910575089,46767,VIRGEN DE ESTRELLA S.A.C.,2026-04-06,191/0575089,CBA709,43.0,PIEDRA,2,34.99,34.99,588.97,,,JICAMARCA,SAN ANTONIO,2026-06-30T22:23:29.795900Z
46767-1910575071,46767,VIRGEN DE ESTRELLA S.A.C.,2026-04-06,191/0575071,C9W737,21.0,PIEDRA,2,34.49,34.49,580.42,,,JICAMARCA,SAN ANTONIO,2026-06-30T22:23:29.795932Z
46767-1910575132,46767,VIRGEN DE ESTRELLA S.A.C.,2026-04-06,191/0575132,C9W737,21.0,PIEDRA,2,36.15,36.15,608.34,,,JICAMARCA,SAN ANTONIO,2026-06-30T22:23:29.795967Z
46767-1950190574,46767,VIRGEN DE ESTRELLA S.A.C.,2026-04-06,195/0190574,D8B795,22.0,PIEDRA,2,35.24,35.24,533.89,,,YERBABUENA,MEIGGS,2026-06-30T22:23:29.796184Z
46767-1950190590,46767,VIRGEN DE ESTRELLA S.A.C.,2026-04-06,195/0190590,ABL875,26.0,PIEDRA,2,35.77,35.77,541.92,,,YERBABUENA,MEIGGS,2026-06-30T22:23:29.796217Z
46767-1950190533,46767,VIRGEN DE ESTRELLA S.A.C.,2026-04-06,195/0190533,D8D861,23.0,PIEDRA,2,35.26,35.26,534.19,,,YERBABUENA,MEIGGS,2026-06-30T22:23:29.796341Z
46767-1950190528,46767,VIRGEN DE ESTRELLA S.A.C.,2026-04-06,195/0190528,AFX735,25.0,ARENA,14,34.32,35.01,530.4,,,YERBABUENA,MEIGGS,2026-06-30T22:23:29.796374Z
46767-1950190530,46767,VIRGEN DE ESTRELLA S.A.C.,2026-04-06,195/0190530,CBR854,14.0,ARENA,14,42.04,42.88,649.63,,,YERBABUENA,MEIGGS,2026-06-30T22:23:29.796407Z
46767-1950190532,46767,VIRGEN DE ESTRELLA S.A.C.,2026-04-06,195/0190532,CBR796,18.0,ARENA,14,42.9,43.76,662.96,,,YERBABUENA,MEIGGS,2026-06-30T22:23:29.796436Z
46767-1950190534,46767,VIRGEN DE ESTRELLA S.A.C.,2026-04-06,195/0190534,D8B795,22.0,ARENA,14,34.4,35.09,531.61,,,YERBABUENA,MEIGGS,2026-06-30T22:23:29.796466Z
46767-1950190540,46767,VIRGEN DE ESTRELLA S.A.C.,2026-04-06,195/0190540,C9T788,20.0,ARENA,14,35.08,35.78,542.07,,,YERBABUENA,MEIGGS,2026-06-30T22:23:29.796495Z
46767-1950190543,46767,VIRGEN DE ESTRELLA S.A.C.,2026-04-06,195/0190543,ATN880,5.0,ARENA,14,42.63,43.48,658.72,,,YERBABUENA,MEIGGS,2026-06-30T22:23:29.796525Z
46767-1950190545,46767,VIRGEN DE ESTRELLA S.A.C.,2026-04-06,195/0190545,CAZ895,42.0,ARENA,14,37.45,37.82,572.97,,,YERBABUENA,MEIGGS,2026-06-30T22:23:29.796555Z
46767-1950190546,46767,VIRGEN DE ESTRELLA S.A.C.,2026-04-06,195/0190546,CBR846,12.0,ARENA,14,41.93,42.77,647.97,,,YERBABUENA,MEIGGS,2026-06-30T22:23:29.796585Z
46767-1950190547,46767,VIRGEN DE ESTRELLA S.A.C.,2026-04-06,195/0190547,AWH708,33.0,ARENA,14,38.09,38.85,588.58,,,YERBABUENA,MEIGGS,2026-06-30T22:23:29.796617Z
46767-1950190548,46767,VIRGEN DE ESTRELLA S.A.C.,2026-04-06,195/0190548,AHJ786,28.0,ARENA,14,36.47,37.2,563.58,,,YERBABUENA,MEIGGS,2026-06-30T22:23:29.796652Z
46767-1950190549,46767,VIRGEN DE ESTRELLA S.A.C.,2026-04-06,195/0190549,CBR872,16.0,ARENA,14,43.09,43.95,665.84,,,YERBABUENA,MEIGGS,2026-06-30T22:23:29.796683Z
46767-0010016080,46767,VIRGEN DE ESTRELLA S.A.C.,2026-04-06,001/0016080,BZR752,38.0,PIEDRA,2,35.97,36.87,280.21,,,SAN LORENZO,COLLIQUE,2026-06-30T22:23:29.796788Z
46767-0010016081,46767,VIRGEN DE ESTRELLA S.A.C.,2026-04-06,001/0016081,AJA905,29.0,PIEDRA,2,35.77,36.66,278.62,,,SAN LORENZO,COLLIQUE,2026-06-30T22:23:29.796817Z
46767-0010016087,46767,VIRGEN DE ESTRELLA S.A.C.,2026-04-06,001/0016087,CBR796,18.0,PIEDRA,2,36.15,37.05,281.58,,,SAN LORENZO,COLLIQUE,2026-06-30T22:23:29.796847Z
46767-0010016088,46767,VIRGEN DE ESTRELLA S.A.C.,2026-04-06,001/0016088,CBR854,14.0,PIEDRA,2,36.85,37.77,287.05,,,SAN LORENZO,COLLIQUE,2026-06-30T22:23:29.796876Z
46767-0010016089,46767,VIRGEN DE ESTRELLA S.A.C.,2026-04-06,001/0016089,C9T788,20.0,PIEDRA,2,34.28,35.14,267.06,,,SAN LORENZO,COLLIQUE,2026-06-30T22:23:29.796905Z
46767-0010016096,46767,VIRGEN DE ESTRELLA S.A.C.,2026-04-06,001/0016096,AWH708,33.0,PIEDRA,2,38.35,39.31,298.76,,,SAN LORENZO,COLLIQUE,2026-06-30T22:23:29.796937Z
46767-0010016100,46767,VIRGEN DE ESTRELLA S.A.C.,2026-04-06,001/0016100,D8D861,23.0,PIEDRA,2,34.82,35.69,271.24,,,SAN LORENZO,COLLIQUE,2026-06-30T22:23:29.796969Z
46767-0010016108,46767,VIRGEN DE ESTRELLA S.A.C.,2026-04-06,001/0016108,BAE736,35.0,PIEDRA,2,36.87,37.79,287.2,,,SAN LORENZO,COLLIQUE,2026-06-30T22:23:29.796997Z
46767-0010016109,46767,VIRGEN DE ESTRELLA S.A.C.,2026-04-06,001/0016109,D8E728,24.0,PIEDRA,2,38.16,39.11,297.24,,,SAN LORENZO,COLLIQUE,2026-06-30T22:23:29.797026Z
46767-0010016099,46767,VIRGEN DE ESTRELLA S.A.C.,2026-04-06,001/0016099,AKE789,31.0,PIEDRA,2,35.65,36.72,238.68,,,SAN LORENZO,OQUENDO,2026-06-30T22:23:29.797054Z
46767-0010016076,46767,VIRGEN DE ESTRELLA S.A.C.,2026-04-06,001/0016076,BAE736,35.0,ARENA,14,35.11,38.97,222.91,,,SAN LORENZO,MEIGGS,2026-06-30T22:23:29.797087Z
46767-0010016078,46767,VIRGEN DE ESTRELLA S.A.C.,2026-04-06,001/0016078,AKE789,31.0,ARENA,14,33.55,37.24,213.01,,,SAN LORENZO,MEIGGS,2026-06-30T22:23:29.797123Z
46767-0010016079,46767,VIRGEN DE ESTRELLA S.A.C.,2026-04-06,001/0016079,AJC805,30.0,ARENA,14,35.23,39.1,223.65,,,SAN LORENZO,MEIGGS,2026-06-30T22:23:29.797153Z
46767-0010016082,46767,VIRGEN DE ESTRELLA S.A.C.,2026-04-06,001/0016082,AWW845,34.0,ARENA,14,36.86,40.92,234.06,,,SAN LORENZO,MEIGGS,2026-06-30T22:23:29.797184Z
46767-0010016083,46767,VIRGEN DE ESTRELLA S.A.C.,2026-04-06,001/0016083,BAE736,35.0,ARENA,14,35.7,39.63,226.68,,,SAN LORENZO,MEIGGS,2026-06-30T22:23:29.797215Z
46767-0010016084,46767,VIRGEN DE ESTRELLA S.A.C.,2026-04-06,001/0016084,AJC805,30.0,ARENA,14,36.3,40.29,230.46,,,SAN LORENZO,MEIGGS,2026-06-30T22:23:29.797248Z
46767-0010016085,46767,VIRGEN DE ESTRELLA S.A.C.,2026-04-06,001/0016085,AKE789,31.0,ARENA,14,35.31,39.19,224.17,,,SAN LORENZO,MEIGGS,2026-06-30T22:23:29.797282Z
46767-0010016086,46767,VIRGEN DE ESTRELLA S.A.C.,2026-04-06,001/0016086,D8D861,23.0,ARENA,14,35.95,39.91,228.29,,,SAN LORENZO,MEIGGS,2026-06-30T22:23:29.797315Z
46767-0010016092,46767,VIRGEN DE ESTRELLA S.A.C.,2026-04-06,001/0016092,BAE736,35.0,PIEDRA,2,35.86,36.58,209.24,,,SAN LORENZO,MEIGGS,2026-06-30T22:23:29.797343Z
46767-0010016094,46767,VIRGEN DE ESTRELLA S.A.C.,2026-04-06,001/0016094,AWW845,34.0,PIEDRA,2,37.59,38.34,219.3,,,SAN LORENZO,MEIGGS,2026-06-30T22:23:29.797368Z
46767-0010016097,46767,VIRGEN DE ESTRELLA S.A.C.,2026-04-06,001/0016097,AJC805,30.0,PIEDRA,2,36.33,37.06,211.98,,,SAN LORENZO,MEIGGS,2026-06-30T22:23:29.797394Z
46767-0010016098,46767,VIRGEN DE ESTRELLA S.A.C.,2026-04-06,001/0016098,BZR752,38.0,PIEDRA,2,36.77,37.51,214.56,,,SAN LORENZO,MEIGGS,2026-06-30T22:23:29.797420Z
46767-0010016101,46767,VIRGEN DE ESTRELLA S.A.C.,2026-04-06,001/0016101,AJC805,30.0,PIEDRA,2,34.56,35.25,201.63,,,SAN LORENZO,MEIGGS,2026-06-30T22:23:29.797447Z
46767-0010016111,46767,VIRGEN DE ESTRELLA S.A.C.,2026-04-06,001/0016111,AJA905,29.0,PIEDRA,2,35.32,36.03,206.09,,,SAN LORENZO,MEIGGS,2026-06-30T22:23:29.797477Z
46767-0010016090,46767,VIRGEN DE ESTRELLA S.A.C.,2026-04-06,001/0016090,AFX735,25.0,PIEDRA,2,34.71,34.71,198.54,,,SAN LORENZO,MEIGGS,2026-06-30T22:23:29.797505Z
46767-1950190622,46767,VIRGEN DE ESTRELLA S.A.C.,2026-04-07,195/0190622,CBR796,18.0,PIEDRA,2,38.69,38.69,586.15,,,YERBABUENA,MEIGGS,2026-06-30T22:23:29.796247Z
46767-1950190602,46767,VIRGEN DE ESTRELLA S.A.C.,2026-04-07,195/0190602,ATN880,5.0,PIEDRA,2,44.21,44.21,669.78,,,YERBABUENA,MEIGGS,2026-06-30T22:23:29.796278Z
46767-1950190606,46767,VIRGEN DE ESTRELLA S.A.C.,2026-04-07,195/0190606,CBR872,16.0,PIEDRA,2,42.56,42.56,644.78,,,YERBABUENA,MEIGGS,2026-06-30T22:23:29.796310Z
46767-1950190620,46767,VIRGEN DE ESTRELLA S.A.C.,2026-04-07,195/0190620,CBR854,14.0,ARENA,14,37.42,38.17,578.28,,,YERBABUENA,MEIGGS,2026-06-30T22:23:29.796728Z
46767-1950190642,46767,VIRGEN DE ESTRELLA S.A.C.,2026-04-07,195/0190642,AWH708,33.0,ARENA,14,36.17,36.89,558.88,,,YERBABUENA,MEIGGS,2026-06-30T22:23:29.796759Z
46783-1910575374,46783,VIRGEN DE ESTRELLA S.A.C.,2026-04-07,191 / 0575374,CHS718,45.0,PIEDRA,2,35.25,35.25,350.0,,,JICAMARCA,ANCIETA,2026-07-01T09:02:02.559392Z
46783-1910575375,46783,VIRGEN DE ESTRELLA S.A.C.,2026-04-07,191 / 0575375,CCL847,44.0,PIEDRA,2,35.43,35.43,351.85,,,JICAMARCA,ANCIETA,2026-07-01T09:02:02.559418Z
46783-1910575314,46783,VIRGEN DE ESTRELLA S.A.C.,2026-04-07,191 / 0575314,C9W737,21.0,ARENA,14,35.94,32.38,503.22,,,JICAMARCA,VILLA 1,2026-07-01T09:02:02.559530Z
46783-1910575307,46783,VIRGEN DE ESTRELLA S.A.C.,2026-04-07,191 / 0575307,CCL847,44.0,PIEDRA,2,34.78,34.78,497.7,,,JICAMARCA,EMBOLSADOS INS. Y SUM.,2026-07-01T09:02:02.559747Z
46783-1910575310,46783,VIRGEN DE ESTRELLA S.A.C.,2026-04-07,191 / 0575310,CHS718,45.0,PIEDRA,2,34.5,34.5,493.7,,,JICAMARCA,EMBOLSADOS INS. Y SUM.,2026-07-01T09:02:02.559775Z
46783-1910575243,46783,VIRGEN DE ESTRELLA S.A.C.,2026-04-07,191 / 0575243,CCL847,44.0,ARENA,14,38.63,34.49,650.08,,,JICAMARCA,SAN ANTONIO,2026-07-01T09:02:02.559889Z
46783-1910575298,46783,VIRGEN DE ESTRELLA S.A.C.,2026-04-07,191 / 0575298,CBA709,43.0,ARENA,14,37.62,33.59,633.12,,,JICAMARCA,SAN ANTONIO,2026-07-01T09:02:02.559918Z
46783-1910575264,46783,VIRGEN DE ESTRELLA S.A.C.,2026-04-07,191 / 0575264,C9W737,21.0,PIEDRA,2,33.62,33.62,565.74,,,JICAMARCA,SAN ANTONIO,2026-07-01T09:02:02.560402Z
46783-1910575260,46783,VIRGEN DE ESTRELLA S.A.C.,2026-04-07,191 / 0575260,CHS718,45.0,PIEDRA,2,35.0,35.0,589.03,,,JICAMARCA,SAN ANTONIO,2026-07-01T09:02:02.560493Z
46783-1910575350,46783,VIRGEN DE ESTRELLA S.A.C.,2026-04-07,191 / 0575350,CBA709,43.0,PIEDRA,2,36.86,36.86,620.34,,,JICAMARCA,SAN ANTONIO,2026-07-01T09:02:02.560522Z
46783-1950190624,46783,VIRGEN DE ESTRELLA S.A.C.,2026-04-07,195 / 0190624,D8D861,23.0,PIEDRA,2,36.59,36.59,517.38,,,YERBABUENA,OQUENDO,2026-07-01T09:02:02.560885Z
46783-1950190625,46783,VIRGEN DE ESTRELLA S.A.C.,2026-04-07,195 / 0190625,D8B795,22.0,PIEDRA,2,36.73,36.73,519.36,,,YERBABUENA,OQUENDO,2026-07-01T09:02:02.560915Z
46783-1950190636,46783,VIRGEN DE ESTRELLA S.A.C.,2026-04-07,195 / 0190636,C9T788,20.0,ARENA,14,35.61,35.26,503.53,,,YERBABUENA,OQUENDO,2026-07-01T09:02:02.561004Z
46783-1950190655,46783,VIRGEN DE ESTRELLA S.A.C.,2026-04-07,195 / 0190655,CAZ895,42.0,ARENA,14,36.56,36.2,516.96,,,YERBABUENA,OQUENDO,2026-07-01T09:02:02.561037Z
46783-1950190654,46783,VIRGEN DE ESTRELLA S.A.C.,2026-04-07,195 / 0190654,AFX735,25.0,PIEDRA,2,35.94,35.94,544.49,,,YERBABUENA,MEIGGS,2026-07-01T09:02:02.561675Z
46783-1950190635,46783,VIRGEN DE ESTRELLA S.A.C.,2026-04-07,195 / 0190635,F3F817,1.0,ARENA,14,44.01,43.15,666.75,,,YERBABUENA,MEIGGS,2026-07-01T09:02:02.561743Z
46783-0010016116,46783,VIRGEN DE ESTRELLA S.A.C.,2026-04-07,001 / 0016116,CBR872,16.0,PIEDRA,2,41.37,40.36,314.41,,,SAN LORENZO,COLLIQUE,2026-07-01T09:02:02.562385Z
46783-0010016118,46783,VIRGEN DE ESTRELLA S.A.C.,2026-04-07,001 / 0016118,ATN880,5.0,PIEDRA,2,45.11,44.01,342.84,,,SAN LORENZO,COLLIQUE,2026-07-01T09:02:02.562420Z
46783-0010016128,46783,VIRGEN DE ESTRELLA S.A.C.,2026-04-07,001 / 0016128,CBR796,18.0,PIEDRA,2,37.49,36.58,284.92,,,SAN LORENZO,COLLIQUE,2026-07-01T09:02:02.562459Z
46783-0010016130,46783,VIRGEN DE ESTRELLA S.A.C.,2026-04-07,001 / 0016130,CBR854,14.0,PIEDRA,2,39.62,38.65,301.11,,,SAN LORENZO,COLLIQUE,2026-07-01T09:02:02.562497Z
46783-0010016143,46783,VIRGEN DE ESTRELLA S.A.C.,2026-04-07,001 / 0016143,ATN880,5.0,PIEDRA,2,43.73,42.66,332.35,,,SAN LORENZO,COLLIQUE,2026-07-01T09:02:02.562531Z
46783-0010016144,46783,VIRGEN DE ESTRELLA S.A.C.,2026-04-07,001 / 0016144,BYP824,9.0,PIEDRA,2,38.94,37.99,295.94,,,SAN LORENZO,COLLIQUE,2026-07-01T09:02:02.562567Z
46783-0010016147,46783,VIRGEN DE ESTRELLA S.A.C.,2026-04-07,001 / 0016147,CBR872,16.0,PIEDRA,2,38.57,37.63,293.13,,,SAN LORENZO,COLLIQUE,2026-07-01T09:02:02.562600Z
46783-0010016148,46783,VIRGEN DE ESTRELLA S.A.C.,2026-04-07,001 / 0016148,ABN852,27.0,PIEDRA,2,37.8,36.88,287.28,,,SAN LORENZO,COLLIQUE,2026-07-01T09:02:02.562634Z
46783-0010016151,46783,VIRGEN DE ESTRELLA S.A.C.,2026-04-07,001 / 0016151,F3F817,1.0,PIEDRA,2,43.26,42.2,328.78,,,SAN LORENZO,COLLIQUE,2026-07-01T09:02:02.562668Z
46783-0010016142,46783,VIRGEN DE ESTRELLA S.A.C.,2026-04-07,001 / 0016142,D8B795,22.0,PIEDRA,2,34.56,33.55,224.64,,,SAN LORENZO,OQUENDO,2026-07-01T09:02:02.564127Z
46783-0010016145,46783,VIRGEN DE ESTRELLA S.A.C.,2026-04-07,001 / 0016145,CAZ895,42.0,PIEDRA,2,38.93,37.8,253.05,,,SAN LORENZO,OQUENDO,2026-07-01T09:02:02.564159Z
46783-0010016154,46783,VIRGEN DE ESTRELLA S.A.C.,2026-04-07,001 / 0016154,AJC805,30.0,PIEDRA,2,38.22,37.11,248.43,,,SAN LORENZO,OQUENDO,2026-07-01T09:02:02.564194Z
46783-0010016155,46783,VIRGEN DE ESTRELLA S.A.C.,2026-04-07,001 / 0016155,BZR752,38.0,PIEDRA,2,38.41,37.29,249.66,,,SAN LORENZO,OQUENDO,2026-07-01T09:02:02.564226Z
46783-0010016112,46783,VIRGEN DE ESTRELLA S.A.C.,2026-04-07,001 / 0016112,AHJ786,28.0,ARENA,14,38.59,34.15,253.54,,,SAN LORENZO,MATERIALES,2026-07-01T09:02:02.564478Z
46783-0010016113,46783,VIRGEN DE ESTRELLA S.A.C.,2026-04-07,001 / 0016113,ABN852,27.0,ARENA,14,39.6,35.04,260.17,,,SAN LORENZO,MATERIALES,2026-07-01T09:02:02.564515Z
46783-0010016114,46783,VIRGEN DE ESTRELLA S.A.C.,2026-04-07,001 / 0016114,AJA905,29.0,ARENA,14,41.1,36.37,270.03,,,SAN LORENZO,MATERIALES,2026-07-01T09:02:02.564551Z
46783-0010016132,46783,VIRGEN DE ESTRELLA S.A.C.,2026-04-07,001 / 0016132,AJA905,29.0,ARENA,14,39.42,34.88,258.99,,,SAN LORENZO,MATERIALES,2026-07-01T09:02:02.564584Z
46783-0010016133,46783,VIRGEN DE ESTRELLA S.A.C.,2026-04-07,001 / 0016133,BAE736,35.0,ARENA,14,40.3,35.66,264.77,,,SAN LORENZO,MATERIALES,2026-07-01T09:02:02.564616Z
46783-0010016134,46783,VIRGEN DE ESTRELLA S.A.C.,2026-04-07,001 / 0016134,AWH708,33.0,ARENA,14,39.03,34.54,256.43,,,SAN LORENZO,MATERIALES,2026-07-01T09:02:02.564649Z
46783-0010016135,46783,VIRGEN DE ESTRELLA S.A.C.,2026-04-07,001 / 0016135,BZR752,38.0,ARENA,14,40.08,35.47,263.33,,,SAN LORENZO,MATERIALES,2026-07-01T09:02:02.564679Z
46783-0010016136,46783,VIRGEN DE ESTRELLA S.A.C.,2026-04-07,001 / 0016136,C9T788,20.0,ARENA,14,37.99,33.62,249.59,,,SAN LORENZO,MATERIALES,2026-07-01T09:02:02.564720Z
46783-0010016137,46783,VIRGEN DE ESTRELLA S.A.C.,2026-04-07,001 / 0016137,AFX735,25.0,ARENA,14,39.6,35.04,260.17,,,SAN LORENZO,MATERIALES,2026-07-01T09:02:02.564755Z
46783-0010016139,46783,VIRGEN DE ESTRELLA S.A.C.,2026-04-07,001 / 0016139,AJA905,29.0,ARENA,14,40.09,35.48,263.39,,,SAN LORENZO,MATERIALES,2026-07-01T09:02:02.564786Z
46783-0010016140,46783,VIRGEN DE ESTRELLA S.A.C.,2026-04-07,001 / 0016140,AHJ786,28.0,ARENA,14,41.59,36.81,273.25,,,SAN LORENZO,MATERIALES,2026-07-01T09:02:02.564820Z
46783-0010016141,46783,VIRGEN DE ESTRELLA S.A.C.,2026-04-07,001 / 0016141,D8D861,23.0,ARENA,14,41.21,36.47,270.75,,,SAN LORENZO,MATERIALES,2026-07-01T09:02:02.564854Z
46783-0010016115,46783,VIRGEN DE ESTRELLA S.A.C.,2026-04-07,001 / 0016115,AKE789,31.0,ARENA,14,37.58,33.86,214.96,,,SAN LORENZO,MEIGGS,2026-07-01T09:02:02.566061Z
46783-0010016117,46783,VIRGEN DE ESTRELLA S.A.C.,2026-04-07,001 / 0016117,BAE736,35.0,ARENA,14,40.64,36.61,232.46,,,SAN LORENZO,MEIGGS,2026-07-01T09:02:02.566092Z
46783-0010016119,46783,VIRGEN DE ESTRELLA S.A.C.,2026-04-07,001 / 0016119,AJA905,29.0,ARENA,14,38.0,34.23,217.36,,,SAN LORENZO,MEIGGS,2026-07-01T09:02:02.566121Z
46783-0010016122,46783,VIRGEN DE ESTRELLA S.A.C.,2026-04-07,001 / 0016122,AJA905,29.0,ARENA,14,38.08,34.31,217.82,,,SAN LORENZO,MEIGGS,2026-07-01T09:02:02.566152Z
46783-0010016123,46783,VIRGEN DE ESTRELLA S.A.C.,2026-04-07,001 / 0016123,BAE736,35.0,ARENA,14,38.12,34.34,218.05,,,SAN LORENZO,MEIGGS,2026-07-01T09:02:02.566180Z
46783-0010016125,46783,VIRGEN DE ESTRELLA S.A.C.,2026-04-07,001 / 0016125,AKE789,31.0,ARENA,14,39.29,35.4,224.74,,,SAN LORENZO,MEIGGS,2026-07-01T09:02:02.566208Z
46783-0010016126,46783,VIRGEN DE ESTRELLA S.A.C.,2026-04-07,001 / 0016126,AHJ786,28.0,ARENA,14,40.65,36.62,232.52,,,SAN LORENZO,MEIGGS,2026-07-01T09:02:02.566237Z
46783-0010016127,46783,VIRGEN DE ESTRELLA S.A.C.,2026-04-07,001 / 0016127,ABN852,27.0,ARENA,14,42.35,38.15,242.24,,,SAN LORENZO,MEIGGS,2026-07-01T09:02:02.566266Z
46783-0010016138,46783,VIRGEN DE ESTRELLA S.A.C.,2026-04-07,001 / 0016138,AKE789,31.0,PIEDRA,2,35.76,35.76,204.55,,,SAN LORENZO,MEIGGS,2026-07-01T09:02:02.567407Z
46783-1910575434,46783,VIRGEN DE ESTRELLA S.A.C.,2026-04-08,191 / 0575434,BYP824,9.0,ARENA,14,42.04,42.04,417.42,,,JICAMARCA,ANCIETA,2026-07-01T09:02:02.559154Z
46783-1910575482,46783,VIRGEN DE ESTRELLA S.A.C.,2026-04-08,191 / 0575482,BYP824,9.0,ARENA,14,40.77,36.08,404.8,,,JICAMARCA,ANCIETA,2026-07-01T09:02:02.559186Z
46783-1910575556,46783,VIRGEN DE ESTRELLA S.A.C.,2026-04-08,191 / 0575556,BYP824,9.0,ARENA,14,39.32,35.42,469.87,,,JICAMARCA,COLLIQUE,2026-07-01T09:02:02.559471Z
46783-1910575432,46783,VIRGEN DE ESTRELLA S.A.C.,2026-04-08,191 / 0575432,CHS718,45.0,ARENA,14,36.74,32.8,618.25,,,JICAMARCA,SAN ANTONIO,2026-07-01T09:02:02.559949Z
46783-1910575436,46783,VIRGEN DE ESTRELLA S.A.C.,2026-04-08,191 / 0575436,CCL847,44.0,ARENA,14,35.7,31.87,600.77,,,JICAMARCA,SAN ANTONIO,2026-07-01T09:02:02.559977Z
46783-1910575468,46783,VIRGEN DE ESTRELLA S.A.C.,2026-04-08,191 / 0575468,C9W737,21.0,ARENA,14,35.05,31.29,589.82,,,JICAMARCA,SAN ANTONIO,2026-07-01T09:02:02.560004Z
46783-1910575476,46783,VIRGEN DE ESTRELLA S.A.C.,2026-04-08,191 / 0575476,CBA709,43.0,ARENA,14,37.42,33.41,629.73,,,JICAMARCA,SAN ANTONIO,2026-07-01T09:02:02.560034Z
46783-1910575542,46783,VIRGEN DE ESTRELLA S.A.C.,2026-04-08,191 / 0575542,CHS718,45.0,ARENA,14,34.32,30.64,577.56,,,JICAMARCA,SAN ANTONIO,2026-07-01T09:02:02.560062Z
46783-1910575545,46783,VIRGEN DE ESTRELLA S.A.C.,2026-04-08,191 / 0575545,CCL847,44.0,ARENA,14,35.84,32.0,603.12,,,JICAMARCA,SAN ANTONIO,2026-07-01T09:02:02.560092Z
46783-1910575522,46783,VIRGEN DE ESTRELLA S.A.C.,2026-04-08,191 / 0575522,CBA709,43.0,PIEDRA,2,34.95,34.95,588.21,,,JICAMARCA,SAN ANTONIO,2026-07-01T09:02:02.560431Z
46783-1910575492,46783,VIRGEN DE ESTRELLA S.A.C.,2026-04-08,191 / 0575492,CHS718,45.0,PIEDRA,2,34.67,34.67,583.56,,,JICAMARCA,SAN ANTONIO,2026-07-01T09:02:02.560552Z
46783-1910575493,46783,VIRGEN DE ESTRELLA S.A.C.,2026-04-08,191 / 0575493,CCL847,44.0,PIEDRA,2,36.05,36.05,606.77,,,JICAMARCA,SAN ANTONIO,2026-07-01T09:02:02.560580Z
46783-1910575512,46783,VIRGEN DE ESTRELLA S.A.C.,2026-04-08,191 / 0575512,BYP824,9.0,PIEDRA,2,41.28,41.28,694.68,,,JICAMARCA,SAN ANTONIO,2026-07-01T09:02:02.560608Z
46783-1950190605,46783,VIRGEN DE ESTRELLA S.A.C.,2026-04-08,195 / 0190605,CBR846,12.0,PIEDRA,2,42.66,42.66,646.3,,,YERBABUENA,MEIGGS,2026-07-01T09:02:02.561228Z
46783-1950190723,46783,VIRGEN DE ESTRELLA S.A.C.,2026-04-08,195 / 0190723,CBR872,16.0,PIEDRA,2,40.58,40.58,614.79,,,YERBABUENA,MEIGGS,2026-07-01T09:02:02.561260Z
46783-1950190751,46783,VIRGEN DE ESTRELLA S.A.C.,2026-04-08,195 / 0190751,ATN880,5.0,PIEDRA,2,44.98,44.98,681.45,,,YERBABUENA,MEIGGS,2026-07-01T09:02:02.561293Z
46783-1950190766,46783,VIRGEN DE ESTRELLA S.A.C.,2026-04-08,195 / 0190766,CBR854,14.0,PIEDRA,2,42.82,42.82,648.72,,,YERBABUENA,MEIGGS,2026-07-01T09:02:02.561326Z
46783-1950190767,46783,VIRGEN DE ESTRELLA S.A.C.,2026-04-08,195 / 0190767,CBR872,16.0,PIEDRA,2,42.16,42.16,638.72,,,YERBABUENA,MEIGGS,2026-07-01T09:02:02.561358Z
46783-1950190783,46783,VIRGEN DE ESTRELLA S.A.C.,2026-04-08,195 / 0190783,CBR846,12.0,PIEDRA,2,42.86,42.86,649.33,,,YERBABUENA,MEIGGS,2026-07-01T09:02:02.561393Z
46783-1950190702,46783,VIRGEN DE ESTRELLA S.A.C.,2026-04-08,195 / 0190702,CBR854,14.0,ARENA,14,41.55,40.74,629.48,,,YERBABUENA,MEIGGS,2026-07-01T09:02:02.561778Z
46783-1950190715,46783,VIRGEN DE ESTRELLA S.A.C.,2026-04-08,195 / 0190715,F3F817,1.0,ARENA,14,44.38,43.51,672.36,,,YERBABUENA,MEIGGS,2026-07-01T09:02:02.561811Z
46783-1950190716,46783,VIRGEN DE ESTRELLA S.A.C.,2026-04-08,195 / 0190716,C9T788,20.0,ARENA,14,36.24,35.53,549.04,,,YERBABUENA,MEIGGS,2026-07-01T09:02:02.561844Z
46783-1950190721,46783,VIRGEN DE ESTRELLA S.A.C.,2026-04-08,195 / 0190721,AWH708,33.0,ARENA,14,38.6,37.84,584.79,,,YERBABUENA,MEIGGS,2026-07-01T09:02:02.561876Z
46783-1950190734,46783,VIRGEN DE ESTRELLA S.A.C.,2026-04-08,195 / 0190734,AFX735,25.0,ARENA,14,37.49,36.75,567.97,,,YERBABUENA,MEIGGS,2026-07-01T09:02:02.561910Z
46783-1950190752,46783,VIRGEN DE ESTRELLA S.A.C.,2026-04-08,195 / 0190752,AWH708,33.0,ARENA,14,35.85,35.15,543.13,,,YERBABUENA,MEIGGS,2026-07-01T09:02:02.561944Z
46783-1950190768,46783,VIRGEN DE ESTRELLA S.A.C.,2026-04-08,195 / 0190768,F3F817,1.0,ARENA,14,41.55,40.74,629.48,,,YERBABUENA,MEIGGS,2026-07-01T09:02:02.561979Z
46783-1950190769,46783,VIRGEN DE ESTRELLA S.A.C.,2026-04-08,195 / 0190769,C9T788,20.0,ARENA,14,36.6,35.88,554.49,,,YERBABUENA,MEIGGS,2026-07-01T09:02:02.562019Z
46783-1950190770,46783,VIRGEN DE ESTRELLA S.A.C.,2026-04-08,195 / 0190770,AFX735,25.0,ARENA,14,36.23,35.52,548.88,,,YERBABUENA,MEIGGS,2026-07-01T09:02:02.562068Z
46783-0010016165,46783,VIRGEN DE ESTRELLA S.A.C.,2026-04-08,001 / 0016165,CBR796,18.0,PIEDRA,2,39.14,38.19,297.46,,,SAN LORENZO,COLLIQUE,2026-07-01T09:02:02.562701Z
46783-0010016175,46783,VIRGEN DE ESTRELLA S.A.C.,2026-04-08,001 / 0016175,CBR796,18.0,PIEDRA,2,35.72,34.85,271.47,,,SAN LORENZO,COLLIQUE,2026-07-01T09:02:02.562744Z
46783-0010016194,46783,VIRGEN DE ESTRELLA S.A.C.,2026-04-08,001 / 0016194,CBR796,18.0,PIEDRA,2,37.5,36.59,285.0,,,SAN LORENZO,COLLIQUE,2026-07-01T09:02:02.562779Z
46783-0010016199,46783,VIRGEN DE ESTRELLA S.A.C.,2026-04-08,001 / 0016199,AKE789,31.0,PIEDRA,2,35.95,35.07,273.22,,,SAN LORENZO,COLLIQUE,2026-07-01T09:02:02.562818Z
46783-0010016200,46783,VIRGEN DE ESTRELLA S.A.C.,2026-04-08,001 / 0016200,AJC805,30.0,PIEDRA,2,38.66,37.72,293.82,,,SAN LORENZO,COLLIQUE,2026-07-01T09:02:02.562852Z
46783-0010016201,46783,VIRGEN DE ESTRELLA S.A.C.,2026-04-08,001 / 0016201,AHJ786,28.0,PIEDRA,2,37.94,37.01,288.34,,,SAN LORENZO,COLLIQUE,2026-07-01T09:02:02.562886Z
46783-0010016166,46783,VIRGEN DE ESTRELLA S.A.C.,2026-04-08,001 / 0016166,AJC805,30.0,ARENA,14,38.57,34.75,250.71,,,SAN LORENZO,OQUENDO,2026-07-01T09:02:02.563984Z
46783-0010016168,46783,VIRGEN DE ESTRELLA S.A.C.,2026-04-08,001 / 0016168,AKE789,31.0,ARENA,14,38.21,34.42,248.37,,,SAN LORENZO,OQUENDO,2026-07-01T09:02:02.564020Z
46783-0010016177,46783,VIRGEN DE ESTRELLA S.A.C.,2026-04-08,001 / 0016177,AKE789,31.0,ARENA,14,37.55,33.83,244.08,,,SAN LORENZO,OQUENDO,2026-07-01T09:02:02.564057Z
46783-0010016178,46783,VIRGEN DE ESTRELLA S.A.C.,2026-04-08,001 / 0016178,AJC805,30.0,ARENA,14,42.07,37.9,273.46,,,SAN LORENZO,OQUENDO,2026-07-01T09:02:02.564092Z
46783-0010016158,46783,VIRGEN DE ESTRELLA S.A.C.,2026-04-08,001 / 0016158,BZR752,38.0,ARENA,14,39.29,34.77,258.14,,,SAN LORENZO,MATERIALES,2026-07-01T09:02:02.564885Z
46783-0010016159,46783,VIRGEN DE ESTRELLA S.A.C.,2026-04-08,001 / 0016159,AHJ786,28.0,ARENA,14,39.37,34.84,258.66,,,SAN LORENZO,MATERIALES,2026-07-01T09:02:02.564917Z
46783-0010016160,46783,VIRGEN DE ESTRELLA S.A.C.,2026-04-08,001 / 0016160,CAZ895,42.0,ARENA,14,39.03,34.54,256.43,,,SAN LORENZO,MATERIALES,2026-07-01T09:02:02.564947Z
46783-0010016161,46783,VIRGEN DE ESTRELLA S.A.C.,2026-04-08,001 / 0016161,D8D945,,ARENA,14,35.32,31.26,232.05,,,SAN LORENZO,MATERIALES,2026-07-01T09:02:02.565036Z
46783-0010016162,46783,VIRGEN DE ESTRELLA S.A.C.,2026-04-08,001 / 0016162,D8E728,24.0,ARENA,14,34.18,30.25,224.56,,,SAN LORENZO,MATERIALES,2026-07-01T09:02:02.565072Z
46783-0010016163,46783,VIRGEN DE ESTRELLA S.A.C.,2026-04-08,001 / 0016163,BAE736,35.0,ARENA,14,38.55,34.12,253.27,,,SAN LORENZO,MATERIALES,2026-07-01T09:02:02.565103Z
46783-0010016164,46783,VIRGEN DE ESTRELLA S.A.C.,2026-04-08,001 / 0016164,ABN852,27.0,ARENA,14,39.37,34.84,258.66,,,SAN LORENZO,MATERIALES,2026-07-01T09:02:02.565139Z
46783-0010016167,46783,VIRGEN DE ESTRELLA S.A.C.,2026-04-08,001 / 0016167,D8D861,23.0,ARENA,14,37.12,32.85,243.88,,,SAN LORENZO,MATERIALES,2026-07-01T09:02:02.565169Z
46783-0010016169,46783,VIRGEN DE ESTRELLA S.A.C.,2026-04-08,001 / 0016169,ABL875,26.0,ARENA,14,38.9,34.42,255.57,,,SAN LORENZO,MATERIALES,2026-07-01T09:02:02.565201Z
46783-0010016172,46783,VIRGEN DE ESTRELLA S.A.C.,2026-04-08,001 / 0016172,D8B795,22.0,ARENA,14,36.21,32.04,237.9,,,SAN LORENZO,MATERIALES,2026-07-01T09:02:02.565236Z
46783-0010016173,46783,VIRGEN DE ESTRELLA S.A.C.,2026-04-08,001 / 0016173,D8E728,24.0,ARENA,14,36.83,32.59,241.97,,,SAN LORENZO,MATERIALES,2026-07-01T09:02:02.565271Z
46783-0010016174,46783,VIRGEN DE ESTRELLA S.A.C.,2026-04-08,001 / 0016174,BAE736,35.0,ARENA,14,38.96,34.48,255.97,,,SAN LORENZO,MATERIALES,2026-07-01T09:02:02.565303Z
46783-0010016176,46783,VIRGEN DE ESTRELLA S.A.C.,2026-04-08,001 / 0016176,AHJ786,28.0,ARENA,14,40.51,35.85,266.15,,,SAN LORENZO,MATERIALES,2026-07-01T09:02:02.565333Z
46783-0010016179,46783,VIRGEN DE ESTRELLA S.A.C.,2026-04-08,001 / 0016179,CAZ895,42.0,ARENA,14,39.66,35.1,260.57,,,SAN LORENZO,MATERIALES,2026-07-01T09:02:02.565364Z
46783-0010016180,46783,VIRGEN DE ESTRELLA S.A.C.,2026-04-08,001 / 0016180,ABL875,26.0,ARENA,14,40.36,35.72,265.17,,,SAN LORENZO,MATERIALES,2026-07-01T09:02:02.565397Z
46783-0010016181,46783,VIRGEN DE ESTRELLA S.A.C.,2026-04-08,001 / 0016181,ABN852,27.0,ARENA,14,42.55,37.65,279.55,,,SAN LORENZO,MATERIALES,2026-07-01T09:02:02.565428Z
46783-0010016193,46783,VIRGEN DE ESTRELLA S.A.C.,2026-04-08,001 / 0016193,BAE736,35.0,ARENA,14,39.71,35.14,260.89,,,SAN LORENZO,MATERIALES,2026-07-01T09:02:02.565457Z
46783-0010016195,46783,VIRGEN DE ESTRELLA S.A.C.,2026-04-08,001 / 0016195,D8E728,24.0,ARENA,14,38.31,33.9,251.7,,,SAN LORENZO,MATERIALES,2026-07-01T09:02:02.565488Z
46783-0010016207,46783,VIRGEN DE ESTRELLA S.A.C.,2026-04-08,001 / 0016207,BAE736,35.0,ARENA,14,41.37,36.61,271.8,,,SAN LORENZO,MATERIALES,2026-07-01T09:02:02.565520Z
46783-0010016210,46783,VIRGEN DE ESTRELLA S.A.C.,2026-04-08,001 / 0016210,CAZ895,42.0,ARENA,14,39.55,35.0,259.84,,,SAN LORENZO,MATERIALES,2026-07-01T09:02:02.565554Z
46783-0010016182,46783,VIRGEN DE ESTRELLA S.A.C.,2026-04-08,001 / 0016182,BZR752,38.0,ARENA,14,37.16,33.78,212.56,,,SAN LORENZO,MEIGGS,2026-07-01T09:02:02.566294Z
46783-0010016183,46783,VIRGEN DE ESTRELLA S.A.C.,2026-04-08,001 / 0016183,D8D861,23.0,ARENA,14,35.94,32.67,205.58,,,SAN LORENZO,MEIGGS,2026-07-01T09:02:02.566322Z
46783-0010016185,46783,VIRGEN DE ESTRELLA S.A.C.,2026-04-08,001 / 0016185,AJC805,30.0,ARENA,14,38.99,35.45,223.02,,,SAN LORENZO,MEIGGS,2026-07-01T09:02:02.566350Z
46783-0010016188,46783,VIRGEN DE ESTRELLA S.A.C.,2026-04-08,001 / 0016188,D8D861,23.0,ARENA,14,35.33,32.12,202.09,,,SAN LORENZO,MEIGGS,2026-07-01T09:02:02.566379Z
46783-0010016189,46783,VIRGEN DE ESTRELLA S.A.C.,2026-04-08,001 / 0016189,D8B795,22.0,ARENA,14,34.64,31.49,198.14,,,SAN LORENZO,MEIGGS,2026-07-01T09:02:02.566406Z
46783-0010016190,46783,VIRGEN DE ESTRELLA S.A.C.,2026-04-08,001 / 0016190,BZR752,38.0,ARENA,14,37.59,34.17,215.01,,,SAN LORENZO,MEIGGS,2026-07-01T09:02:02.566440Z
46783-0010016191,46783,VIRGEN DE ESTRELLA S.A.C.,2026-04-08,001 / 0016191,AKE789,31.0,ARENA,14,37.48,34.07,214.39,,,SAN LORENZO,MEIGGS,2026-07-01T09:02:02.566470Z
46783-0010016192,46783,VIRGEN DE ESTRELLA S.A.C.,2026-04-08,001 / 0016192,AJC805,30.0,ARENA,14,38.88,35.35,222.39,,,SAN LORENZO,MEIGGS,2026-07-01T09:02:02.566499Z
46783-0010016196,46783,VIRGEN DE ESTRELLA S.A.C.,2026-04-08,001 / 0016196,CAZ895,42.0,PIEDRA,2,37.14,36.41,212.44,,,SAN LORENZO,MEIGGS,2026-07-01T09:02:02.567097Z
46783-0010016197,46783,VIRGEN DE ESTRELLA S.A.C.,2026-04-08,001 / 0016197,D8D861,23.0,PIEDRA,2,38.99,38.23,223.02,,,SAN LORENZO,MEIGGS,2026-07-01T09:02:02.567126Z
46783-0010016198,46783,VIRGEN DE ESTRELLA S.A.C.,2026-04-08,001 / 0016198,BZR752,38.0,PIEDRA,2,37.17,36.44,212.61,,,SAN LORENZO,MEIGGS,2026-07-01T09:02:02.567150Z
46783-0010016204,46783,VIRGEN DE ESTRELLA S.A.C.,2026-04-08,001 / 0016204,ABN852,27.0,PIEDRA,2,35.66,34.96,203.98,,,SAN LORENZO,MEIGGS,2026-07-01T09:02:02.567177Z
46783-0010016205,46783,VIRGEN DE ESTRELLA S.A.C.,2026-04-08,001 / 0016205,D8D861,23.0,PIEDRA,2,37.09,36.36,212.15,,,SAN LORENZO,MEIGGS,2026-07-01T09:02:02.567201Z
46783-0010016206,46783,VIRGEN DE ESTRELLA S.A.C.,2026-04-08,001 / 0016206,D8B795,22.0,PIEDRA,2,34.94,34.25,199.86,,,SAN LORENZO,MEIGGS,2026-07-01T09:02:02.567229Z
46783-1910575688,46783,VIRGEN DE ESTRELLA S.A.C.,2026-04-09,191 / 0575688,BYP824,9.0,PIEDRA,2,41.34,41.34,494.43,,,JICAMARCA,SAN JUAN,2026-07-01T09:02:02.559037Z
46783-1910575788,46783,VIRGEN DE ESTRELLA S.A.C.,2026-04-09,191 / 0575788,C9W737,21.0,ARENA,14,33.82,30.2,404.49,,,JICAMARCA,SAN JUAN,2026-07-01T09:02:02.559114Z
46783-1910575626,46783,VIRGEN DE ESTRELLA S.A.C.,2026-04-09,191 / 0575626,BYP824,9.0,ARENA,14,42.45,42.46,421.57,,,JICAMARCA,ANCIETA,2026-07-01T09:02:02.559215Z
46783-1910575748,46783,VIRGEN DE ESTRELLA S.A.C.,2026-04-09,191 / 0575748,BYP824,9.0,ARENA,14,41.31,41.31,410.18,,,JICAMARCA,ANCIETA,2026-07-01T09:02:02.559247Z
46783-1910575771,46783,VIRGEN DE ESTRELLA S.A.C.,2026-04-09,191 / 0575771,CHS718,45.0,PIEDRA,2,33.14,33.14,329.03,,,JICAMARCA,ANCIETA,2026-07-01T09:02:02.559366Z
46783-1910575787,46783,VIRGEN DE ESTRELLA S.A.C.,2026-04-09,191 / 0575787,BYP824,9.0,PIEDRA,2,39.48,39.48,392.02,,,JICAMARCA,ANCIETA,2026-07-01T09:02:02.559442Z
46783-1910575750,46783,VIRGEN DE ESTRELLA S.A.C.,2026-04-09,191 / 0575750,CBA709,43.0,PIEDRA,2,34.98,34.29,500.56,,,JICAMARCA,VILLA 1 UNICON,2026-07-01T09:02:02.559683Z
46783-1910575711,46783,VIRGEN DE ESTRELLA S.A.C.,2026-04-09,191 / 0575711,CCL847,44.0,PIEDRA,2,36.15,36.15,517.31,,,JICAMARCA,EMBOLSADOS INS. Y SUM.,2026-07-01T09:02:02.559803Z
46783-1910575714,46783,VIRGEN DE ESTRELLA S.A.C.,2026-04-09,191 / 0575714,C9W737,21.0,PIEDRA,2,35.11,35.11,502.42,,,JICAMARCA,EMBOLSADOS INS. Y SUM.,2026-07-01T09:02:02.559830Z
46783-1910575629,46783,VIRGEN DE ESTRELLA S.A.C.,2026-04-09,191 / 0575629,CCL847,44.0,ARENA,14,36.81,32.87,619.55,,,JICAMARCA,SAN ANTONIO,2026-07-01T09:02:02.560120Z
46783-1910575690,46783,VIRGEN DE ESTRELLA S.A.C.,2026-04-09,191 / 0575690,CBA709,43.0,ARENA,14,37.8,33.75,636.25,,,JICAMARCA,SAN ANTONIO,2026-07-01T09:02:02.560152Z
46783-1910575644,46783,VIRGEN DE ESTRELLA S.A.C.,2026-04-09,191 / 0575644,CHS718,45.0,PIEDRA,2,35.15,35.15,591.49,,,JICAMARCA,SAN ANTONIO,2026-07-01T09:02:02.560464Z
46783-1910575646,46783,VIRGEN DE ESTRELLA S.A.C.,2026-04-09,191 / 0575646,C9W737,21.0,PIEDRA,2,35.4,35.4,595.82,,,JICAMARCA,SAN ANTONIO,2026-07-01T09:02:02.560638Z
46783-1910575702,46783,VIRGEN DE ESTRELLA S.A.C.,2026-04-09,191 / 0575702,CHS718,45.0,PIEDRA,2,31.97,31.97,538.1,,,JICAMARCA,SAN ANTONIO,2026-07-01T09:02:02.560767Z
46783-1950190801,46783,VIRGEN DE ESTRELLA S.A.C.,2026-04-09,195 / 0190801,C9T788,20.0,PIEDRA,2,34.61,34.61,524.34,,,YERBABUENA,MEIGGS,2026-07-01T09:02:02.561133Z
46783-1950190788,46783,VIRGEN DE ESTRELLA S.A.C.,2026-04-09,195 / 0190788,CBR796,18.0,PIEDRA,2,40.3,40.3,610.54,,,YERBABUENA,MEIGGS,2026-07-01T09:02:02.561425Z
46783-1950190824,46783,VIRGEN DE ESTRELLA S.A.C.,2026-04-09,195 / 0190824,ATN880,5.0,PIEDRA,2,42.49,42.49,643.72,,,YERBABUENA,MEIGGS,2026-07-01T09:02:02.561459Z
46783-1950190790,46783,VIRGEN DE ESTRELLA S.A.C.,2026-04-09,195 / 0190790,D8B795,22.0,ARENA,14,42.14,41.31,638.42,,,YERBABUENA,MEIGGS,2026-07-01T09:02:02.562106Z
46783-1950190800,46783,VIRGEN DE ESTRELLA S.A.C.,2026-04-09,195 / 0190800,F3F817,1.0,ARENA,14,47.3,46.37,716.6,,,YERBABUENA,MEIGGS,2026-07-01T09:02:02.562139Z
46783-1950190804,46783,VIRGEN DE ESTRELLA S.A.C.,2026-04-09,195 / 0190804,CAZ895,42.0,ARENA,14,39.22,38.45,594.18,,,YERBABUENA,MEIGGS,2026-07-01T09:02:02.562172Z
46783-1950190805,46783,VIRGEN DE ESTRELLA S.A.C.,2026-04-09,195 / 0190805,AWH708,33.0,ARENA,14,40.68,39.88,616.3,,,YERBABUENA,MEIGGS,2026-07-01T09:02:02.562205Z
46783-1950190807,46783,VIRGEN DE ESTRELLA S.A.C.,2026-04-09,195 / 0190807,CBR872,16.0,ARENA,14,43.21,42.36,654.63,,,YERBABUENA,MEIGGS,2026-07-01T09:02:02.562238Z
46783-1950190821,46783,VIRGEN DE ESTRELLA S.A.C.,2026-04-09,195 / 0190821,AFX735,25.0,ARENA,14,39.18,38.41,593.58,,,YERBABUENA,MEIGGS,2026-07-01T09:02:02.562272Z
46783-1950190822,46783,VIRGEN DE ESTRELLA S.A.C.,2026-04-09,195 / 0190822,ABL875,26.0,ARENA,14,41.03,40.23,621.6,,,YERBABUENA,MEIGGS,2026-07-01T09:02:02.562311Z
46783-0010016208,46783,VIRGEN DE ESTRELLA S.A.C.,2026-04-09,001 / 0016208,ATN880,5.0,PIEDRA,2,42.4,41.37,322.24,,,SAN LORENZO,COLLIQUE,2026-07-01T09:02:02.562920Z
46783-0010016215,46783,VIRGEN DE ESTRELLA S.A.C.,2026-04-09,001 / 0016215,AJA905,29.0,PIEDRA,2,36.7,35.8,278.92,,,SAN LORENZO,COLLIQUE,2026-07-01T09:02:02.562953Z
46783-0010016219,46783,VIRGEN DE ESTRELLA S.A.C.,2026-04-09,001 / 0016219,AKE789,31.0,PIEDRA,2,38.73,37.79,294.35,,,SAN LORENZO,COLLIQUE,2026-07-01T09:02:02.562987Z
46783-0010016220,46783,VIRGEN DE ESTRELLA S.A.C.,2026-04-09,001 / 0016220,AJC805,30.0,PIEDRA,2,39.55,38.59,300.58,,,SAN LORENZO,COLLIQUE,2026-07-01T09:02:02.563024Z
46783-0010016230,46783,VIRGEN DE ESTRELLA S.A.C.,2026-04-09,001 / 0016230,CBR872,16.0,PIEDRA,2,38.57,37.63,293.13,,,SAN LORENZO,COLLIQUE,2026-07-01T09:02:02.563059Z
46783-0010016235,46783,VIRGEN DE ESTRELLA S.A.C.,2026-04-09,001 / 0016235,CBR796,18.0,PIEDRA,2,38.38,37.44,291.69,,,SAN LORENZO,COLLIQUE,2026-07-01T09:02:02.563099Z
46783-0010016242,46783,VIRGEN DE ESTRELLA S.A.C.,2026-04-09,001 / 0016242,AHJ786,28.0,PIEDRA,2,37.02,36.12,281.35,,,SAN LORENZO,COLLIQUE,2026-07-01T09:02:02.563135Z
46783-0010016244,46783,VIRGEN DE ESTRELLA S.A.C.,2026-04-09,001 / 0016244,BAE736,35.0,PIEDRA,2,38.3,37.37,291.08,,,SAN LORENZO,COLLIQUE,2026-07-01T09:02:02.563174Z
46783-0010016245,46783,VIRGEN DE ESTRELLA S.A.C.,2026-04-09,001 / 0016245,F3F817,1.0,PIEDRA,2,43.14,42.09,327.86,,,SAN LORENZO,COLLIQUE,2026-07-01T09:02:02.563207Z
46783-0010016247,46783,VIRGEN DE ESTRELLA S.A.C.,2026-04-09,001 / 0016247,ATN880,5.0,PIEDRA,2,43.48,42.42,330.45,,,SAN LORENZO,COLLIQUE,2026-07-01T09:02:02.563242Z
46783-0010016253,46783,VIRGEN DE ESTRELLA S.A.C.,2026-04-09,001 / 0016253,AJA905,29.0,PIEDRA,2,35.18,34.32,267.37,,,SAN LORENZO,COLLIQUE,2026-07-01T09:02:02.563280Z
46783-0010016255,46783,VIRGEN DE ESTRELLA S.A.C.,2026-04-09,001 / 0016255,D8D861,23.0,PIEDRA,2,36.16,35.28,274.82,,,SAN LORENZO,COLLIQUE,2026-07-01T09:02:02.563314Z
46783-0010016226,46783,VIRGEN DE ESTRELLA S.A.C.,2026-04-09,001 / 0016226,AKE789,31.0,PIEDRA,2,36.9,35.83,239.85,,,SAN LORENZO,OQUENDO,2026-07-01T09:02:02.564257Z
46783-0010016228,46783,VIRGEN DE ESTRELLA S.A.C.,2026-04-09,001 / 0016228,AHJ786,28.0,PIEDRA,2,37.38,36.29,242.97,,,SAN LORENZO,OQUENDO,2026-07-01T09:02:02.564288Z
46783-0010016229,46783,VIRGEN DE ESTRELLA S.A.C.,2026-04-09,001 / 0016229,AJC805,30.0,PIEDRA,2,39.83,38.67,258.9,,,SAN LORENZO,OQUENDO,2026-07-01T09:02:02.564319Z
46783-0010016232,46783,VIRGEN DE ESTRELLA S.A.C.,2026-04-09,001 / 0016232,AJA905,29.0,PIEDRA,2,36.18,35.13,235.17,,,SAN LORENZO,OQUENDO,2026-07-01T09:02:02.564350Z
46783-0010016211,46783,VIRGEN DE ESTRELLA S.A.C.,2026-04-09,001 / 0016211,ABN852,27.0,ARENA,14,39.43,34.89,259.06,,,SAN LORENZO,MATERIALES,2026-07-01T09:02:02.565582Z
46783-0010016212,46783,VIRGEN DE ESTRELLA S.A.C.,2026-04-09,001 / 0016212,D8D861,23.0,ARENA,14,38.61,34.17,253.67,,,SAN LORENZO,MATERIALES,2026-07-01T09:02:02.565611Z
46783-0010016213,46783,VIRGEN DE ESTRELLA S.A.C.,2026-04-09,001 / 0016213,BAE736,35.0,ARENA,14,40.06,35.45,263.19,,,SAN LORENZO,MATERIALES,2026-07-01T09:02:02.565641Z
46783-0010016214,46783,VIRGEN DE ESTRELLA S.A.C.,2026-04-09,001 / 0016214,D8E728,24.0,ARENA,14,37.54,33.22,246.64,,,SAN LORENZO,MATERIALES,2026-07-01T09:02:02.565671Z
46783-0010016217,46783,VIRGEN DE ESTRELLA S.A.C.,2026-04-09,001 / 0016217,BZR752,38.0,ARENA,14,39.02,34.53,256.36,,,SAN LORENZO,MATERIALES,2026-07-01T09:02:02.565703Z
46783-0010016218,46783,VIRGEN DE ESTRELLA S.A.C.,2026-04-09,001 / 0016218,AHJ786,28.0,ARENA,14,37.14,32.87,244.01,,,SAN LORENZO,MATERIALES,2026-07-01T09:02:02.565739Z
46783-0010016222,46783,VIRGEN DE ESTRELLA S.A.C.,2026-04-09,001 / 0016222,D8D861,23.0,ARENA,14,37.78,33.43,248.21,,,SAN LORENZO,MATERIALES,2026-07-01T09:02:02.565770Z
46783-0010016224,46783,VIRGEN DE ESTRELLA S.A.C.,2026-04-09,001 / 0016224,BAE736,35.0,ARENA,14,39.39,34.86,258.79,,,SAN LORENZO,MATERIALES,2026-07-01T09:02:02.565800Z
46783-0010016225,46783,VIRGEN DE ESTRELLA S.A.C.,2026-04-09,001 / 0016225,D8E728,24.0,ARENA,14,36.79,32.56,241.71,,,SAN LORENZO,MATERIALES,2026-07-01T09:02:02.565828Z
46783-0010016227,46783,VIRGEN DE ESTRELLA S.A.C.,2026-04-09,001 / 0016227,BFI758,37.0,ARENA,14,39.92,35.33,262.27,,,SAN LORENZO,MATERIALES,2026-07-01T09:02:02.565859Z
46783-0010016231,46783,VIRGEN DE ESTRELLA S.A.C.,2026-04-09,001 / 0016231,AWH708,33.0,ARENA,14,42.51,37.62,279.29,,,SAN LORENZO,MATERIALES,2026-07-01T09:02:02.565889Z
46783-0010016234,46783,VIRGEN DE ESTRELLA S.A.C.,2026-04-09,001 / 0016234,BZR752,38.0,ARENA,14,38.75,34.29,254.59,,,SAN LORENZO,MATERIALES,2026-07-01T09:02:02.565919Z
46783-0010016236,46783,VIRGEN DE ESTRELLA S.A.C.,2026-04-09,001 / 0016236,C9T788,20.0,ARENA,14,35.93,31.8,236.06,,,SAN LORENZO,MATERIALES,2026-07-01T09:02:02.565947Z
46783-0010016237,46783,VIRGEN DE ESTRELLA S.A.C.,2026-04-09,001 / 0016237,ABN852,27.0,ARENA,14,38.15,33.76,250.65,,,SAN LORENZO,MATERIALES,2026-07-01T09:02:02.565976Z
46783-0010016238,46783,VIRGEN DE ESTRELLA S.A.C.,2026-04-09,001 / 0016238,AFX735,25.0,ARENA,14,36.92,32.67,242.56,,,SAN LORENZO,MATERIALES,2026-07-01T09:02:02.566004Z
46783-0010016239,46783,VIRGEN DE ESTRELLA S.A.C.,2026-04-09,001 / 0016239,D8D861,23.0,ARENA,14,37.51,33.19,246.44,,,SAN LORENZO,MATERIALES,2026-07-01T09:02:02.566033Z
46783-0010016243,46783,VIRGEN DE ESTRELLA S.A.C.,2026-04-09,001 / 0016243,AKE789,31.0,PIEDRA,2,35.21,34.52,201.4,,,SAN LORENZO,MEIGGS,2026-07-01T09:02:02.567255Z
46783-0010016248,46783,VIRGEN DE ESTRELLA S.A.C.,2026-04-09,001 / 0016248,AJC805,30.0,PIEDRA,2,37.69,36.95,215.59,,,SAN LORENZO,MEIGGS,2026-07-01T09:02:02.567279Z
46783-0010016249,46783,VIRGEN DE ESTRELLA S.A.C.,2026-04-09,001 / 0016249,AJA905,29.0,PIEDRA,2,36.03,35.32,206.09,,,SAN LORENZO,MEIGGS,2026-07-01T09:02:02.567305Z
46783-0010016250,46783,VIRGEN DE ESTRELLA S.A.C.,2026-04-09,001 / 0016250,D8E728,24.0,PIEDRA,2,35.58,34.88,203.52,,,SAN LORENZO,MEIGGS,2026-07-01T09:02:02.567331Z
46783-0010016251,46783,VIRGEN DE ESTRELLA S.A.C.,2026-04-09,001 / 0016251,CAZ895,42.0,PIEDRA,2,36.79,36.07,210.44,,,SAN LORENZO,MEIGGS,2026-07-01T09:02:02.567357Z
46783-0010016254,46783,VIRGEN DE ESTRELLA S.A.C.,2026-04-09,001 / 0016254,AKE789,31.0,PIEDRA,2,35.59,34.89,203.57,,,SAN LORENZO,MEIGGS,2026-07-01T09:02:02.567382Z
46783-0010016240,46783,VIRGEN DE ESTRELLA S.A.C.,2026-04-09,001 / 0016240,CAZ895,42.0,PIEDRA,2,37.23,37.23,212.96,,,SAN LORENZO,MEIGGS,2026-07-01T09:02:02.567432Z
46783-1910575839,46783,VIRGEN DE ESTRELLA S.A.C.,2026-04-10,191 / 0575839,BYP824,9.0,ARENA,14,40.38,40.38,400.95,,,JICAMARCA,ANCIETA,2026-07-01T09:02:02.559280Z
46783-1910575862,46783,VIRGEN DE ESTRELLA S.A.C.,2026-04-10,191 / 0575862,CHS718,45.0,ARENA,14,34.94,34.94,346.92,,,JICAMARCA,ANCIETA,2026-07-01T09:02:02.559310Z
46783-1910575910,46783,VIRGEN DE ESTRELLA S.A.C.,2026-04-10,191 / 0575910,CCL847,44.0,ARENA,14,34.81,31.08,487.38,,,JICAMARCA,VILLA 1,2026-07-01T09:02:02.559564Z
46783-1910575978,46783,VIRGEN DE ESTRELLA S.A.C.,2026-04-10,191 / 0575978,C9W737,21.0,ARENA,14,34.36,30.68,481.09,,,JICAMARCA,VILLA 1,2026-07-01T09:02:02.559597Z
46783-1910575985,46783,VIRGEN DE ESTRELLA S.A.C.,2026-04-10,191 / 0575985,CCL847,44.0,ARENA,14,34.91,31.17,488.68,,,JICAMARCA,VILLA 1,2026-07-01T09:02:02.559626Z
46783-1910575951,46783,VIRGEN DE ESTRELLA S.A.C.,2026-04-10,191 / 0575951,CBA709,43.0,PIEDRA,2,34.95,34.95,500.13,,,JICAMARCA,EMBOLSADOS INS. Y SUM.,2026-07-01T09:02:02.559860Z
46783-1910575846,46783,VIRGEN DE ESTRELLA S.A.C.,2026-04-10,191 / 0575846,CCL847,44.0,ARENA,14,35.42,31.91,596.08,,,JICAMARCA,SAN ANTONIO,2026-07-01T09:02:02.560181Z
46783-1910575869,46783,VIRGEN DE ESTRELLA S.A.C.,2026-04-10,191 / 0575869,C9W737,21.0,ARENA,14,38.53,34.71,648.51,,,JICAMARCA,SAN ANTONIO,2026-07-01T09:02:02.560211Z
46783-1910575899,46783,VIRGEN DE ESTRELLA S.A.C.,2026-04-10,191 / 0575899,CHS718,45.0,ARENA,14,36.81,33.16,619.55,,,JICAMARCA,SAN ANTONIO,2026-07-01T09:02:02.560241Z
46783-1910575922,46783,VIRGEN DE ESTRELLA S.A.C.,2026-04-10,191 / 0575922,C9W737,21.0,ARENA,14,33.81,30.46,568.95,,,JICAMARCA,SAN ANTONIO,2026-07-01T09:02:02.560272Z
46783-1910575950,46783,VIRGEN DE ESTRELLA S.A.C.,2026-04-10,191 / 0575950,CHS718,45.0,ARENA,14,35.49,31.98,597.38,,,JICAMARCA,SAN ANTONIO,2026-07-01T09:02:02.560304Z
46783-1910575897,46783,VIRGEN DE ESTRELLA S.A.C.,2026-04-10,191 / 0575897,BYP824,9.0,PIEDRA,2,39.08,39.08,657.64,,,JICAMARCA,SAN ANTONIO,2026-07-01T09:02:02.560667Z
46783-1910575956,46783,VIRGEN DE ESTRELLA S.A.C.,2026-04-10,191 / 0575956,BYP824,9.0,PIEDRA,2,39.6,39.6,666.51,,,JICAMARCA,SAN ANTONIO,2026-07-01T09:02:02.560695Z
46783-1950190891,46783,VIRGEN DE ESTRELLA S.A.C.,2026-04-10,195 / 0190891,AWH708,33.0,PIEDRA,2,37.22,37.22,526.29,,,YERBABUENA,OQUENDO,2026-07-01T09:02:02.560796Z
46783-1950190911,46783,VIRGEN DE ESTRELLA S.A.C.,2026-04-10,195 / 0190911,AFX735,25.0,PIEDRA,2,36.48,36.48,515.83,,,YERBABUENA,OQUENDO,2026-07-01T09:02:02.560825Z
46783-1950190913,46783,VIRGEN DE ESTRELLA S.A.C.,2026-04-10,195 / 0190913,ABL875,26.0,PIEDRA,2,37.06,37.06,524.03,,,YERBABUENA,OQUENDO,2026-07-01T09:02:02.560853Z
46783-1950190883,46783,VIRGEN DE ESTRELLA S.A.C.,2026-04-10,195 / 0190883,C9T788,20.0,PIEDRA,2,36.14,36.14,511.02,,,YERBABUENA,OQUENDO,2026-07-01T09:02:02.560944Z
46783-1950190887,46783,VIRGEN DE ESTRELLA S.A.C.,2026-04-10,195 / 0190887,ATN880,5.0,PIEDRA,2,45.85,45.85,648.32,,,YERBABUENA,OQUENDO,2026-07-01T09:02:02.560972Z
46783-1950190889,46783,VIRGEN DE ESTRELLA S.A.C.,2026-04-10,195 / 0190889,CAZ895,42.0,ARENA,14,37.32,36.95,550.47,,,YERBABUENA,MATERIALES,2026-07-01T09:02:02.561072Z
46783-1950190892,46783,VIRGEN DE ESTRELLA S.A.C.,2026-04-10,195 / 0190892,AHJ786,28.0,ARENA,14,37.88,37.5,558.73,,,YERBABUENA,MATERIALES,2026-07-01T09:02:02.561103Z
46783-1950190870,46783,VIRGEN DE ESTRELLA S.A.C.,2026-04-10,195 / 0190870,D8B795,22.0,PIEDRA,2,36.46,36.46,552.37,,,YERBABUENA,MEIGGS,2026-07-01T09:02:02.561165Z
46783-1950190868,46783,VIRGEN DE ESTRELLA S.A.C.,2026-04-10,195 / 0190868,CBR796,18.0,PIEDRA,2,42.32,42.32,641.15,,,YERBABUENA,MEIGGS,2026-07-01T09:02:02.561489Z
46783-1950190882,46783,VIRGEN DE ESTRELLA S.A.C.,2026-04-10,195 / 0190882,F3F817,1.0,PIEDRA,2,40.84,40.84,618.73,,,YERBABUENA,MEIGGS,2026-07-01T09:02:02.561520Z
46783-1950190894,46783,VIRGEN DE ESTRELLA S.A.C.,2026-04-10,195 / 0190894,CBR872,16.0,PIEDRA,2,38.79,38.79,587.67,,,YERBABUENA,MEIGGS,2026-07-01T09:02:02.561554Z
46783-1950190869,46783,VIRGEN DE ESTRELLA S.A.C.,2026-04-10,195 / 0190869,D8D861,23.0,ARENA,14,36.15,36.15,547.67,,,YERBABUENA,MEIGGS,2026-07-01T09:02:02.562349Z
46783-0010016261,46783,VIRGEN DE ESTRELLA S.A.C.,2026-04-10,001 / 0016261,BZR752,38.0,PIEDRA,2,36.59,35.7,278.08,,,SAN LORENZO,COLLIQUE,2026-07-01T09:02:02.563347Z
46783-0010016262,46783,VIRGEN DE ESTRELLA S.A.C.,2026-04-10,001 / 0016262,BAE736,35.0,PIEDRA,2,37.39,36.48,284.16,,,SAN LORENZO,COLLIQUE,2026-07-01T09:02:02.563380Z
46783-0010016263,46783,VIRGEN DE ESTRELLA S.A.C.,2026-04-10,001 / 0016263,D8E728,24.0,PIEDRA,2,35.75,34.88,271.7,,,SAN LORENZO,COLLIQUE,2026-07-01T09:02:02.563414Z
46783-0010016267,46783,VIRGEN DE ESTRELLA S.A.C.,2026-04-10,001 / 0016267,ABN852,27.0,PIEDRA,2,37.74,36.82,286.82,,,SAN LORENZO,COLLIQUE,2026-07-01T09:02:02.563444Z
46783-0010016270,46783,VIRGEN DE ESTRELLA S.A.C.,2026-04-10,001 / 0016270,AKE789,31.0,PIEDRA,2,37.41,36.5,284.32,,,SAN LORENZO,COLLIQUE,2026-07-01T09:02:02.563476Z
46783-0010016271,46783,VIRGEN DE ESTRELLA S.A.C.,2026-04-10,001 / 0016271,BZR752,38.0,PIEDRA,2,36.97,36.07,280.97,,,SAN LORENZO,COLLIQUE,2026-07-01T09:02:02.563511Z
46783-0010016272,46783,VIRGEN DE ESTRELLA S.A.C.,2026-04-10,001 / 0016272,BAE736,35.0,PIEDRA,2,37.38,36.47,284.09,,,SAN LORENZO,COLLIQUE,2026-07-01T09:02:02.563545Z
46783-0010016273,46783,VIRGEN DE ESTRELLA S.A.C.,2026-04-10,001 / 0016273,D8E728,24.0,PIEDRA,2,36.87,35.97,280.21,,,SAN LORENZO,COLLIQUE,2026-07-01T09:02:02.563577Z
46783-0010016264,46783,VIRGEN DE ESTRELLA S.A.C.,2026-04-10,001 / 0016264,AKE789,31.0,PIEDRA,2,37.71,36.61,245.12,,,SAN LORENZO,OQUENDO,2026-07-01T09:02:02.564383Z
46783-0010016265,46783,VIRGEN DE ESTRELLA S.A.C.,2026-04-10,001 / 0016265,AJC805,30.0,PIEDRA,2,37.49,36.4,243.69,,,SAN LORENZO,OQUENDO,2026-07-01T09:02:02.564414Z
46783-0010016268,46783,VIRGEN DE ESTRELLA S.A.C.,2026-04-10,001 / 0016268,AJC805,30.0,PIEDRA,2,37.72,36.62,245.18,,,SAN LORENZO,OQUENDO,2026-07-01T09:02:02.564445Z
46783-0010016266,46783,VIRGEN DE ESTRELLA S.A.C.,2026-04-10,001 / 0016266,ABN852,27.0,PIEDRA,2,36.97,36.97,211.47,,,SAN LORENZO,MEIGGS,2026-07-01T09:02:02.567460Z
46810-1910576186,46810,VIRGEN DE ESTRELLA S.A.C.,2026-04-11,191/0576186,C9W737,21.0,PIEDRA,2,34.25,34.25,146.59,,,JICAMARCA,BLOQUES HUACHIPA INS. Y SUM.,2026-06-30T22:23:49.801008Z
46783-1910576047,46783,VIRGEN DE ESTRELLA S.A.C.,2026-04-11,191 / 0576047,CHS718,45.0,ARENA,14,37.4,33.1,371.4,,,JICAMARCA,ANCIETA,2026-07-01T09:02:02.559337Z
46783-1910576044,46783,VIRGEN DE ESTRELLA S.A.C.,2026-04-11,191 / 0576044,BYP824,9.0,ARENA,14,41.84,37.69,499.99,,,JICAMARCA,COLLIQUE,2026-07-01T09:02:02.559498Z
46783-1910576146,46783,VIRGEN DE ESTRELLA S.A.C.,2026-04-11,191 / 0576146,C9W737,21.0,ARENA,14,33.14,29.59,463.95,,,JICAMARCA,VILLA 1,2026-07-01T09:02:02.559655Z
46783-1910576050,46783,VIRGEN DE ESTRELLA S.A.C.,2026-04-11,191 / 0576050,CCL847,44.0,ARENA,14,37.01,33.35,622.95,,,JICAMARCA,SAN ANTONIO,2026-07-01T09:02:02.560334Z
46783-1910576132,46783,VIRGEN DE ESTRELLA S.A.C.,2026-04-11,191 / 0576132,CCL847,44.0,ARENA,14,34.57,31.14,581.73,,,JICAMARCA,SAN ANTONIO,2026-07-01T09:02:02.560370Z
46783-1910576067,46783,VIRGEN DE ESTRELLA S.A.C.,2026-04-11,191 / 0576067,C9W737,21.0,PIEDRA,2,34.24,34.24,576.25,,,JICAMARCA,SAN ANTONIO,2026-07-01T09:02:02.560731Z
46783-1950190978,46783,VIRGEN DE ESTRELLA S.A.C.,2026-04-11,195 / 0190978,CBR846,12.0,PIEDRA,2,37.01,37.01,560.7,,,YERBABUENA,MEIGGS,2026-07-01T09:02:02.561195Z
46783-1950190955,46783,VIRGEN DE ESTRELLA S.A.C.,2026-04-11,195 / 0190955,C9T788,20.0,PIEDRA,2,37.75,37.75,571.91,,,YERBABUENA,MEIGGS,2026-07-01T09:02:02.561585Z
46783-1950190959,46783,VIRGEN DE ESTRELLA S.A.C.,2026-04-11,195 / 0190959,ATN880,5.0,PIEDRA,2,40.63,40.63,615.54,,,YERBABUENA,MEIGGS,2026-07-01T09:02:02.561614Z
46783-1950190963,46783,VIRGEN DE ESTRELLA S.A.C.,2026-04-11,195 / 0190963,CBR872,16.0,PIEDRA,2,41.97,41.97,635.85,,,YERBABUENA,MEIGGS,2026-07-01T09:02:02.561644Z
46783-0010016281,46783,VIRGEN DE ESTRELLA S.A.C.,2026-04-11,001 / 0016281,CBR796,18.0,PIEDRA,2,39.87,38.9,303.01,,,SAN LORENZO,COLLIQUE,2026-07-01T09:02:02.563608Z
46783-0010016285,46783,VIRGEN DE ESTRELLA S.A.C.,2026-04-11,001 / 0016285,BFI758,37.0,PIEDRA,2,40.28,39.3,306.13,,,SAN LORENZO,COLLIQUE,2026-07-01T09:02:02.563638Z
46783-0010016286,46783,VIRGEN DE ESTRELLA S.A.C.,2026-04-11,001 / 0016286,ABN852,27.0,PIEDRA,2,40.35,39.37,306.66,,,SAN LORENZO,COLLIQUE,2026-07-01T09:02:02.563669Z
46783-0010016288,46783,VIRGEN DE ESTRELLA S.A.C.,2026-04-11,001 / 0016288,AHJ786,28.0,PIEDRA,2,39.82,38.85,302.63,,,SAN LORENZO,COLLIQUE,2026-07-01T09:02:02.563702Z
46783-0010016298,46783,VIRGEN DE ESTRELLA S.A.C.,2026-04-11,001 / 0016298,ABL875,26.0,PIEDRA,2,37.63,36.71,285.99,,,SAN LORENZO,COLLIQUE,2026-07-01T09:02:02.563747Z
46783-0010016302,46783,VIRGEN DE ESTRELLA S.A.C.,2026-04-11,001 / 0016302,BZR752,38.0,PIEDRA,2,38.01,37.08,288.88,,,SAN LORENZO,COLLIQUE,2026-07-01T09:02:02.563779Z
46783-0010016304,46783,VIRGEN DE ESTRELLA S.A.C.,2026-04-11,001 / 0016304,D8E728,24.0,PIEDRA,2,35.85,34.98,272.46,,,SAN LORENZO,COLLIQUE,2026-07-01T09:02:02.563814Z
46783-0010016307,46783,VIRGEN DE ESTRELLA S.A.C.,2026-04-11,001 / 0016307,CBR796,18.0,PIEDRA,2,37.0,36.1,281.2,,,SAN LORENZO,COLLIQUE,2026-07-01T09:02:02.563850Z
46783-0010016314,46783,VIRGEN DE ESTRELLA S.A.C.,2026-04-11,001 / 0016314,AHJ786,28.0,PIEDRA,2,37.64,36.72,286.06,,,SAN LORENZO,COLLIQUE,2026-07-01T09:02:02.563881Z
46783-0010016318,46783,VIRGEN DE ESTRELLA S.A.C.,2026-04-11,001 / 0016318,AJA905,29.0,PIEDRA,2,37.77,36.85,287.05,,,SAN LORENZO,COLLIQUE,2026-07-01T09:02:02.563911Z
46783-0010016321,46783,VIRGEN DE ESTRELLA S.A.C.,2026-04-11,001 / 0016321,AKE789,31.0,PIEDRA,2,35.73,34.86,271.55,,,SAN LORENZO,COLLIQUE,2026-07-01T09:02:02.563944Z
46783-0010016282,46783,VIRGEN DE ESTRELLA S.A.C.,2026-04-11,001 / 0016282,AFX735,25.0,ARENA,14,34.56,31.14,197.68,,,SAN LORENZO,MEIGGS,2026-07-01T09:02:02.566536Z
46783-0010016283,46783,VIRGEN DE ESTRELLA S.A.C.,2026-04-11,001 / 0016283,AJA905,29.0,ARENA,14,34.0,30.63,194.48,,,SAN LORENZO,MEIGGS,2026-07-01T09:02:02.566572Z
46783-0010016284,46783,VIRGEN DE ESTRELLA S.A.C.,2026-04-11,001 / 0016284,BZR752,38.0,ARENA,14,36.18,32.59,206.95,,,SAN LORENZO,MEIGGS,2026-07-01T09:02:02.566606Z
46783-0010016287,46783,VIRGEN DE ESTRELLA S.A.C.,2026-04-11,001 / 0016287,AKE789,31.0,ARENA,14,35.98,32.41,205.81,,,SAN LORENZO,MEIGGS,2026-07-01T09:02:02.566636Z
46783-0010016289,46783,VIRGEN DE ESTRELLA S.A.C.,2026-04-11,001 / 0016289,D8E728,24.0,ARENA,14,36.74,33.1,210.15,,,SAN LORENZO,MEIGGS,2026-07-01T09:02:02.566667Z
46783-0010016293,46783,VIRGEN DE ESTRELLA S.A.C.,2026-04-11,001 / 0016293,CAZ895,42.0,ARENA,14,37.61,33.88,215.13,,,SAN LORENZO,MEIGGS,2026-07-01T09:02:02.566701Z
46783-0010016294,46783,VIRGEN DE ESTRELLA S.A.C.,2026-04-11,001 / 0016294,D8D861,23.0,ARENA,14,35.32,31.82,202.03,,,SAN LORENZO,MEIGGS,2026-07-01T09:02:02.566743Z
46783-0010016295,46783,VIRGEN DE ESTRELLA S.A.C.,2026-04-11,001 / 0016295,AJC805,30.0,ARENA,14,38.1,34.32,217.93,,,SAN LORENZO,MEIGGS,2026-07-01T09:02:02.566776Z
46783-0010016296,46783,VIRGEN DE ESTRELLA S.A.C.,2026-04-11,001 / 0016296,BAE736,35.0,ARENA,14,38.89,35.04,222.45,,,SAN LORENZO,MEIGGS,2026-07-01T09:02:02.566807Z
46783-0010016300,46783,VIRGEN DE ESTRELLA S.A.C.,2026-04-11,001 / 0016300,AFX735,25.0,ARENA,14,34.52,31.1,197.45,,,SAN LORENZO,MEIGGS,2026-07-01T09:02:02.566836Z
46783-0010016301,46783,VIRGEN DE ESTRELLA S.A.C.,2026-04-11,001 / 0016301,AJC805,30.0,ARENA,14,36.66,33.03,209.7,,,SAN LORENZO,MEIGGS,2026-07-01T09:02:02.566864Z
46783-0010016303,46783,VIRGEN DE ESTRELLA S.A.C.,2026-04-11,001 / 0016303,AKE789,31.0,ARENA,14,36.63,33.0,209.52,,,SAN LORENZO,MEIGGS,2026-07-01T09:02:02.566892Z
46783-0010016305,46783,VIRGEN DE ESTRELLA S.A.C.,2026-04-11,001 / 0016305,D8D861,23.0,ARENA,14,36.44,32.83,208.44,,,SAN LORENZO,MEIGGS,2026-07-01T09:02:02.566920Z
46783-0010016306,46783,VIRGEN DE ESTRELLA S.A.C.,2026-04-11,001 / 0016306,CAZ895,42.0,ARENA,14,37.65,33.92,215.36,,,SAN LORENZO,MEIGGS,2026-07-01T09:02:02.566949Z
46783-0010016308,46783,VIRGEN DE ESTRELLA S.A.C.,2026-04-11,001 / 0016308,BFI758,37.0,ARENA,14,39.16,35.28,224.0,,,SAN LORENZO,MEIGGS,2026-07-01T09:02:02.566978Z
46783-0010016311,46783,VIRGEN DE ESTRELLA S.A.C.,2026-04-11,001 / 0016311,AJC805,30.0,ARENA,14,38.11,34.33,217.99,,,SAN LORENZO,MEIGGS,2026-07-01T09:02:02.567006Z
46783-0010016315,46783,VIRGEN DE ESTRELLA S.A.C.,2026-04-11,001 / 0016315,ABL875,26.0,ARENA,14,39.91,35.95,228.29,,,SAN LORENZO,MEIGGS,2026-07-01T09:02:02.567035Z
46783-0010016317,46783,VIRGEN DE ESTRELLA S.A.C.,2026-04-11,001 / 0016317,AJC805,30.0,ARENA,14,39.12,35.24,223.77,,,SAN LORENZO,MEIGGS,2026-07-01T09:02:02.567070Z
46783-0010016309,46783,VIRGEN DE ESTRELLA S.A.C.,2026-04-11,001 / 0016309,BAE736,35.0,PIEDRA,2,36.03,36.03,206.09,,,SAN LORENZO,MEIGGS,2026-07-01T09:02:02.567483Z
46783-0010016313,46783,VIRGEN DE ESTRELLA S.A.C.,2026-04-11,001 / 0016313,ABN852,27.0,PIEDRA,2,38.25,38.25,218.79,,,SAN LORENZO,MEIGGS,2026-07-01T09:02:02.567508Z
46810-1910576190,46810,VIRGEN DE ESTRELLA S.A.C.,2026-04-13,191/0576190,CCL847,44.0,ARENA,14,35.19,39.06,657.38,,,JICAMARCA,SAN ANTONIO,2026-06-30T22:23:49.801123Z
46810-1910576193,46810,VIRGEN DE ESTRELLA S.A.C.,2026-04-13,191/0576193,C9W737,21.0,ARENA,14,36.85,40.9,688.42,,,JICAMARCA,SAN ANTONIO,2026-06-30T22:23:49.801192Z
46810-1910576213,46810,VIRGEN DE ESTRELLA S.A.C.,2026-04-13,191/0576213,CHS718,45.0,ARENA,14,37.93,42.1,708.51,,,JICAMARCA,SAN ANTONIO,2026-06-30T22:23:49.801255Z
46810-1910576255,46810,VIRGEN DE ESTRELLA S.A.C.,2026-04-13,191/0576255,CCL847,44.0,PIEDRA,2,34.52,34.52,580.89,,,JICAMARCA,SAN ANTONIO,2026-06-30T22:23:49.801302Z
46810-1910576256,46810,VIRGEN DE ESTRELLA S.A.C.,2026-04-13,191/0576256,CHS718,45.0,PIEDRA,2,34.14,34.14,574.58,,,JICAMARCA,SAN ANTONIO,2026-06-30T22:23:49.801349Z
46810-1910576210,46810,VIRGEN DE ESTRELLA S.A.C.,2026-04-13,191/0576210,BYP824,9.0,PIEDRA,2,40.44,40.44,680.6,,,JICAMARCA,SAN ANTONIO,2026-06-30T22:23:49.801392Z
46810-0010016327,46810,VIRGEN DE ESTRELLA S.A.C.,2026-04-13,001/0016327,BAE736,35.0,PIEDRA,2,35.04,35.92,272.99,,,SAN LORENZO,COLLIQUE,2026-06-30T22:23:49.801518Z
46810-0010016328,46810,VIRGEN DE ESTRELLA S.A.C.,2026-04-13,001/0016328,CAZ895,42.0,PIEDRA,2,36.11,37.01,281.28,,,SAN LORENZO,COLLIQUE,2026-06-30T22:23:49.801558Z
46810-0010016332,46810,VIRGEN DE ESTRELLA S.A.C.,2026-04-13,001/0016332,AJC805,30.0,PIEDRA,2,36.51,37.24,283.02,,,SAN LORENZO,COLLIQUE,2026-06-30T22:23:49.801597Z
46810-0010016344,46810,VIRGEN DE ESTRELLA S.A.C.,2026-04-13,001/0016344,AJC805,30.0,PIEDRA,2,36.51,37.42,284.39,,,SAN LORENZO,COLLIQUE,2026-06-30T22:23:49.801642Z
46810-0010016354,46810,VIRGEN DE ESTRELLA S.A.C.,2026-04-13,001/0016354,AWW845,34.0,PIEDRA,2,36.8,37.72,286.67,,,SAN LORENZO,COLLIQUE,2026-06-30T22:23:49.801683Z
46810-0010016355,46810,VIRGEN DE ESTRELLA S.A.C.,2026-04-13,001/0016355,CAZ895,42.0,PIEDRA,2,37.03,37.96,288.5,,,SAN LORENZO,COLLIQUE,2026-06-30T22:23:49.801726Z
46810-0010016358,46810,VIRGEN DE ESTRELLA S.A.C.,2026-04-13,001/0016358,D8E728,24.0,PIEDRA,2,34.54,35.4,269.04,,,SAN LORENZO,COLLIQUE,2026-06-30T22:23:49.801762Z
46810-0010016359,46810,VIRGEN DE ESTRELLA S.A.C.,2026-04-13,001/0016359,BAE736,35.0,PIEDRA,2,36.87,37.79,287.2,,,SAN LORENZO,COLLIQUE,2026-06-30T22:23:49.801797Z
46810-0010016362,46810,VIRGEN DE ESTRELLA S.A.C.,2026-04-13,001/0016362,BFI758,37.0,PIEDRA,2,39.54,40.53,308.03,,,SAN LORENZO,COLLIQUE,2026-06-30T22:23:49.801833Z
46810-0010016366,46810,VIRGEN DE ESTRELLA S.A.C.,2026-04-13,001/0016366,AHJ786,28.0,PIEDRA,2,37.98,38.93,295.87,,,SAN LORENZO,COLLIQUE,2026-06-30T22:23:49.801868Z
46810-0010016333,46810,VIRGEN DE ESTRELLA S.A.C.,2026-04-13,001/0016333,AHJ786,28.0,PIEDRA,2,36.18,37.27,242.26,,,SAN LORENZO,OQUENDO,2026-06-30T22:23:49.801902Z
46810-0010016335,46810,VIRGEN DE ESTRELLA S.A.C.,2026-04-13,001/0016335,AHJ786,28.0,PIEDRA,2,36.59,37.69,244.99,,,SAN LORENZO,OQUENDO,2026-06-30T22:23:49.801938Z
46810-0010016357,46810,VIRGEN DE ESTRELLA S.A.C.,2026-04-13,001/0016357,AHJ786,28.0,PIEDRA,2,37.61,38.74,251.81,,,SAN LORENZO,OQUENDO,2026-06-30T22:23:49.801975Z
46810-0010016324,46810,VIRGEN DE ESTRELLA S.A.C.,2026-04-13,001/0016324,AKE789,31.0,ARENA,14,32.52,36.75,241.45,,,SAN LORENZO,MATERIALES,2026-06-30T22:23:49.802015Z
46810-0010016325,46810,VIRGEN DE ESTRELLA S.A.C.,2026-04-13,001/0016325,BFI758,37.0,ARENA,14,35.92,40.59,266.68,,,SAN LORENZO,MATERIALES,2026-06-30T22:23:49.802056Z
46810-0010016326,46810,VIRGEN DE ESTRELLA S.A.C.,2026-04-13,001/0016326,AWW845,34.0,ARENA,14,33.87,38.27,251.43,,,SAN LORENZO,MATERIALES,2026-06-30T22:23:49.802094Z
46810-0010016330,46810,VIRGEN DE ESTRELLA S.A.C.,2026-04-13,001/0016330,D8E728,24.0,ARENA,14,31.28,35.35,232.25,,,SAN LORENZO,MATERIALES,2026-06-30T22:23:49.802133Z
46810-0010016339,46810,VIRGEN DE ESTRELLA S.A.C.,2026-04-13,001/0016339,BAE736,35.0,ARENA,14,34.29,38.75,254.59,,,SAN LORENZO,MATERIALES,2026-06-30T22:23:49.802171Z
46810-0010016340,46810,VIRGEN DE ESTRELLA S.A.C.,2026-04-13,001/0016340,D8E728,24.0,ARENA,14,32.54,36.77,241.58,,,SAN LORENZO,MATERIALES,2026-06-30T22:23:49.802208Z
46810-0010016341,46810,VIRGEN DE ESTRELLA S.A.C.,2026-04-13,001/0016341,CAZ895,42.0,ARENA,14,35.17,39.74,261.09,,,SAN LORENZO,MATERIALES,2026-06-30T22:23:49.802246Z
46810-0010016351,46810,VIRGEN DE ESTRELLA S.A.C.,2026-04-13,001/0016351,BFI758,37.0,ARENA,14,37.06,41.88,275.15,,,SAN LORENZO,MATERIALES,2026-06-30T22:23:49.802284Z
46810-0010016364,46810,VIRGEN DE ESTRELLA S.A.C.,2026-04-13,001/0016364,AKE789,31.0,ARENA,14,34.45,38.93,255.77,,,SAN LORENZO,MATERIALES,2026-06-30T22:23:49.802322Z
46810-0010016365,46810,VIRGEN DE ESTRELLA S.A.C.,2026-04-13,001/0016365,AWW845,34.0,ARENA,14,35.97,40.65,267.07,,,SAN LORENZO,MATERIALES,2026-06-30T22:23:49.802359Z
46810-0010016337,46810,VIRGEN DE ESTRELLA S.A.C.,2026-04-13,001/0016337,AWW845,34.0,PIEDRA,2,36.31,37.04,211.87,,,SAN LORENZO,MEIGGS,2026-06-30T22:23:49.802393Z
46810-0010016338,46810,VIRGEN DE ESTRELLA S.A.C.,2026-04-13,001/0016338,AKE789,31.0,PIEDRA,2,35.11,35.81,204.83,,,SAN LORENZO,MEIGGS,2026-06-30T22:23:49.802433Z
46810-0010016343,46810,VIRGEN DE ESTRELLA S.A.C.,2026-04-13,001/0016343,AJC805,30.0,PIEDRA,2,37.19,37.93,216.96,,,SAN LORENZO,MEIGGS,2026-06-30T22:23:49.802468Z
46810-0010016348,46810,VIRGEN DE ESTRELLA S.A.C.,2026-04-13,001/0016348,AHJ786,28.0,PIEDRA,2,37.54,38.29,219.02,,,SAN LORENZO,MEIGGS,2026-06-30T22:23:49.802503Z
46810-0010016349,46810,VIRGEN DE ESTRELLA S.A.C.,2026-04-13,001/0016349,AKE789,31.0,PIEDRA,2,37.28,38.03,217.53,,,SAN LORENZO,MEIGGS,2026-06-30T22:23:49.802539Z
46810-0010016350,46810,VIRGEN DE ESTRELLA S.A.C.,2026-04-13,001/0016350,AKE789,31.0,PIEDRA,2,36.95,37.69,215.59,,,SAN LORENZO,MEIGGS,2026-06-30T22:23:49.802574Z
46810-0010016353,46810,VIRGEN DE ESTRELLA S.A.C.,2026-04-13,001/0016353,BAE736,35.0,PIEDRA,2,38.8,39.58,226.4,,,SAN LORENZO,MEIGGS,2026-06-30T22:23:49.802609Z
46832-1910576265,46832,VIRGEN DE ESTRELLA S.A.C.,2026-04-13,191/0576265,BYP824,9.0,PIEDRA,2,39.87,39.87,395.87,,,JICAMARCA,ANCIETA,2026-06-30T22:25:20.371414Z
46810-1950191007,46810,VIRGEN DE ESTRELLA S.A.C.,2026-04-14,195/0191007,ATN880,5.0,PIEDRA,2,40.94,40.94,620.24,,,YERBABUENA,MEIGGS,2026-06-30T22:23:49.801431Z
46810-1950191008,46810,VIRGEN DE ESTRELLA S.A.C.,2026-04-14,195/0191008,AFX735,25.0,ARENA,14,35.46,35.46,537.22,,,YERBABUENA,MEIGGS,2026-06-30T22:23:49.801476Z
46832-1910576458,46832,VIRGEN DE ESTRELLA S.A.C.,2026-04-14,191/0576458,C9W737,21.0,ARENA,14,31.66,35.46,424.1,,,JICAMARCA,SAN JUAN,2026-06-30T22:25:20.370890Z
46832-1910576412,46832,VIRGEN DE ESTRELLA S.A.C.,2026-04-14,191/0576412,BYP824,9.0,ARENA,14,41.48,41.48,411.88,,,JICAMARCA,ANCIETA,2026-06-30T22:25:20.371080Z
46832-1910576323,46832,VIRGEN DE ESTRELLA S.A.C.,2026-04-14,191/0576323,BYP824,9.0,PIEDRA,2,37.77,37.77,375.09,,,JICAMARCA,ANCIETA,2026-06-30T22:25:20.371451Z
46832-1910576324,46832,VIRGEN DE ESTRELLA S.A.C.,2026-04-14,191/0576324,CHS718,45.0,ARENA,14,31.23,34.67,485.38,,,JICAMARCA,VILLA 1,2026-06-30T22:25:20.371566Z
46832-1910576446,46832,VIRGEN DE ESTRELLA S.A.C.,2026-04-14,191/0576446,BYP824,9.0,ARENA,14,35.73,39.66,555.24,,,JICAMARCA,VILLA 1,2026-06-30T22:25:20.371604Z
46832-1910576436,46832,VIRGEN DE ESTRELLA S.A.C.,2026-04-14,191/0576436,CHS718,45.0,PIEDRA,2,34.37,34.37,491.83,,,JICAMARCA,EMBOLSADOS INS. Y SUM.,2026-06-30T22:25:20.371817Z
46832-1910576440,46832,VIRGEN DE ESTRELLA S.A.C.,2026-04-14,191/0576440,CCL847,44.0,PIEDRA,2,35.22,35.22,504.0,,,JICAMARCA,EMBOLSADOS INS. Y SUM.,2026-06-30T22:25:20.371854Z
46832-1910576326,46832,VIRGEN DE ESTRELLA S.A.C.,2026-04-14,191/0576326,CCL847,44.0,ARENA,14,32.16,35.7,600.77,,,JICAMARCA,SAN ANTONIO,2026-06-30T22:25:20.371894Z
46832-1910576347,46832,VIRGEN DE ESTRELLA S.A.C.,2026-04-14,191/0576347,C9W737,21.0,ARENA,14,31.04,34.46,579.9,,,JICAMARCA,SAN ANTONIO,2026-06-30T22:25:20.371934Z
46832-1910576393,46832,VIRGEN DE ESTRELLA S.A.C.,2026-04-14,191/0576393,CHS718,45.0,ARENA,14,33.46,37.14,625.03,,,JICAMARCA,SAN ANTONIO,2026-06-30T22:25:20.371976Z
46832-1910576394,46832,VIRGEN DE ESTRELLA S.A.C.,2026-04-14,191/0576394,CCL847,44.0,ARENA,14,33.51,37.2,626.08,,,JICAMARCA,SAN ANTONIO,2026-06-30T22:25:20.372016Z
46832-1910576404,46832,VIRGEN DE ESTRELLA S.A.C.,2026-04-14,191/0576404,C9W737,21.0,ARENA,14,33.25,36.91,621.12,,,JICAMARCA,SAN ANTONIO,2026-06-30T22:25:20.372054Z
46832-1910576372,46832,VIRGEN DE ESTRELLA S.A.C.,2026-04-14,191/0576372,BYP824,9.0,PIEDRA,2,35.96,35.96,605.12,,,JICAMARCA,SAN ANTONIO,2026-06-30T22:25:20.372869Z
46832-1950191040,46832,VIRGEN DE ESTRELLA S.A.C.,2026-04-14,195/0191040,F3F817,1.0,PIEDRA,2,38.66,38.66,585.7,,,YERBABUENA,MEIGGS,2026-06-30T22:25:20.373248Z
46832-1950191047,46832,VIRGEN DE ESTRELLA S.A.C.,2026-04-14,195/0191047,CBR872,16.0,PIEDRA,2,39.36,39.36,596.3,,,YERBABUENA,MEIGGS,2026-06-30T22:25:20.373285Z
46832-1950191061,46832,VIRGEN DE ESTRELLA S.A.C.,2026-04-14,195/0191061,CBR796,18.0,PIEDRA,2,40.49,40.49,613.42,,,YERBABUENA,MEIGGS,2026-06-30T22:25:20.373323Z
46832-1950191069,46832,VIRGEN DE ESTRELLA S.A.C.,2026-04-14,195/0191069,ATN880,5.0,PIEDRA,2,43.28,43.28,655.69,,,YERBABUENA,MEIGGS,2026-06-30T22:25:20.373357Z
46832-1950191081,46832,VIRGEN DE ESTRELLA S.A.C.,2026-04-14,195/0191081,CBR846,12.0,PIEDRA,2,43.37,43.37,657.06,,,YERBABUENA,MEIGGS,2026-06-30T22:25:20.373395Z
46832-1950191109,46832,VIRGEN DE ESTRELLA S.A.C.,2026-04-14,195/0191109,CBR872,16.0,PIEDRA,2,40.61,40.61,615.24,,,YERBABUENA,MEIGGS,2026-06-30T22:25:20.373466Z
46832-1950191110,46832,VIRGEN DE ESTRELLA S.A.C.,2026-04-14,195/0191110,CBR854,14.0,PIEDRA,2,41.72,41.72,632.06,,,YERBABUENA,MEIGGS,2026-06-30T22:25:20.373498Z
46832-1950191114,46832,VIRGEN DE ESTRELLA S.A.C.,2026-04-14,195/0191114,CBR796,18.0,PIEDRA,2,41.96,41.96,635.69,,,YERBABUENA,MEIGGS,2026-06-30T22:25:20.373532Z
46832-1950191032,46832,VIRGEN DE ESTRELLA S.A.C.,2026-04-14,195/0191032,D8B795,22.0,ARENA,14,36.62,36.62,554.79,,,YERBABUENA,MEIGGS,2026-06-30T22:25:20.374032Z
46832-1950191041,46832,VIRGEN DE ESTRELLA S.A.C.,2026-04-14,195/0191041,C9T788,20.0,ARENA,14,36.13,36.13,547.37,,,YERBABUENA,MEIGGS,2026-06-30T22:25:20.374069Z
46832-1950191045,46832,VIRGEN DE ESTRELLA S.A.C.,2026-04-14,195/0191045,CAZ895,42.0,ARENA,14,38.26,38.26,579.64,,,YERBABUENA,MEIGGS,2026-06-30T22:25:20.374105Z
46832-1950191059,46832,VIRGEN DE ESTRELLA S.A.C.,2026-04-14,195/0191059,CBR854,14.0,ARENA,14,41.95,41.95,635.54,,,YERBABUENA,MEIGGS,2026-06-30T22:25:20.374140Z
46832-1950191062,46832,VIRGEN DE ESTRELLA S.A.C.,2026-04-14,195/0191062,D8D861,23.0,ARENA,14,36.82,36.82,557.82,,,YERBABUENA,MEIGGS,2026-06-30T22:25:20.374180Z
46832-1950191063,46832,VIRGEN DE ESTRELLA S.A.C.,2026-04-14,195/0191063,AFX735,25.0,ARENA,14,35.67,35.67,540.4,,,YERBABUENA,MEIGGS,2026-06-30T22:25:20.374216Z
46832-1950191111,46832,VIRGEN DE ESTRELLA S.A.C.,2026-04-14,195/0191111,AFX735,25.0,ARENA,14,38.22,38.22,579.03,,,YERBABUENA,MEIGGS,2026-06-30T22:25:20.374251Z
46832-1950191112,46832,VIRGEN DE ESTRELLA S.A.C.,2026-04-14,195/0191112,D8D861,23.0,ARENA,14,41.01,41.01,621.3,,,YERBABUENA,MEIGGS,2026-06-30T22:25:20.374287Z
46832-1950191113,46832,VIRGEN DE ESTRELLA S.A.C.,2026-04-14,195/0191113,CAZ895,42.0,ARENA,14,42.99,42.99,651.3,,,YERBABUENA,MEIGGS,2026-06-30T22:25:20.374323Z
46832-1950191115,46832,VIRGEN DE ESTRELLA S.A.C.,2026-04-14,195/0191115,F3F817,1.0,ARENA,14,43.61,43.61,660.69,,,YERBABUENA,MEIGGS,2026-06-30T22:25:20.374357Z
46832-0010016370,46832,VIRGEN DE ESTRELLA S.A.C.,2026-04-14,001/0016370,ATN880,5.0,PIEDRA,2,47.19,48.37,367.61,,,SAN LORENZO,COLLIQUE,2026-06-30T22:25:20.374901Z
46832-0010016376,46832,VIRGEN DE ESTRELLA S.A.C.,2026-04-14,001/0016376,AJA905,29.0,PIEDRA,2,36.06,36.96,280.9,,,SAN LORENZO,COLLIQUE,2026-06-30T22:25:20.374935Z
46832-0010016387,46832,VIRGEN DE ESTRELLA S.A.C.,2026-04-14,001/0016387,ABN852,27.0,PIEDRA,2,38.93,39.9,303.24,,,SAN LORENZO,COLLIQUE,2026-06-30T22:25:20.374966Z
46832-0010016390,46832,VIRGEN DE ESTRELLA S.A.C.,2026-04-14,001/0016390,BF1758,,PIEDRA,2,40.17,41.17,312.89,,,SAN LORENZO,COLLIQUE,2026-06-30T22:25:20.375050Z
46832-0010016395,46832,VIRGEN DE ESTRELLA S.A.C.,2026-04-14,001/0016395,AHJ786,28.0,PIEDRA,2,37.95,38.9,295.64,,,SAN LORENZO,COLLIQUE,2026-06-30T22:25:20.375095Z
46832-0010016396,46832,VIRGEN DE ESTRELLA S.A.C.,2026-04-14,001/0016396,BZR752,38.0,PIEDRA,2,38.24,39.2,297.92,,,SAN LORENZO,COLLIQUE,2026-06-30T22:25:20.375132Z
46832-0010016401,46832,VIRGEN DE ESTRELLA S.A.C.,2026-04-14,001/0016401,CBR796,18.0,PIEDRA,2,36.46,37.37,284.01,,,SAN LORENZO,COLLIQUE,2026-06-30T22:25:20.375166Z
46832-0010016406,46832,VIRGEN DE ESTRELLA S.A.C.,2026-04-14,001/0016406,ABN852,27.0,PIEDRA,2,36.8,37.72,286.67,,,SAN LORENZO,COLLIQUE,2026-06-30T22:25:20.375198Z
46832-0010016379,46832,VIRGEN DE ESTRELLA S.A.C.,2026-04-14,001/0016379,AJC805,30.0,ARENA,14,36.43,40.44,262.86,,,SAN LORENZO,OQUENDO,2026-06-30T22:25:20.375722Z
46832-0010016381,46832,VIRGEN DE ESTRELLA S.A.C.,2026-04-14,001/0016381,AKE789,31.0,ARENA,14,34.5,38.29,248.89,,,SAN LORENZO,OQUENDO,2026-06-30T22:25:20.375761Z
46832-0010016384,46832,VIRGEN DE ESTRELLA S.A.C.,2026-04-14,001/0016384,AJC805,30.0,ARENA,14,38.59,42.83,278.4,,,SAN LORENZO,OQUENDO,2026-06-30T22:25:20.375792Z
46832-0010016385,46832,VIRGEN DE ESTRELLA S.A.C.,2026-04-14,001/0016385,AKE789,31.0,ARENA,14,37.12,41.2,267.8,,,SAN LORENZO,OQUENDO,2026-06-30T22:25:20.375823Z
46832-0010016389,46832,VIRGEN DE ESTRELLA S.A.C.,2026-04-14,001/0016389,BAE736,35.0,ARENA,14,36.32,40.32,262.08,,,SAN LORENZO,OQUENDO,2026-06-30T22:25:20.375853Z
46832-0010016393,46832,VIRGEN DE ESTRELLA S.A.C.,2026-04-14,001/0016393,AKE789,31.0,ARENA,14,36.07,40.04,260.26,,,SAN LORENZO,OQUENDO,2026-06-30T22:25:20.375884Z
46832-0010016402,46832,VIRGEN DE ESTRELLA S.A.C.,2026-04-14,001/0016402,BAE736,35.0,ARENA,14,34.58,38.38,249.47,,,SAN LORENZO,OQUENDO,2026-06-30T22:25:20.375918Z
46832-0010016407,46832,VIRGEN DE ESTRELLA S.A.C.,2026-04-14,001/0016407,AHJ786,28.0,ARENA,14,35.59,39.5,256.75,,,SAN LORENZO,OQUENDO,2026-06-30T22:25:20.375948Z
46832-0010016372,46832,VIRGEN DE ESTRELLA S.A.C.,2026-04-14,001/0016372,ABN852,27.0,ARENA,14,37.28,42.13,276.79,,,SAN LORENZO,MATERIALES,2026-06-30T22:25:20.376400Z
46832-0010016373,46832,VIRGEN DE ESTRELLA S.A.C.,2026-04-14,001/0016373,AWW845,34.0,ARENA,14,36.52,41.27,271.14,,,SAN LORENZO,MATERIALES,2026-06-30T22:25:20.376431Z
46832-0010016374,46832,VIRGEN DE ESTRELLA S.A.C.,2026-04-14,001/0016374,BAE736,35.0,ARENA,14,37.04,41.85,274.95,,,SAN LORENZO,MATERIALES,2026-06-30T22:25:20.376462Z
46832-0010016375,46832,VIRGEN DE ESTRELLA S.A.C.,2026-04-14,001/0016375,AHJ786,28.0,ARENA,14,34.96,39.51,259.58,,,SAN LORENZO,MATERIALES,2026-06-30T22:25:20.376493Z
46832-0010016378,46832,VIRGEN DE ESTRELLA S.A.C.,2026-04-14,001/0016378,BZR752,38.0,ARENA,14,35.67,40.31,264.84,,,SAN LORENZO,MATERIALES,2026-06-30T22:25:20.376522Z
46832-0010016388,46832,VIRGEN DE ESTRELLA S.A.C.,2026-04-14,001/0016388,AWW845,34.0,ARENA,14,35.59,40.22,264.25,,,SAN LORENZO,MATERIALES,2026-06-30T22:25:20.376552Z
46832-0010016391,46832,VIRGEN DE ESTRELLA S.A.C.,2026-04-14,001/0016391,AJA905,29.0,ARENA,14,35.37,39.97,262.6,,,SAN LORENZO,MATERIALES,2026-06-30T22:25:20.376583Z
46832-0010016392,46832,VIRGEN DE ESTRELLA S.A.C.,2026-04-14,001/0016392,AJC805,30.0,ARENA,14,38.28,43.26,284.22,,,SAN LORENZO,MATERIALES,2026-06-30T22:25:20.376610Z
46832-0010016398,46832,VIRGEN DE ESTRELLA S.A.C.,2026-04-14,001/0016398,C9T788,20.0,ARENA,14,34.76,39.28,258.07,,,SAN LORENZO,MATERIALES,2026-06-30T22:25:20.376638Z
46832-0010016408,46832,VIRGEN DE ESTRELLA S.A.C.,2026-04-14,001/0016408,BAE736,35.0,ARENA,14,36.04,40.72,267.53,,,SAN LORENZO,MATERIALES,2026-06-30T22:25:20.376671Z
46832-0010016405,46832,VIRGEN DE ESTRELLA S.A.C.,2026-04-14,001/0016405,AKE789,31.0,PIEDRA,2,36.43,37.16,212.56,,,SAN LORENZO,MEIGGS,2026-06-30T22:25:20.378097Z
46832-0010016411,46832,VIRGEN DE ESTRELLA S.A.C.,2026-04-14,001/0016411,AWW871,32.0,PIEDRA,2,37.17,37.91,216.85,,,SAN LORENZO,MEIGGS,2026-06-30T22:25:20.378127Z
46832-0010016413,46832,VIRGEN DE ESTRELLA S.A.C.,2026-04-14,001/0016413,AJA905,29.0,PIEDRA,2,35.32,36.03,206.09,,,SAN LORENZO,MEIGGS,2026-06-30T22:25:20.378152Z
46832-0010016414,46832,VIRGEN DE ESTRELLA S.A.C.,2026-04-14,001/0016414,AJC805,30.0,PIEDRA,2,37.73,38.48,220.11,,,SAN LORENZO,MEIGGS,2026-06-30T22:25:20.378176Z
46832-0010016415,46832,VIRGEN DE ESTRELLA S.A.C.,2026-04-14,001/0016415,AKE789,31.0,PIEDRA,2,36.6,37.33,213.53,,,SAN LORENZO,MEIGGS,2026-06-30T22:25:20.378200Z
46832-1910576636,46832,VIRGEN DE ESTRELLA S.A.C.,2026-04-15,191/0576636,BYP824,9.0,ARENA,14,37.68,42.2,504.71,,,JICAMARCA,SAN JUAN,2026-06-30T22:25:20.370968Z
46832-1910576668,46832,VIRGEN DE ESTRELLA S.A.C.,2026-04-15,191/0576668,C9W737,21.0,ARENA,14,32.88,36.83,440.49,,,JICAMARCA,SAN JUAN,2026-06-30T22:25:20.371026Z
46832-1910576514,46832,VIRGEN DE ESTRELLA S.A.C.,2026-04-15,191/0576514,BYP824,9.0,ARENA,14,36.56,41.31,410.18,,,JICAMARCA,ANCIETA,2026-06-30T22:25:20.371138Z
46832-1910576601,46832,VIRGEN DE ESTRELLA S.A.C.,2026-04-15,191/0576601,BYP824,9.0,ARENA,14,35.31,39.9,396.18,,,JICAMARCA,ANCIETA,2026-06-30T22:25:20.371186Z
46832-1910576641,46832,VIRGEN DE ESTRELLA S.A.C.,2026-04-15,191/0576641,CCL847,44.0,ARENA,14,31.26,35.32,350.77,,,JICAMARCA,ANCIETA,2026-06-30T22:25:20.371231Z
46832-1910576594,46832,VIRGEN DE ESTRELLA S.A.C.,2026-04-15,191/0576594,CHS718,45.0,ARENA,14,31.16,34.28,479.92,,,JICAMARCA,VILLA 1,2026-06-30T22:25:20.371643Z
46832-1910576511,46832,VIRGEN DE ESTRELLA S.A.C.,2026-04-15,191/0576511,CHS718,45.0,ARENA,14,34.02,37.76,635.47,,,JICAMARCA,SAN ANTONIO,2026-06-30T22:25:20.372092Z
46832-1910576516,46832,VIRGEN DE ESTRELLA S.A.C.,2026-04-15,191/0576516,CCL847,44.0,ARENA,14,33.43,37.11,624.51,,,JICAMARCA,SAN ANTONIO,2026-06-30T22:25:20.372135Z
46832-1910576545,46832,VIRGEN DE ESTRELLA S.A.C.,2026-04-15,191/0576545,C9W737,21.0,ARENA,14,32.52,36.1,607.55,,,JICAMARCA,SAN ANTONIO,2026-06-30T22:25:20.372174Z
46832-1910576576,46832,VIRGEN DE ESTRELLA S.A.C.,2026-04-15,191/0576576,CCL847,44.0,ARENA,14,34.64,38.46,647.21,,,JICAMARCA,SAN ANTONIO,2026-06-30T22:25:20.372216Z
46832-1910576611,46832,VIRGEN DE ESTRELLA S.A.C.,2026-04-15,191/0576611,C9W737,21.0,ARENA,14,33.28,36.94,621.64,,,JICAMARCA,SAN ANTONIO,2026-06-30T22:25:20.372255Z
46832-1910576557,46832,VIRGEN DE ESTRELLA S.A.C.,2026-04-15,191/0576557,BYP824,9.0,PIEDRA,2,38.83,38.83,653.47,,,JICAMARCA,SAN ANTONIO,2026-06-30T22:25:20.372988Z
46832-1950191146,46832,VIRGEN DE ESTRELLA S.A.C.,2026-04-15,195/0191146,CBR854,14.0,PIEDRA,2,38.61,38.61,584.94,,,YERBABUENA,MEIGGS,2026-06-30T22:25:20.373137Z
46832-1950191118,46832,VIRGEN DE ESTRELLA S.A.C.,2026-04-15,195/0191118,ATN880,5.0,PIEDRA,2,41.7,41.7,631.76,,,YERBABUENA,MEIGGS,2026-06-30T22:25:20.373565Z
46832-1950191127,46832,VIRGEN DE ESTRELLA S.A.C.,2026-04-15,195/0191127,F3F817,1.0,PIEDRA,2,37.74,37.74,571.76,,,YERBABUENA,MEIGGS,2026-06-30T22:25:20.373598Z
46832-1950191134,46832,VIRGEN DE ESTRELLA S.A.C.,2026-04-15,195/0191134,CBR846,12.0,PIEDRA,2,39.32,39.32,595.7,,,YERBABUENA,MEIGGS,2026-06-30T22:25:20.373631Z
46832-1950191117,46832,VIRGEN DE ESTRELLA S.A.C.,2026-04-15,195/0191117,C9T788,20.0,ARENA,14,36.94,36.94,559.64,,,YERBABUENA,MEIGGS,2026-06-30T22:25:20.374393Z
46832-1950191133,46832,VIRGEN DE ESTRELLA S.A.C.,2026-04-15,195/0191133,CAZ895,42.0,ARENA,14,36.45,36.45,552.22,,,YERBABUENA,MEIGGS,2026-06-30T22:25:20.374427Z
46832-1950191135,46832,VIRGEN DE ESTRELLA S.A.C.,2026-04-15,195/0191135,AHJ786,28.0,ARENA,14,42.57,42.57,644.94,,,YERBABUENA,MEIGGS,2026-06-30T22:25:20.374460Z
46832-1950191136,46832,VIRGEN DE ESTRELLA S.A.C.,2026-04-15,195/0191136,CBR872,16.0,ARENA,14,36.56,36.56,553.88,,,YERBABUENA,MEIGGS,2026-06-30T22:25:20.374493Z
46832-1950191148,46832,VIRGEN DE ESTRELLA S.A.C.,2026-04-15,195/0191148,CBR796,18.0,ARENA,14,41.48,41.48,628.42,,,YERBABUENA,MEIGGS,2026-06-30T22:25:20.374529Z
46832-1950191150,46832,VIRGEN DE ESTRELLA S.A.C.,2026-04-15,195/0191150,D8B795,22.0,ARENA,14,36.58,36.58,554.19,,,YERBABUENA,MEIGGS,2026-06-30T22:25:20.374563Z
46832-1950191175,46832,VIRGEN DE ESTRELLA S.A.C.,2026-04-15,195/0191175,AFX735,25.0,ARENA,14,35.75,35.75,541.61,,,YERBABUENA,MEIGGS,2026-06-30T22:25:20.374596Z
46832-1950191176,46832,VIRGEN DE ESTRELLA S.A.C.,2026-04-15,195/0191176,D8D861,23.0,ARENA,14,38.61,38.61,584.94,,,YERBABUENA,MEIGGS,2026-06-30T22:25:20.374627Z
46832-0010016417,46832,VIRGEN DE ESTRELLA S.A.C.,2026-04-15,001/0016417,AWW845,34.0,PIEDRA,2,37.52,38.46,292.3,,,SAN LORENZO,COLLIQUE,2026-06-30T22:25:20.375230Z
46832-0010016419,46832,VIRGEN DE ESTRELLA S.A.C.,2026-04-15,001/0016419,AJA905,29.0,PIEDRA,2,35.97,36.87,280.21,,,SAN LORENZO,COLLIQUE,2026-06-30T22:25:20.375265Z
46832-0010016438,46832,VIRGEN DE ESTRELLA S.A.C.,2026-04-15,001/0016438,BAE736,35.0,PIEDRA,2,36.6,37.51,285.08,,,SAN LORENZO,COLLIQUE,2026-06-30T22:25:20.375296Z
46832-0010016439,46832,VIRGEN DE ESTRELLA S.A.C.,2026-04-15,001/0016439,AHJ786,28.0,PIEDRA,2,35.79,36.68,278.77,,,SAN LORENZO,COLLIQUE,2026-06-30T22:25:20.375327Z
46832-0010016442,46832,VIRGEN DE ESTRELLA S.A.C.,2026-04-15,001/0016442,D8E728,24.0,PIEDRA,2,35.8,36.69,278.84,,,SAN LORENZO,COLLIQUE,2026-06-30T22:25:20.375358Z
46832-0010016444,46832,VIRGEN DE ESTRELLA S.A.C.,2026-04-15,001/0016444,CBR872,16.0,PIEDRA,2,38.91,39.88,303.09,,,SAN LORENZO,COLLIQUE,2026-06-30T22:25:20.375387Z
46832-0010016451,46832,VIRGEN DE ESTRELLA S.A.C.,2026-04-15,001/0016451,AKE789,31.0,PIEDRA,2,35.28,36.16,274.82,,,SAN LORENZO,COLLIQUE,2026-06-30T22:25:20.375416Z
46832-0010016452,46832,VIRGEN DE ESTRELLA S.A.C.,2026-04-15,001/0016452,BZR752,38.0,PIEDRA,2,37.18,38.11,289.64,,,SAN LORENZO,COLLIQUE,2026-06-30T22:25:20.375447Z
46832-0010016437,46832,VIRGEN DE ESTRELLA S.A.C.,2026-04-15,001/0016437,AJA905,29.0,PIEDRA,2,34.54,35.58,231.27,,,SAN LORENZO,OQUENDO,2026-06-30T22:25:20.376106Z
46832-0010016441,46832,VIRGEN DE ESTRELLA S.A.C.,2026-04-15,001/0016441,AJC805,30.0,PIEDRA,2,37.41,38.53,250.45,,,SAN LORENZO,OQUENDO,2026-06-30T22:25:20.376135Z
46832-0010016445,46832,VIRGEN DE ESTRELLA S.A.C.,2026-04-15,001/0016445,AKE789,31.0,PIEDRA,2,37.25,38.37,249.4,,,SAN LORENZO,OQUENDO,2026-06-30T22:25:20.376163Z
46832-0010016420,46832,VIRGEN DE ESTRELLA S.A.C.,2026-04-15,001/0016420,ABN852,27.0,ARENA,14,32.12,35.33,202.09,,,SAN LORENZO,MEIGGS,2026-06-30T22:25:20.377227Z
46832-0010016421,46832,VIRGEN DE ESTRELLA S.A.C.,2026-04-15,001/0016421,BAE736,35.0,ARENA,14,34.57,38.03,217.53,,,SAN LORENZO,MEIGGS,2026-06-30T22:25:20.377258Z
46832-0010016422,46832,VIRGEN DE ESTRELLA S.A.C.,2026-04-15,001/0016422,AJC805,30.0,ARENA,14,33.94,37.33,213.53,,,SAN LORENZO,MEIGGS,2026-06-30T22:25:20.377287Z
46832-0010016423,46832,VIRGEN DE ESTRELLA S.A.C.,2026-04-15,001/0016423,D8E728,24.0,ARENA,14,32.17,35.39,202.43,,,SAN LORENZO,MEIGGS,2026-06-30T22:25:20.377315Z
46832-0010016426,46832,VIRGEN DE ESTRELLA S.A.C.,2026-04-15,001/0016426,AKE789,31.0,ARENA,14,34.0,37.4,213.93,,,SAN LORENZO,MEIGGS,2026-06-30T22:25:20.377344Z
46832-0010016427,46832,VIRGEN DE ESTRELLA S.A.C.,2026-04-15,001/0016427,BZR752,38.0,ARENA,14,33.67,37.04,211.87,,,SAN LORENZO,MEIGGS,2026-06-30T22:25:20.377370Z
46832-0010016430,46832,VIRGEN DE ESTRELLA S.A.C.,2026-04-15,001/0016430,ABN852,27.0,ARENA,14,36.11,39.72,227.2,,,SAN LORENZO,MEIGGS,2026-06-30T22:25:20.377400Z
46832-0010016433,46832,VIRGEN DE ESTRELLA S.A.C.,2026-04-15,001/0016433,AWW845,34.0,ARENA,14,37.44,41.18,235.55,,,SAN LORENZO,MEIGGS,2026-06-30T22:25:20.377426Z
46832-0010016434,46832,VIRGEN DE ESTRELLA S.A.C.,2026-04-15,001/0016434,BZR752,38.0,ARENA,14,35.4,38.94,222.74,,,SAN LORENZO,MEIGGS,2026-06-30T22:25:20.377452Z
46832-0010016435,46832,VIRGEN DE ESTRELLA S.A.C.,2026-04-15,001/0016435,D8E728,24.0,ARENA,14,34.77,38.25,218.79,,,SAN LORENZO,MEIGGS,2026-06-30T22:25:20.377480Z
46832-0010016436,46832,VIRGEN DE ESTRELLA S.A.C.,2026-04-15,001/0016436,AJC805,30.0,ARENA,14,36.6,40.26,230.29,,,SAN LORENZO,MEIGGS,2026-06-30T22:25:20.377506Z
46832-0010016447,46832,VIRGEN DE ESTRELLA S.A.C.,2026-04-15,001/0016447,ABN852,27.0,ARENA,14,37.91,41.7,238.52,,,SAN LORENZO,MEIGGS,2026-06-30T22:25:20.377534Z
46832-0010016448,46832,VIRGEN DE ESTRELLA S.A.C.,2026-04-15,001/0016448,AWW845,34.0,ARENA,14,36.83,40.51,231.72,,,SAN LORENZO,MEIGGS,2026-06-30T22:25:20.377561Z
46832-0010016449,46832,VIRGEN DE ESTRELLA S.A.C.,2026-04-15,001/0016449,AJA905,29.0,ARENA,14,33.95,37.34,213.58,,,SAN LORENZO,MEIGGS,2026-06-30T22:25:20.377591Z
46832-0010016443,46832,VIRGEN DE ESTRELLA S.A.C.,2026-04-15,001/0016443,CAZ895,42.0,PIEDRA,2,37.91,38.67,221.19,,,SAN LORENZO,MEIGGS,2026-06-30T22:25:20.378225Z
46832-0010016455,46832,VIRGEN DE ESTRELLA S.A.C.,2026-04-15,001/0016455,AWW845,34.0,PIEDRA,2,37.88,38.64,221.02,,,SAN LORENZO,MEIGGS,2026-06-30T22:25:20.378248Z
46832-0010016457,46832,VIRGEN DE ESTRELLA S.A.C.,2026-04-15,001/0016457,AJA905,29.0,PIEDRA,2,34.14,34.14,195.28,,,SAN LORENZO,MEIGGS,2026-06-30T22:25:20.378675Z
46832-1910576701,46832,VIRGEN DE ESTRELLA S.A.C.,2026-04-16,191/0576701,BYP824,9.0,ARENA,14,35.55,40.18,398.95,,,JICAMARCA,ANCIETA,2026-06-30T22:25:20.371274Z
46832-1910576783,46832,VIRGEN DE ESTRELLA S.A.C.,2026-04-16,191/0576783,BYP824,9.0,ARENA,14,36.01,40.69,404.03,,,JICAMARCA,ANCIETA,2026-06-30T22:25:20.371325Z
46832-1910576751,46832,VIRGEN DE ESTRELLA S.A.C.,2026-04-16,191/0576751,BYP824,9.0,PIEDRA,2,39.91,39.91,396.33,,,JICAMARCA,ANCIETA,2026-06-30T22:25:20.371489Z
46832-1910576699,46832,VIRGEN DE ESTRELLA S.A.C.,2026-04-16,191/0576699,CHS718,45.0,ARENA,14,32.16,35.38,495.32,,,JICAMARCA,VILLA 1,2026-06-30T22:25:20.371682Z
46832-1910576822,46832,VIRGEN DE ESTRELLA S.A.C.,2026-04-16,191/0576822,BYP824,9.0,ARENA,14,36.65,40.32,564.48,,,JICAMARCA,VILLA 1,2026-06-30T22:25:20.371737Z
46832-1910576709,46832,VIRGEN DE ESTRELLA S.A.C.,2026-04-16,191/0576709,CCL847,44.0,ARENA,14,31.82,35.0,589.03,,,JICAMARCA,SAN ANTONIO,2026-06-30T22:25:20.372294Z
46832-1910576742,46832,VIRGEN DE ESTRELLA S.A.C.,2026-04-16,191/0576742,C9W737,21.0,ARENA,14,32.93,36.22,609.64,,,JICAMARCA,SAN ANTONIO,2026-06-30T22:25:20.372336Z
46832-1910576767,46832,VIRGEN DE ESTRELLA S.A.C.,2026-04-16,191/0576767,CCL847,44.0,ARENA,14,32.44,35.68,600.51,,,JICAMARCA,SAN ANTONIO,2026-06-30T22:25:20.372374Z
46832-1910576776,46832,VIRGEN DE ESTRELLA S.A.C.,2026-04-16,191/0576776,CHS718,45.0,ARENA,14,32.89,36.18,608.86,,,JICAMARCA,SAN ANTONIO,2026-06-30T22:25:20.372417Z
46832-1910576779,46832,VIRGEN DE ESTRELLA S.A.C.,2026-04-16,191/0576779,C9W737,21.0,ARENA,14,32.27,35.49,597.38,,,JICAMARCA,SAN ANTONIO,2026-06-30T22:25:20.372457Z
46832-1910576821,46832,VIRGEN DE ESTRELLA S.A.C.,2026-04-16,191/0576821,CHS718,45.0,PIEDRA,2,34.08,34.08,573.57,,,JICAMARCA,SAN ANTONIO,2026-06-30T22:25:20.372906Z
46832-1950191208,46832,VIRGEN DE ESTRELLA S.A.C.,2026-04-16,195/0191208,C9T788,20.0,PIEDRA,2,37.28,37.28,564.79,,,YERBABUENA,MEIGGS,2026-06-30T22:25:20.373669Z
46832-1950191209,46832,VIRGEN DE ESTRELLA S.A.C.,2026-04-16,195/0191209,ATN880,5.0,PIEDRA,2,39.69,39.69,601.3,,,YERBABUENA,MEIGGS,2026-06-30T22:25:20.373711Z
46832-1950191232,46832,VIRGEN DE ESTRELLA S.A.C.,2026-04-16,195/0191232,CBR854,14.0,ARENA,14,41.0,41.0,621.15,,,YERBABUENA,MEIGGS,2026-06-30T22:25:20.374661Z
46832-0010016459,46832,VIRGEN DE ESTRELLA S.A.C.,2026-04-16,001/0016459,CBR872,16.0,PIEDRA,2,40.28,41.29,313.8,,,SAN LORENZO,COLLIQUE,2026-06-30T22:25:20.375475Z
46832-0010016463,46832,VIRGEN DE ESTRELLA S.A.C.,2026-04-16,001/0016463,CBR796,18.0,PIEDRA,2,39.71,40.7,309.32,,,SAN LORENZO,COLLIQUE,2026-06-30T22:25:20.375503Z
46832-0010016473,46832,VIRGEN DE ESTRELLA S.A.C.,2026-04-16,001/0016473,CBR872,16.0,PIEDRA,2,36.78,37.7,286.52,,,SAN LORENZO,COLLIQUE,2026-06-30T22:25:20.375531Z
46832-0010016475,46832,VIRGEN DE ESTRELLA S.A.C.,2026-04-16,001/0016475,CBR796,18.0,PIEDRA,2,38.55,39.51,300.28,,,SAN LORENZO,COLLIQUE,2026-06-30T22:25:20.375560Z
46832-0010016477,46832,VIRGEN DE ESTRELLA S.A.C.,2026-04-16,001/0016477,ATN880,5.0,PIEDRA,2,42.23,43.29,329.0,,,SAN LORENZO,COLLIQUE,2026-06-30T22:25:20.375589Z
46832-0010016485,46832,VIRGEN DE ESTRELLA S.A.C.,2026-04-16,001/0016485,CBR872,16.0,PIEDRA,2,36.9,37.82,287.43,,,SAN LORENZO,COLLIQUE,2026-06-30T22:25:20.375621Z
46832-0010016487,46832,VIRGEN DE ESTRELLA S.A.C.,2026-04-16,001/0016487,CBR854,14.0,PIEDRA,2,38.55,39.51,300.28,,,SAN LORENZO,COLLIQUE,2026-06-30T22:25:20.375651Z
46832-0010016491,46832,VIRGEN DE ESTRELLA S.A.C.,2026-04-16,001/0016491,CBR796,18.0,PIEDRA,2,38.14,39.09,297.08,,,SAN LORENZO,COLLIQUE,2026-06-30T22:25:20.375680Z
46832-0010016469,46832,VIRGEN DE ESTRELLA S.A.C.,2026-04-16,001/0016469,AKE789,31.0,PIEDRA,2,36.35,37.44,243.36,,,SAN LORENZO,OQUENDO,2026-06-30T22:25:20.376191Z
46832-0010016474,46832,VIRGEN DE ESTRELLA S.A.C.,2026-04-16,001/0016474,AKE789,31.0,PIEDRA,2,36.03,37.11,241.22,,,SAN LORENZO,OQUENDO,2026-06-30T22:25:20.376223Z
46832-0010016484,46832,VIRGEN DE ESTRELLA S.A.C.,2026-04-16,001/0016484,C9T788,20.0,PIEDRA,2,35.67,36.74,238.81,,,SAN LORENZO,OQUENDO,2026-06-30T22:25:20.376253Z
46832-0010016460,46832,VIRGEN DE ESTRELLA S.A.C.,2026-04-16,001/0016460,AWW845,34.0,ARENA,14,35.09,39.65,260.5,,,SAN LORENZO,MATERIALES,2026-06-30T22:25:20.376709Z
46832-0010016461,46832,VIRGEN DE ESTRELLA S.A.C.,2026-04-16,001/0016461,BAE736,35.0,ARENA,14,35.83,40.49,266.02,,,SAN LORENZO,MATERIALES,2026-06-30T22:25:20.376739Z
46832-0010016462,46832,VIRGEN DE ESTRELLA S.A.C.,2026-04-16,001/0016462,CAZ895,42.0,ARENA,14,34.04,38.46,252.68,,,SAN LORENZO,MATERIALES,2026-06-30T22:25:20.376767Z
46832-0010016466,46832,VIRGEN DE ESTRELLA S.A.C.,2026-04-16,001/0016466,D8E728,24.0,ARENA,14,32.5,36.73,241.32,,,SAN LORENZO,MATERIALES,2026-06-30T22:25:20.376795Z
46832-0010016467,46832,VIRGEN DE ESTRELLA S.A.C.,2026-04-16,001/0016467,AJA905,29.0,ARENA,14,34.42,38.9,255.57,,,SAN LORENZO,MATERIALES,2026-06-30T22:25:20.376823Z
46832-0010016470,46832,VIRGEN DE ESTRELLA S.A.C.,2026-04-16,001/0016470,AJC805,30.0,ARENA,14,36.21,40.92,268.84,,,SAN LORENZO,MATERIALES,2026-06-30T22:25:20.376851Z
46832-0010016479,46832,VIRGEN DE ESTRELLA S.A.C.,2026-04-16,001/0016479,D8E728,24.0,ARENA,14,33.27,37.6,247.03,,,SAN LORENZO,MATERIALES,2026-06-30T22:25:20.376879Z
46832-0010016488,46832,VIRGEN DE ESTRELLA S.A.C.,2026-04-16,001/0016488,C9T788,20.0,ARENA,14,32.79,37.05,243.42,,,SAN LORENZO,MATERIALES,2026-06-30T22:25:20.376907Z
46832-0010016490,46832,VIRGEN DE ESTRELLA S.A.C.,2026-04-16,001/0016490,AJA905,29.0,ARENA,14,35.48,40.09,263.39,,,SAN LORENZO,MATERIALES,2026-06-30T22:25:20.376939Z
46832-0010016492,46832,VIRGEN DE ESTRELLA S.A.C.,2026-04-16,001/0016492,CAZ895,42.0,ARENA,14,35.7,40.34,265.03,,,SAN LORENZO,MATERIALES,2026-06-30T22:25:20.376971Z
46832-0010016495,46832,VIRGEN DE ESTRELLA S.A.C.,2026-04-16,001/0016495,AJC805,30.0,ARENA,14,35.95,40.62,266.87,,,SAN LORENZO,MATERIALES,2026-06-30T22:25:20.376999Z
46832-0010016496,46832,VIRGEN DE ESTRELLA S.A.C.,2026-04-16,001/0016496,AKE789,31.0,ARENA,14,32.73,36.98,242.96,,,SAN LORENZO,MATERIALES,2026-06-30T22:25:20.377026Z
46832-0010016478,46832,VIRGEN DE ESTRELLA S.A.C.,2026-04-16,001/0016478,AWW845,34.0,PIEDRA,2,37.47,38.22,218.62,,,SAN LORENZO,MEIGGS,2026-06-30T22:25:20.378273Z
46832-0010016480,46832,VIRGEN DE ESTRELLA S.A.C.,2026-04-16,001/0016480,CAZ895,42.0,PIEDRA,2,37.26,38.01,217.42,,,SAN LORENZO,MEIGGS,2026-06-30T22:25:20.378298Z
46832-0010016482,46832,VIRGEN DE ESTRELLA S.A.C.,2026-04-16,001/0016482,AKE789,31.0,PIEDRA,2,37.26,38.01,217.42,,,SAN LORENZO,MEIGGS,2026-06-30T22:25:20.378322Z
46832-0010016483,46832,VIRGEN DE ESTRELLA S.A.C.,2026-04-16,001/0016483,BAE736,35.0,PIEDRA,2,38.07,38.83,222.11,,,SAN LORENZO,MEIGGS,2026-06-30T22:25:20.378352Z
46832-0010016497,46832,VIRGEN DE ESTRELLA S.A.C.,2026-04-16,001/0016497,AWW845,34.0,PIEDRA,2,36.95,37.69,215.59,,,SAN LORENZO,MEIGGS,2026-06-30T22:25:20.378376Z
46832-0010016498,46832,VIRGEN DE ESTRELLA S.A.C.,2026-04-16,001/0016498,BAE736,35.0,PIEDRA,2,36.29,37.02,211.75,,,SAN LORENZO,MEIGGS,2026-06-30T22:25:20.378402Z
46832-0010016500,46832,VIRGEN DE ESTRELLA S.A.C.,2026-04-16,001/0016500,D8E728,24.0,PIEDRA,2,36.72,37.45,214.21,,,SAN LORENZO,MEIGGS,2026-06-30T22:25:20.378428Z
46856-1910576846,46856,VIRGEN DE ESTRELLA S.A.C.,2026-04-16,191/0576846,C9W737,21.0,PIEDRA,2,35.0,35.0,500.85,,,JICAMARCA,EMBOLSADOS INS. Y SUM.,2026-07-01T09:06:07.226617Z
46832-1910577025,46832,VIRGEN DE ESTRELLA S.A.C.,2026-04-17,191/0577025,BYP824,9.0,PIEDRA,2,39.01,39.01,466.56,,,JICAMARCA,SAN JUAN,2026-06-30T22:25:20.370773Z
46832-1910576902,46832,VIRGEN DE ESTRELLA S.A.C.,2026-04-17,191/0576902,BYP824,9.0,ARENA,14,36.28,41.0,407.11,,,JICAMARCA,ANCIETA,2026-06-30T22:25:20.371377Z
46832-1910576956,46832,VIRGEN DE ESTRELLA S.A.C.,2026-04-17,191/0576956,BYP824,9.0,ARENA,14,38.27,42.1,309.42,,,JICAMARCA,HUACHIPA,2026-06-30T22:25:20.371777Z
46832-1910576972,46832,VIRGEN DE ESTRELLA S.A.C.,2026-04-17,191/0576972,CHS718,45.0,ARENA,14,34.44,37.88,637.55,,,JICAMARCA,SAN ANTONIO,2026-06-30T22:25:20.372498Z
46832-1910576973,46832,VIRGEN DE ESTRELLA S.A.C.,2026-04-17,191/0576973,CCL847,44.0,ARENA,14,32.0,35.2,592.42,,,JICAMARCA,SAN ANTONIO,2026-06-30T22:25:20.372541Z
46832-1910576975,46832,VIRGEN DE ESTRELLA S.A.C.,2026-04-17,191/0576975,C9W737,21.0,ARENA,14,31.18,34.3,577.29,,,JICAMARCA,SAN ANTONIO,2026-06-30T22:25:20.372583Z
46832-1910577043,46832,VIRGEN DE ESTRELLA S.A.C.,2026-04-17,191/0577043,C9W737,21.0,ARENA,14,32.63,35.9,604.16,,,JICAMARCA,SAN ANTONIO,2026-06-30T22:25:20.372622Z
46832-1910576901,46832,VIRGEN DE ESTRELLA S.A.C.,2026-04-17,191/0576901,CHS718,45.0,PIEDRA,2,34.72,34.72,584.34,,,JICAMARCA,SAN ANTONIO,2026-06-30T22:25:20.373026Z
46832-1910576910,46832,VIRGEN DE ESTRELLA S.A.C.,2026-04-17,191/0576910,CCL847,44.0,PIEDRA,2,34.84,34.84,586.42,,,JICAMARCA,SAN ANTONIO,2026-06-30T22:25:20.373061Z
46832-1910576930,46832,VIRGEN DE ESTRELLA S.A.C.,2026-04-17,191/0576930,C9W737,21.0,PIEDRA,2,34.38,34.38,578.6,,,JICAMARCA,SAN ANTONIO,2026-06-30T22:25:20.373099Z
46832-1950191269,46832,VIRGEN DE ESTRELLA S.A.C.,2026-04-17,195/0191269,C9T788,20.0,PIEDRA,2,38.84,38.84,588.43,,,YERBABUENA,MEIGGS,2026-06-30T22:25:20.373174Z
46832-1950191082,46832,VIRGEN DE ESTRELLA S.A.C.,2026-04-17,195/0191082,D8B795,22.0,PIEDRA,2,38.78,38.78,587.52,,,YERBABUENA,MEIGGS,2026-06-30T22:25:20.373432Z
46832-1950191267,46832,VIRGEN DE ESTRELLA S.A.C.,2026-04-17,195/0191267,ATN880,5.0,PIEDRA,2,42.46,42.46,643.27,,,YERBABUENA,MEIGGS,2026-06-30T22:25:20.373744Z
46832-1950191271,46832,VIRGEN DE ESTRELLA S.A.C.,2026-04-17,195/0191271,CBR872,16.0,PIEDRA,2,41.55,41.55,629.48,,,YERBABUENA,MEIGGS,2026-06-30T22:25:20.373776Z
46832-1950191279,46832,VIRGEN DE ESTRELLA S.A.C.,2026-04-17,195/0191279,CBR854,14.0,PIEDRA,2,41.45,41.45,627.97,,,YERBABUENA,MEIGGS,2026-06-30T22:25:20.373810Z
46832-1950191293,46832,VIRGEN DE ESTRELLA S.A.C.,2026-04-17,195/0191293,CBR854,14.0,PIEDRA,2,41.24,41.24,624.79,,,YERBABUENA,MEIGGS,2026-06-30T22:25:20.373857Z
46832-0010016508,46832,VIRGEN DE ESTRELLA S.A.C.,2026-04-17,001/0016508,CBR796,18.0,PIEDRA,2,36.27,37.36,242.84,,,SAN LORENZO,OQUENDO,2026-06-30T22:25:20.376283Z
46832-0010016515,46832,VIRGEN DE ESTRELLA S.A.C.,2026-04-17,001/0016515,CBR796,18.0,PIEDRA,2,38.31,39.46,256.49,,,SAN LORENZO,OQUENDO,2026-06-30T22:25:20.376311Z
46832-0010016524,46832,VIRGEN DE ESTRELLA S.A.C.,2026-04-17,001/0016524,CBR796,18.0,PIEDRA,2,35.13,36.18,235.17,,,SAN LORENZO,OQUENDO,2026-06-30T22:25:20.376339Z
46832-0010016535,46832,VIRGEN DE ESTRELLA S.A.C.,2026-04-17,001/0016535,CBR796,18.0,PIEDRA,2,37.77,38.9,252.85,,,SAN LORENZO,OQUENDO,2026-06-30T22:25:20.376371Z
46832-0010016507,46832,VIRGEN DE ESTRELLA S.A.C.,2026-04-17,001/0016507,AJA905,29.0,ARENA,14,32.83,37.1,243.75,,,SAN LORENZO,MATERIALES,2026-06-30T22:25:20.377055Z
46832-0010016509,46832,VIRGEN DE ESTRELLA S.A.C.,2026-04-17,001/0016509,AWW845,34.0,ARENA,14,33.27,37.59,246.97,,,SAN LORENZO,MATERIALES,2026-06-30T22:25:20.377083Z
46832-0010016510,46832,VIRGEN DE ESTRELLA S.A.C.,2026-04-17,001/0016510,CAZ895,42.0,ARENA,14,34.12,38.55,253.27,,,SAN LORENZO,MATERIALES,2026-06-30T22:25:20.377112Z
46832-0010016511,46832,VIRGEN DE ESTRELLA S.A.C.,2026-04-17,001/0016511,AWH708,33.0,ARENA,14,34.32,38.78,254.78,,,SAN LORENZO,MATERIALES,2026-06-30T22:25:20.377144Z
46832-0010016512,46832,VIRGEN DE ESTRELLA S.A.C.,2026-04-17,001/0016512,AKE789,31.0,ARENA,14,33.42,37.77,248.15,,,SAN LORENZO,MATERIALES,2026-06-30T22:25:20.377172Z
46832-0010016514,46832,VIRGEN DE ESTRELLA S.A.C.,2026-04-17,001/0016514,D8D861,23.0,ARENA,14,32.59,36.83,241.97,,,SAN LORENZO,MATERIALES,2026-06-30T22:25:20.377199Z
46832-0010016516,46832,VIRGEN DE ESTRELLA S.A.C.,2026-04-17,001/0016516,AKE789,31.0,ARENA,14,34.34,37.77,216.04,,,SAN LORENZO,MEIGGS,2026-06-30T22:25:20.377617Z
46832-0010016517,46832,VIRGEN DE ESTRELLA S.A.C.,2026-04-17,001/0016517,ABN852,27.0,ARENA,14,36.46,40.11,229.43,,,SAN LORENZO,MEIGGS,2026-06-30T22:25:20.377644Z
46832-0010016521,46832,VIRGEN DE ESTRELLA S.A.C.,2026-04-17,001/0016521,AWW845,34.0,ARENA,14,35.77,39.35,225.08,,,SAN LORENZO,MEIGGS,2026-06-30T22:25:20.377674Z
46832-0010016522,46832,VIRGEN DE ESTRELLA S.A.C.,2026-04-17,001/0016522,C9T788,20.0,ARENA,14,34.21,37.63,215.24,,,SAN LORENZO,MEIGGS,2026-06-30T22:25:20.377706Z
46832-0010016525,46832,VIRGEN DE ESTRELLA S.A.C.,2026-04-17,001/0016525,AFX735,25.0,ARENA,14,34.02,37.42,214.04,,,SAN LORENZO,MEIGGS,2026-06-30T22:25:20.377732Z
46832-0010016526,46832,VIRGEN DE ESTRELLA S.A.C.,2026-04-17,001/0016526,AWH708,33.0,ARENA,14,34.66,38.13,218.1,,,SAN LORENZO,MEIGGS,2026-06-30T22:25:20.377757Z
46832-0010016532,46832,VIRGEN DE ESTRELLA S.A.C.,2026-04-17,001/0016532,AWW845,34.0,ARENA,14,34.57,38.03,217.53,,,SAN LORENZO,MEIGGS,2026-06-30T22:25:20.377784Z
46832-0010016528,46832,VIRGEN DE ESTRELLA S.A.C.,2026-04-17,001/0016528,ABN852,27.0,PIEDRA,2,38.92,39.7,227.08,,,SAN LORENZO,MEIGGS,2026-06-30T22:25:20.378453Z
46832-0010016529,46832,VIRGEN DE ESTRELLA S.A.C.,2026-04-17,001/0016529,CAZ895,42.0,PIEDRA,2,36.51,37.24,213.01,,,SAN LORENZO,MEIGGS,2026-06-30T22:25:20.378477Z
46832-0010016530,46832,VIRGEN DE ESTRELLA S.A.C.,2026-04-17,001/0016530,AKE789,31.0,PIEDRA,2,36.15,36.87,210.9,,,SAN LORENZO,MEIGGS,2026-06-30T22:25:20.378502Z
46832-0010016533,46832,VIRGEN DE ESTRELLA S.A.C.,2026-04-17,001/0016533,C9T788,20.0,PIEDRA,2,35.14,35.84,205.0,,,SAN LORENZO,MEIGGS,2026-06-30T22:25:20.378525Z
46832-0010016534,46832,VIRGEN DE ESTRELLA S.A.C.,2026-04-17,001/0016534,AJA905,29.0,PIEDRA,2,37.41,38.16,218.28,,,SAN LORENZO,MEIGGS,2026-06-30T22:25:20.378549Z
46832-0010016537,46832,VIRGEN DE ESTRELLA S.A.C.,2026-04-17,001/0016537,D8D861,23.0,PIEDRA,2,36.01,36.73,210.1,,,SAN LORENZO,MEIGGS,2026-06-30T22:25:20.378574Z
46832-0010016539,46832,VIRGEN DE ESTRELLA S.A.C.,2026-04-17,001/0016539,AKE789,31.0,PIEDRA,2,35.56,36.27,207.46,,,SAN LORENZO,MEIGGS,2026-06-30T22:25:20.378601Z
46832-0010016541,46832,VIRGEN DE ESTRELLA S.A.C.,2026-04-17,001/0016541,AWW845,34.0,PIEDRA,2,38.67,39.44,225.6,,,SAN LORENZO,MEIGGS,2026-06-30T22:25:20.378625Z
46832-0010016544,46832,VIRGEN DE ESTRELLA S.A.C.,2026-04-17,001/0016544,BFI758,37.0,PIEDRA,2,38.55,39.32,224.91,,,SAN LORENZO,MEIGGS,2026-06-30T22:25:20.378650Z
46832-0010016504,46832,VIRGEN DE ESTRELLA S.A.C.,2026-04-17,001/0016504,AFX735,25.0,PIEDRA,2,34.57,34.57,197.74,,,SAN LORENZO,MEIGGS,2026-06-30T22:25:20.378706Z
46832-0010016506,46832,VIRGEN DE ESTRELLA S.A.C.,2026-04-17,001/0016506,ABN852,27.0,PIEDRA,2,39.51,39.51,226.0,,,SAN LORENZO,MEIGGS,2026-06-30T22:25:20.378731Z
46832-0010016527,46832,VIRGEN DE ESTRELLA S.A.C.,2026-04-17,001/0016527,AJA905,29.0,PIEDRA,2,35.58,35.58,203.52,,,SAN LORENZO,MEIGGS,2026-06-30T22:25:20.378755Z
46832-0010016543,46832,VIRGEN DE ESTRELLA S.A.C.,2026-04-17,001/0016543,D8D861,23.0,PIEDRA,2,36.16,36.16,206.84,,,SAN LORENZO,MEIGGS,2026-06-30T22:25:20.378781Z
46832-1910577084,46832,VIRGEN DE ESTRELLA S.A.C.,2026-04-18,191/0577084,BYP824,9.0,ARENA,14,37.41,41.9,500.7,,,JICAMARCA,COLLIQUE,2026-06-30T22:25:20.371528Z
46832-1910577079,46832,VIRGEN DE ESTRELLA S.A.C.,2026-04-18,191/0577079,CHS718,45.0,ARENA,14,32.94,36.24,609.9,,,JICAMARCA,SAN ANTONIO,2026-06-30T22:25:20.372662Z
46832-1910577088,46832,VIRGEN DE ESTRELLA S.A.C.,2026-04-18,191/0577088,CCL847,44.0,ARENA,14,31.63,34.8,585.64,,,JICAMARCA,SAN ANTONIO,2026-06-30T22:25:20.372713Z
46832-1910577117,46832,VIRGEN DE ESTRELLA S.A.C.,2026-04-18,191/0577117,C9W737,21.0,ARENA,14,30.83,33.91,570.77,,,JICAMARCA,SAN ANTONIO,2026-06-30T22:25:20.372752Z
46832-1910577162,46832,VIRGEN DE ESTRELLA S.A.C.,2026-04-18,191/0577162,CCL847,44.0,ARENA,14,33.68,37.05,623.47,,,JICAMARCA,SAN ANTONIO,2026-06-30T22:25:20.372791Z
46832-1910577171,46832,VIRGEN DE ESTRELLA S.A.C.,2026-04-18,191/0577171,CBA709,43.0,ARENA,14,33.14,36.46,613.55,,,JICAMARCA,SAN ANTONIO,2026-06-30T22:25:20.372831Z
46832-1910577119,46832,VIRGEN DE ESTRELLA S.A.C.,2026-04-18,191/0577119,CBA709,43.0,PIEDRA,2,34.58,34.58,581.9,,,JICAMARCA,SAN ANTONIO,2026-06-30T22:25:20.372950Z
46832-1950191331,46832,VIRGEN DE ESTRELLA S.A.C.,2026-04-18,195/0191331,CBR796,18.0,PIEDRA,2,37.5,37.5,568.13,,,YERBABUENA,MEIGGS,2026-06-30T22:25:20.373210Z
46832-1950191318,46832,VIRGEN DE ESTRELLA S.A.C.,2026-04-18,195/0191318,F3F817,1.0,PIEDRA,2,39.28,39.28,595.09,,,YERBABUENA,MEIGGS,2026-06-30T22:25:20.373891Z
46832-1950191320,46832,VIRGEN DE ESTRELLA S.A.C.,2026-04-18,195/0191320,ATN880,5.0,PIEDRA,2,39.68,39.68,601.15,,,YERBABUENA,MEIGGS,2026-06-30T22:25:20.373924Z
46832-1950191323,46832,VIRGEN DE ESTRELLA S.A.C.,2026-04-18,195/0191323,CBR872,16.0,PIEDRA,2,39.5,39.5,598.43,,,YERBABUENA,MEIGGS,2026-06-30T22:25:20.373958Z
46832-1950191330,46832,VIRGEN DE ESTRELLA S.A.C.,2026-04-18,195/0191330,CBR854,14.0,PIEDRA,2,39.75,39.75,602.21,,,YERBABUENA,MEIGGS,2026-06-30T22:25:20.373991Z
46832-1950191319,46832,VIRGEN DE ESTRELLA S.A.C.,2026-04-18,195/0191319,C9T788,20.0,ARENA,14,35.04,35.04,530.86,,,YERBABUENA,MEIGGS,2026-06-30T22:25:20.374700Z
46832-1950191321,46832,VIRGEN DE ESTRELLA S.A.C.,2026-04-18,195/0191321,CAZ895,42.0,ARENA,14,36.56,36.56,553.88,,,YERBABUENA,MEIGGS,2026-06-30T22:25:20.374741Z
46832-1950191329,46832,VIRGEN DE ESTRELLA S.A.C.,2026-04-18,195/0191329,AFX735,25.0,ARENA,14,36.12,36.12,547.22,,,YERBABUENA,MEIGGS,2026-06-30T22:25:20.374774Z
46832-1950191332,46832,VIRGEN DE ESTRELLA S.A.C.,2026-04-18,195/0191332,D8D861,23.0,ARENA,14,35.08,35.08,531.46,,,YERBABUENA,MEIGGS,2026-06-30T22:25:20.374805Z
46832-1950191333,46832,VIRGEN DE ESTRELLA S.A.C.,2026-04-18,195/0191333,D8B795,22.0,ARENA,14,37.66,37.66,570.55,,,YERBABUENA,MEIGGS,2026-06-30T22:25:20.374837Z
46832-1950191338,46832,VIRGEN DE ESTRELLA S.A.C.,2026-04-18,195/0191338,AHJ786,28.0,ARENA,14,37.06,37.06,561.46,,,YERBABUENA,MEIGGS,2026-06-30T22:25:20.374869Z
46832-0010016552,46832,VIRGEN DE ESTRELLA S.A.C.,2026-04-18,001/0016552,ABN852,27.0,ARENA,14,33.28,36.94,240.11,,,SAN LORENZO,OQUENDO,2026-06-30T22:25:20.375977Z
46832-0010016553,46832,VIRGEN DE ESTRELLA S.A.C.,2026-04-18,001/0016553,D8E728,24.0,ARENA,14,33.5,37.19,241.74,,,SAN LORENZO,OQUENDO,2026-06-30T22:25:20.376008Z
46832-0010016554,46832,VIRGEN DE ESTRELLA S.A.C.,2026-04-18,001/0016554,AWW845,34.0,ARENA,14,34.99,38.84,252.46,,,SAN LORENZO,OQUENDO,2026-06-30T22:25:20.376039Z
46832-0010016555,46832,VIRGEN DE ESTRELLA S.A.C.,2026-04-18,001/0016555,AKE789,31.0,ARENA,14,33.22,36.87,239.65,,,SAN LORENZO,OQUENDO,2026-06-30T22:25:20.376075Z
46832-0010016548,46832,VIRGEN DE ESTRELLA S.A.C.,2026-04-18,001/0016548,ABN852,27.0,ARENA,14,33.28,36.61,209.41,,,SAN LORENZO,MEIGGS,2026-06-30T22:25:20.377817Z
46832-0010016549,46832,VIRGEN DE ESTRELLA S.A.C.,2026-04-18,001/0016549,D8E728,24.0,ARENA,14,31.73,34.9,199.63,,,SAN LORENZO,MEIGGS,2026-06-30T22:25:20.377845Z
46832-0010016558,46832,VIRGEN DE ESTRELLA S.A.C.,2026-04-18,001/0016558,AKE789,31.0,ARENA,14,33.41,36.75,210.21,,,SAN LORENZO,MEIGGS,2026-06-30T22:25:20.377873Z
46832-0010016559,46832,VIRGEN DE ESTRELLA S.A.C.,2026-04-18,001/0016559,AWW845,34.0,ARENA,14,34.08,37.49,214.44,,,SAN LORENZO,MEIGGS,2026-06-30T22:25:20.377903Z
46832-0010016561,46832,VIRGEN DE ESTRELLA S.A.C.,2026-04-18,001/0016561,C9T788,20.0,ARENA,14,31.71,34.88,199.51,,,SAN LORENZO,MEIGGS,2026-06-30T22:25:20.377929Z
46832-0010016563,46832,VIRGEN DE ESTRELLA S.A.C.,2026-04-18,001/0016563,CAZ895,42.0,ARENA,14,34.44,37.88,216.67,,,SAN LORENZO,MEIGGS,2026-06-30T22:25:20.377955Z
46832-0010016564,46832,VIRGEN DE ESTRELLA S.A.C.,2026-04-18,001/0016564,AKE789,31.0,ARENA,14,34.48,37.93,216.96,,,SAN LORENZO,MEIGGS,2026-06-30T22:25:20.377981Z
46832-0010016566,46832,VIRGEN DE ESTRELLA S.A.C.,2026-04-18,001/0016566,D8D861,23.0,ARENA,14,34.51,37.96,217.13,,,SAN LORENZO,MEIGGS,2026-06-30T22:25:20.378007Z
46832-0010016567,46832,VIRGEN DE ESTRELLA S.A.C.,2026-04-18,001/0016567,ABN852,27.0,ARENA,14,35.65,39.21,224.28,,,SAN LORENZO,MEIGGS,2026-06-30T22:25:20.378041Z
46832-0010016568,46832,VIRGEN DE ESTRELLA S.A.C.,2026-04-18,001/0016568,D8E728,24.0,ARENA,14,34.17,37.59,215.01,,,SAN LORENZO,MEIGGS,2026-06-30T22:25:20.378068Z
46856-1910577184,46856,VIRGEN DE ESTRELLA S.A.C.,2026-04-18,191/0577184,C9W737,21.0,ARENA,14,30.77,34.15,478.1,,,JICAMARCA,VILLA 1,2026-07-01T09:06:07.226444Z
46885-1910577227,46885,VIRGEN DE ESTRELLA S.A.C.,2026-04-20,191/0577227,CBA709,43.0,PIEDRA,2,35.05,35.05,501.57,,,JICAMARCA,CONCRETO PRETENSADO,2026-06-30T22:25:24.056993Z
46856-1910577224,46856,VIRGEN DE ESTRELLA S.A.C.,2026-04-20,191/0577224,C9W737,21.0,PIEDRA,2,33.87,33.87,405.09,,,JICAMARCA,SAN JUAN,2026-07-01T09:06:07.225501Z
46856-1910577274,46856,VIRGEN DE ESTRELLA S.A.C.,2026-04-20,191/0577274,BYP838,10.0,ARENA,14,38.29,42.88,512.84,,,JICAMARCA,SAN JUAN,2026-07-01T09:06:07.225543Z
46856-1910577229,46856,VIRGEN DE ESTRELLA S.A.C.,2026-04-20,191/0577229,BYP824,9.0,ARENA,14,37.21,41.67,497.96,,,JICAMARCA,COLLIQUE,2026-07-01T09:06:07.226330Z
46856-1910577287,46856,VIRGEN DE ESTRELLA S.A.C.,2026-04-20,191/0577287,BYP824,9.0,ARENA,14,38.2,42.02,588.29,,,JICAMARCA,VILLA 1,2026-07-01T09:06:07.226473Z
46856-1910577208,46856,VIRGEN DE ESTRELLA S.A.C.,2026-04-20,191/0577208,CCL847,44.0,PIEDRA,2,36.01,36.01,515.3,,,JICAMARCA,EMBOLSADOS INS. Y SUM.,2026-07-01T09:06:07.226645Z
46856-1910577267,46856,VIRGEN DE ESTRELLA S.A.C.,2026-04-20,191/0577267,CHS718,45.0,ARENA,14,33.65,37.01,622.95,,,JICAMARCA,SAN ANTONIO,2026-07-01T09:06:07.226810Z
46856-1910577269,46856,VIRGEN DE ESTRELLA S.A.C.,2026-04-20,191/0577269,CAZ895,42.0,ARENA,14,33.78,37.15,625.29,,,JICAMARCA,SAN ANTONIO,2026-07-01T09:06:07.226841Z
46856-1910577281,46856,VIRGEN DE ESTRELLA S.A.C.,2026-04-20,191/0577281,CCL847,44.0,ARENA,14,33.2,36.52,614.6,,,JICAMARCA,SAN ANTONIO,2026-07-01T09:06:07.226871Z
46856-1910577296,46856,VIRGEN DE ESTRELLA S.A.C.,2026-04-20,191/0577296,C9W737,21.0,ARENA,14,32.52,35.77,602.08,,,JICAMARCA,SAN ANTONIO,2026-07-01T09:06:07.226897Z
46856-1910577300,46856,VIRGEN DE ESTRELLA S.A.C.,2026-04-20,191/0577300,CBA709,43.0,ARENA,14,34.44,37.88,637.55,,,JICAMARCA,SAN ANTONIO,2026-07-01T09:06:07.226926Z
46856-1910577207,46856,VIRGEN DE ESTRELLA S.A.C.,2026-04-20,191/0577207,CHS718,45.0,PIEDRA,2,35.03,35.03,589.56,,,JICAMARCA,SAN ANTONIO,2026-07-01T09:06:07.227775Z
46856-1950191357,46856,VIRGEN DE ESTRELLA S.A.C.,2026-04-20,195/0191357,ATN880,5.0,PIEDRA,2,43.54,43.54,659.63,,,YERBABUENA,MEIGGS,2026-07-01T09:06:07.228001Z
46856-1950191368,46856,VIRGEN DE ESTRELLA S.A.C.,2026-04-20,195/0191368,CBR854,14.0,PIEDRA,2,42.07,42.07,637.36,,,YERBABUENA,MEIGGS,2026-07-01T09:06:07.228025Z
46856-1950191369,46856,VIRGEN DE ESTRELLA S.A.C.,2026-04-20,195/0191369,CBR796,18.0,PIEDRA,2,43.86,43.86,664.48,,,YERBABUENA,MEIGGS,2026-07-01T09:06:07.228048Z
46856-1950191372,46856,VIRGEN DE ESTRELLA S.A.C.,2026-04-20,195/0191372,CBR872,16.0,PIEDRA,2,42.45,42.45,643.12,,,YERBABUENA,MEIGGS,2026-07-01T09:06:07.228070Z
46856-1950191354,46856,VIRGEN DE ESTRELLA S.A.C.,2026-04-20,195/0191354,F3F817,1.0,ARENA,14,45.31,45.31,686.45,,,YERBABUENA,MEIGGS,2026-07-01T09:06:07.228430Z
46856-1950191355,46856,VIRGEN DE ESTRELLA S.A.C.,2026-04-20,195/0191355,C9T788,20.0,ARENA,14,36.45,36.45,552.22,,,YERBABUENA,MEIGGS,2026-07-01T09:06:07.228455Z
46856-1950191397,46856,VIRGEN DE ESTRELLA S.A.C.,2026-04-20,195/0191397,C9T788,20.0,ARENA,14,35.18,35.18,532.98,,,YERBABUENA,MEIGGS,2026-07-01T09:06:07.228481Z
46856-0010016588,46856,VIRGEN DE ESTRELLA S.A.C.,2026-04-20,001/0016588,D8E728,24.0,PIEDRA,2,35.56,36.45,277.02,,,SAN LORENZO,COLLIQUE,2026-07-01T09:06:07.229245Z
46856-0010016591,46856,VIRGEN DE ESTRELLA S.A.C.,2026-04-20,001/0016591,ATN880,5.0,PIEDRA,2,44.43,45.54,346.1,,,SAN LORENZO,COLLIQUE,2026-07-01T09:06:07.229269Z
46856-0010016595,46856,VIRGEN DE ESTRELLA S.A.C.,2026-04-20,001/0016595,CBR872,16.0,PIEDRA,2,40.19,41.19,313.04,,,SAN LORENZO,COLLIQUE,2026-07-01T09:06:07.229291Z
46856-0010016601,46856,VIRGEN DE ESTRELLA S.A.C.,2026-04-20,001/0016601,CBR854,14.0,PIEDRA,2,42.42,43.48,330.45,,,SAN LORENZO,COLLIQUE,2026-07-01T09:06:07.229313Z
46856-0010016602,46856,VIRGEN DE ESTRELLA S.A.C.,2026-04-20,001/0016602,CBR854,14.0,PIEDRA,2,37.63,38.57,293.13,,,SAN LORENZO,COLLIQUE,2026-07-01T09:06:07.229335Z
46856-0010016604,46856,VIRGEN DE ESTRELLA S.A.C.,2026-04-20,001/0016604,CBR796,18.0,PIEDRA,2,37.52,38.46,292.3,,,SAN LORENZO,COLLIQUE,2026-07-01T09:06:07.229357Z
46856-0010016585,46856,VIRGEN DE ESTRELLA S.A.C.,2026-04-20,001/0016585,AJC805,30.0,ARENA,14,37.26,41.36,268.84,,,SAN LORENZO,OQUENDO,2026-07-01T09:06:07.230325Z
46856-0010016594,46856,VIRGEN DE ESTRELLA S.A.C.,2026-04-20,001/0016594,AHJ786,28.0,ARENA,14,37.06,41.14,267.41,,,SAN LORENZO,OQUENDO,2026-07-01T09:06:07.230349Z
46856-0010016597,46856,VIRGEN DE ESTRELLA S.A.C.,2026-04-20,001/0016597,AWW845,34.0,ARENA,14,37.41,41.53,269.95,,,SAN LORENZO,OQUENDO,2026-07-01T09:06:07.230372Z
46856-0010016609,46856,VIRGEN DE ESTRELLA S.A.C.,2026-04-20,001/0016609,AJA905,29.0,ARENA,14,35.74,39.67,257.86,,,SAN LORENZO,OQUENDO,2026-07-01T09:06:07.230400Z
46856-0010016584,46856,VIRGEN DE ESTRELLA S.A.C.,2026-04-20,001/0016584,AWH708,33.0,PIEDRA,2,38.31,39.46,256.49,,,SAN LORENZO,OQUENDO,2026-07-01T09:06:07.230423Z
46856-0010016608,46856,VIRGEN DE ESTRELLA S.A.C.,2026-04-20,001/0016608,ABN852,27.0,PIEDRA,2,37.23,38.35,249.28,,,SAN LORENZO,OQUENDO,2026-07-01T09:06:07.230446Z
46856-0010016573,46856,VIRGEN DE ESTRELLA S.A.C.,2026-04-20,001/0016573,AHJ786,28.0,ARENA,14,34.35,38.81,254.98,,,SAN LORENZO,MATERIALES,2026-07-01T09:06:07.230519Z
46856-0010016575,46856,VIRGEN DE ESTRELLA S.A.C.,2026-04-20,001/0016575,AKE789,31.0,ARENA,14,33.23,37.55,246.7,,,SAN LORENZO,MATERIALES,2026-07-01T09:06:07.230544Z
46856-0010016576,46856,VIRGEN DE ESTRELLA S.A.C.,2026-04-20,001/0016576,AWW845,34.0,ARENA,14,35.34,39.93,262.34,,,SAN LORENZO,MATERIALES,2026-07-01T09:06:07.230575Z
46856-0010016578,46856,VIRGEN DE ESTRELLA S.A.C.,2026-04-20,001/0016578,AJA905,29.0,ARENA,14,33.59,37.96,249.4,,,SAN LORENZO,MATERIALES,2026-07-01T09:06:07.230600Z
46856-0010016579,46856,VIRGEN DE ESTRELLA S.A.C.,2026-04-20,001/0016579,D8D861,23.0,ARENA,14,34.08,38.51,253.01,,,SAN LORENZO,MATERIALES,2026-07-01T09:06:07.230627Z
46856-0010016580,46856,VIRGEN DE ESTRELLA S.A.C.,2026-04-20,001/0016580,ABN852,27.0,ARENA,14,36.55,41.3,271.34,,,SAN LORENZO,MATERIALES,2026-07-01T09:06:07.230652Z
46856-0010016583,46856,VIRGEN DE ESTRELLA S.A.C.,2026-04-20,001/0016583,BFI758,37.0,ARENA,14,38.42,43.42,285.27,,,SAN LORENZO,MATERIALES,2026-07-01T09:06:07.230676Z
46856-0010016596,46856,VIRGEN DE ESTRELLA S.A.C.,2026-04-20,001/0016596,D8D861,23.0,ARENA,14,35.45,40.06,263.19,,,SAN LORENZO,MATERIALES,2026-07-01T09:06:07.230700Z
46856-0010016598,46856,VIRGEN DE ESTRELLA S.A.C.,2026-04-20,001/0016598,AJC805,30.0,ARENA,14,39.09,44.17,290.2,,,SAN LORENZO,MATERIALES,2026-07-01T09:06:07.230734Z
46856-0010016600,46856,VIRGEN DE ESTRELLA S.A.C.,2026-04-20,001/0016600,AWH708,33.0,ARENA,14,34.81,39.33,258.4,,,SAN LORENZO,MATERIALES,2026-07-01T09:06:07.230758Z
46856-0010016603,46856,VIRGEN DE ESTRELLA S.A.C.,2026-04-20,001/0016603,AKE789,31.0,ARENA,14,33.73,38.11,250.38,,,SAN LORENZO,MATERIALES,2026-07-01T09:06:07.230782Z
46856-0010016606,46856,VIRGEN DE ESTRELLA S.A.C.,2026-04-20,001/0016606,D8E728,24.0,ARENA,14,32.96,37.25,244.73,,,SAN LORENZO,MATERIALES,2026-07-01T09:06:07.230808Z
46856-0010016582,46856,VIRGEN DE ESTRELLA S.A.C.,2026-04-20,001/0016582,D8E728,24.0,ARENA,14,34.69,38.51,220.28,,,SAN LORENZO,MEIGGS,2026-07-01T09:06:07.232252Z
46856-0010016610,46856,VIRGEN DE ESTRELLA S.A.C.,2026-04-20,001/0016610,BFI758,37.0,ARENA,14,36.67,40.7,232.8,,,SAN LORENZO,MEIGGS,2026-07-01T09:06:07.232281Z
46856-0010016611,46856,VIRGEN DE ESTRELLA S.A.C.,2026-04-20,001/0016611,AHJ786,28.0,ARENA,14,35.58,39.49,225.88,,,SAN LORENZO,MEIGGS,2026-07-01T09:06:07.232307Z
46856-0010016613,46856,VIRGEN DE ESTRELLA S.A.C.,2026-04-20,001/0016613,AWW845,34.0,ARENA,14,33.99,37.73,215.82,,,SAN LORENZO,MEIGGS,2026-07-01T09:06:07.232333Z
46856-0010016616,46856,VIRGEN DE ESTRELLA S.A.C.,2026-04-20,001/0016616,AJA905,29.0,ARENA,14,33.42,37.1,212.21,,,SAN LORENZO,MEIGGS,2026-07-01T09:06:07.232359Z
46856-0010016620,46856,VIRGEN DE ESTRELLA S.A.C.,2026-04-20,001/0016620,C9T788,20.0,ARENA,14,32.77,36.38,208.09,,,SAN LORENZO,MEIGGS,2026-07-01T09:06:07.232388Z
46856-0010016622,46856,VIRGEN DE ESTRELLA S.A.C.,2026-04-20,001/0016622,AJC805,30.0,ARENA,14,37.64,41.78,238.98,,,SAN LORENZO,MEIGGS,2026-07-01T09:06:07.232418Z
46856-0010016624,46856,VIRGEN DE ESTRELLA S.A.C.,2026-04-20,001/0016624,AHJ786,28.0,ARENA,14,36.73,40.77,233.2,,,SAN LORENZO,MEIGGS,2026-07-01T09:06:07.232443Z
46856-0010016621,46856,VIRGEN DE ESTRELLA S.A.C.,2026-04-20,001/0016621,AWH708,33.0,PIEDRA,2,36.9,37.64,215.3,,,SAN LORENZO,MEIGGS,2026-07-01T09:06:07.233594Z
46856-0010016623,46856,VIRGEN DE ESTRELLA S.A.C.,2026-04-20,001/0016623,BFI758,37.0,PIEDRA,2,39.88,40.68,232.69,,,SAN LORENZO,MEIGGS,2026-07-01T09:06:07.233618Z
46856-0010016625,46856,VIRGEN DE ESTRELLA S.A.C.,2026-04-20,001/0016625,AKE789,31.0,PIEDRA,2,36.67,37.4,213.93,,,SAN LORENZO,MEIGGS,2026-07-01T09:06:07.233642Z
46856-0010016626,46856,VIRGEN DE ESTRELLA S.A.C.,2026-04-20,001/0016626,AJA905,29.0,PIEDRA,2,35.91,36.63,209.52,,,SAN LORENZO,MEIGGS,2026-07-01T09:06:07.233667Z
46856-0010016627,46856,VIRGEN DE ESTRELLA S.A.C.,2026-04-20,001/0016627,D8D861,23.0,PIEDRA,2,36.29,37.02,211.75,,,SAN LORENZO,MEIGGS,2026-07-01T09:06:07.233691Z
46856-1910577463,46856,VIRGEN DE ESTRELLA S.A.C.,2026-04-21,191/0577463,BYP824,9.0,ARENA,14,36.13,40.47,484.02,,,JICAMARCA,SAN JUAN,2026-07-01T09:06:07.225577Z
46856-1910577513,46856,VIRGEN DE ESTRELLA S.A.C.,2026-04-21,191/0577513,C9W737,21.0,ARENA,14,31.34,35.1,419.8,,,JICAMARCA,SAN JUAN,2026-07-01T09:06:07.225614Z
46856-1910577363,46856,VIRGEN DE ESTRELLA S.A.C.,2026-04-21,191/0577363,BYP824,9.0,ARENA,14,36.68,41.45,411.57,,,JICAMARCA,ANCIETA,2026-07-01T09:06:07.225753Z
46856-1910577364,46856,VIRGEN DE ESTRELLA S.A.C.,2026-04-21,191/0577364,BYP838,10.0,PIEDRA,2,42.39,42.39,420.96,,,JICAMARCA,ANCIETA,2026-07-01T09:06:07.226005Z
46856-1910577434,46856,VIRGEN DE ESTRELLA S.A.C.,2026-04-21,191/0577434,BYP838,10.0,ARENA,14,38.63,43.27,517.08,,,JICAMARCA,COLLIQUE,2026-07-01T09:06:07.226360Z
46856-1910577497,46856,VIRGEN DE ESTRELLA S.A.C.,2026-04-21,191/0577497,BYP838,10.0,ARENA,14,39.34,44.06,526.52,,,JICAMARCA,COLLIQUE,2026-07-01T09:06:07.226388Z
46856-1910577499,46856,VIRGEN DE ESTRELLA S.A.C.,2026-04-21,191/0577499,BYP824,9.0,ARENA,14,36.49,40.14,561.96,,,JICAMARCA,VILLA 1,2026-07-01T09:06:07.226505Z
46856-1910577481,46856,VIRGEN DE ESTRELLA S.A.C.,2026-04-21,191/0577481,CHS718,45.0,PIEDRA,2,35.13,35.13,414.18,,,JICAMARCA,MATERIALES,2026-07-01T09:06:07.226588Z
46856-1910577443,46856,VIRGEN DE ESTRELLA S.A.C.,2026-04-21,191/0577443,CCL847,44.0,PIEDRA,2,37.04,37.04,530.04,,,JICAMARCA,EMBOLSADOS INS. Y SUM.,2026-07-01T09:06:07.226671Z
46856-1910577454,46856,VIRGEN DE ESTRELLA S.A.C.,2026-04-21,191/0577454,CAZ895,42.0,PIEDRA,2,36.6,36.6,523.75,,,JICAMARCA,EMBOLSADOS INS. Y SUM.,2026-07-01T09:06:07.226696Z
46856-1910577368,46856,VIRGEN DE ESTRELLA S.A.C.,2026-04-21,191/0577368,CAZ895,42.0,ARENA,14,32.51,35.76,601.82,,,JICAMARCA,SAN ANTONIO,2026-07-01T09:06:07.226954Z
46856-1910577369,46856,VIRGEN DE ESTRELLA S.A.C.,2026-04-21,191/0577369,CCL847,44.0,ARENA,14,31.94,35.14,591.38,,,JICAMARCA,SAN ANTONIO,2026-07-01T09:06:07.226981Z
46856-1910577415,46856,VIRGEN DE ESTRELLA S.A.C.,2026-04-21,191/0577415,CBA709,43.0,ARENA,14,34.17,37.59,632.6,,,JICAMARCA,SAN ANTONIO,2026-07-01T09:06:07.227007Z
46856-1910577435,46856,VIRGEN DE ESTRELLA S.A.C.,2026-04-21,191/0577435,CHS718,45.0,ARENA,14,32.17,35.39,595.55,,,JICAMARCA,SAN ANTONIO,2026-07-01T09:06:07.227033Z
46856-1910577465,46856,VIRGEN DE ESTRELLA S.A.C.,2026-04-21,191/0577465,CBA709,43.0,ARENA,14,32.86,36.15,608.34,,,JICAMARCA,SAN ANTONIO,2026-07-01T09:06:07.227059Z
46856-1910577389,46856,VIRGEN DE ESTRELLA S.A.C.,2026-04-21,191/0577389,C9W737,21.0,PIEDRA,2,32.82,32.82,552.36,,,JICAMARCA,SAN ANTONIO,2026-07-01T09:06:07.227559Z
46856-1910577359,46856,VIRGEN DE ESTRELLA S.A.C.,2026-04-21,191/0577359,CHS718,45.0,PIEDRA,2,33.29,33.29,560.34,,,JICAMARCA,SAN ANTONIO,2026-07-01T09:06:07.227607Z
46856-1910577413,46856,VIRGEN DE ESTRELLA S.A.C.,2026-04-21,191/0577413,BYP824,9.0,PIEDRA,2,38.66,38.66,650.6,,,JICAMARCA,SAN ANTONIO,2026-07-01T09:06:07.227632Z
46856-1910577449,46856,VIRGEN DE ESTRELLA S.A.C.,2026-04-21,191/0577449,C9W737,21.0,PIEDRA,2,34.24,34.24,576.2,,,JICAMARCA,SAN ANTONIO,2026-07-01T09:06:07.227798Z
46856-1950191446,46856,VIRGEN DE ESTRELLA S.A.C.,2026-04-21,195/0191446,CBR854,14.0,ARENA,14,40.3,40.7,600.33,,,YERBABUENA,MATERIALES,2026-07-01T09:06:07.227826Z
46856-1950191473,46856,VIRGEN DE ESTRELLA S.A.C.,2026-04-21,195/0191473,F3F817,1.0,PIEDRA,2,39.41,39.41,597.06,,,YERBABUENA,MEIGGS,2026-07-01T09:06:07.227849Z
46856-1950191484,46856,VIRGEN DE ESTRELLA S.A.C.,2026-04-21,195/0191484,AWH708,33.0,PIEDRA,2,34.14,34.14,517.22,,,YERBABUENA,MEIGGS,2026-07-01T09:06:07.227872Z
46856-1950191418,46856,VIRGEN DE ESTRELLA S.A.C.,2026-04-21,195/0191418,C9T788,20.0,ARENA,14,37.28,37.28,564.79,,,YERBABUENA,MEIGGS,2026-07-01T09:06:07.228506Z
46856-1950191419,46856,VIRGEN DE ESTRELLA S.A.C.,2026-04-21,195/0191419,F3F817,1.0,ARENA,14,43.15,43.15,653.72,,,YERBABUENA,MEIGGS,2026-07-01T09:06:07.228533Z
46856-1950191426,46856,VIRGEN DE ESTRELLA S.A.C.,2026-04-21,195/0191426,AWH708,33.0,ARENA,14,39.6,39.6,599.94,,,YERBABUENA,MEIGGS,2026-07-01T09:06:07.228558Z
46856-1950191427,46856,VIRGEN DE ESTRELLA S.A.C.,2026-04-21,195/0191427,CBR796,18.0,ARENA,14,41.8,41.8,633.27,,,YERBABUENA,MEIGGS,2026-07-01T09:06:07.228582Z
46856-1950191428,46856,VIRGEN DE ESTRELLA S.A.C.,2026-04-21,195/0191428,D8D861,23.0,ARENA,14,38.0,38.0,575.7,,,YERBABUENA,MEIGGS,2026-07-01T09:06:07.228607Z
46856-1950191434,46856,VIRGEN DE ESTRELLA S.A.C.,2026-04-21,195/0191434,ATN880,5.0,ARENA,14,46.63,46.63,706.44,,,YERBABUENA,MEIGGS,2026-07-01T09:06:07.228632Z
46856-1950191437,46856,VIRGEN DE ESTRELLA S.A.C.,2026-04-21,195/0191437,AFX735,25.0,ARENA,14,31.52,31.52,477.53,,,YERBABUENA,MEIGGS,2026-07-01T09:06:07.228656Z
46856-1950191438,46856,VIRGEN DE ESTRELLA S.A.C.,2026-04-21,195/0191438,AWW871,32.0,ARENA,14,40.52,40.52,613.88,,,YERBABUENA,MEIGGS,2026-07-01T09:06:07.228681Z
46856-1950191450,46856,VIRGEN DE ESTRELLA S.A.C.,2026-04-21,195/0191450,CBR872,16.0,ARENA,14,36.65,36.65,555.25,,,YERBABUENA,MEIGGS,2026-07-01T09:06:07.228704Z
46856-1950191451,46856,VIRGEN DE ESTRELLA S.A.C.,2026-04-21,195/0191451,CBR854,14.0,ARENA,14,41.22,41.22,624.48,,,YERBABUENA,MEIGGS,2026-07-01T09:06:07.228739Z
46856-1950191493,46856,VIRGEN DE ESTRELLA S.A.C.,2026-04-21,195/0191493,CBR854,14.0,ARENA,14,41.5,41.5,628.73,,,YERBABUENA,MEIGGS,2026-07-01T09:06:07.228786Z
46856-0010016645,46856,VIRGEN DE ESTRELLA S.A.C.,2026-04-21,001/0016645,AKE789,31.0,PIEDRA,2,36.74,37.66,286.22,,,SAN LORENZO,COLLIQUE,2026-07-01T09:06:07.229379Z
46856-0010016646,46856,VIRGEN DE ESTRELLA S.A.C.,2026-04-21,001/0016646,AWW845,34.0,PIEDRA,2,38.87,39.84,302.78,,,SAN LORENZO,COLLIQUE,2026-07-01T09:06:07.229403Z
46856-0010016648,46856,VIRGEN DE ESTRELLA S.A.C.,2026-04-21,001/0016648,C9T788,20.0,PIEDRA,2,36.41,37.32,283.63,,,SAN LORENZO,COLLIQUE,2026-07-01T09:06:07.229425Z
46856-0010016651,46856,VIRGEN DE ESTRELLA S.A.C.,2026-04-21,001/0016651,AJA905,29.0,PIEDRA,2,37.97,38.92,295.79,,,SAN LORENZO,COLLIQUE,2026-07-01T09:06:07.229447Z
46856-0010016655,46856,VIRGEN DE ESTRELLA S.A.C.,2026-04-21,001/0016655,ATN880,5.0,PIEDRA,2,45.23,46.36,352.34,,,SAN LORENZO,COLLIQUE,2026-07-01T09:06:07.229468Z
46856-0010016662,46856,VIRGEN DE ESTRELLA S.A.C.,2026-04-21,001/0016662,CBR796,18.0,PIEDRA,2,37.51,38.45,292.22,,,SAN LORENZO,COLLIQUE,2026-07-01T09:06:07.229493Z
46856-0010016663,46856,VIRGEN DE ESTRELLA S.A.C.,2026-04-21,001/0016663,CBR872,16.0,PIEDRA,2,37.35,38.28,290.93,,,SAN LORENZO,COLLIQUE,2026-07-01T09:06:07.229514Z
46856-0010016667,46856,VIRGEN DE ESTRELLA S.A.C.,2026-04-21,001/0016667,AKE789,31.0,PIEDRA,2,36.93,38.04,247.26,,,SAN LORENZO,OQUENDO,2026-07-01T09:06:07.230470Z
46856-0010016668,46856,VIRGEN DE ESTRELLA S.A.C.,2026-04-21,001/0016668,D8E728,24.0,PIEDRA,2,35.03,36.08,234.52,,,SAN LORENZO,OQUENDO,2026-07-01T09:06:07.230494Z
46856-0010016631,46856,VIRGEN DE ESTRELLA S.A.C.,2026-04-21,001/0016631,ABN852,27.0,ARENA,14,37.47,42.34,278.17,,,SAN LORENZO,MATERIALES,2026-07-01T09:06:07.230834Z
46856-0010016632,46856,VIRGEN DE ESTRELLA S.A.C.,2026-04-21,001/0016632,AJA905,29.0,ARENA,14,36.26,40.97,269.17,,,SAN LORENZO,MATERIALES,2026-07-01T09:06:07.230859Z
46856-0010016633,46856,VIRGEN DE ESTRELLA S.A.C.,2026-04-21,001/0016633,AWW845,34.0,ARENA,14,36.22,40.93,268.91,,,SAN LORENZO,MATERIALES,2026-07-01T09:06:07.230884Z
46856-0010016638,46856,VIRGEN DE ESTRELLA S.A.C.,2026-04-21,001/0016638,AJC805,30.0,ARENA,14,37.1,41.92,275.41,,,SAN LORENZO,MATERIALES,2026-07-01T09:06:07.230908Z
46856-0010016639,46856,VIRGEN DE ESTRELLA S.A.C.,2026-04-21,001/0016639,D8E728,24.0,ARENA,14,35.04,39.59,260.11,,,SAN LORENZO,MATERIALES,2026-07-01T09:06:07.230932Z
46856-0010016656,46856,VIRGEN DE ESTRELLA S.A.C.,2026-04-21,001/0016656,ABN852,27.0,ARENA,14,39.5,44.63,293.22,,,SAN LORENZO,MATERIALES,2026-07-01T09:06:07.230957Z
46856-0010016658,46856,VIRGEN DE ESTRELLA S.A.C.,2026-04-21,001/0016658,AWW871,32.0,ARENA,14,37.64,42.53,279.42,,,SAN LORENZO,MATERIALES,2026-07-01T09:06:07.230982Z
46856-0010016660,46856,VIRGEN DE ESTRELLA S.A.C.,2026-04-21,001/0016660,BFI758,37.0,ARENA,14,37.76,42.67,280.34,,,SAN LORENZO,MATERIALES,2026-07-01T09:06:07.231011Z
46856-0010016636,46856,VIRGEN DE ESTRELLA S.A.C.,2026-04-21,001/0016636,AKE789,31.0,ARENA,14,32.59,36.18,206.95,,,SAN LORENZO,MEIGGS,2026-07-01T09:06:07.232469Z
46856-0010016642,46856,VIRGEN DE ESTRELLA S.A.C.,2026-04-21,001/0016642,ABN852,27.0,ARENA,14,36.33,40.33,230.69,,,SAN LORENZO,MEIGGS,2026-07-01T09:06:07.232496Z
46856-0010016647,46856,VIRGEN DE ESTRELLA S.A.C.,2026-04-21,001/0016647,D8B795,22.0,ARENA,14,30.01,33.31,190.53,,,SAN LORENZO,MEIGGS,2026-07-01T09:06:07.232523Z
46856-0010016652,46856,VIRGEN DE ESTRELLA S.A.C.,2026-04-21,001/0016652,AJC805,30.0,ARENA,14,34.94,38.78,221.82,,,SAN LORENZO,MEIGGS,2026-07-01T09:06:07.232550Z
46856-0010016659,46856,VIRGEN DE ESTRELLA S.A.C.,2026-04-21,001/0016659,AFX735,25.0,ARENA,14,31.68,35.16,201.12,,,SAN LORENZO,MEIGGS,2026-07-01T09:06:07.232575Z
46856-0010016666,46856,VIRGEN DE ESTRELLA S.A.C.,2026-04-21,001/0016666,AJC805,30.0,ARENA,14,36.5,40.51,231.72,,,SAN LORENZO,MEIGGS,2026-07-01T09:06:07.232600Z
46856-0010016675,46856,VIRGEN DE ESTRELLA S.A.C.,2026-04-21,001/0016675,D8B795,22.0,ARENA,14,32.96,36.59,209.29,,,SAN LORENZO,MEIGGS,2026-07-01T09:06:07.232628Z
46856-0010016676,46856,VIRGEN DE ESTRELLA S.A.C.,2026-04-21,001/0016676,ABN852,27.0,ARENA,14,38.65,42.9,245.39,,,SAN LORENZO,MEIGGS,2026-07-01T09:06:07.232659Z
46856-0010016653,46856,VIRGEN DE ESTRELLA S.A.C.,2026-04-21,001/0016653,D8E728,24.0,PIEDRA,2,37.42,38.17,218.33,,,SAN LORENZO,MEIGGS,2026-07-01T09:06:07.233723Z
46856-0010016664,46856,VIRGEN DE ESTRELLA S.A.C.,2026-04-21,001/0016664,D8D861,23.0,PIEDRA,2,37.03,37.77,216.04,,,SAN LORENZO,MEIGGS,2026-07-01T09:06:07.233749Z
46856-0010016671,46856,VIRGEN DE ESTRELLA S.A.C.,2026-04-21,001/0016671,AJC805,30.0,PIEDRA,2,38.28,39.05,223.37,,,SAN LORENZO,MEIGGS,2026-07-01T09:06:07.233773Z
46856-0010016672,46856,VIRGEN DE ESTRELLA S.A.C.,2026-04-21,001/0016672,AHJ786,28.0,PIEDRA,2,38.77,39.55,226.23,,,SAN LORENZO,MEIGGS,2026-07-01T09:06:07.233802Z
46856-0010016673,46856,VIRGEN DE ESTRELLA S.A.C.,2026-04-21,001/0016673,AFX735,25.0,PIEDRA,2,36.38,37.11,212.27,,,SAN LORENZO,MEIGGS,2026-07-01T09:06:07.233827Z
46856-0010016677,46856,VIRGEN DE ESTRELLA S.A.C.,2026-04-21,001/0016677,AWW871,32.0,PIEDRA,2,39.09,39.87,228.06,,,SAN LORENZO,MEIGGS,2026-07-01T09:06:07.233852Z
46856-0010016678,46856,VIRGEN DE ESTRELLA S.A.C.,2026-04-21,001/0016678,BFI758,37.0,PIEDRA,2,39.12,39.9,228.23,,,SAN LORENZO,MEIGGS,2026-07-01T09:06:07.233876Z
46856-0010016665,46856,VIRGEN DE ESTRELLA S.A.C.,2026-04-21,001/0016665,D8B795,22.0,PIEDRA,2,34.95,34.95,199.91,,,SAN LORENZO,MEIGGS,2026-07-01T09:06:07.234435Z
46856-0010016670,46856,VIRGEN DE ESTRELLA S.A.C.,2026-04-21,001/0016670,AWW845,34.0,PIEDRA,2,39.89,39.89,228.17,,,SAN LORENZO,MEIGGS,2026-07-01T09:06:07.234458Z
46856-1910577601,46856,VIRGEN DE ESTRELLA S.A.C.,2026-04-22,191/0577601,CAZ895,42.0,PIEDRA,2,36.86,36.86,440.85,,,JICAMARCA,SAN JUAN,2026-07-01T09:06:07.225341Z
46856-1910577641,46856,VIRGEN DE ESTRELLA S.A.C.,2026-04-22,191/0577641,BYP824,9.0,PIEDRA,2,40.77,40.77,487.61,,,JICAMARCA,SAN JUAN,2026-07-01T09:06:07.225417Z
46856-1910577598,46856,VIRGEN DE ESTRELLA S.A.C.,2026-04-22,191/0577598,BYP824,9.0,ARENA,14,38.39,43.0,514.28,,,JICAMARCA,SAN JUAN,2026-07-01T09:06:07.225651Z
46856-1910577638,46856,VIRGEN DE ESTRELLA S.A.C.,2026-04-22,191/0577638,C9W737,21.0,ARENA,14,31.09,34.82,416.45,,,JICAMARCA,SAN JUAN,2026-07-01T09:06:07.225682Z
46856-1910577547,46856,VIRGEN DE ESTRELLA S.A.C.,2026-04-22,191/0577547,BYP824,9.0,PIEDRA,2,37.38,37.38,371.18,,,JICAMARCA,ANCIETA,2026-07-01T09:06:07.225951Z
46856-1910577551,46856,VIRGEN DE ESTRELLA S.A.C.,2026-04-22,191/0577551,CAZ895,42.0,PIEDRA,2,36.66,36.66,364.01,,,JICAMARCA,ANCIETA,2026-07-01T09:06:07.226032Z
46856-1910577622,46856,VIRGEN DE ESTRELLA S.A.C.,2026-04-22,191/0577622,CCL847,44.0,PIEDRA,2,36.56,36.56,523.17,,,JICAMARCA,EMBOLSADOS INS. Y SUM.,2026-07-01T09:06:07.226732Z
46856-1910577639,46856,VIRGEN DE ESTRELLA S.A.C.,2026-04-22,191/0577639,CBA709,43.0,PIEDRA,2,35.34,35.34,505.72,,,JICAMARCA,EMBOLSADOS INS. Y SUM.,2026-07-01T09:06:07.226757Z
46856-1910577553,46856,VIRGEN DE ESTRELLA S.A.C.,2026-04-22,191/0577553,CCL847,44.0,PIEDRA,2,36.22,36.22,609.64,,,JICAMARCA,SAN ANTONIO,2026-07-01T09:06:07.227654Z
46856-1910577577,46856,VIRGEN DE ESTRELLA S.A.C.,2026-04-22,191/0577577,C9W737,21.0,PIEDRA,2,33.34,33.34,561.12,,,JICAMARCA,SAN ANTONIO,2026-07-01T09:06:07.227677Z
46856-1910577595,46856,VIRGEN DE ESTRELLA S.A.C.,2026-04-22,191/0577595,CBA709,43.0,PIEDRA,2,37.4,37.4,629.47,,,JICAMARCA,SAN ANTONIO,2026-07-01T09:06:07.227702Z
46856-1950191541,46856,VIRGEN DE ESTRELLA S.A.C.,2026-04-22,195/0191541,CBR854,14.0,PIEDRA,2,39.27,39.27,594.94,,,YERBABUENA,MEIGGS,2026-07-01T09:06:07.227896Z
46856-1950191543,46856,VIRGEN DE ESTRELLA S.A.C.,2026-04-22,195/0191543,ATN880,5.0,PIEDRA,2,39.54,39.54,599.03,,,YERBABUENA,MEIGGS,2026-07-01T09:06:07.227925Z
46856-1950191540,46856,VIRGEN DE ESTRELLA S.A.C.,2026-04-22,195/0191540,AFX735,25.0,PIEDRA,2,36.03,36.03,545.85,,,YERBABUENA,MEIGGS,2026-07-01T09:06:07.228093Z
46856-1950191542,46856,VIRGEN DE ESTRELLA S.A.C.,2026-04-22,195/0191542,F3F817,1.0,PIEDRA,2,42.65,42.65,646.15,,,YERBABUENA,MEIGGS,2026-07-01T09:06:07.228116Z
46856-1950191492,46856,VIRGEN DE ESTRELLA S.A.C.,2026-04-22,195/0191492,C9T788,20.0,ARENA,14,37.08,37.08,561.76,,,YERBABUENA,MEIGGS,2026-07-01T09:06:07.228762Z
46856-1950191538,46856,VIRGEN DE ESTRELLA S.A.C.,2026-04-22,195/0191538,AWH708,33.0,ARENA,14,33.98,33.98,514.8,,,YERBABUENA,MEIGGS,2026-07-01T09:06:07.228809Z
46856-1950191539,46856,VIRGEN DE ESTRELLA S.A.C.,2026-04-22,195/0191539,C9T788,20.0,ARENA,14,33.51,33.51,507.68,,,YERBABUENA,MEIGGS,2026-07-01T09:06:07.228832Z
46856-1950191544,46856,VIRGEN DE ESTRELLA S.A.C.,2026-04-22,195/0191544,AWH708,33.0,ARENA,14,34.67,34.67,525.25,,,YERBABUENA,MEIGGS,2026-07-01T09:06:07.228860Z
46856-1950191559,46856,VIRGEN DE ESTRELLA S.A.C.,2026-04-22,195/0191559,AFX735,25.0,ARENA,14,34.69,34.69,525.55,,,YERBABUENA,MEIGGS,2026-07-01T09:06:07.228882Z
46856-0010016683,46856,VIRGEN DE ESTRELLA S.A.C.,2026-04-22,001/0016683,ABN852,27.0,PIEDRA,2,37.72,38.66,293.82,,,SAN LORENZO,COLLIQUE,2026-07-01T09:06:07.229536Z
46856-0010016684,46856,VIRGEN DE ESTRELLA S.A.C.,2026-04-22,001/0016684,AWW845,34.0,PIEDRA,2,36.47,37.38,284.09,,,SAN LORENZO,COLLIQUE,2026-07-01T09:06:07.229557Z
46856-0010016685,46856,VIRGEN DE ESTRELLA S.A.C.,2026-04-22,001/0016685,D8B795,22.0,PIEDRA,2,34.77,35.64,270.86,,,SAN LORENZO,COLLIQUE,2026-07-01T09:06:07.229578Z
46856-0010016697,46856,VIRGEN DE ESTRELLA S.A.C.,2026-04-22,001/0016697,AWW871,32.0,PIEDRA,2,38.54,39.5,300.2,,,SAN LORENZO,COLLIQUE,2026-07-01T09:06:07.229601Z
46856-0010016701,46856,VIRGEN DE ESTRELLA S.A.C.,2026-04-22,001/0016701,ATN880,5.0,PIEDRA,2,43.89,44.99,341.92,,,SAN LORENZO,COLLIQUE,2026-07-01T09:06:07.229625Z
46856-0010016703,46856,VIRGEN DE ESTRELLA S.A.C.,2026-04-22,001/0016703,CBR854,14.0,PIEDRA,2,37.97,38.92,295.79,,,SAN LORENZO,COLLIQUE,2026-07-01T09:06:07.229646Z
46856-0010016708,46856,VIRGEN DE ESTRELLA S.A.C.,2026-04-22,001/0016708,F3F817,1.0,PIEDRA,2,43.43,44.52,338.35,,,SAN LORENZO,COLLIQUE,2026-07-01T09:06:07.229668Z
46856-0010016686,46856,VIRGEN DE ESTRELLA S.A.C.,2026-04-22,001/0016686,D8E728,24.0,ARENA,14,33.0,36.8,210.5,,,SAN LORENZO,MEIGGS,2026-07-01T09:06:07.232690Z
46856-0010016687,46856,VIRGEN DE ESTRELLA S.A.C.,2026-04-22,001/0016687,AWW871,32.0,ARENA,14,36.15,40.31,230.57,,,SAN LORENZO,MEIGGS,2026-07-01T09:06:07.232723Z
46856-0010016692,46856,VIRGEN DE ESTRELLA S.A.C.,2026-04-22,001/0016692,AJC805,30.0,ARENA,14,36.29,40.46,231.43,,,SAN LORENZO,MEIGGS,2026-07-01T09:06:07.232750Z
46856-0010016695,46856,VIRGEN DE ESTRELLA S.A.C.,2026-04-22,001/0016695,D8E728,24.0,ARENA,14,33.63,37.5,214.5,,,SAN LORENZO,MEIGGS,2026-07-01T09:06:07.232777Z
46856-0010016696,46856,VIRGEN DE ESTRELLA S.A.C.,2026-04-22,001/0016696,ABN852,27.0,ARENA,14,35.63,39.73,227.26,,,SAN LORENZO,MEIGGS,2026-07-01T09:06:07.232805Z
46856-0010016698,46856,VIRGEN DE ESTRELLA S.A.C.,2026-04-22,001/0016698,AJC805,30.0,ARENA,14,36.22,40.38,230.97,,,SAN LORENZO,MEIGGS,2026-07-01T09:06:07.232832Z
46856-0010016700,46856,VIRGEN DE ESTRELLA S.A.C.,2026-04-22,001/0016700,D8B795,22.0,ARENA,14,32.74,36.51,208.84,,,SAN LORENZO,MEIGGS,2026-07-01T09:06:07.232861Z
46856-0010016702,46856,VIRGEN DE ESTRELLA S.A.C.,2026-04-22,001/0016702,AWW845,34.0,ARENA,14,36.46,40.65,232.52,,,SAN LORENZO,MEIGGS,2026-07-01T09:06:07.232889Z
46856-0010016709,46856,VIRGEN DE ESTRELLA S.A.C.,2026-04-22,001/0016709,D8B795,22.0,ARENA,14,32.91,36.7,209.92,,,SAN LORENZO,MEIGGS,2026-07-01T09:06:07.232917Z
46856-0010016711,46856,VIRGEN DE ESTRELLA S.A.C.,2026-04-22,001/0016711,AWW845,34.0,ARENA,14,35.82,39.94,228.46,,,SAN LORENZO,MEIGGS,2026-07-01T09:06:07.232947Z
46856-0010016704,46856,VIRGEN DE ESTRELLA S.A.C.,2026-04-22,001/0016704,D8E728,24.0,PIEDRA,2,35.27,35.98,205.81,,,SAN LORENZO,MEIGGS,2026-07-01T09:06:07.233900Z
46856-0010016705,46856,VIRGEN DE ESTRELLA S.A.C.,2026-04-22,001/0016705,ABN852,27.0,PIEDRA,2,38.06,38.82,222.05,,,SAN LORENZO,MEIGGS,2026-07-01T09:06:07.233925Z
46856-0010016707,46856,VIRGEN DE ESTRELLA S.A.C.,2026-04-22,001/0016707,AJC805,30.0,PIEDRA,2,38.8,39.58,226.4,,,SAN LORENZO,MEIGGS,2026-07-01T09:06:07.233948Z
46856-0010016712,46856,VIRGEN DE ESTRELLA S.A.C.,2026-04-22,001/0016712,D8E728,24.0,PIEDRA,2,35.64,36.35,207.92,,,SAN LORENZO,MEIGGS,2026-07-01T09:06:07.233976Z
46856-0010016713,46856,VIRGEN DE ESTRELLA S.A.C.,2026-04-22,001/0016713,AWW871,32.0,PIEDRA,2,38.51,39.28,224.68,,,SAN LORENZO,MEIGGS,2026-07-01T09:06:07.234002Z
46856-0010016714,46856,VIRGEN DE ESTRELLA S.A.C.,2026-04-22,001/0016714,AWW845,34.0,PIEDRA,2,38.78,39.56,226.28,,,SAN LORENZO,MEIGGS,2026-07-01T09:06:07.234027Z
46856-1910577683,46856,VIRGEN DE ESTRELLA S.A.C.,2026-04-23,191/0577683,CHS718,45.0,ARENA,14,36.52,36.52,362.62,,,JICAMARCA,ANCIETA,2026-07-01T09:06:07.225782Z
46856-1910577684,46856,VIRGEN DE ESTRELLA S.A.C.,2026-04-23,191/0577684,BYP824,9.0,PIEDRA,2,38.49,38.49,382.17,,,JICAMARCA,ANCIETA,2026-07-01T09:06:07.226064Z
46856-1910577687,46856,VIRGEN DE ESTRELLA S.A.C.,2026-04-23,191/0577687,CAZ895,42.0,PIEDRA,2,35.19,35.19,349.39,,,JICAMARCA,ANCIETA,2026-07-01T09:06:07.226095Z
46856-1910577689,46856,VIRGEN DE ESTRELLA S.A.C.,2026-04-23,191/0577689,CCL847,44.0,PIEDRA,2,35.62,35.62,353.7,,,JICAMARCA,ANCIETA,2026-07-01T09:06:07.226121Z
46856-1910577704,46856,VIRGEN DE ESTRELLA S.A.C.,2026-04-23,191/0577704,C9W737,21.0,PIEDRA,2,33.14,33.14,329.07,,,JICAMARCA,ANCIETA,2026-07-01T09:06:07.226148Z
46856-1910577741,46856,VIRGEN DE ESTRELLA S.A.C.,2026-04-23,191/0577741,BYP824,9.0,PIEDRA,2,39.2,39.2,389.25,,,JICAMARCA,ANCIETA,2026-07-01T09:06:07.226174Z
46856-1910577740,46856,VIRGEN DE ESTRELLA S.A.C.,2026-04-23,191/0577740,CCL847,44.0,ARENA,14,31.84,35.02,490.28,,,JICAMARCA,VILLA 1,2026-07-01T09:06:07.226533Z
46856-1910577742,46856,VIRGEN DE ESTRELLA S.A.C.,2026-04-23,191/0577742,CAZ895,42.0,ARENA,14,32.55,35.8,501.2,,,JICAMARCA,VILLA 1,2026-07-01T09:06:07.226560Z
46856-1910577734,46856,VIRGEN DE ESTRELLA S.A.C.,2026-04-23,191/0577734,CHS718,45.0,ARENA,14,32.44,36.01,605.99,,,JICAMARCA,SAN ANTONIO,2026-07-01T09:06:07.227085Z
46856-1910577765,46856,VIRGEN DE ESTRELLA S.A.C.,2026-04-23,191/0577765,C9W737,21.0,ARENA,14,30.85,34.24,576.25,,,JICAMARCA,SAN ANTONIO,2026-07-01T09:06:07.227111Z
46856-1910577803,46856,VIRGEN DE ESTRELLA S.A.C.,2026-04-23,191/0577803,CAZ895,42.0,ARENA,14,32.21,35.76,601.82,,,JICAMARCA,SAN ANTONIO,2026-07-01T09:06:07.227137Z
46856-1910577804,46856,VIRGEN DE ESTRELLA S.A.C.,2026-04-23,191/0577804,CCL847,44.0,ARENA,14,31.45,34.91,587.47,,,JICAMARCA,SAN ANTONIO,2026-07-01T09:06:07.227164Z
46856-1910577813,46856,VIRGEN DE ESTRELLA S.A.C.,2026-04-23,191/0577813,CBA709,43.0,ARENA,14,33.28,36.94,621.64,,,JICAMARCA,SAN ANTONIO,2026-07-01T09:06:07.227194Z
46856-1910577830,46856,VIRGEN DE ESTRELLA S.A.C.,2026-04-23,191/0577830,C9W737,21.0,ARENA,14,31.53,35.0,589.03,,,JICAMARCA,SAN ANTONIO,2026-07-01T09:06:07.227220Z
46856-1910577729,46856,VIRGEN DE ESTRELLA S.A.C.,2026-04-23,191/0577729,CBA709,43.0,PIEDRA,2,36.84,36.84,620.08,,,JICAMARCA,SAN ANTONIO,2026-07-01T09:06:07.227731Z
46856-1910577768,46856,VIRGEN DE ESTRELLA S.A.C.,2026-04-23,191/0577768,BYP824,9.0,PIEDRA,2,39.7,39.7,668.08,,,JICAMARCA,SAN ANTONIO,2026-07-01T09:06:07.227753Z
46856-1950191599,46856,VIRGEN DE ESTRELLA S.A.C.,2026-04-23,195/0191599,CBR854,14.0,PIEDRA,2,40.0,40.0,606.0,,,YERBABUENA,MEIGGS,2026-07-01T09:06:07.227953Z
46856-1950191576,46856,VIRGEN DE ESTRELLA S.A.C.,2026-04-23,195/0191576,F3F817,1.0,PIEDRA,2,43.36,43.36,656.9,,,YERBABUENA,MEIGGS,2026-07-01T09:06:07.228141Z
46856-1950191577,46856,VIRGEN DE ESTRELLA S.A.C.,2026-04-23,195/0191577,ATN880,5.0,PIEDRA,2,43.64,43.64,661.15,,,YERBABUENA,MEIGGS,2026-07-01T09:06:07.228164Z
46856-1950191598,46856,VIRGEN DE ESTRELLA S.A.C.,2026-04-23,195/0191598,D8B795,22.0,PIEDRA,2,36.93,36.93,559.49,,,YERBABUENA,MEIGGS,2026-07-01T09:06:07.228189Z
46856-1950191564,46856,VIRGEN DE ESTRELLA S.A.C.,2026-04-23,195/0191564,AWH708,33.0,ARENA,14,33.24,33.24,503.59,,,YERBABUENA,MEIGGS,2026-07-01T09:06:07.228906Z
46856-1950191596,46856,VIRGEN DE ESTRELLA S.A.C.,2026-04-23,195/0191596,AFX735,25.0,ARENA,14,34.26,34.26,519.04,,,YERBABUENA,MEIGGS,2026-07-01T09:06:07.228931Z
46856-1950191597,46856,VIRGEN DE ESTRELLA S.A.C.,2026-04-23,195/0191597,D8D861,23.0,ARENA,14,34.75,34.75,526.46,,,YERBABUENA,MEIGGS,2026-07-01T09:06:07.228953Z
46856-1950191611,46856,VIRGEN DE ESTRELLA S.A.C.,2026-04-23,195/0191611,AWH708,33.0,ARENA,14,36.24,36.24,549.04,,,YERBABUENA,MEIGGS,2026-07-01T09:06:07.228980Z
46856-1950191612,46856,VIRGEN DE ESTRELLA S.A.C.,2026-04-23,195/0191612,ATN880,5.0,ARENA,14,42.46,42.46,643.27,,,YERBABUENA,MEIGGS,2026-07-01T09:06:07.229003Z
46856-1950191623,46856,VIRGEN DE ESTRELLA S.A.C.,2026-04-23,195/0191623,F3F817,1.0,ARENA,14,40.54,40.54,614.18,,,YERBABUENA,MEIGGS,2026-07-01T09:06:07.229027Z
46856-1950191625,46856,VIRGEN DE ESTRELLA S.A.C.,2026-04-23,195/0191625,AFX735,25.0,ARENA,14,34.06,34.06,516.01,,,YERBABUENA,MEIGGS,2026-07-01T09:06:07.229050Z
46856-0010016738,46856,VIRGEN DE ESTRELLA S.A.C.,2026-04-23,001/0016738,CBR872,16.0,PIEDRA,2,38.76,39.73,301.95,,,SAN LORENZO,COLLIQUE,2026-07-01T09:06:07.229689Z
46856-0010016740,46856,VIRGEN DE ESTRELLA S.A.C.,2026-04-23,001/0016740,BFI758,37.0,PIEDRA,2,39.15,40.13,304.99,,,SAN LORENZO,COLLIQUE,2026-07-01T09:06:07.229717Z
46856-0010016741,46856,VIRGEN DE ESTRELLA S.A.C.,2026-04-23,001/0016741,CBR854,14.0,PIEDRA,2,40.33,41.34,314.18,,,SAN LORENZO,COLLIQUE,2026-07-01T09:06:07.229739Z
46856-0010016742,46856,VIRGEN DE ESTRELLA S.A.C.,2026-04-23,001/0016742,D8D861,23.0,PIEDRA,2,36.84,37.76,286.98,,,SAN LORENZO,COLLIQUE,2026-07-01T09:06:07.229764Z
46856-0010016743,46856,VIRGEN DE ESTRELLA S.A.C.,2026-04-23,001/0016743,AKE789,31.0,PIEDRA,2,38.61,39.58,300.81,,,SAN LORENZO,COLLIQUE,2026-07-01T09:06:07.229789Z
46856-0010016749,46856,VIRGEN DE ESTRELLA S.A.C.,2026-04-23,001/0016749,CBR796,18.0,PIEDRA,2,40.2,41.21,313.2,,,SAN LORENZO,COLLIQUE,2026-07-01T09:06:07.229810Z
46856-0010016752,46856,VIRGEN DE ESTRELLA S.A.C.,2026-04-23,001/0016752,CBR872,16.0,PIEDRA,2,38.01,38.96,296.1,,,SAN LORENZO,COLLIQUE,2026-07-01T09:06:07.229831Z
46856-0010016758,46856,VIRGEN DE ESTRELLA S.A.C.,2026-04-23,001/0016758,AWH708,33.0,PIEDRA,2,40.22,41.23,313.35,,,SAN LORENZO,COLLIQUE,2026-07-01T09:06:07.229858Z
46856-0010016761,46856,VIRGEN DE ESTRELLA S.A.C.,2026-04-23,001/0016761,CBR854,14.0,PIEDRA,2,37.9,38.85,295.26,,,SAN LORENZO,COLLIQUE,2026-07-01T09:06:07.229881Z
46856-0010016717,46856,VIRGEN DE ESTRELLA S.A.C.,2026-04-23,001/0016717,AKE789,31.0,ARENA,14,37.94,42.87,281.66,,,SAN LORENZO,MATERIALES,2026-07-01T09:06:07.231038Z
46856-0010016718,46856,VIRGEN DE ESTRELLA S.A.C.,2026-04-23,001/0016718,BZR752,38.0,ARENA,14,38.89,43.95,288.75,,,SAN LORENZO,MATERIALES,2026-07-01T09:06:07.231063Z
46856-0010016719,46856,VIRGEN DE ESTRELLA S.A.C.,2026-04-23,001/0016719,AHJ786,28.0,ARENA,14,36.22,40.93,268.91,,,SAN LORENZO,MATERIALES,2026-07-01T09:06:07.231090Z
46856-0010016721,46856,VIRGEN DE ESTRELLA S.A.C.,2026-04-23,001/0016721,AWW871,32.0,ARENA,14,36.92,41.72,274.1,,,SAN LORENZO,MATERIALES,2026-07-01T09:06:07.231116Z
46856-0010016722,46856,VIRGEN DE ESTRELLA S.A.C.,2026-04-23,001/0016722,ABN852,27.0,ARENA,14,37.97,42.91,281.92,,,SAN LORENZO,MATERIALES,2026-07-01T09:06:07.231140Z
46856-0010016723,46856,VIRGEN DE ESTRELLA S.A.C.,2026-04-23,001/0016723,D8E728,24.0,ARENA,14,35.12,39.68,260.7,,,SAN LORENZO,MATERIALES,2026-07-01T09:06:07.231164Z
46856-0010016726,46856,VIRGEN DE ESTRELLA S.A.C.,2026-04-23,001/0016726,D8B795,22.0,ARENA,14,33.9,38.31,251.7,,,SAN LORENZO,MATERIALES,2026-07-01T09:06:07.231188Z
46856-0010016727,46856,VIRGEN DE ESTRELLA S.A.C.,2026-04-23,001/0016727,AJC805,30.0,ARENA,14,37.1,41.92,275.41,,,SAN LORENZO,MATERIALES,2026-07-01T09:06:07.231212Z
46856-0010016728,46856,VIRGEN DE ESTRELLA S.A.C.,2026-04-23,001/0016728,AKE789,31.0,ARENA,14,36.25,40.96,269.11,,,SAN LORENZO,MATERIALES,2026-07-01T09:06:07.231238Z
46856-0010016729,46856,VIRGEN DE ESTRELLA S.A.C.,2026-04-23,001/0016729,BZR752,38.0,ARENA,14,36.93,41.73,274.17,,,SAN LORENZO,MATERIALES,2026-07-01T09:06:07.231262Z
46856-0010016730,46856,VIRGEN DE ESTRELLA S.A.C.,2026-04-23,001/0016730,AHJ786,28.0,ARENA,14,35.68,40.32,264.9,,,SAN LORENZO,MATERIALES,2026-07-01T09:06:07.231287Z
46856-0010016731,46856,VIRGEN DE ESTRELLA S.A.C.,2026-04-23,001/0016731,ABN852,27.0,ARENA,14,37.51,42.39,278.5,,,SAN LORENZO,MATERIALES,2026-07-01T09:06:07.231312Z
46856-0010016732,46856,VIRGEN DE ESTRELLA S.A.C.,2026-04-23,001/0016732,D8E728,24.0,ARENA,14,35.8,40.45,265.76,,,SAN LORENZO,MATERIALES,2026-07-01T09:06:07.231339Z
46856-0010016733,46856,VIRGEN DE ESTRELLA S.A.C.,2026-04-23,001/0016733,AWW871,32.0,ARENA,14,37.33,42.18,277.12,,,SAN LORENZO,MATERIALES,2026-07-01T09:06:07.231364Z
46856-0010016735,46856,VIRGEN DE ESTRELLA S.A.C.,2026-04-23,001/0016735,D8B795,22.0,ARENA,14,34.65,39.16,257.28,,,SAN LORENZO,MATERIALES,2026-07-01T09:06:07.231391Z
46856-0010016736,46856,VIRGEN DE ESTRELLA S.A.C.,2026-04-23,001/0016736,AJC805,30.0,ARENA,14,35.81,40.47,265.89,,,SAN LORENZO,MATERIALES,2026-07-01T09:06:07.231417Z
46856-0010016737,46856,VIRGEN DE ESTRELLA S.A.C.,2026-04-23,001/0016737,AJA905,29.0,ARENA,14,34.27,38.73,254.46,,,SAN LORENZO,MATERIALES,2026-07-01T09:06:07.231443Z
46856-0010016744,46856,VIRGEN DE ESTRELLA S.A.C.,2026-04-23,001/0016744,AHJ786,28.0,ARENA,14,35.79,40.44,265.69,,,SAN LORENZO,MATERIALES,2026-07-01T09:06:07.231469Z
46856-0010016750,46856,VIRGEN DE ESTRELLA S.A.C.,2026-04-23,001/0016750,AWW871,32.0,ARENA,14,36.46,41.2,270.68,,,SAN LORENZO,MATERIALES,2026-07-01T09:06:07.231495Z
46856-0010016757,46856,VIRGEN DE ESTRELLA S.A.C.,2026-04-23,001/0016757,D8B795,22.0,ARENA,14,32.51,36.74,241.38,,,SAN LORENZO,MATERIALES,2026-07-01T09:06:07.231520Z
46856-0010016751,46856,VIRGEN DE ESTRELLA S.A.C.,2026-04-23,001/0016751,BFI758,37.0,PIEDRA,2,39.89,40.69,232.75,,,SAN LORENZO,MEIGGS,2026-07-01T09:06:07.234059Z
46856-0010016753,46856,VIRGEN DE ESTRELLA S.A.C.,2026-04-23,001/0016753,AJC805,30.0,PIEDRA,2,39.43,40.22,230.06,,,SAN LORENZO,MEIGGS,2026-07-01T09:06:07.234083Z
46856-0010016754,46856,VIRGEN DE ESTRELLA S.A.C.,2026-04-23,001/0016754,ABN852,27.0,PIEDRA,2,38.43,39.2,224.22,,,SAN LORENZO,MEIGGS,2026-07-01T09:06:07.234107Z
46856-0010016756,46856,VIRGEN DE ESTRELLA S.A.C.,2026-04-23,001/0016756,D8E728,24.0,PIEDRA,2,35.96,36.68,209.81,,,SAN LORENZO,MEIGGS,2026-07-01T09:06:07.234131Z
46856-0010016762,46856,VIRGEN DE ESTRELLA S.A.C.,2026-04-23,001/0016762,BZR752,38.0,PIEDRA,2,37.69,38.44,219.88,,,SAN LORENZO,MEIGGS,2026-07-01T09:06:07.234155Z
46856-0010016763,46856,VIRGEN DE ESTRELLA S.A.C.,2026-04-23,001/0016763,AKE789,31.0,PIEDRA,2,35.06,35.76,204.55,,,SAN LORENZO,MEIGGS,2026-07-01T09:06:07.234180Z
46856-0010016765,46856,VIRGEN DE ESTRELLA S.A.C.,2026-04-23,001/0016765,AJA905,29.0,PIEDRA,2,34.93,35.63,203.8,,,SAN LORENZO,MEIGGS,2026-07-01T09:06:07.234203Z
46856-0010016745,46856,VIRGEN DE ESTRELLA S.A.C.,2026-04-23,001/0016745,BZR752,38.0,PIEDRA,2,38.0,38.0,217.36,,,SAN LORENZO,MEIGGS,2026-07-01T09:06:07.234480Z
46856-0010016766,46856,VIRGEN DE ESTRELLA S.A.C.,2026-04-23,001/0016766,AHJ786,28.0,PIEDRA,2,39.2,39.2,224.22,,,SAN LORENZO,MEIGGS,2026-07-01T09:06:07.234503Z
46946-1910577997,46946,VIRGEN DE ESTRELLA S.A.C.,2026-04-24,191/0577997,CAZ895,42.0,ARENA,14,31.39,34.53,581.21,,,JICAMARCA,CONCHAN,2026-06-30T22:24:08.391216Z
46856-1910577977,46856,VIRGEN DE ESTRELLA S.A.C.,2026-04-24,191/0577977,BYP824,9.0,PIEDRA,2,40.22,40.22,481.03,,,JICAMARCA,SAN JUAN,2026-07-01T09:06:07.225464Z
46856-1910577990,46856,VIRGEN DE ESTRELLA S.A.C.,2026-04-24,191/0577990,CBA709,43.0,ARENA,14,31.05,34.78,415.97,,,JICAMARCA,SAN JUAN,2026-07-01T09:06:07.225724Z
46856-1910577872,46856,VIRGEN DE ESTRELLA S.A.C.,2026-04-24,191/0577872,BYP824,9.0,PIEDRA,2,37.63,37.63,373.71,,,JICAMARCA,ANCIETA,2026-07-01T09:06:07.226199Z
46856-1910577877,46856,VIRGEN DE ESTRELLA S.A.C.,2026-04-24,191/0577877,CAZ895,42.0,PIEDRA,2,33.42,33.42,331.84,,,JICAMARCA,ANCIETA,2026-07-01T09:06:07.226225Z
46856-1910577924,46856,VIRGEN DE ESTRELLA S.A.C.,2026-04-24,191/0577924,BYP824,9.0,PIEDRA,2,38.28,38.28,380.17,,,JICAMARCA,ANCIETA,2026-07-01T09:06:07.226251Z
46856-1910577929,46856,VIRGEN DE ESTRELLA S.A.C.,2026-04-24,191/0577929,CAZ895,42.0,PIEDRA,2,34.95,34.95,500.13,,,JICAMARCA,EMBOLSADOS INS. Y SUM.,2026-07-01T09:06:07.226783Z
46856-1910577873,46856,VIRGEN DE ESTRELLA S.A.C.,2026-04-24,191/0577873,CCL847,44.0,ARENA,14,31.53,35.0,589.03,,,JICAMARCA,SAN ANTONIO,2026-07-01T09:06:07.227245Z
46856-1910577917,46856,VIRGEN DE ESTRELLA S.A.C.,2026-04-24,191/0577917,C9W737,21.0,ARENA,14,32.54,36.12,607.82,,,JICAMARCA,SAN ANTONIO,2026-07-01T09:06:07.227282Z
46856-1910577927,46856,VIRGEN DE ESTRELLA S.A.C.,2026-04-24,191/0577927,CBA709,43.0,ARENA,14,33.43,37.11,624.51,,,JICAMARCA,SAN ANTONIO,2026-07-01T09:06:07.227309Z
46856-1910577951,46856,VIRGEN DE ESTRELLA S.A.C.,2026-04-24,191/0577951,CHS718,45.0,ARENA,14,33.43,37.11,624.51,,,JICAMARCA,SAN ANTONIO,2026-07-01T09:06:07.227336Z
46856-1910577993,46856,VIRGEN DE ESTRELLA S.A.C.,2026-04-24,191/0577993,CCL847,44.0,ARENA,14,32.01,35.53,597.9,,,JICAMARCA,SAN ANTONIO,2026-07-01T09:06:07.227361Z
46856-1910577891,46856,VIRGEN DE ESTRELLA S.A.C.,2026-04-24,191/0577891,CHS718,45.0,PIEDRA,2,33.12,33.12,557.41,,,JICAMARCA,SAN ANTONIO,2026-07-01T09:06:07.227583Z
46856-1950191644,46856,VIRGEN DE ESTRELLA S.A.C.,2026-04-24,195/0191644,F3F817,1.0,PIEDRA,2,43.62,43.62,660.84,,,YERBABUENA,MEIGGS,2026-07-01T09:06:07.228212Z
46856-1950191648,46856,VIRGEN DE ESTRELLA S.A.C.,2026-04-24,195/0191648,ATN880,5.0,PIEDRA,2,42.97,42.97,651.0,,,YERBABUENA,MEIGGS,2026-07-01T09:06:07.228239Z
46856-1950191653,46856,VIRGEN DE ESTRELLA S.A.C.,2026-04-24,195/0191653,CBR854,14.0,PIEDRA,2,40.97,40.97,620.7,,,YERBABUENA,MEIGGS,2026-07-01T09:06:07.228262Z
46856-1950191654,46856,VIRGEN DE ESTRELLA S.A.C.,2026-04-24,195/0191654,AWH708,33.0,PIEDRA,2,36.28,36.28,549.64,,,YERBABUENA,MEIGGS,2026-07-01T09:06:07.228285Z
46856-1950191656,46856,VIRGEN DE ESTRELLA S.A.C.,2026-04-24,195/0191656,CBR872,16.0,PIEDRA,2,41.92,41.92,635.09,,,YERBABUENA,MEIGGS,2026-07-01T09:06:07.228308Z
46856-1950191686,46856,VIRGEN DE ESTRELLA S.A.C.,2026-04-24,195/0191686,ATN880,5.0,PIEDRA,2,42.54,42.54,644.48,,,YERBABUENA,MEIGGS,2026-07-01T09:06:07.228332Z
46856-1950191697,46856,VIRGEN DE ESTRELLA S.A.C.,2026-04-24,195/0191697,D8B795,22.0,PIEDRA,2,37.36,37.36,566.0,,,YERBABUENA,MEIGGS,2026-07-01T09:06:07.228356Z
46856-1950191685,46856,VIRGEN DE ESTRELLA S.A.C.,2026-04-24,195/0191685,CBR854,14.0,ARENA,14,42.54,42.54,644.48,,,YERBABUENA,MEIGGS,2026-07-01T09:06:07.229073Z
46856-1950191695,46856,VIRGEN DE ESTRELLA S.A.C.,2026-04-24,195/0191695,F3F817,1.0,ARENA,14,41.72,41.72,632.06,,,YERBABUENA,MEIGGS,2026-07-01T09:06:07.229096Z
46856-1950191696,46856,VIRGEN DE ESTRELLA S.A.C.,2026-04-24,195/0191696,CBR872,16.0,ARENA,14,40.8,40.8,618.12,,,YERBABUENA,MEIGGS,2026-07-01T09:06:07.229120Z
46856-0010016772,46856,VIRGEN DE ESTRELLA S.A.C.,2026-04-24,001/0016772,AFX735,25.0,PIEDRA,2,35.76,36.65,278.54,,,SAN LORENZO,COLLIQUE,2026-07-01T09:06:07.229904Z
46856-0010016773,46856,VIRGEN DE ESTRELLA S.A.C.,2026-04-24,001/0016773,AWW845,34.0,PIEDRA,2,38.93,39.9,303.24,,,SAN LORENZO,COLLIQUE,2026-07-01T09:06:07.229926Z
46856-0010016774,46856,VIRGEN DE ESTRELLA S.A.C.,2026-04-24,001/0016774,D8B795,22.0,PIEDRA,2,36.23,37.14,282.26,,,SAN LORENZO,COLLIQUE,2026-07-01T09:06:07.229950Z
46856-0010016780,46856,VIRGEN DE ESTRELLA S.A.C.,2026-04-24,001/0016780,AJA905,29.0,PIEDRA,2,35.99,36.89,280.36,,,SAN LORENZO,COLLIQUE,2026-07-01T09:06:07.229972Z
46856-0010016784,46856,VIRGEN DE ESTRELLA S.A.C.,2026-04-24,001/0016784,BFI758,37.0,PIEDRA,2,40.48,41.49,315.32,,,SAN LORENZO,COLLIQUE,2026-07-01T09:06:07.229993Z
46856-0010016790,46856,VIRGEN DE ESTRELLA S.A.C.,2026-04-24,001/0016790,AWW871,32.0,PIEDRA,2,40.9,41.92,318.59,,,SAN LORENZO,COLLIQUE,2026-07-01T09:06:07.230015Z
46856-0010016810,46856,VIRGEN DE ESTRELLA S.A.C.,2026-04-24,001/0016810,AWH708,33.0,PIEDRA,2,39.4,40.38,306.89,,,SAN LORENZO,COLLIQUE,2026-07-01T09:06:07.230037Z
46856-0010016811,46856,VIRGEN DE ESTRELLA S.A.C.,2026-04-24,001/0016811,D8E728,24.0,PIEDRA,2,35.38,36.26,275.58,,,SAN LORENZO,COLLIQUE,2026-07-01T09:06:07.230059Z
46856-0010016813,46856,VIRGEN DE ESTRELLA S.A.C.,2026-04-24,001/0016813,AFX735,25.0,PIEDRA,2,36.31,37.22,282.87,,,SAN LORENZO,COLLIQUE,2026-07-01T09:06:07.230086Z
46856-0010016816,46856,VIRGEN DE ESTRELLA S.A.C.,2026-04-24,001/0016816,BZR752,38.0,PIEDRA,2,38.03,38.98,296.25,,,SAN LORENZO,COLLIQUE,2026-07-01T09:06:07.230109Z
46856-0010016769,46856,VIRGEN DE ESTRELLA S.A.C.,2026-04-24,001/0016769,D8D861,23.0,ARENA,14,36.73,41.5,272.66,,,SAN LORENZO,MATERIALES,2026-07-01T09:06:07.231547Z
46856-0010016770,46856,VIRGEN DE ESTRELLA S.A.C.,2026-04-24,001/0016770,ABN852,27.0,ARENA,14,36.68,41.45,272.33,,,SAN LORENZO,MATERIALES,2026-07-01T09:06:07.231574Z
46856-0010016771,46856,VIRGEN DE ESTRELLA S.A.C.,2026-04-24,001/0016771,D8E728,24.0,ARENA,14,35.28,39.87,261.95,,,SAN LORENZO,MATERIALES,2026-07-01T09:06:07.231603Z
46856-0010016775,46856,VIRGEN DE ESTRELLA S.A.C.,2026-04-24,001/0016775,AWW871,32.0,ARENA,14,38.45,43.45,285.47,,,SAN LORENZO,MATERIALES,2026-07-01T09:06:07.231630Z
46856-0010016778,46856,VIRGEN DE ESTRELLA S.A.C.,2026-04-24,001/0016778,AHJ786,28.0,ARENA,14,36.92,41.72,274.1,,,SAN LORENZO,MATERIALES,2026-07-01T09:06:07.231656Z
46856-0010016779,46856,VIRGEN DE ESTRELLA S.A.C.,2026-04-24,001/0016779,AJC805,30.0,ARENA,14,36.97,41.78,274.49,,,SAN LORENZO,MATERIALES,2026-07-01T09:06:07.231685Z
46856-0010016782,46856,VIRGEN DE ESTRELLA S.A.C.,2026-04-24,001/0016782,BZR752,38.0,ARENA,14,37.76,42.67,280.34,,,SAN LORENZO,MATERIALES,2026-07-01T09:06:07.231716Z
46856-0010016783,46856,VIRGEN DE ESTRELLA S.A.C.,2026-04-24,001/0016783,AKE789,31.0,ARENA,14,36.37,41.1,270.03,,,SAN LORENZO,MATERIALES,2026-07-01T09:06:07.231742Z
46856-0010016792,46856,VIRGEN DE ESTRELLA S.A.C.,2026-04-24,001/0016792,AJC805,30.0,ARENA,14,37.91,42.84,281.46,,,SAN LORENZO,MATERIALES,2026-07-01T09:06:07.231767Z
46856-0010016794,46856,VIRGEN DE ESTRELLA S.A.C.,2026-04-24,001/0016794,AFX735,25.0,ARENA,14,34.39,38.86,255.31,,,SAN LORENZO,MATERIALES,2026-07-01T09:06:07.231793Z
46856-0010016795,46856,VIRGEN DE ESTRELLA S.A.C.,2026-04-24,001/0016795,AJA905,29.0,ARENA,14,35.79,40.44,265.69,,,SAN LORENZO,MATERIALES,2026-07-01T09:06:07.231822Z
46856-0010016796,46856,VIRGEN DE ESTRELLA S.A.C.,2026-04-24,001/0016796,AWW845,34.0,ARENA,14,37.27,42.11,276.66,,,SAN LORENZO,MATERIALES,2026-07-01T09:06:07.231848Z
46856-0010016809,46856,VIRGEN DE ESTRELLA S.A.C.,2026-04-24,001/0016809,D8D861,23.0,ARENA,14,35.63,40.26,264.51,,,SAN LORENZO,MATERIALES,2026-07-01T09:06:07.231877Z
46856-0010016812,46856,VIRGEN DE ESTRELLA S.A.C.,2026-04-24,001/0016812,ABN852,27.0,ARENA,14,36.73,41.51,272.72,,,SAN LORENZO,MATERIALES,2026-07-01T09:06:07.231904Z
46856-0010016786,46856,VIRGEN DE ESTRELLA S.A.C.,2026-04-24,001/0016786,D8D861,23.0,ARENA,14,33.3,37.3,213.36,,,SAN LORENZO,MEIGGS,2026-07-01T09:06:07.232977Z
46856-0010016787,46856,VIRGEN DE ESTRELLA S.A.C.,2026-04-24,001/0016787,ABN852,27.0,ARENA,14,35.53,39.79,227.6,,,SAN LORENZO,MEIGGS,2026-07-01T09:06:07.233006Z
46856-0010016788,46856,VIRGEN DE ESTRELLA S.A.C.,2026-04-24,001/0016788,D8E728,24.0,ARENA,14,31.95,35.78,204.66,,,SAN LORENZO,MEIGGS,2026-07-01T09:06:07.233034Z
46856-0010016789,46856,VIRGEN DE ESTRELLA S.A.C.,2026-04-24,001/0016789,AHJ786,28.0,ARENA,14,36.2,40.54,231.89,,,SAN LORENZO,MEIGGS,2026-07-01T09:06:07.233062Z
46856-0010016797,46856,VIRGEN DE ESTRELLA S.A.C.,2026-04-24,001/0016797,AHJ786,28.0,ARENA,14,34.7,38.86,222.28,,,SAN LORENZO,MEIGGS,2026-07-01T09:06:07.233091Z
46856-0010016798,46856,VIRGEN DE ESTRELLA S.A.C.,2026-04-24,001/0016798,D8D861,23.0,ARENA,14,34.29,38.41,219.71,,,SAN LORENZO,MEIGGS,2026-07-01T09:06:07.233124Z
46856-0010016799,46856,VIRGEN DE ESTRELLA S.A.C.,2026-04-24,001/0016799,ABN852,27.0,ARENA,14,36.84,41.26,236.01,,,SAN LORENZO,MEIGGS,2026-07-01T09:06:07.233152Z
46856-0010016800,46856,VIRGEN DE ESTRELLA S.A.C.,2026-04-24,001/0016800,D8B795,22.0,ARENA,14,31.96,35.79,204.72,,,SAN LORENZO,MEIGGS,2026-07-01T09:06:07.233180Z
46856-0010016802,46856,VIRGEN DE ESTRELLA S.A.C.,2026-04-24,001/0016802,AKE789,31.0,ARENA,14,33.3,37.3,213.36,,,SAN LORENZO,MEIGGS,2026-07-01T09:06:07.233207Z
46856-0010016803,46856,VIRGEN DE ESTRELLA S.A.C.,2026-04-24,001/0016803,BZR752,38.0,ARENA,14,36.46,40.83,233.55,,,SAN LORENZO,MEIGGS,2026-07-01T09:06:07.233234Z
46856-0010016807,46856,VIRGEN DE ESTRELLA S.A.C.,2026-04-24,001/0016807,AHJ786,28.0,PIEDRA,2,37.22,38.15,218.22,,,SAN LORENZO,MEIGGS,2026-07-01T09:06:07.234227Z
46856-0010016814,46856,VIRGEN DE ESTRELLA S.A.C.,2026-04-24,001/0016814,AJC805,30.0,PIEDRA,2,37.91,38.86,222.28,,,SAN LORENZO,MEIGGS,2026-07-01T09:06:07.234251Z
46856-0010016815,46856,VIRGEN DE ESTRELLA S.A.C.,2026-04-24,001/0016815,D8B795,22.0,PIEDRA,2,36.06,36.96,211.41,,,SAN LORENZO,MEIGGS,2026-07-01T09:06:07.234275Z
46856-0010016817,46856,VIRGEN DE ESTRELLA S.A.C.,2026-04-24,001/0016817,AKE789,31.0,PIEDRA,2,37.19,38.12,218.05,,,SAN LORENZO,MEIGGS,2026-07-01T09:06:07.234303Z
46856-0010016821,46856,VIRGEN DE ESTRELLA S.A.C.,2026-04-24,001/0016821,AWW845,34.0,PIEDRA,2,38.09,38.09,217.87,,,SAN LORENZO,MEIGGS,2026-07-01T09:06:07.234327Z
46856-0010016823,46856,VIRGEN DE ESTRELLA S.A.C.,2026-04-24,001/0016823,D8B795,22.0,PIEDRA,2,34.86,35.73,204.38,,,SAN LORENZO,MEIGGS,2026-07-01T09:06:07.234355Z
46856-0010016825,46856,VIRGEN DE ESTRELLA S.A.C.,2026-04-24,001/0016825,AWW845,34.0,PIEDRA,2,38.45,39.41,225.43,,,SAN LORENZO,MEIGGS,2026-07-01T09:06:07.234379Z
46856-0010016820,46856,VIRGEN DE ESTRELLA S.A.C.,2026-04-24,001/0016820,AJA905,29.0,PIEDRA,2,37.26,37.26,213.13,,,SAN LORENZO,MEIGGS,2026-07-01T09:06:07.234529Z
46856-1910578031,46856,VIRGEN DE ESTRELLA S.A.C.,2026-04-25,191/0578031,BYP824,9.0,ARENA,14,35.24,39.82,395.41,,,JICAMARCA,ANCIETA,2026-07-01T09:06:07.225812Z
46856-1910578032,46856,VIRGEN DE ESTRELLA S.A.C.,2026-04-25,191/0578032,CHS718,45.0,ARENA,14,30.34,34.29,340.46,,,JICAMARCA,ANCIETA,2026-07-01T09:06:07.225840Z
46856-1910578034,46856,VIRGEN DE ESTRELLA S.A.C.,2026-04-25,191/0578034,CAZ895,42.0,ARENA,14,35.42,35.42,351.7,,,JICAMARCA,ANCIETA,2026-07-01T09:06:07.225867Z
46856-1910578036,46856,VIRGEN DE ESTRELLA S.A.C.,2026-04-25,191/0578036,CCL847,44.0,ARENA,14,32.33,36.53,362.78,,,JICAMARCA,ANCIETA,2026-07-01T09:06:07.225895Z
46856-1910578054,46856,VIRGEN DE ESTRELLA S.A.C.,2026-04-25,191/0578054,C9W737,21.0,ARENA,14,35.88,35.88,356.31,,,JICAMARCA,ANCIETA,2026-07-01T09:06:07.225923Z
46856-1910578075,46856,VIRGEN DE ESTRELLA S.A.C.,2026-04-25,191/0578075,CHS718,45.0,PIEDRA,2,33.53,33.53,332.9,,,JICAMARCA,ANCIETA,2026-07-01T09:06:07.225979Z
46856-1910578076,46856,VIRGEN DE ESTRELLA S.A.C.,2026-04-25,191/0578076,BYP824,9.0,PIEDRA,2,39.76,39.76,394.79,,,JICAMARCA,ANCIETA,2026-07-01T09:06:07.226277Z
46856-1910578111,46856,VIRGEN DE ESTRELLA S.A.C.,2026-04-25,191/0578111,BYP824,9.0,PIEDRA,2,37.7,37.7,374.32,,,JICAMARCA,ANCIETA,2026-07-01T09:06:07.226303Z
46856-1910578149,46856,VIRGEN DE ESTRELLA S.A.C.,2026-04-25,191/0578149,BYP824,9.0,ARENA,14,37.27,41.74,498.79,,,JICAMARCA,COLLIQUE,2026-07-01T09:06:07.226415Z
46856-1910578084,46856,VIRGEN DE ESTRELLA S.A.C.,2026-04-25,191/0578084,CBA709,43.0,ARENA,14,34.98,38.83,653.47,,,JICAMARCA,SAN ANTONIO,2026-07-01T09:06:07.227388Z
46856-1910578090,46856,VIRGEN DE ESTRELLA S.A.C.,2026-04-25,191/0578090,CAZ895,42.0,ARENA,14,32.75,36.35,611.73,,,JICAMARCA,SAN ANTONIO,2026-07-01T09:06:07.227414Z
46856-1910578096,46856,VIRGEN DE ESTRELLA S.A.C.,2026-04-25,191/0578096,C9W737,21.0,ARENA,14,32.83,36.44,613.29,,,JICAMARCA,SAN ANTONIO,2026-07-01T09:06:07.227439Z
46856-1910578113,46856,VIRGEN DE ESTRELLA S.A.C.,2026-04-25,191/0578113,CHS718,45.0,ARENA,14,34.16,37.91,638.08,,,JICAMARCA,SAN ANTONIO,2026-07-01T09:06:07.227465Z
46856-1910578134,46856,VIRGEN DE ESTRELLA S.A.C.,2026-04-25,191/0578134,CCL847,44.0,ARENA,14,33.57,37.26,627.12,,,JICAMARCA,SAN ANTONIO,2026-07-01T09:06:07.227488Z
46856-1910578136,46856,VIRGEN DE ESTRELLA S.A.C.,2026-04-25,191/0578136,CBA709,43.0,ARENA,14,35.26,39.14,658.68,,,JICAMARCA,SAN ANTONIO,2026-07-01T09:06:07.227512Z
46856-1910578165,46856,VIRGEN DE ESTRELLA S.A.C.,2026-04-25,191/0578165,C9W737,21.0,ARENA,14,30.6,33.96,571.56,,,JICAMARCA,SAN ANTONIO,2026-07-01T09:06:07.227536Z
46856-1950191723,46856,VIRGEN DE ESTRELLA S.A.C.,2026-04-25,195/0191723,CBR854,14.0,PIEDRA,2,38.99,38.99,590.7,,,YERBABUENA,MEIGGS,2026-07-01T09:06:07.227977Z
46856-1950191717,46856,VIRGEN DE ESTRELLA S.A.C.,2026-04-25,195/0191717,F3F817,1.0,PIEDRA,2,43.07,43.07,652.51,,,YERBABUENA,MEIGGS,2026-07-01T09:06:07.228379Z
46856-1950191732,46856,VIRGEN DE ESTRELLA S.A.C.,2026-04-25,195/0191732,ATN880,5.0,PIEDRA,2,43.25,43.25,655.24,,,YERBABUENA,MEIGGS,2026-07-01T09:06:07.228402Z
46856-1950191713,46856,VIRGEN DE ESTRELLA S.A.C.,2026-04-25,195/0191713,C9T788,20.0,ARENA,14,35.5,35.5,537.83,,,YERBABUENA,MEIGGS,2026-07-01T09:06:07.229143Z
46856-1950191716,46856,VIRGEN DE ESTRELLA S.A.C.,2026-04-25,195/0191716,AWH708,33.0,ARENA,14,34.37,34.37,520.71,,,YERBABUENA,MEIGGS,2026-07-01T09:06:07.229174Z
46856-1950191721,46856,VIRGEN DE ESTRELLA S.A.C.,2026-04-25,195/0191721,CAZ895,42.0,ARENA,14,32.5,32.5,492.38,,,YERBABUENA,MEIGGS,2026-07-01T09:06:07.229198Z
46856-1950191735,46856,VIRGEN DE ESTRELLA S.A.C.,2026-04-25,195/0191735,AFX735,25.0,ARENA,14,35.67,35.67,540.4,,,YERBABUENA,MEIGGS,2026-07-01T09:06:07.229221Z
46856-0010016837,46856,VIRGEN DE ESTRELLA S.A.C.,2026-04-25,001/0016837,BFI758,37.0,PIEDRA,2,38.33,39.29,298.6,,,SAN LORENZO,COLLIQUE,2026-07-01T09:06:07.230131Z
46856-0010016840,46856,VIRGEN DE ESTRELLA S.A.C.,2026-04-25,001/0016840,AWW845,34.0,PIEDRA,2,36.77,37.69,286.44,,,SAN LORENZO,COLLIQUE,2026-07-01T09:06:07.230153Z
46856-0010016841,46856,VIRGEN DE ESTRELLA S.A.C.,2026-04-25,001/0016841,AHJ786,28.0,PIEDRA,2,37.37,38.3,291.08,,,SAN LORENZO,COLLIQUE,2026-07-01T09:06:07.230175Z
46856-0010016844,46856,VIRGEN DE ESTRELLA S.A.C.,2026-04-25,001/0016844,CBR796,18.0,PIEDRA,2,39.25,40.23,305.75,,,SAN LORENZO,COLLIQUE,2026-07-01T09:06:07.230200Z
46856-0010016850,46856,VIRGEN DE ESTRELLA S.A.C.,2026-04-25,001/0016850,CBR872,16.0,PIEDRA,2,37.92,38.87,295.41,,,SAN LORENZO,COLLIQUE,2026-07-01T09:06:07.230226Z
46856-0010016855,46856,VIRGEN DE ESTRELLA S.A.C.,2026-04-25,001/0016855,CBR854,14.0,PIEDRA,2,37.3,38.23,290.55,,,SAN LORENZO,COLLIQUE,2026-07-01T09:06:07.230252Z
46856-0010016859,46856,VIRGEN DE ESTRELLA S.A.C.,2026-04-25,001/0016859,ATN880,5.0,PIEDRA,2,46.4,47.56,361.46,,,SAN LORENZO,COLLIQUE,2026-07-01T09:06:07.230277Z
46856-0010016864,46856,VIRGEN DE ESTRELLA S.A.C.,2026-04-25,001/0016864,AWW845,34.0,PIEDRA,2,39.2,40.18,305.37,,,SAN LORENZO,COLLIQUE,2026-07-01T09:06:07.230298Z
46856-0010016830,46856,VIRGEN DE ESTRELLA S.A.C.,2026-04-25,001/0016830,D8E728,24.0,ARENA,14,32.39,36.6,240.46,,,SAN LORENZO,MATERIALES,2026-07-01T09:06:07.231929Z
46856-0010016831,46856,VIRGEN DE ESTRELLA S.A.C.,2026-04-25,001/0016831,D8B795,22.0,ARENA,14,32.81,37.08,243.62,,,SAN LORENZO,MATERIALES,2026-07-01T09:06:07.231955Z
46856-0010016832,46856,VIRGEN DE ESTRELLA S.A.C.,2026-04-25,001/0016832,D8D861,23.0,ARENA,14,35.49,40.1,263.46,,,SAN LORENZO,MATERIALES,2026-07-01T09:06:07.231980Z
46856-0010016834,46856,VIRGEN DE ESTRELLA S.A.C.,2026-04-25,001/0016834,BZR752,38.0,ARENA,14,35.61,40.24,264.38,,,SAN LORENZO,MATERIALES,2026-07-01T09:06:07.232006Z
46856-0010016835,46856,VIRGEN DE ESTRELLA S.A.C.,2026-04-25,001/0016835,AJC805,30.0,ARENA,14,36.72,41.49,272.59,,,SAN LORENZO,MATERIALES,2026-07-01T09:06:07.232032Z
46856-0010016836,46856,VIRGEN DE ESTRELLA S.A.C.,2026-04-25,001/0016836,ABN852,27.0,ARENA,14,36.58,41.33,271.54,,,SAN LORENZO,MATERIALES,2026-07-01T09:06:07.232058Z
46856-0010016838,46856,VIRGEN DE ESTRELLA S.A.C.,2026-04-25,001/0016838,AKE789,31.0,ARENA,14,33.78,38.17,250.78,,,SAN LORENZO,MATERIALES,2026-07-01T09:06:07.232083Z
46856-0010016861,46856,VIRGEN DE ESTRELLA S.A.C.,2026-04-25,001/0016861,AWH708,33.0,ARENA,14,35.92,40.59,266.68,,,SAN LORENZO,MATERIALES,2026-07-01T09:06:07.232112Z
46856-0010016862,46856,VIRGEN DE ESTRELLA S.A.C.,2026-04-25,001/0016862,BZR752,38.0,ARENA,14,34.56,39.05,256.56,,,SAN LORENZO,MATERIALES,2026-07-01T09:06:07.232140Z
46856-0010016863,46856,VIRGEN DE ESTRELLA S.A.C.,2026-04-25,001/0016863,C9T788,20.0,ARENA,14,33.94,38.35,251.96,,,SAN LORENZO,MATERIALES,2026-07-01T09:06:07.232167Z
46856-0010016865,46856,VIRGEN DE ESTRELLA S.A.C.,2026-04-25,001/0016865,AJC805,30.0,ARENA,14,37.05,41.87,275.09,,,SAN LORENZO,MATERIALES,2026-07-01T09:06:07.232193Z
46856-0010016866,46856,VIRGEN DE ESTRELLA S.A.C.,2026-04-25,001/0016866,AFX735,25.0,ARENA,14,33.88,38.29,251.57,,,SAN LORENZO,MATERIALES,2026-07-01T09:06:07.232222Z
46856-0010016845,46856,VIRGEN DE ESTRELLA S.A.C.,2026-04-25,001/0016845,D8E728,24.0,ARENA,14,32.84,36.78,210.38,,,SAN LORENZO,MEIGGS,2026-07-01T09:06:07.233264Z
46856-0010016846,46856,VIRGEN DE ESTRELLA S.A.C.,2026-04-25,001/0016846,D8B795,22.0,ARENA,14,32.68,36.6,209.35,,,SAN LORENZO,MEIGGS,2026-07-01T09:06:07.233292Z
46856-0010016847,46856,VIRGEN DE ESTRELLA S.A.C.,2026-04-25,001/0016847,AWH708,33.0,ARENA,14,33.89,37.96,217.13,,,SAN LORENZO,MEIGGS,2026-07-01T09:06:07.233326Z
46856-0010016848,46856,VIRGEN DE ESTRELLA S.A.C.,2026-04-25,001/0016848,ABN852,27.0,ARENA,14,36.73,41.14,235.32,,,SAN LORENZO,MEIGGS,2026-07-01T09:06:07.233353Z
46856-0010016849,46856,VIRGEN DE ESTRELLA S.A.C.,2026-04-25,001/0016849,BZR752,38.0,ARENA,14,34.41,38.54,220.45,,,SAN LORENZO,MEIGGS,2026-07-01T09:06:07.233380Z
46856-0010016851,46856,VIRGEN DE ESTRELLA S.A.C.,2026-04-25,001/0016851,D8D861,23.0,ARENA,14,33.73,37.78,216.1,,,SAN LORENZO,MEIGGS,2026-07-01T09:06:07.233406Z
46856-0010016853,46856,VIRGEN DE ESTRELLA S.A.C.,2026-04-25,001/0016853,BFI758,37.0,ARENA,14,37.15,41.61,238.01,,,SAN LORENZO,MEIGGS,2026-07-01T09:06:07.233432Z
46856-0010016854,46856,VIRGEN DE ESTRELLA S.A.C.,2026-04-25,001/0016854,ABN852,27.0,ARENA,14,32.38,36.27,207.46,,,SAN LORENZO,MEIGGS,2026-07-01T09:06:07.233460Z
46856-0010016857,46856,VIRGEN DE ESTRELLA S.A.C.,2026-04-25,001/0016857,AWW845,34.0,ARENA,14,37.79,42.32,242.07,,,SAN LORENZO,MEIGGS,2026-07-01T09:06:07.233485Z
46856-0010016858,46856,VIRGEN DE ESTRELLA S.A.C.,2026-04-25,001/0016858,D8E728,24.0,ARENA,14,33.21,37.2,212.78,,,SAN LORENZO,MEIGGS,2026-07-01T09:06:07.233510Z
46856-0010016867,46856,VIRGEN DE ESTRELLA S.A.C.,2026-04-25,001/0016867,D8D861,23.0,ARENA,14,34.99,39.19,224.17,,,SAN LORENZO,MEIGGS,2026-07-01T09:06:07.233540Z
46856-0010016868,46856,VIRGEN DE ESTRELLA S.A.C.,2026-04-25,001/0016868,AHJ786,28.0,ARENA,14,36.95,41.38,236.69,,,SAN LORENZO,MEIGGS,2026-07-01T09:06:07.233569Z
46856-0010016856,46856,VIRGEN DE ESTRELLA S.A.C.,2026-04-25,001/0016856,AKE789,31.0,PIEDRA,2,36.42,37.15,212.5,,,SAN LORENZO,MEIGGS,2026-07-01T09:06:07.234406Z
46856-0010016860,46856,VIRGEN DE ESTRELLA S.A.C.,2026-04-25,001/0016860,D8B795,22.0,PIEDRA,2,31.54,31.54,180.41,,,SAN LORENZO,MEIGGS,2026-07-01T09:06:07.234554Z
46946-1910578194,46946,VIRGEN DE ESTRELLA S.A.C.,2026-04-27,191/0578194,CBA709,43.0,ARENA,14,34.26,37.68,634.16,,,JICAMARCA,CONCHAN,2026-06-30T22:24:08.391306Z
46885-1910578174,46885,VIRGEN DE ESTRELLA S.A.C.,2026-04-27,191/0578174,CHS718,45.0,ARENA,14,33.4,37.08,623.99,,,JICAMARCA,SAN ANTONIO,2026-06-30T22:25:24.056463Z
46885-1910578175,46885,VIRGEN DE ESTRELLA S.A.C.,2026-04-27,191/0578175,CAZ895,42.0,ARENA,14,32.83,36.44,613.29,,,JICAMARCA,SAN ANTONIO,2026-06-30T22:25:24.056505Z
46885-1910578176,46885,VIRGEN DE ESTRELLA S.A.C.,2026-04-27,191/0578176,CCL847,44.0,ARENA,14,33.64,37.34,628.42,,,JICAMARCA,SAN ANTONIO,2026-06-30T22:25:24.056546Z
46885-1910578241,46885,VIRGEN DE ESTRELLA S.A.C.,2026-04-27,191/0578241,CHS718,45.0,ARENA,14,33.71,37.42,629.73,,,JICAMARCA,SAN ANTONIO,2026-06-30T22:25:24.056586Z
46885-1910578247,46885,VIRGEN DE ESTRELLA S.A.C.,2026-04-27,191/0578247,CCL847,44.0,PIEDRA,2,33.81,33.81,569.02,,,JICAMARCA,SAN ANTONIO,2026-06-30T22:25:24.056716Z
46885-1910578258,46885,VIRGEN DE ESTRELLA S.A.C.,2026-04-27,191/0578258,CAZ895,42.0,PIEDRA,2,46.22,46.22,777.8,,,JICAMARCA,SAN ANTONIO,2026-06-30T22:25:24.056754Z
46885-1910578189,46885,VIRGEN DE ESTRELLA S.A.C.,2026-04-27,191/0578189,BYP824,9.0,PIEDRA,2,40.3,40.3,678.25,,,JICAMARCA,SAN ANTONIO,2026-06-30T22:25:24.056798Z
46885-1910578256,46885,VIRGEN DE ESTRELLA S.A.C.,2026-04-27,191/0578256,BYP824,9.0,PIEDRA,2,37.53,37.53,631.55,,,JICAMARCA,SAN ANTONIO,2026-06-30T22:25:24.056836Z
46885-1950191786,46885,VIRGEN DE ESTRELLA S.A.C.,2026-04-27,195/0191786,CBR796,18.0,PIEDRA,2,39.02,39.02,591.15,,,YERBABUENA,MEIGGS,2026-06-30T22:25:24.057071Z
46885-1950191766,46885,VIRGEN DE ESTRELLA S.A.C.,2026-04-27,195/0191766,CBR854,14.0,PIEDRA,2,40.16,40.16,608.42,,,YERBABUENA,MEIGGS,2026-06-30T22:25:24.057189Z
46885-1950191767,46885,VIRGEN DE ESTRELLA S.A.C.,2026-04-27,195/0191767,ATN880,5.0,PIEDRA,2,41.95,41.95,635.54,,,YERBABUENA,MEIGGS,2026-06-30T22:25:24.057226Z
46885-1950191768,46885,VIRGEN DE ESTRELLA S.A.C.,2026-04-27,195/0191768,CBR872,16.0,PIEDRA,2,40.77,40.77,617.67,,,YERBABUENA,MEIGGS,2026-06-30T22:25:24.057265Z
46885-1950191759,46885,VIRGEN DE ESTRELLA S.A.C.,2026-04-27,195/0191759,C9T788,20.0,ARENA,14,35.73,35.73,541.31,,,YERBABUENA,MEIGGS,2026-06-30T22:25:24.057946Z
46885-1950191760,46885,VIRGEN DE ESTRELLA S.A.C.,2026-04-27,195/0191760,AWH708,33.0,ARENA,14,36.47,36.47,552.52,,,YERBABUENA,MEIGGS,2026-06-30T22:25:24.057985Z
46885-1950191761,46885,VIRGEN DE ESTRELLA S.A.C.,2026-04-27,195/0191761,F3F817,1.0,ARENA,14,43.98,43.98,666.3,,,YERBABUENA,MEIGGS,2026-06-30T22:25:24.058023Z
46885-1950191762,46885,VIRGEN DE ESTRELLA S.A.C.,2026-04-27,195/0191762,CAZ895,42.0,ARENA,14,35.38,35.38,536.01,,,YERBABUENA,MEIGGS,2026-06-30T22:25:24.058058Z
46885-1950191763,46885,VIRGEN DE ESTRELLA S.A.C.,2026-04-27,195/0191763,AFX735,25.0,ARENA,14,36.49,36.49,552.82,,,YERBABUENA,MEIGGS,2026-06-30T22:25:24.058096Z
46885-1950191764,46885,VIRGEN DE ESTRELLA S.A.C.,2026-04-27,195/0191764,AHJ786,28.0,ARENA,14,34.58,34.58,523.89,,,YERBABUENA,MEIGGS,2026-06-30T22:25:24.058133Z
46885-1950191765,46885,VIRGEN DE ESTRELLA S.A.C.,2026-04-27,195/0191765,D8D861,23.0,ARENA,14,38.74,38.74,586.91,,,YERBABUENA,MEIGGS,2026-06-30T22:25:24.058169Z
46885-1950191791,46885,VIRGEN DE ESTRELLA S.A.C.,2026-04-27,195/0191791,BYP838,10.0,ARENA,14,43.71,43.71,662.21,,,YERBABUENA,MEIGGS,2026-06-30T22:25:24.058205Z
46885-1950191808,46885,VIRGEN DE ESTRELLA S.A.C.,2026-04-27,195/0191808,ATN880,5.0,ARENA,14,43.71,43.71,662.21,,,YERBABUENA,MEIGGS,2026-06-30T22:25:24.058242Z
46885-1950191809,46885,VIRGEN DE ESTRELLA S.A.C.,2026-04-27,195/0191809,C9T788,20.0,ARENA,14,34.63,34.63,524.64,,,YERBABUENA,MEIGGS,2026-06-30T22:25:24.058283Z
46885-1950191812,46885,VIRGEN DE ESTRELLA S.A.C.,2026-04-27,195/0191812,CBR872,16.0,ARENA,14,41.99,41.99,636.15,,,YERBABUENA,MEIGGS,2026-06-30T22:25:24.058325Z
46885-1950191817,46885,VIRGEN DE ESTRELLA S.A.C.,2026-04-27,195/0191817,CBR854,14.0,ARENA,14,42.86,42.86,649.33,,,YERBABUENA,MEIGGS,2026-06-30T22:25:24.058363Z
46885-1950191820,46885,VIRGEN DE ESTRELLA S.A.C.,2026-04-27,195/0191820,CBR796,18.0,ARENA,14,41.46,41.46,628.12,,,YERBABUENA,MEIGGS,2026-06-30T22:25:24.058400Z
46885-0010016874,46885,VIRGEN DE ESTRELLA S.A.C.,2026-04-27,001/0016874,AWW845,34.0,PIEDRA,2,36.9,37.82,287.43,,,SAN LORENZO,COLLIQUE,2026-06-30T22:25:24.059162Z
46885-0010016875,46885,VIRGEN DE ESTRELLA S.A.C.,2026-04-27,001/0016875,D8B795,22.0,PIEDRA,2,34.99,35.86,272.54,,,SAN LORENZO,COLLIQUE,2026-06-30T22:25:24.059196Z
46885-0010016883,46885,VIRGEN DE ESTRELLA S.A.C.,2026-04-27,001/0016883,BZR752,38.0,PIEDRA,2,36.88,37.8,287.28,,,SAN LORENZO,COLLIQUE,2026-06-30T22:25:24.059228Z
46885-0010016894,46885,VIRGEN DE ESTRELLA S.A.C.,2026-04-27,001/0016894,D8D861,23.0,PIEDRA,2,36.21,37.12,282.11,,,SAN LORENZO,COLLIQUE,2026-06-30T22:25:24.059262Z
46885-0010016895,46885,VIRGEN DE ESTRELLA S.A.C.,2026-04-27,001/0016895,AFX735,25.0,PIEDRA,2,34.72,35.59,270.48,,,SAN LORENZO,COLLIQUE,2026-06-30T22:25:24.059298Z
46885-0010016899,46885,VIRGEN DE ESTRELLA S.A.C.,2026-04-27,001/0016899,BZR752,38.0,PIEDRA,2,37.03,37.96,288.5,,,SAN LORENZO,COLLIQUE,2026-06-30T22:25:24.059334Z
46885-0010016900,46885,VIRGEN DE ESTRELLA S.A.C.,2026-04-27,001/0016900,D8E728,24.0,PIEDRA,2,36.56,37.47,284.77,,,SAN LORENZO,COLLIQUE,2026-06-30T22:25:24.059368Z
46885-0010016906,46885,VIRGEN DE ESTRELLA S.A.C.,2026-04-27,001/0016906,AWW845,34.0,PIEDRA,2,38.2,39.15,297.54,,,SAN LORENZO,COLLIQUE,2026-06-30T22:25:24.059399Z
46885-0010016886,46885,VIRGEN DE ESTRELLA S.A.C.,2026-04-27,001/0016886,AKE789,31.0,ARENA,14,35.32,39.2,254.8,,,SAN LORENZO,OQUENDO,2026-06-30T22:25:24.060365Z
46885-0010016888,46885,VIRGEN DE ESTRELLA S.A.C.,2026-04-27,001/0016888,AWW871,32.0,ARENA,14,35.41,39.3,255.45,,,SAN LORENZO,OQUENDO,2026-06-30T22:25:24.060398Z
46885-0010016889,46885,VIRGEN DE ESTRELLA S.A.C.,2026-04-27,001/0016889,AHJ786,28.0,ARENA,14,37.45,41.57,270.21,,,SAN LORENZO,OQUENDO,2026-06-30T22:25:24.060429Z
46885-0010016893,46885,VIRGEN DE ESTRELLA S.A.C.,2026-04-27,001/0016893,AJC805,30.0,ARENA,14,36.92,40.98,266.37,,,SAN LORENZO,OQUENDO,2026-06-30T22:25:24.060461Z
46885-0010016871,46885,VIRGEN DE ESTRELLA S.A.C.,2026-04-27,001/0016871,AKE789,31.0,ARENA,14,33.95,38.36,252.03,,,SAN LORENZO,MATERIALES,2026-06-30T22:25:24.060617Z
46885-0010016873,46885,VIRGEN DE ESTRELLA S.A.C.,2026-04-27,001/0016873,BZR752,38.0,ARENA,14,34.78,39.3,258.2,,,SAN LORENZO,MATERIALES,2026-06-30T22:25:24.060654Z
46885-0010016876,46885,VIRGEN DE ESTRELLA S.A.C.,2026-04-27,001/0016876,D8E728,24.0,ARENA,14,33.05,37.35,245.39,,,SAN LORENZO,MATERIALES,2026-06-30T22:25:24.060683Z
46885-0010016877,46885,VIRGEN DE ESTRELLA S.A.C.,2026-04-27,001/0016877,BF1758,,ARENA,14,36.58,41.33,271.54,,,SAN LORENZO,MATERIALES,2026-06-30T22:25:24.060740Z
46885-0010016879,46885,VIRGEN DE ESTRELLA S.A.C.,2026-04-27,001/0016879,AJC805,30.0,ARENA,14,36.41,41.14,270.29,,,SAN LORENZO,MATERIALES,2026-06-30T22:25:24.060769Z
46885-0010016881,46885,VIRGEN DE ESTRELLA S.A.C.,2026-04-27,001/0016881,D8E728,24.0,ARENA,14,34.04,38.46,252.68,,,SAN LORENZO,MATERIALES,2026-06-30T22:25:24.060797Z
46885-0010016882,46885,VIRGEN DE ESTRELLA S.A.C.,2026-04-27,001/0016882,D8B795,22.0,ARENA,14,33.78,38.17,250.78,,,SAN LORENZO,MATERIALES,2026-06-30T22:25:24.060826Z
46885-0010016884,46885,VIRGEN DE ESTRELLA S.A.C.,2026-04-27,001/0016884,AWW845,34.0,ARENA,14,35.88,40.54,266.35,,,SAN LORENZO,MATERIALES,2026-06-30T22:25:24.060856Z
46885-0010016885,46885,VIRGEN DE ESTRELLA S.A.C.,2026-04-27,001/0016885,BF1758,,ARENA,14,37.88,42.8,281.2,,,SAN LORENZO,MATERIALES,2026-06-30T22:25:24.060895Z
46885-0010016903,46885,VIRGEN DE ESTRELLA S.A.C.,2026-04-27,001/0016903,D8D945,,ARENA,14,33.65,38.03,249.86,,,SAN LORENZO,MATERIALES,2026-06-30T22:25:24.060934Z
46885-0010016904,46885,VIRGEN DE ESTRELLA S.A.C.,2026-04-27,001/0016904,AKE789,31.0,ARENA,14,35.08,39.64,260.43,,,SAN LORENZO,MATERIALES,2026-06-30T22:25:24.060965Z
46885-0010016905,46885,VIRGEN DE ESTRELLA S.A.C.,2026-04-27,001/0016905,D8D861,23.0,ARENA,14,34.33,38.79,254.85,,,SAN LORENZO,MATERIALES,2026-06-30T22:25:24.060993Z
46885-0010016896,46885,VIRGEN DE ESTRELLA S.A.C.,2026-04-27,001/0016896,AHJ786,28.0,PIEDRA,2,38.63,39.6,226.51,,,SAN LORENZO,MEIGGS,2026-06-30T22:25:24.061812Z
46885-0010016897,46885,VIRGEN DE ESTRELLA S.A.C.,2026-04-27,001/0016897,AKE789,31.0,PIEDRA,2,36.71,37.63,215.24,,,SAN LORENZO,MEIGGS,2026-06-30T22:25:24.061837Z
46885-0010016898,46885,VIRGEN DE ESTRELLA S.A.C.,2026-04-27,001/0016898,AWW871,32.0,PIEDRA,2,39.22,40.2,229.94,,,SAN LORENZO,MEIGGS,2026-06-30T22:25:24.061871Z
46885-0010016902,46885,VIRGEN DE ESTRELLA S.A.C.,2026-04-27,001/0016902,AJC805,30.0,PIEDRA,2,37.59,38.53,220.39,,,SAN LORENZO,MEIGGS,2026-06-30T22:25:24.061896Z
46885-0010016907,46885,VIRGEN DE ESTRELLA S.A.C.,2026-04-27,001/0016907,BF1758,,PIEDRA,2,40.09,41.09,235.03,,,SAN LORENZO,MEIGGS,2026-06-30T22:25:24.061929Z
46946-1910578411,46946,VIRGEN DE ESTRELLA S.A.C.,2026-04-28,191/0578411,CHS718,45.0,ARENA,14,34.73,38.21,643.03,,,JICAMARCA,CONCHAN,2026-06-30T22:24:08.391366Z
46946-1910578418,46946,VIRGEN DE ESTRELLA S.A.C.,2026-04-28,191/0578418,CCL847,44.0,ARENA,14,33.75,37.12,624.77,,,JICAMARCA,CONCHAN,2026-06-30T22:24:08.391412Z
46885-1910578326,46885,VIRGEN DE ESTRELLA S.A.C.,2026-04-28,191/0578326,BYP824,9.0,ARENA,14,33.11,37.42,371.55,,,JICAMARCA,ANCIETA,2026-06-30T22:25:24.055620Z
46885-1910578470,46885,VIRGEN DE ESTRELLA S.A.C.,2026-04-28,191/0578470,BYP824,9.0,PIEDRA,2,36.87,36.87,366.12,,,JICAMARCA,ANCIETA,2026-06-30T22:25:24.055894Z
46885-1910578375,46885,VIRGEN DE ESTRELLA S.A.C.,2026-04-28,191/0578375,BYP824,9.0,PIEDRA,2,38.32,38.32,380.48,,,JICAMARCA,ANCIETA,2026-06-30T22:25:24.055975Z
46885-1910578409,46885,VIRGEN DE ESTRELLA S.A.C.,2026-04-28,191/0578409,BYP824,9.0,PIEDRA,2,41.74,41.74,414.49,,,JICAMARCA,ANCIETA,2026-06-30T22:25:24.056013Z
46885-1910578324,46885,VIRGEN DE ESTRELLA S.A.C.,2026-04-28,191/0578324,CHS718,45.0,ARENA,14,29.99,32.98,461.78,,,JICAMARCA,VILLA 1,2026-06-30T22:25:24.056252Z
46885-1910578331,46885,VIRGEN DE ESTRELLA S.A.C.,2026-04-28,191/0578331,CCL847,44.0,ARENA,14,31.44,34.58,484.13,,,JICAMARCA,VILLA 1,2026-06-30T22:25:24.056295Z
46885-1910578413,46885,VIRGEN DE ESTRELLA S.A.C.,2026-04-28,191/0578413,CAZ895,42.0,PIEDRA,2,34.22,34.9,499.42,,,JICAMARCA,VILLA 1 UNICON,2026-06-30T22:25:24.056343Z
46885-1910578435,46885,VIRGEN DE ESTRELLA S.A.C.,2026-04-28,191/0578435,C9W737,21.0,PIEDRA,2,33.75,34.42,492.55,,,JICAMARCA,VILLA 1 UNICON,2026-06-30T22:25:24.056382Z
46885-1910578350,46885,VIRGEN DE ESTRELLA S.A.C.,2026-04-28,191/0578350,C9W737,21.0,PIEDRA,2,37.63,37.63,633.38,,,JICAMARCA,SAN ANTONIO,2026-06-30T22:25:24.056880Z
46885-1910578370,46885,VIRGEN DE ESTRELLA S.A.C.,2026-04-28,191/0578370,CBA709,43.0,PIEDRA,2,37.0,37.0,622.68,,,JICAMARCA,SAN ANTONIO,2026-06-30T22:25:24.056918Z
46885-1910578444,46885,VIRGEN DE ESTRELLA S.A.C.,2026-04-28,191/0578444,CBA709,43.0,PIEDRA,2,35.61,35.61,509.58,,,JICAMARCA,CONCRETO PRETENSADO,2026-06-30T22:25:24.057031Z
46885-1950191843,46885,VIRGEN DE ESTRELLA S.A.C.,2026-04-28,195/0191843,F3F817,1.0,PIEDRA,2,40.07,40.07,607.06,,,YERBABUENA,MEIGGS,2026-06-30T22:25:24.057303Z
46885-1950191847,46885,VIRGEN DE ESTRELLA S.A.C.,2026-04-28,195/0191847,CBR854,14.0,PIEDRA,2,42.46,42.46,643.27,,,YERBABUENA,MEIGGS,2026-06-30T22:25:24.057345Z
46885-1950191848,46885,VIRGEN DE ESTRELLA S.A.C.,2026-04-28,195/0191848,ATN880,5.0,PIEDRA,2,43.39,43.39,657.36,,,YERBABUENA,MEIGGS,2026-06-30T22:25:24.057384Z
46885-1950191849,46885,VIRGEN DE ESTRELLA S.A.C.,2026-04-28,195/0191849,CBR872,16.0,PIEDRA,2,41.05,41.05,621.91,,,YERBABUENA,MEIGGS,2026-06-30T22:25:24.057421Z
46885-1950191850,46885,VIRGEN DE ESTRELLA S.A.C.,2026-04-28,195/0191850,CBR796,18.0,PIEDRA,2,39.9,39.9,604.49,,,YERBABUENA,MEIGGS,2026-06-30T22:25:24.057456Z
46885-1950191867,46885,VIRGEN DE ESTRELLA S.A.C.,2026-04-28,195/0191867,BYP838,10.0,PIEDRA,2,43.97,43.97,666.15,,,YERBABUENA,MEIGGS,2026-06-30T22:25:24.057490Z
46885-1950191895,46885,VIRGEN DE ESTRELLA S.A.C.,2026-04-28,195/0191895,F3F817,1.0,PIEDRA,2,41.15,41.15,623.42,,,YERBABUENA,MEIGGS,2026-06-30T22:25:24.057528Z
46885-1950191896,46885,VIRGEN DE ESTRELLA S.A.C.,2026-04-28,195/0191896,CBR854,14.0,PIEDRA,2,41.82,41.82,633.57,,,YERBABUENA,MEIGGS,2026-06-30T22:25:24.057564Z
46885-1950191898,46885,VIRGEN DE ESTRELLA S.A.C.,2026-04-28,195/0191898,CBR846,12.0,PIEDRA,2,40.7,40.7,616.61,,,YERBABUENA,MEIGGS,2026-06-30T22:25:24.057601Z
46885-1950191891,46885,VIRGEN DE ESTRELLA S.A.C.,2026-04-28,195/0191891,CBR872,16.0,PIEDRA,2,37.51,37.51,568.28,,,YERBABUENA,MEIGGS,2026-06-30T22:25:24.057903Z
46885-1950191841,46885,VIRGEN DE ESTRELLA S.A.C.,2026-04-28,195/0191841,C9T788,20.0,ARENA,14,34.98,34.98,529.95,,,YERBABUENA,MEIGGS,2026-06-30T22:25:24.058437Z
46885-1950191844,46885,VIRGEN DE ESTRELLA S.A.C.,2026-04-28,195/0191844,AWH708,33.0,ARENA,14,35.82,35.82,542.67,,,YERBABUENA,MEIGGS,2026-06-30T22:25:24.058471Z
46885-1950191845,46885,VIRGEN DE ESTRELLA S.A.C.,2026-04-28,195/0191845,CAZ895,42.0,ARENA,14,35.08,35.08,531.46,,,YERBABUENA,MEIGGS,2026-06-30T22:25:24.058504Z
46885-1950191846,46885,VIRGEN DE ESTRELLA S.A.C.,2026-04-28,195/0191846,AFX735,25.0,ARENA,14,36.42,36.42,551.76,,,YERBABUENA,MEIGGS,2026-06-30T22:25:24.058537Z
46885-1950191872,46885,VIRGEN DE ESTRELLA S.A.C.,2026-04-28,195/0191872,D8B795,22.0,ARENA,14,37.19,37.19,563.43,,,YERBABUENA,MEIGGS,2026-06-30T22:25:24.058571Z
46885-1950191874,46885,VIRGEN DE ESTRELLA S.A.C.,2026-04-28,195/0191874,D8D861,23.0,ARENA,14,35.21,35.21,533.43,,,YERBABUENA,MEIGGS,2026-06-30T22:25:24.058603Z
46885-1950191893,46885,VIRGEN DE ESTRELLA S.A.C.,2026-04-28,195/0191893,AWH708,33.0,ARENA,14,36.7,36.7,556.01,,,YERBABUENA,MEIGGS,2026-06-30T22:25:24.058639Z
46885-1950191894,46885,VIRGEN DE ESTRELLA S.A.C.,2026-04-28,195/0191894,CAZ895,42.0,ARENA,14,36.09,36.09,546.76,,,YERBABUENA,MEIGGS,2026-06-30T22:25:24.058673Z
46885-1950191908,46885,VIRGEN DE ESTRELLA S.A.C.,2026-04-28,195/0191908,BYP838,10.0,ARENA,14,40.7,40.7,616.61,,,YERBABUENA,MEIGGS,2026-06-30T22:25:24.058716Z
46885-1950191909,46885,VIRGEN DE ESTRELLA S.A.C.,2026-04-28,195/0191909,CBR796,18.0,ARENA,14,39.24,39.24,594.49,,,YERBABUENA,MEIGGS,2026-06-30T22:25:24.058750Z
46885-1950191910,46885,VIRGEN DE ESTRELLA S.A.C.,2026-04-28,195/0191910,ATN880,5.0,ARENA,14,43.92,43.92,665.39,,,YERBABUENA,MEIGGS,2026-06-30T22:25:24.058784Z
46885-0010016915,46885,VIRGEN DE ESTRELLA S.A.C.,2026-04-28,001/0016915,D8D861,23.0,PIEDRA,2,37.04,37.97,288.57,,,SAN LORENZO,COLLIQUE,2026-06-30T22:25:24.059434Z
46885-0010016921,46885,VIRGEN DE ESTRELLA S.A.C.,2026-04-28,001/0016921,BF1758,,PIEDRA,2,40.02,41.02,311.75,,,SAN LORENZO,COLLIQUE,2026-06-30T22:25:24.059515Z
46885-0010016937,46885,VIRGEN DE ESTRELLA S.A.C.,2026-04-28,001/0016937,CBR796,18.0,PIEDRA,2,36.83,37.75,286.9,,,SAN LORENZO,COLLIQUE,2026-06-30T22:25:24.059550Z
46885-0010016938,46885,VIRGEN DE ESTRELLA S.A.C.,2026-04-28,001/0016938,CBR854,14.0,PIEDRA,2,39.33,40.31,306.36,,,SAN LORENZO,COLLIQUE,2026-06-30T22:25:24.059580Z
46885-0010016956,46885,VIRGEN DE ESTRELLA S.A.C.,2026-04-28,001/0016956,AWW845,34.0,PIEDRA,2,38.92,39.89,303.16,,,SAN LORENZO,COLLIQUE,2026-06-30T22:25:24.059610Z
46885-0010016957,46885,VIRGEN DE ESTRELLA S.A.C.,2026-04-28,001/0016957,BF1758,,PIEDRA,2,40.6,41.61,316.24,,,SAN LORENZO,COLLIQUE,2026-06-30T22:25:24.059648Z
46885-0010016960,46885,VIRGEN DE ESTRELLA S.A.C.,2026-04-28,001/0016960,D8D861,23.0,PIEDRA,2,36.75,37.67,286.29,,,SAN LORENZO,COLLIQUE,2026-06-30T22:25:24.059680Z
46885-0010016961,46885,VIRGEN DE ESTRELLA S.A.C.,2026-04-28,001/0016961,AWH708,33.0,PIEDRA,2,38.13,39.08,297.01,,,SAN LORENZO,COLLIQUE,2026-06-30T22:25:24.059718Z
46885-0010016940,46885,VIRGEN DE ESTRELLA S.A.C.,2026-04-28,001/0016940,AJC805,30.0,ARENA,14,39.94,44.33,288.15,,,SAN LORENZO,OQUENDO,2026-06-30T22:25:24.060492Z
46885-0010016946,46885,VIRGEN DE ESTRELLA S.A.C.,2026-04-28,001/0016946,AKE789,31.0,ARENA,14,38.13,42.32,275.08,,,SAN LORENZO,OQUENDO,2026-06-30T22:25:24.060524Z
46885-0010016951,46885,VIRGEN DE ESTRELLA S.A.C.,2026-04-28,001/0016951,C9T788,20.0,ARENA,14,34.45,38.24,248.56,,,SAN LORENZO,OQUENDO,2026-06-30T22:25:24.060556Z
46885-0010016959,46885,VIRGEN DE ESTRELLA S.A.C.,2026-04-28,001/0016959,AKE789,31.0,ARENA,14,37.07,41.15,267.47,,,SAN LORENZO,OQUENDO,2026-06-30T22:25:24.060589Z
46885-0010016922,46885,VIRGEN DE ESTRELLA S.A.C.,2026-04-28,001/0016922,D8E728,24.0,ARENA,14,33.73,38.12,250.45,,,SAN LORENZO,MATERIALES,2026-06-30T22:25:24.061025Z
46885-0010016927,46885,VIRGEN DE ESTRELLA S.A.C.,2026-04-28,001/0016927,BZR752,38.0,ARENA,14,35.44,40.05,263.13,,,SAN LORENZO,MATERIALES,2026-06-30T22:25:24.061054Z
46885-0010016928,46885,VIRGEN DE ESTRELLA S.A.C.,2026-04-28,001/0016928,AKE789,31.0,ARENA,14,36.17,40.87,268.52,,,SAN LORENZO,MATERIALES,2026-06-30T22:25:24.061085Z
46885-0010016930,46885,VIRGEN DE ESTRELLA S.A.C.,2026-04-28,001/0016930,D8B795,22.0,ARENA,14,33.38,37.72,247.82,,,SAN LORENZO,MATERIALES,2026-06-30T22:25:24.061116Z
46885-0010016931,46885,VIRGEN DE ESTRELLA S.A.C.,2026-04-28,001/0016931,AWW845,34.0,ARENA,14,37.48,42.35,278.24,,,SAN LORENZO,MATERIALES,2026-06-30T22:25:24.061146Z
46885-0010016932,46885,VIRGEN DE ESTRELLA S.A.C.,2026-04-28,001/0016932,ABN852,27.0,ARENA,14,36.84,41.63,273.51,,,SAN LORENZO,MATERIALES,2026-06-30T22:25:24.061175Z
46885-0010016934,46885,VIRGEN DE ESTRELLA S.A.C.,2026-04-28,001/0016934,D8E728,24.0,ARENA,14,37.16,41.99,275.87,,,SAN LORENZO,MATERIALES,2026-06-30T22:25:24.061208Z
46885-0010016939,46885,VIRGEN DE ESTRELLA S.A.C.,2026-04-28,001/0016939,AJA905,29.0,ARENA,14,36.72,41.49,272.59,,,SAN LORENZO,MATERIALES,2026-06-30T22:25:24.061236Z
46885-0010016952,46885,VIRGEN DE ESTRELLA S.A.C.,2026-04-28,001/0016952,D8E728,24.0,ARENA,14,34.78,39.3,258.2,,,SAN LORENZO,MATERIALES,2026-06-30T22:25:24.061265Z
46885-0010016912,46885,VIRGEN DE ESTRELLA S.A.C.,2026-04-28,001/0016912,BZR752,38.0,ARENA,14,34.61,38.42,219.76,,,SAN LORENZO,MEIGGS,2026-06-30T22:25:24.061297Z
46885-0010016913,46885,VIRGEN DE ESTRELLA S.A.C.,2026-04-28,001/0016913,D8B795,22.0,ARENA,14,33.06,36.7,209.92,,,SAN LORENZO,MEIGGS,2026-06-30T22:25:24.061325Z
46885-0010016914,46885,VIRGEN DE ESTRELLA S.A.C.,2026-04-28,001/0016914,AWW845,34.0,ARENA,14,34.92,38.76,221.71,,,SAN LORENZO,MEIGGS,2026-06-30T22:25:24.061355Z
46885-0010016917,46885,VIRGEN DE ESTRELLA S.A.C.,2026-04-28,001/0016917,AKE789,31.0,ARENA,14,35.14,39.01,223.14,,,SAN LORENZO,MEIGGS,2026-06-30T22:25:24.061383Z
46885-0010016920,46885,VIRGEN DE ESTRELLA S.A.C.,2026-04-28,001/0016920,ABN852,27.0,ARENA,14,35.36,39.25,224.51,,,SAN LORENZO,MEIGGS,2026-06-30T22:25:24.061413Z
46885-0010016941,46885,VIRGEN DE ESTRELLA S.A.C.,2026-04-28,001/0016941,AFX735,25.0,ARENA,14,33.46,37.14,212.44,,,SAN LORENZO,MEIGGS,2026-06-30T22:25:24.061442Z
46885-0010016942,46885,VIRGEN DE ESTRELLA S.A.C.,2026-04-28,001/0016942,C9T788,20.0,ARENA,14,35.01,38.86,222.28,,,SAN LORENZO,MEIGGS,2026-06-30T22:25:24.061472Z
46885-0010016948,46885,VIRGEN DE ESTRELLA S.A.C.,2026-04-28,001/0016948,D8B795,22.0,ARENA,14,31.66,35.14,201.0,,,SAN LORENZO,MEIGGS,2026-06-30T22:25:24.061499Z
46885-0010016947,46885,VIRGEN DE ESTRELLA S.A.C.,2026-04-28,001/0016947,AJC805,30.0,PIEDRA,2,38.92,39.7,227.08,,,SAN LORENZO,MEIGGS,2026-06-30T22:25:24.061958Z
46885-0010016950,46885,VIRGEN DE ESTRELLA S.A.C.,2026-04-28,001/0016950,AFX735,25.0,PIEDRA,2,35.38,36.09,206.43,,,SAN LORENZO,MEIGGS,2026-06-30T22:25:24.061984Z
46885-0010016955,46885,VIRGEN DE ESTRELLA S.A.C.,2026-04-28,001/0016955,AJA905,29.0,PIEDRA,2,37.35,38.1,217.93,,,SAN LORENZO,MEIGGS,2026-06-30T22:25:24.062010Z
46885-0010016958,46885,VIRGEN DE ESTRELLA S.A.C.,2026-04-28,001/0016958,D8B795,22.0,PIEDRA,2,35.72,36.43,208.38,,,SAN LORENZO,MEIGGS,2026-06-30T22:25:24.062035Z
46885-0010016962,46885,VIRGEN DE ESTRELLA S.A.C.,2026-04-28,001/0016962,AFX735,25.0,PIEDRA,2,35.64,36.35,207.92,,,SAN LORENZO,MEIGGS,2026-06-30T22:25:24.062062Z
46885-0010016963,46885,VIRGEN DE ESTRELLA S.A.C.,2026-04-28,001/0016963,AJC805,30.0,PIEDRA,2,38.33,39.1,223.65,,,SAN LORENZO,MEIGGS,2026-06-30T22:25:24.062090Z
46885-0010016953,46885,VIRGEN DE ESTRELLA S.A.C.,2026-04-28,001/0016953,BZR752,38.0,PIEDRA,2,38.37,38.37,219.48,,,SAN LORENZO,MEIGGS,2026-06-30T22:25:24.062116Z
46885-0010016954,46885,VIRGEN DE ESTRELLA S.A.C.,2026-04-28,001/0016954,ABN852,27.0,PIEDRA,2,38.63,38.63,220.96,,,SAN LORENZO,MEIGGS,2026-06-30T22:25:24.062142Z
46946-1910578646,46946,VIRGEN DE ESTRELLA S.A.C.,2026-04-29,191/0578646,CHS718,45.0,ARENA,14,33.44,36.78,619.03,,,JICAMARCA,CONCHAN,2026-06-30T22:24:08.391452Z
46946-1910578661,46946,VIRGEN DE ESTRELLA S.A.C.,2026-04-29,191/0578661,CAZ895,42.0,ARENA,14,34.83,38.32,644.86,,,JICAMARCA,CONCHAN,2026-06-30T22:24:08.391492Z
46946-1910578674,46946,VIRGEN DE ESTRELLA S.A.C.,2026-04-29,191/0578674,CCL847,44.0,ARENA,14,34.69,38.16,642.25,,,JICAMARCA,CONCHAN,2026-06-30T22:24:08.391534Z
46946-1910578678,46946,VIRGEN DE ESTRELLA S.A.C.,2026-04-29,191/0578678,C9W737,21.0,ARENA,14,33.44,36.78,619.03,,,JICAMARCA,CONCHAN,2026-06-30T22:24:08.391570Z
46885-1910578574,46885,VIRGEN DE ESTRELLA S.A.C.,2026-04-29,191/0578574,CHS718,45.0,PIEDRA,2,31.2,31.2,373.15,,,JICAMARCA,SAN JUAN,2026-06-30T22:25:24.055279Z
46885-1910578586,46885,VIRGEN DE ESTRELLA S.A.C.,2026-04-29,191/0578586,CCL847,44.0,PIEDRA,2,30.22,30.22,361.43,,,JICAMARCA,SAN JUAN,2026-06-30T22:25:24.055377Z
46885-1910578596,46885,VIRGEN DE ESTRELLA S.A.C.,2026-04-29,191/0578596,CAZ895,42.0,PIEDRA,2,34.5,34.5,412.62,,,JICAMARCA,SAN JUAN,2026-06-30T22:25:24.055464Z
46885-1910578603,46885,VIRGEN DE ESTRELLA S.A.C.,2026-04-29,191/0578603,C9W737,21.0,PIEDRA,2,31.65,31.65,378.53,,,JICAMARCA,SAN JUAN,2026-06-30T22:25:24.055516Z
46885-1910578640,46885,VIRGEN DE ESTRELLA S.A.C.,2026-04-29,191/0578640,BYP824,9.0,ARENA,14,39.16,43.86,524.57,,,JICAMARCA,SAN JUAN,2026-06-30T22:25:24.055573Z
46885-1910578523,46885,VIRGEN DE ESTRELLA S.A.C.,2026-04-29,191/0578523,CAZ895,42.0,ARENA,14,30.93,34.95,347.08,,,JICAMARCA,ANCIETA,2026-06-30T22:25:24.055668Z
46885-1910578526,46885,VIRGEN DE ESTRELLA S.A.C.,2026-04-29,191/0578526,CCL847,44.0,ARENA,14,30.62,34.6,343.54,,,JICAMARCA,ANCIETA,2026-06-30T22:25:24.055721Z
46885-1910578553,46885,VIRGEN DE ESTRELLA S.A.C.,2026-04-29,191/0578553,C9W737,21.0,ARENA,14,29.52,33.36,331.23,,,JICAMARCA,ANCIETA,2026-06-30T22:25:24.055764Z
46885-1910578583,46885,VIRGEN DE ESTRELLA S.A.C.,2026-04-29,191/0578583,CBA709,43.0,ARENA,14,31.51,35.6,353.54,,,JICAMARCA,ANCIETA,2026-06-30T22:25:24.055806Z
46885-1910578522,46885,VIRGEN DE ESTRELLA S.A.C.,2026-04-29,191/0578522,CHS718,45.0,PIEDRA,2,33.08,33.08,328.43,,,JICAMARCA,ANCIETA,2026-06-30T22:25:24.055936Z
46885-1910578529,46885,VIRGEN DE ESTRELLA S.A.C.,2026-04-29,191/0578529,BYP824,9.0,PIEDRA,2,39.22,39.22,389.4,,,JICAMARCA,ANCIETA,2026-06-30T22:25:24.056054Z
46885-1910578579,46885,VIRGEN DE ESTRELLA S.A.C.,2026-04-29,191/0578579,BYP824,9.0,PIEDRA,2,39.62,39.62,393.41,,,JICAMARCA,ANCIETA,2026-06-30T22:25:24.056092Z
46885-1910578616,46885,VIRGEN DE ESTRELLA S.A.C.,2026-04-29,191/0578616,CBA709,43.0,PIEDRA,2,36.55,36.55,523.03,,,JICAMARCA,EMBOLSADOS INS. Y SUM.,2026-06-30T22:25:24.056420Z
46885-1950191926,46885,VIRGEN DE ESTRELLA S.A.C.,2026-04-29,195/0191926,F3F817,1.0,PIEDRA,2,39.64,39.64,600.55,,,YERBABUENA,MEIGGS,2026-06-30T22:25:24.057111Z
46885-1950191920,46885,VIRGEN DE ESTRELLA S.A.C.,2026-04-29,195/0191920,ATN880,5.0,PIEDRA,2,42.12,42.12,638.12,,,YERBABUENA,MEIGGS,2026-06-30T22:25:24.057635Z
46885-1950191937,46885,VIRGEN DE ESTRELLA S.A.C.,2026-04-29,195/0191937,CBR854,14.0,PIEDRA,2,41.22,41.22,624.48,,,YERBABUENA,MEIGGS,2026-06-30T22:25:24.057669Z
46885-1950191941,46885,VIRGEN DE ESTRELLA S.A.C.,2026-04-29,195/0191941,AFX735,25.0,PIEDRA,2,36.61,36.61,554.64,,,YERBABUENA,MEIGGS,2026-06-30T22:25:24.057722Z
46885-1950191943,46885,VIRGEN DE ESTRELLA S.A.C.,2026-04-29,195/0191943,D8D861,23.0,PIEDRA,2,37.1,37.1,562.07,,,YERBABUENA,MEIGGS,2026-06-30T22:25:24.057758Z
46885-1950191921,46885,VIRGEN DE ESTRELLA S.A.C.,2026-04-29,195/0191921,CAZ895,42.0,ARENA,14,34.28,34.28,519.34,,,YERBABUENA,MEIGGS,2026-06-30T22:25:24.058817Z
46885-1950191922,46885,VIRGEN DE ESTRELLA S.A.C.,2026-04-29,195/0191922,AWH708,33.0,ARENA,14,36.54,36.54,553.58,,,YERBABUENA,MEIGGS,2026-06-30T22:25:24.058851Z
46885-1950191938,46885,VIRGEN DE ESTRELLA S.A.C.,2026-04-29,195/0191938,C9T788,20.0,ARENA,14,36.56,36.56,553.88,,,YERBABUENA,MEIGGS,2026-06-30T22:25:24.058885Z
46885-1950191942,46885,VIRGEN DE ESTRELLA S.A.C.,2026-04-29,195/0191942,D8B795,22.0,ARENA,14,35.38,35.38,536.01,,,YERBABUENA,MEIGGS,2026-06-30T22:25:24.058918Z
46885-0010016967,46885,VIRGEN DE ESTRELLA S.A.C.,2026-04-29,001/0016967,AJA905,29.0,PIEDRA,2,37.13,38.06,289.26,,,SAN LORENZO,COLLIQUE,2026-06-30T22:25:24.059753Z
46885-0010016981,46885,VIRGEN DE ESTRELLA S.A.C.,2026-04-29,001/0016981,AKE789,31.0,PIEDRA,2,36.6,37.52,285.15,,,SAN LORENZO,COLLIQUE,2026-06-30T22:25:24.059783Z
46885-0010016982,46885,VIRGEN DE ESTRELLA S.A.C.,2026-04-29,001/0016982,ABN852,27.0,PIEDRA,2,37.6,38.54,292.9,,,SAN LORENZO,COLLIQUE,2026-06-30T22:25:24.059813Z
46885-0010016983,46885,VIRGEN DE ESTRELLA S.A.C.,2026-04-29,001/0016983,AJC805,30.0,PIEDRA,2,37.78,38.72,294.27,,,SAN LORENZO,COLLIQUE,2026-06-30T22:25:24.059843Z
46885-0010016987,46885,VIRGEN DE ESTRELLA S.A.C.,2026-04-29,001/0016987,AJA905,29.0,PIEDRA,2,36.65,37.57,285.53,,,SAN LORENZO,COLLIQUE,2026-06-30T22:25:24.059873Z
46885-0010016988,46885,VIRGEN DE ESTRELLA S.A.C.,2026-04-29,001/0016988,AWW845,34.0,PIEDRA,2,37.78,38.72,294.27,,,SAN LORENZO,COLLIQUE,2026-06-30T22:25:24.059902Z
46885-0010016989,46885,VIRGEN DE ESTRELLA S.A.C.,2026-04-29,001/0016989,D8B795,22.0,PIEDRA,2,36.05,36.95,280.82,,,SAN LORENZO,COLLIQUE,2026-06-30T22:25:24.059932Z
46885-0010016993,46885,VIRGEN DE ESTRELLA S.A.C.,2026-04-29,001/0016993,ABN852,27.0,PIEDRA,2,38.23,39.19,297.84,,,SAN LORENZO,COLLIQUE,2026-06-30T22:25:24.059962Z
46885-0010016995,46885,VIRGEN DE ESTRELLA S.A.C.,2026-04-29,001/0016995,AWW845,34.0,PIEDRA,2,39.0,39.98,303.85,,,SAN LORENZO,COLLIQUE,2026-06-30T22:25:24.059992Z
46885-0010016970,46885,VIRGEN DE ESTRELLA S.A.C.,2026-04-29,001/0016970,AWW845,34.0,ARENA,14,34.03,38.11,217.99,,,SAN LORENZO,MEIGGS,2026-06-30T22:25:24.061525Z
46885-0010016971,46885,VIRGEN DE ESTRELLA S.A.C.,2026-04-29,001/0016971,AJA905,29.0,ARENA,14,33.21,37.2,212.78,,,SAN LORENZO,MEIGGS,2026-06-30T22:25:24.061553Z
46885-0010016972,46885,VIRGEN DE ESTRELLA S.A.C.,2026-04-29,001/0016972,D8E728,24.0,ARENA,14,33.21,37.19,212.73,,,SAN LORENZO,MEIGGS,2026-06-30T22:25:24.061581Z
46885-0010016973,46885,VIRGEN DE ESTRELLA S.A.C.,2026-04-29,001/0016973,AJC805,30.0,ARENA,14,33.63,37.66,215.42,,,SAN LORENZO,MEIGGS,2026-06-30T22:25:24.061610Z
46885-0010016974,46885,VIRGEN DE ESTRELLA S.A.C.,2026-04-29,001/0016974,AKE789,31.0,ARENA,14,35.41,39.66,226.86,,,SAN LORENZO,MEIGGS,2026-06-30T22:25:24.061636Z
46885-0010016975,46885,VIRGEN DE ESTRELLA S.A.C.,2026-04-29,001/0016975,AJC805,30.0,ARENA,14,35.41,39.66,226.86,,,SAN LORENZO,MEIGGS,2026-06-30T22:25:24.061666Z
46885-0010016976,46885,VIRGEN DE ESTRELLA S.A.C.,2026-04-29,001/0016976,AWW845,34.0,ARENA,14,32.27,36.14,206.72,,,SAN LORENZO,MEIGGS,2026-06-30T22:25:24.061707Z
46885-0010016977,46885,VIRGEN DE ESTRELLA S.A.C.,2026-04-29,001/0016977,AJA905,29.0,ARENA,14,33.29,37.28,213.24,,,SAN LORENZO,MEIGGS,2026-06-30T22:25:24.061735Z
46885-0010016978,46885,VIRGEN DE ESTRELLA S.A.C.,2026-04-29,001/0016978,D8E728,24.0,ARENA,14,33.74,37.79,216.16,,,SAN LORENZO,MEIGGS,2026-06-30T22:25:24.061761Z
46885-0010016980,46885,VIRGEN DE ESTRELLA S.A.C.,2026-04-29,001/0016980,D8B795,22.0,ARENA,14,33.08,37.05,211.93,,,SAN LORENZO,MEIGGS,2026-06-30T22:25:24.061788Z
46946-1910578718,46946,VIRGEN DE ESTRELLA S.A.C.,2026-04-30,191/0578718,CHS718,45.0,ARENA,14,32.68,35.94,503.22,,,JICAMARCA,VILLA 1,2026-06-30T22:24:08.391616Z
46946-1910578723,46946,VIRGEN DE ESTRELLA S.A.C.,2026-04-30,191/0578723,CAZ895,42.0,ARENA,14,31.2,34.32,480.44,,,JICAMARCA,VILLA 1,2026-06-30T22:24:08.391655Z
46946-1910578775,46946,VIRGEN DE ESTRELLA S.A.C.,2026-04-30,191/0578775,CCL847,44.0,ARENA,14,30.93,34.02,476.32,,,JICAMARCA,VILLA 1,2026-06-30T22:24:08.391703Z
46946-1910578826,46946,VIRGEN DE ESTRELLA S.A.C.,2026-04-30,191/0578826,CCL847,44.0,ARENA,14,28.92,32.1,540.25,,,JICAMARCA,SAN ANTONIO,2026-06-30T22:24:08.391740Z
46885-1910578720,46885,VIRGEN DE ESTRELLA S.A.C.,2026-04-30,191/0578720,BYP824,9.0,ARENA,14,37.02,41.83,415.42,,,JICAMARCA,ANCIETA,2026-06-30T22:25:24.055848Z
46885-1910578728,46885,VIRGEN DE ESTRELLA S.A.C.,2026-04-30,191/0578728,CCL847,44.0,PIEDRA,2,33.09,33.09,328.61,,,JICAMARCA,ANCIETA,2026-06-30T22:25:24.056132Z
46885-1910578773,46885,VIRGEN DE ESTRELLA S.A.C.,2026-04-30,191/0578773,CBA709,43.0,PIEDRA,2,36.8,36.8,365.39,,,JICAMARCA,ANCIETA,2026-06-30T22:25:24.056171Z
46885-1910578776,46885,VIRGEN DE ESTRELLA S.A.C.,2026-04-30,191/0578776,BYP824,9.0,ARENA,14,37.49,41.24,492.82,,,JICAMARCA,COLLIQUE,2026-06-30T22:25:24.056212Z
46885-1910578803,46885,VIRGEN DE ESTRELLA S.A.C.,2026-04-30,191/0578803,CBA709,43.0,ARENA,14,34.44,38.22,643.29,,,JICAMARCA,SAN ANTONIO,2026-06-30T22:25:24.056626Z
46885-1910578810,46885,VIRGEN DE ESTRELLA S.A.C.,2026-04-30,191/0578810,CAZ895,42.0,ARENA,14,33.88,37.6,632.86,,,JICAMARCA,SAN ANTONIO,2026-06-30T22:25:24.056667Z
46885-1910578747,46885,VIRGEN DE ESTRELLA S.A.C.,2026-04-30,191/0578747,C9W737,21.0,PIEDRA,2,35.12,35.12,591.12,,,JICAMARCA,SAN ANTONIO,2026-06-30T22:25:24.056955Z
46885-1950191987,46885,VIRGEN DE ESTRELLA S.A.C.,2026-04-30,195/0191987,BAE736,35.0,PIEDRA,2,36.58,36.58,554.19,,,YERBABUENA,MEIGGS,2026-06-30T22:25:24.057150Z
46885-1950192004,46885,VIRGEN DE ESTRELLA S.A.C.,2026-04-30,195/0192004,ATN880,5.0,PIEDRA,2,42.9,42.9,649.93,,,YERBABUENA,MEIGGS,2026-06-30T22:25:24.057797Z
46885-1950192014,46885,VIRGEN DE ESTRELLA S.A.C.,2026-04-30,195/0192014,AFX735,25.0,PIEDRA,2,38.78,38.78,587.52,,,YERBABUENA,MEIGGS,2026-06-30T22:25:24.057831Z
46885-1950192018,46885,VIRGEN DE ESTRELLA S.A.C.,2026-04-30,195/0192018,F3F817,1.0,PIEDRA,2,46.5,46.5,704.48,,,YERBABUENA,MEIGGS,2026-06-30T22:25:24.057865Z
46885-1950191984,46885,VIRGEN DE ESTRELLA S.A.C.,2026-04-30,195/0191984,AWH708,33.0,ARENA,14,36.43,36.43,551.91,,,YERBABUENA,MEIGGS,2026-06-30T22:25:24.058950Z
46885-1950191985,46885,VIRGEN DE ESTRELLA S.A.C.,2026-04-30,195/0191985,C9T788,20.0,ARENA,14,33.33,33.33,504.95,,,YERBABUENA,MEIGGS,2026-06-30T22:25:24.058989Z
46885-1950191986,46885,VIRGEN DE ESTRELLA S.A.C.,2026-04-30,195/0191986,CAZ895,42.0,ARENA,14,34.83,34.83,527.67,,,YERBABUENA,MEIGGS,2026-06-30T22:25:24.059023Z
46885-1950191988,46885,VIRGEN DE ESTRELLA S.A.C.,2026-04-30,195/0191988,D8D861,23.0,ARENA,14,36.35,36.35,550.7,,,YERBABUENA,MEIGGS,2026-06-30T22:25:24.059056Z
46885-1950191989,46885,VIRGEN DE ESTRELLA S.A.C.,2026-04-30,195/0191989,AHJ786,28.0,ARENA,14,36.66,36.66,555.4,,,YERBABUENA,MEIGGS,2026-06-30T22:25:24.059092Z
46885-1950192005,46885,VIRGEN DE ESTRELLA S.A.C.,2026-04-30,195/0192005,D8B795,22.0,ARENA,14,36.74,36.74,556.61,,,YERBABUENA,MEIGGS,2026-06-30T22:25:24.059129Z
46885-0010016997,46885,VIRGEN DE ESTRELLA S.A.C.,2026-04-30,001/0016997,AJC805,30.0,PIEDRA,2,38.7,39.67,301.49,,,SAN LORENZO,COLLIQUE,2026-06-30T22:25:24.060025Z
46885-0010016998,46885,VIRGEN DE ESTRELLA S.A.C.,2026-04-30,001/0016998,ABN852,27.0,PIEDRA,2,39.07,40.05,304.38,,,SAN LORENZO,COLLIQUE,2026-06-30T22:25:24.060055Z
46885-0010016999,46885,VIRGEN DE ESTRELLA S.A.C.,2026-04-30,001/0016999,BZR752,38.0,PIEDRA,2,37.62,38.56,293.06,,,SAN LORENZO,COLLIQUE,2026-06-30T22:25:24.060086Z
46885-0010017000,46885,VIRGEN DE ESTRELLA S.A.C.,2026-04-30,001/0017000,AWW845,34.0,PIEDRA,2,37.86,38.81,294.96,,,SAN LORENZO,COLLIQUE,2026-06-30T22:25:24.060115Z
46885-0010017002,46885,VIRGEN DE ESTRELLA S.A.C.,2026-04-30,001/0017002,AJA905,29.0,PIEDRA,2,36.84,37.76,286.98,,,SAN LORENZO,COLLIQUE,2026-06-30T22:25:24.060143Z
46885-0010017003,46885,VIRGEN DE ESTRELLA S.A.C.,2026-04-30,001/0017003,D8E728,24.0,PIEDRA,2,37.22,38.15,289.94,,,SAN LORENZO,COLLIQUE,2026-06-30T22:25:24.060171Z
46885-0010017007,46885,VIRGEN DE ESTRELLA S.A.C.,2026-04-30,001/0017007,AKE789,31.0,PIEDRA,2,36.16,37.06,281.66,,,SAN LORENZO,COLLIQUE,2026-06-30T22:25:24.060205Z
46885-0010017012,46885,VIRGEN DE ESTRELLA S.A.C.,2026-04-30,001/0017012,AJA905,29.0,PIEDRA,2,36.58,37.49,284.92,,,SAN LORENZO,COLLIQUE,2026-06-30T22:25:24.060234Z
46885-0010017013,46885,VIRGEN DE ESTRELLA S.A.C.,2026-04-30,001/0017013,ABN852,27.0,PIEDRA,2,39.12,40.1,304.76,,,SAN LORENZO,COLLIQUE,2026-06-30T22:25:24.060265Z
46885-0010017014,46885,VIRGEN DE ESTRELLA S.A.C.,2026-04-30,001/0017014,D8E728,24.0,PIEDRA,2,36.43,37.34,283.78,,,SAN LORENZO,COLLIQUE,2026-06-30T22:25:24.060299Z
46885-0010017018,46885,VIRGEN DE ESTRELLA S.A.C.,2026-04-30,001/0017018,AWW845,34.0,PIEDRA,2,37.22,38.15,289.94,,,SAN LORENZO,COLLIQUE,2026-06-30T22:25:24.060330Z
46885-0010017008,46885,VIRGEN DE ESTRELLA S.A.C.,2026-04-30,001/0017008,AKE789,31.0,PIEDRA,2,37.81,37.81,216.27,,,SAN LORENZO,MEIGGS,2026-06-30T22:25:24.062184Z
46885-0010017010,46885,VIRGEN DE ESTRELLA S.A.C.,2026-04-30,001/0017010,AJC805,30.0,PIEDRA,2,39.36,39.36,225.14,,,SAN LORENZO,MEIGGS,2026-06-30T22:25:24.062210Z
46896-1950192073,46896,VIRGEN DE ESTRELLA S.A.C.,2026-05-02,195/0192073,F3F817,1.0,PIEDRA,2,40.95,40.95,620.39,,,YERBABUENA,MEIGGS,2026-06-30T22:24:12.543779Z
46896-1950192057,46896,VIRGEN DE ESTRELLA S.A.C.,2026-05-02,195/0192057,ATN880,5.0,PIEDRA,2,42.04,42.04,636.91,,,YERBABUENA,MEIGGS,2026-06-30T22:24:12.543901Z
46896-1950192066,46896,VIRGEN DE ESTRELLA S.A.C.,2026-05-02,195/0192066,CBR854,14.0,PIEDRA,2,39.38,39.38,596.61,,,YERBABUENA,MEIGGS,2026-06-30T22:24:12.543991Z
46896-0010017037,46896,VIRGEN DE ESTRELLA S.A.C.,2026-05-02,001/0017037,D8B795,22.0,PIEDRA,2,35.61,36.5,277.4,,,SAN LORENZO,COLLIQUE,2026-06-30T22:24:12.544074Z
46896-0010017040,46896,VIRGEN DE ESTRELLA S.A.C.,2026-05-02,001/0017040,CBR854,14.0,PIEDRA,2,37.26,38.19,290.24,,,SAN LORENZO,COLLIQUE,2026-06-30T22:24:12.544151Z
46896-0010017043,46896,VIRGEN DE ESTRELLA S.A.C.,2026-05-02,001/0017043,ATN880,5.0,PIEDRA,2,41.47,42.51,323.08,,,SAN LORENZO,COLLIQUE,2026-06-30T22:24:12.544221Z
46896-0010017048,46896,VIRGEN DE ESTRELLA S.A.C.,2026-05-02,001/0017048,F3F817,1.0,PIEDRA,2,40.48,41.49,315.32,,,SAN LORENZO,COLLIQUE,2026-06-30T22:24:12.544289Z
46896-0010017030,46896,VIRGEN DE ESTRELLA S.A.C.,2026-05-02,001/0017030,AJA905,29.0,ARENA,14,34.08,38.51,253.01,,,SAN LORENZO,MATERIALES,2026-06-30T22:24:12.544371Z
46896-0010017031,46896,VIRGEN DE ESTRELLA S.A.C.,2026-05-02,001/0017031,BZR752,38.0,ARENA,14,36.15,40.85,268.38,,,SAN LORENZO,MATERIALES,2026-06-30T22:24:12.544442Z
46896-0010017032,46896,VIRGEN DE ESTRELLA S.A.C.,2026-05-02,001/0017032,D8D861,23.0,ARENA,14,32.67,36.92,242.56,,,SAN LORENZO,MATERIALES,2026-06-30T22:24:12.544511Z
46896-0010017033,46896,VIRGEN DE ESTRELLA S.A.C.,2026-05-02,001/0017033,D8E728,24.0,ARENA,14,33.19,37.5,246.38,,,SAN LORENZO,MATERIALES,2026-06-30T22:24:12.544589Z
46896-0010017034,46896,VIRGEN DE ESTRELLA S.A.C.,2026-05-02,001/0017034,AKE789,31.0,ARENA,14,33.19,37.5,246.38,,,SAN LORENZO,MATERIALES,2026-06-30T22:24:12.544660Z
46896-0010017035,46896,VIRGEN DE ESTRELLA S.A.C.,2026-05-02,001/0017035,BFI758,37.0,ARENA,14,36.5,41.24,270.95,,,SAN LORENZO,MATERIALES,2026-06-30T22:24:12.544741Z
46896-0010017036,46896,VIRGEN DE ESTRELLA S.A.C.,2026-05-02,001/0017036,AHJ786,28.0,ARENA,14,35.85,40.51,266.15,,,SAN LORENZO,MATERIALES,2026-06-30T22:24:12.544811Z
46896-0010017045,46896,VIRGEN DE ESTRELLA S.A.C.,2026-05-02,001/0017045,BFI758,37.0,ARENA,14,37.67,42.57,279.68,,,SAN LORENZO,MATERIALES,2026-06-30T22:24:12.544878Z
46896-0010017044,46896,VIRGEN DE ESTRELLA S.A.C.,2026-05-02,001/0017044,D8B795,22.0,ARENA,14,33.02,36.98,211.53,,,SAN LORENZO,MEIGGS,2026-06-30T22:24:12.544945Z
46896-0010017046,46896,VIRGEN DE ESTRELLA S.A.C.,2026-05-02,001/0017046,AHJ786,28.0,ARENA,14,35.58,39.85,227.94,,,SAN LORENZO,MEIGGS,2026-06-30T22:24:12.545013Z
46896-0010017047,46896,VIRGEN DE ESTRELLA S.A.C.,2026-05-02,001/0017047,BZR752,38.0,ARENA,14,36.46,40.84,233.6,,,SAN LORENZO,MEIGGS,2026-06-30T22:24:12.545081Z
46896-0010017049,46896,VIRGEN DE ESTRELLA S.A.C.,2026-05-02,001/0017049,D8D861,23.0,ARENA,14,34.88,39.06,223.42,,,SAN LORENZO,MEIGGS,2026-06-30T22:24:12.545150Z
46896-0010017050,46896,VIRGEN DE ESTRELLA S.A.C.,2026-05-02,001/0017050,D8E728,24.0,ARENA,14,35.61,39.88,228.11,,,SAN LORENZO,MEIGGS,2026-06-30T22:24:12.545217Z
46896-0010017051,46896,VIRGEN DE ESTRELLA S.A.C.,2026-05-02,001/0017051,AJA905,29.0,ARENA,14,35.04,39.25,224.51,,,SAN LORENZO,MEIGGS,2026-06-30T22:24:12.545282Z
46896-0010017053,46896,VIRGEN DE ESTRELLA S.A.C.,2026-05-02,001/0017053,AKE789,31.0,ARENA,14,34.14,38.24,218.73,,,SAN LORENZO,MEIGGS,2026-06-30T22:24:12.545347Z
46896-0010017054,46896,VIRGEN DE ESTRELLA S.A.C.,2026-05-02,001/0017054,D8B795,22.0,ARENA,14,33.41,37.42,214.04,,,SAN LORENZO,MEIGGS,2026-06-30T22:24:12.545409Z
46896-0010017055,46896,VIRGEN DE ESTRELLA S.A.C.,2026-05-02,001/0017055,AHJ786,28.0,ARENA,14,37.15,41.61,238.01,,,SAN LORENZO,MEIGGS,2026-06-30T22:24:12.545473Z
46896-0010017056,46896,VIRGEN DE ESTRELLA S.A.C.,2026-05-02,001/0017056,BZR752,38.0,ARENA,14,35.35,39.59,226.45,,,SAN LORENZO,MEIGGS,2026-06-30T22:24:12.545535Z
46896-0010017025,46896,VIRGEN DE ESTRELLA S.A.C.,2026-05-02,001/0017025,D8D861,23.0,PIEDRA,2,36.37,37.1,212.21,,,SAN LORENZO,MEIGGS,2026-06-30T22:24:12.545595Z
46896-0010017026,46896,VIRGEN DE ESTRELLA S.A.C.,2026-05-02,001/0017026,D8E728,24.0,PIEDRA,2,35.78,36.5,208.78,,,SAN LORENZO,MEIGGS,2026-06-30T22:24:12.545657Z
46896-0010017027,46896,VIRGEN DE ESTRELLA S.A.C.,2026-05-02,001/0017027,AKE789,31.0,PIEDRA,2,35.62,36.33,207.81,,,SAN LORENZO,MEIGGS,2026-06-30T22:24:12.545729Z
46896-0010017042,46896,VIRGEN DE ESTRELLA S.A.C.,2026-05-02,001/0017042,AJA905,29.0,PIEDRA,2,35.3,36.01,205.98,,,SAN LORENZO,MEIGGS,2026-06-30T22:24:12.545791Z
47026-1910578927,47026,VIRGEN DE ESTRELLA S.A.C.,2026-05-04,191/0578927,CCL847,44.0,PIEDRA,2,34.24,34.24,409.51,,,JICAMARCA,SAN JUAN,2026-07-01T09:20:50.304146Z
47026-1910578911,47026,VIRGEN DE ESTRELLA S.A.C.,2026-05-04,191/0578911,C9W737,21.0,ARENA,14,32.32,36.2,432.95,,,JICAMARCA,SAN JUAN,2026-07-01T09:20:50.304209Z
47026-1910578887,47026,VIRGEN DE ESTRELLA S.A.C.,2026-05-04,191/0578887,CAZ895,42.0,ARENA,14,32.93,37.22,369.55,,,JICAMARCA,ANCIETA,2026-07-01T09:20:50.304474Z
47026-1910578919,47026,VIRGEN DE ESTRELLA S.A.C.,2026-05-04,191/0578919,CHS718,45.0,ARENA,14,30.71,34.7,344.62,,,JICAMARCA,ANCIETA,2026-07-01T09:20:50.304507Z
47026-1910578888,47026,VIRGEN DE ESTRELLA S.A.C.,2026-05-04,191/0578888,CHS718,45.0,PIEDRA,2,33.42,33.42,331.84,,,JICAMARCA,ANCIETA,2026-07-01T09:20:50.304909Z
47026-1910578890,47026,VIRGEN DE ESTRELLA S.A.C.,2026-05-04,191/0578890,CCL847,44.0,PIEDRA,2,34.26,34.26,340.15,,,JICAMARCA,ANCIETA,2026-07-01T09:20:50.304939Z
47026-1910578923,47026,VIRGEN DE ESTRELLA S.A.C.,2026-05-04,191/0578923,CBA709,43.0,PIEDRA,2,36.49,36.49,362.32,,,JICAMARCA,ANCIETA,2026-07-01T09:20:50.304969Z
47026-1910579036,47026,VIRGEN DE ESTRELLA S.A.C.,2026-05-04,191/0579036,C9W737,21.0,ARENA,14,34.04,37.2,369.4,,,JICAMARCA,BLOQUES ANCIETA INS. Y SUM.,2026-07-01T09:20:50.305367Z
47026-1910579026,47026,VIRGEN DE ESTRELLA S.A.C.,2026-05-04,191/0579026,C9W737,21.0,ARENA,14,33.48,36.46,156.03,,,JICAMARCA,BLOQUES HUACHIPA INS. Y SUM.,2026-07-01T09:20:50.305545Z
47026-1910578946,47026,VIRGEN DE ESTRELLA S.A.C.,2026-05-04,191/0578946,CBA709,43.0,ARENA,14,34.16,37.91,638.08,,,JICAMARCA,SAN ANTONIO,2026-07-01T09:20:50.305718Z
47026-1910578956,47026,VIRGEN DE ESTRELLA S.A.C.,2026-05-04,191/0578956,CHS718,45.0,ARENA,14,32.72,36.32,611.21,,,JICAMARCA,SAN ANTONIO,2026-07-01T09:20:50.305746Z
47026-1910578967,47026,VIRGEN DE ESTRELLA S.A.C.,2026-05-04,191/0578967,CAZ895,42.0,ARENA,14,32.59,36.18,608.86,,,JICAMARCA,SAN ANTONIO,2026-07-01T09:20:50.305775Z
47026-1910578968,47026,VIRGEN DE ESTRELLA S.A.C.,2026-05-04,191/0578968,C9W737,21.0,ARENA,14,32.84,36.46,613.55,,,JICAMARCA,SAN ANTONIO,2026-07-01T09:20:50.305803Z
47026-1910578985,47026,VIRGEN DE ESTRELLA S.A.C.,2026-05-04,191/0578985,CCL847,44.0,ARENA,14,32.75,36.35,611.73,,,JICAMARCA,SAN ANTONIO,2026-07-01T09:20:50.305831Z
47026-1950192113,47026,VIRGEN DE ESTRELLA S.A.C.,2026-05-04,195/0192113,F3F817,1.0,PIEDRA,2,42.36,42.36,641.75,,,YERBABUENA,MEIGGS,2026-07-01T09:20:50.306816Z
47026-1950192091,47026,VIRGEN DE ESTRELLA S.A.C.,2026-05-04,195/0192091,ATN880,5.0,PIEDRA,2,37.25,37.25,564.34,,,YERBABUENA,MEIGGS,2026-07-01T09:20:50.306972Z
47026-1950192105,47026,VIRGEN DE ESTRELLA S.A.C.,2026-05-04,195/0192105,CBR854,14.0,PIEDRA,2,37.71,37.71,571.31,,,YERBABUENA,MEIGGS,2026-07-01T09:20:50.306998Z
47026-1950192126,47026,VIRGEN DE ESTRELLA S.A.C.,2026-05-04,195/0192126,ATN880,5.0,PIEDRA,2,41.06,41.06,622.06,,,YERBABUENA,MEIGGS,2026-07-01T09:20:50.307022Z
47026-1950192127,47026,VIRGEN DE ESTRELLA S.A.C.,2026-05-04,195/0192127,C9T788,20.0,PIEDRA,2,34.99,34.99,530.1,,,YERBABUENA,MEIGGS,2026-07-01T09:20:50.307696Z
47026-1950192144,47026,VIRGEN DE ESTRELLA S.A.C.,2026-05-04,195/0192144,F3F817,1.0,PIEDRA,2,41.19,41.19,624.03,,,YERBABUENA,MEIGGS,2026-07-01T09:20:50.307723Z
47026-1950192092,47026,VIRGEN DE ESTRELLA S.A.C.,2026-05-04,195/0192092,AWH708,33.0,ARENA,14,36.63,36.63,554.94,,,YERBABUENA,MEIGGS,2026-07-01T09:20:50.307855Z
47026-1950192104,47026,VIRGEN DE ESTRELLA S.A.C.,2026-05-04,195/0192104,AFX735,25.0,ARENA,14,38.38,38.38,581.46,,,YERBABUENA,MEIGGS,2026-07-01T09:20:50.307880Z
47026-1950192114,47026,VIRGEN DE ESTRELLA S.A.C.,2026-05-04,195/0192114,C9T788,20.0,ARENA,14,46.35,46.35,702.2,,,YERBABUENA,MEIGGS,2026-07-01T09:20:50.307905Z
47026-1950192125,47026,VIRGEN DE ESTRELLA S.A.C.,2026-05-04,195/0192125,AWH708,33.0,ARENA,14,38.28,38.28,579.94,,,YERBABUENA,MEIGGS,2026-07-01T09:20:50.307930Z
47026-0010017070,47026,VIRGEN DE ESTRELLA S.A.C.,2026-05-04,001/0017070,AWW845,34.0,PIEDRA,2,37.6,38.54,292.9,,,SAN LORENZO,COLLIQUE,2026-07-01T09:20:50.309003Z
47026-0010017071,47026,VIRGEN DE ESTRELLA S.A.C.,2026-05-04,001/0017071,ABN852,27.0,PIEDRA,2,37.72,38.66,293.82,,,SAN LORENZO,COLLIQUE,2026-07-01T09:20:50.309029Z
47026-0010017074,47026,VIRGEN DE ESTRELLA S.A.C.,2026-05-04,001/0017074,D8B795,22.0,PIEDRA,2,36.21,37.12,282.11,,,SAN LORENZO,COLLIQUE,2026-07-01T09:20:50.309056Z
47026-0010017090,47026,VIRGEN DE ESTRELLA S.A.C.,2026-05-04,001/0017090,AJC805,30.0,PIEDRA,2,39.29,40.27,306.05,,,SAN LORENZO,COLLIQUE,2026-07-01T09:20:50.309084Z
47026-0010017091,47026,VIRGEN DE ESTRELLA S.A.C.,2026-05-04,001/0017091,AKE789,31.0,PIEDRA,2,36.86,37.78,287.13,,,SAN LORENZO,COLLIQUE,2026-07-01T09:20:50.309110Z
47026-0010017099,47026,VIRGEN DE ESTRELLA S.A.C.,2026-05-04,001/0017099,ABN852,27.0,PIEDRA,2,38.3,39.26,298.38,,,SAN LORENZO,COLLIQUE,2026-07-01T09:20:50.309134Z
47026-0010017060,47026,VIRGEN DE ESTRELLA S.A.C.,2026-05-04,001/0017060,AWW871,32.0,ARENA,14,35.84,40.5,266.09,,,SAN LORENZO,MATERIALES,2026-07-01T09:20:50.312002Z
47026-0010017061,47026,VIRGEN DE ESTRELLA S.A.C.,2026-05-04,001/0017061,D8E728,24.0,ARENA,14,30.81,34.82,228.77,,,SAN LORENZO,MATERIALES,2026-07-01T09:20:50.312027Z
47026-0010017062,47026,VIRGEN DE ESTRELLA S.A.C.,2026-05-04,001/0017062,BFI758,37.0,ARENA,14,35.35,39.94,262.41,,,SAN LORENZO,MATERIALES,2026-07-01T09:20:50.312052Z
47026-0010017063,47026,VIRGEN DE ESTRELLA S.A.C.,2026-05-04,001/0017063,BZR752,38.0,ARENA,14,35.23,39.81,261.55,,,SAN LORENZO,MATERIALES,2026-07-01T09:20:50.312077Z
47026-0010017067,47026,VIRGEN DE ESTRELLA S.A.C.,2026-05-04,001/0017067,AJC805,30.0,ARENA,14,35.41,40.01,262.87,,,SAN LORENZO,MATERIALES,2026-07-01T09:20:50.312101Z
47026-0010017068,47026,VIRGEN DE ESTRELLA S.A.C.,2026-05-04,001/0017068,AJA905,29.0,ARENA,14,34.19,38.64,253.86,,,SAN LORENZO,MATERIALES,2026-07-01T09:20:50.312126Z
47026-0010017069,47026,VIRGEN DE ESTRELLA S.A.C.,2026-05-04,001/0017069,AHJ786,28.0,ARENA,14,36.25,40.96,269.11,,,SAN LORENZO,MATERIALES,2026-07-01T09:20:50.312150Z
47026-0010017073,47026,VIRGEN DE ESTRELLA S.A.C.,2026-05-04,001/0017073,AKE789,31.0,ARENA,14,36.2,40.91,268.78,,,SAN LORENZO,MATERIALES,2026-07-01T09:20:50.312174Z
47026-0010017077,47026,VIRGEN DE ESTRELLA S.A.C.,2026-05-04,001/0017077,D8D861,23.0,ARENA,14,31.93,36.08,237.05,,,SAN LORENZO,MATERIALES,2026-07-01T09:20:50.312198Z
47026-0010017085,47026,VIRGEN DE ESTRELLA S.A.C.,2026-05-04,001/0017085,AHJ786,28.0,ARENA,14,33.62,37.99,249.59,,,SAN LORENZO,MATERIALES,2026-07-01T09:20:50.312223Z
47026-0010017086,47026,VIRGEN DE ESTRELLA S.A.C.,2026-05-04,001/0017086,BZR752,38.0,ARENA,14,35.39,39.99,262.73,,,SAN LORENZO,MATERIALES,2026-07-01T09:20:50.312251Z
47026-0010017092,47026,VIRGEN DE ESTRELLA S.A.C.,2026-05-04,001/0017092,AWW871,32.0,ARENA,14,36.32,41.04,269.63,,,SAN LORENZO,MATERIALES,2026-07-01T09:20:50.312277Z
47026-0010017078,47026,VIRGEN DE ESTRELLA S.A.C.,2026-05-04,001/0017078,AJC805,30.0,ARENA,14,33.62,37.65,215.36,,,SAN LORENZO,MEIGGS,2026-07-01T09:20:50.313861Z
47026-0010017079,47026,VIRGEN DE ESTRELLA S.A.C.,2026-05-04,001/0017079,AWW871,32.0,ARENA,14,34.56,38.71,221.42,,,SAN LORENZO,MEIGGS,2026-07-01T09:20:50.313885Z
47026-0010017080,47026,VIRGEN DE ESTRELLA S.A.C.,2026-05-04,001/0017080,AWW845,34.0,ARENA,14,32.94,36.89,211.01,,,SAN LORENZO,MEIGGS,2026-07-01T09:20:50.313907Z
47026-0010017081,47026,VIRGEN DE ESTRELLA S.A.C.,2026-05-04,001/0017081,D8E728,24.0,ARENA,14,31.54,35.33,202.09,,,SAN LORENZO,MEIGGS,2026-07-01T09:20:50.313932Z
47026-0010017082,47026,VIRGEN DE ESTRELLA S.A.C.,2026-05-04,001/0017082,ABN852,27.0,ARENA,14,30.01,33.61,192.25,,,SAN LORENZO,MEIGGS,2026-07-01T09:20:50.313955Z
47026-0010017084,47026,VIRGEN DE ESTRELLA S.A.C.,2026-05-04,001/0017084,D8B795,22.0,ARENA,14,30.2,33.82,193.45,,,SAN LORENZO,MEIGGS,2026-07-01T09:20:50.313978Z
47026-0010017087,47026,VIRGEN DE ESTRELLA S.A.C.,2026-05-04,001/0017087,BFI758,37.0,ARENA,14,34.68,38.84,222.16,,,SAN LORENZO,MEIGGS,2026-07-01T09:20:50.313999Z
47026-0010017093,47026,VIRGEN DE ESTRELLA S.A.C.,2026-05-04,001/0017093,AWW845,34.0,ARENA,14,37.32,41.8,239.1,,,SAN LORENZO,MEIGGS,2026-07-01T09:20:50.314020Z
47026-0010017057,47026,VIRGEN DE ESTRELLA S.A.C.,2026-05-04,001/0017057,D8D861,23.0,PIEDRA,2,37.5,38.44,219.88,,,SAN LORENZO,MEIGGS,2026-07-01T09:20:50.314804Z
47026-0010017088,47026,VIRGEN DE ESTRELLA S.A.C.,2026-05-04,001/0017088,AHJ786,28.0,PIEDRA,2,36.63,37.55,214.79,,,SAN LORENZO,MEIGGS,2026-07-01T09:20:50.314824Z
47026-0010017094,47026,VIRGEN DE ESTRELLA S.A.C.,2026-05-04,001/0017094,D8E728,24.0,PIEDRA,2,36.84,37.76,215.99,,,SAN LORENZO,MEIGGS,2026-07-01T09:20:50.314844Z
47026-0010017095,47026,VIRGEN DE ESTRELLA S.A.C.,2026-05-04,001/0017095,AJA905,29.0,PIEDRA,2,36.79,37.71,215.7,,,SAN LORENZO,MEIGGS,2026-07-01T09:20:50.314863Z
47026-0010017096,47026,VIRGEN DE ESTRELLA S.A.C.,2026-05-04,001/0017096,D8B795,22.0,PIEDRA,2,36.22,37.13,212.38,,,SAN LORENZO,MEIGGS,2026-07-01T09:20:50.314882Z
47026-0010017097,47026,VIRGEN DE ESTRELLA S.A.C.,2026-05-04,001/0017097,D8E728,24.0,PIEDRA,2,40.02,41.02,234.63,,,SAN LORENZO,MEIGGS,2026-07-01T09:20:50.314903Z
47026-0010017072,47026,VIRGEN DE ESTRELLA S.A.C.,2026-05-04,001/0017072,D8D861,23.0,PIEDRA,2,36.85,36.85,210.78,,,SAN LORENZO,MEIGGS,2026-07-01T09:20:50.315607Z
46988-1910579139,46988,VIRGEN DE ESTRELLA S.A.C.,2026-05-05,191/0579139,CBA709,43.0,ARENA,14,34.14,37.56,632.08,,,JICAMARCA,CONCHAN,2026-07-01T09:12:45.228487Z
46988-1910579143,46988,VIRGEN DE ESTRELLA S.A.C.,2026-05-05,191/0579143,CHS718,45.0,ARENA,14,32.61,35.87,603.64,,,JICAMARCA,CONCHAN,2026-07-01T09:12:45.228522Z
46988-1910579145,46988,VIRGEN DE ESTRELLA S.A.C.,2026-05-05,191/0579145,CCL847,44.0,ARENA,14,33.24,36.56,615.38,,,JICAMARCA,CONCHAN,2026-07-01T09:12:45.228556Z
46988-1910579146,46988,VIRGEN DE ESTRELLA S.A.C.,2026-05-05,191/0579146,CAZ895,42.0,ARENA,14,33.4,36.74,618.25,,,JICAMARCA,CONCHAN,2026-07-01T09:12:45.228592Z
47026-1910579103,47026,VIRGEN DE ESTRELLA S.A.C.,2026-05-05,191/0579103,C9W737,21.0,ARENA,14,32.33,36.21,433.07,,,JICAMARCA,SAN JUAN,2026-07-01T09:20:50.304254Z
47026-1910579065,47026,VIRGEN DE ESTRELLA S.A.C.,2026-05-05,191/0579065,CHS718,45.0,ARENA,14,31.22,35.28,350.31,,,JICAMARCA,ANCIETA,2026-07-01T09:20:50.304539Z
47026-1910579115,47026,VIRGEN DE ESTRELLA S.A.C.,2026-05-05,191/0579115,CHS718,45.0,ARENA,14,36.6,36.6,363.39,,,JICAMARCA,ANCIETA,2026-07-01T09:20:50.304572Z
47026-1910579091,47026,VIRGEN DE ESTRELLA S.A.C.,2026-05-05,191/0579091,BYP824,9.0,PIEDRA,2,41.7,41.7,414.03,,,JICAMARCA,ANCIETA,2026-07-01T09:20:50.305004Z
47026-1910579130,47026,VIRGEN DE ESTRELLA S.A.C.,2026-05-05,191/0579130,BYP824,9.0,PIEDRA,2,39.9,39.9,396.18,,,JICAMARCA,ANCIETA,2026-07-01T09:20:50.305034Z
47026-1910579189,47026,VIRGEN DE ESTRELLA S.A.C.,2026-05-05,191/0579189,BYP824,9.0,PIEDRA,2,40.11,40.11,398.33,,,JICAMARCA,ANCIETA,2026-07-01T09:20:50.305063Z
47026-1910579215,47026,VIRGEN DE ESTRELLA S.A.C.,2026-05-05,191/0579215,BYP824,9.0,PIEDRA,2,40.5,40.5,402.18,,,JICAMARCA,ANCIETA,2026-07-01T09:20:50.305095Z
47026-1910579070,47026,VIRGEN DE ESTRELLA S.A.C.,2026-05-05,191/0579070,CAZ895,42.0,ARENA,14,32.87,36.49,614.08,,,JICAMARCA,SAN ANTONIO,2026-07-01T09:20:50.305858Z
47026-1910579071,47026,VIRGEN DE ESTRELLA S.A.C.,2026-05-05,191/0579071,CCL847,44.0,PIEDRA,2,34.34,34.34,577.86,,,JICAMARCA,SAN ANTONIO,2026-07-01T09:20:50.306429Z
47026-1950192183,47026,VIRGEN DE ESTRELLA S.A.C.,2026-05-05,195/0192183,D8B795,22.0,PIEDRA,2,37.74,37.74,571.76,,,YERBABUENA,MEIGGS,2026-07-01T09:20:50.307747Z
47026-1950192178,47026,VIRGEN DE ESTRELLA S.A.C.,2026-05-05,195/0192178,AFX735,25.0,ARENA,14,37.08,37.08,561.76,,,YERBABUENA,MEIGGS,2026-07-01T09:20:50.307954Z
47026-1950192182,47026,VIRGEN DE ESTRELLA S.A.C.,2026-05-05,195/0192182,D8D861,23.0,ARENA,14,37.2,37.2,563.58,,,YERBABUENA,MEIGGS,2026-07-01T09:20:50.307979Z
47026-0010017103,47026,VIRGEN DE ESTRELLA S.A.C.,2026-05-05,001/0017103,D8E728,24.0,PIEDRA,2,36.24,37.15,282.34,,,SAN LORENZO,COLLIQUE,2026-07-01T09:20:50.309162Z
47026-0010017104,47026,VIRGEN DE ESTRELLA S.A.C.,2026-05-05,001/0017104,AJC805,30.0,PIEDRA,2,38.83,39.8,302.48,,,SAN LORENZO,COLLIQUE,2026-07-01T09:20:50.309190Z
47026-0010017108,47026,VIRGEN DE ESTRELLA S.A.C.,2026-05-05,001/0017108,AJA905,29.0,PIEDRA,2,36.36,37.27,283.25,,,SAN LORENZO,COLLIQUE,2026-07-01T09:20:50.309215Z
47026-0010017111,47026,VIRGEN DE ESTRELLA S.A.C.,2026-05-05,001/0017111,ABN852,27.0,PIEDRA,2,38.64,39.61,301.04,,,SAN LORENZO,COLLIQUE,2026-07-01T09:20:50.309240Z
47026-0010017112,47026,VIRGEN DE ESTRELLA S.A.C.,2026-05-05,001/0017112,AJC805,30.0,PIEDRA,2,39.48,40.47,307.57,,,SAN LORENZO,COLLIQUE,2026-07-01T09:20:50.309265Z
47026-0010017113,47026,VIRGEN DE ESTRELLA S.A.C.,2026-05-05,001/0017113,AFX735,25.0,PIEDRA,2,36.52,37.43,284.47,,,SAN LORENZO,COLLIQUE,2026-07-01T09:20:50.309291Z
47026-0010017115,47026,VIRGEN DE ESTRELLA S.A.C.,2026-05-05,001/0017115,AJA905,29.0,PIEDRA,2,37.53,38.47,292.37,,,SAN LORENZO,COLLIQUE,2026-07-01T09:20:50.309315Z
47026-0010017116,47026,VIRGEN DE ESTRELLA S.A.C.,2026-05-05,001/0017116,D8E728,24.0,PIEDRA,2,36.54,37.45,284.62,,,SAN LORENZO,COLLIQUE,2026-07-01T09:20:50.309339Z
47026-0010017120,47026,VIRGEN DE ESTRELLA S.A.C.,2026-05-05,001/0017120,D8D861,23.0,PIEDRA,2,38.58,39.54,226.17,,,SAN LORENZO,MEIGGS,2026-07-01T09:20:50.314922Z
47026-0010017121,47026,VIRGEN DE ESTRELLA S.A.C.,2026-05-05,001/0017121,BFI758,37.0,PIEDRA,2,39.8,40.8,233.38,,,SAN LORENZO,MEIGGS,2026-07-01T09:20:50.314941Z
47026-0010017126,47026,VIRGEN DE ESTRELLA S.A.C.,2026-05-05,001/0017126,ABN852,27.0,PIEDRA,2,39.58,40.57,232.06,,,SAN LORENZO,MEIGGS,2026-07-01T09:20:50.314960Z
47026-0010017128,47026,VIRGEN DE ESTRELLA S.A.C.,2026-05-05,001/0017128,AJA905,29.0,PIEDRA,2,37.43,38.37,219.48,,,SAN LORENZO,MEIGGS,2026-07-01T09:20:50.314980Z
47026-0010017102,47026,VIRGEN DE ESTRELLA S.A.C.,2026-05-05,001/0017102,ABN852,27.0,PIEDRA,2,38.96,38.96,222.85,,,SAN LORENZO,MEIGGS,2026-07-01T09:20:50.315627Z
47026-0010017125,47026,VIRGEN DE ESTRELLA S.A.C.,2026-05-05,001/0017125,AJC805,30.0,PIEDRA,2,38.62,38.62,220.91,,,SAN LORENZO,MEIGGS,2026-07-01T09:20:50.315645Z
46988-1910579313,46988,VIRGEN DE ESTRELLA S.A.C.,2026-05-06,191/0579313,CBA709,43.0,ARENA,14,35.07,38.58,649.29,,,JICAMARCA,CONCHAN,2026-07-01T09:12:45.228625Z
46988-1910579315,46988,VIRGEN DE ESTRELLA S.A.C.,2026-05-06,191/0579315,CHS718,45.0,ARENA,14,34.0,37.4,629.47,,,JICAMARCA,CONCHAN,2026-07-01T09:12:45.228658Z
46988-1910579331,46988,VIRGEN DE ESTRELLA S.A.C.,2026-05-06,191/0579331,C9W737,21.0,ARENA,14,32.49,35.74,601.55,,,JICAMARCA,CONCHAN,2026-07-01T09:12:45.228694Z
46988-1910579345,46988,VIRGEN DE ESTRELLA S.A.C.,2026-05-06,191/0579345,CCL847,44.0,ARENA,14,32.34,35.57,598.69,,,JICAMARCA,CONCHAN,2026-07-01T09:12:45.228739Z
47026-1910579258,47026,VIRGEN DE ESTRELLA S.A.C.,2026-05-06,191/0579258,BYP824,9.0,ARENA,14,36.65,41.42,411.26,,,JICAMARCA,ANCIETA,2026-07-01T09:20:50.304604Z
47026-1910579265,47026,VIRGEN DE ESTRELLA S.A.C.,2026-05-06,191/0579265,CAZ895,42.0,ARENA,14,35.91,35.91,356.62,,,JICAMARCA,ANCIETA,2026-07-01T09:20:50.304637Z
47026-1910579290,47026,VIRGEN DE ESTRELLA S.A.C.,2026-05-06,191/0579290,C9W737,21.0,ARENA,14,30.84,34.84,346.0,,,JICAMARCA,ANCIETA,2026-07-01T09:20:50.304669Z
47026-1910579252,47026,VIRGEN DE ESTRELLA S.A.C.,2026-05-06,191/0579252,CHS718,45.0,PIEDRA,2,36.58,36.58,363.24,,,JICAMARCA,ANCIETA,2026-07-01T09:20:50.305124Z
47026-1910579263,47026,VIRGEN DE ESTRELLA S.A.C.,2026-05-06,191/0579263,CCL847,44.0,PIEDRA,2,34.26,34.26,340.15,,,JICAMARCA,ANCIETA,2026-07-01T09:20:50.305151Z
47026-1910579316,47026,VIRGEN DE ESTRELLA S.A.C.,2026-05-06,191/0579316,BYP824,9.0,PIEDRA,2,40.28,40.28,400.03,,,JICAMARCA,ANCIETA,2026-07-01T09:20:50.305184Z
47026-1910579343,47026,VIRGEN DE ESTRELLA S.A.C.,2026-05-06,191/0579343,BYP824,9.0,ARENA,14,38.27,42.1,503.1,,,JICAMARCA,COLLIQUE,2026-07-01T09:20:50.305517Z
47026-1910579363,47026,VIRGEN DE ESTRELLA S.A.C.,2026-05-06,191/0579363,CAZ895,42.0,PIEDRA,2,33.23,33.22,559.18,,,JICAMARCA,SAN ANTONIO,2026-07-01T09:20:50.306456Z
47026-1950192257,47026,VIRGEN DE ESTRELLA S.A.C.,2026-05-06,195/0192257,F3F817,1.0,PIEDRA,2,39.04,39.04,591.46,,,YERBABUENA,MEIGGS,2026-07-01T09:20:50.306847Z
47026-1950192227,47026,VIRGEN DE ESTRELLA S.A.C.,2026-05-06,195/0192227,ATN880,5.0,PIEDRA,2,42.2,42.2,639.33,,,YERBABUENA,MEIGGS,2026-07-01T09:20:50.307046Z
47026-1950192247,47026,VIRGEN DE ESTRELLA S.A.C.,2026-05-06,195/0192247,CBR854,14.0,PIEDRA,2,41.26,41.26,625.09,,,YERBABUENA,MEIGGS,2026-07-01T09:20:50.307071Z
47026-1950192262,47026,VIRGEN DE ESTRELLA S.A.C.,2026-05-06,195/0192262,BFI758,37.0,PIEDRA,2,40.11,40.11,607.67,,,YERBABUENA,MEIGGS,2026-07-01T09:20:50.307098Z
47026-1950192276,47026,VIRGEN DE ESTRELLA S.A.C.,2026-05-06,195/0192276,AWH708,33.0,PIEDRA,2,36.65,36.65,555.25,,,YERBABUENA,MEIGGS,2026-07-01T09:20:50.307123Z
47026-1950192282,47026,VIRGEN DE ESTRELLA S.A.C.,2026-05-06,195/0192282,AHJ786,28.0,PIEDRA,2,36.65,36.65,555.25,,,YERBABUENA,MEIGGS,2026-07-01T09:20:50.307177Z
47026-1950192295,47026,VIRGEN DE ESTRELLA S.A.C.,2026-05-06,195/0192295,CBR854,14.0,PIEDRA,2,38.13,38.13,577.67,,,YERBABUENA,MEIGGS,2026-07-01T09:20:50.307201Z
47026-1950192228,47026,VIRGEN DE ESTRELLA S.A.C.,2026-05-06,195/0192228,AWH708,33.0,ARENA,14,36.06,36.06,546.31,,,YERBABUENA,MEIGGS,2026-07-01T09:20:50.308004Z
47026-1950192229,47026,VIRGEN DE ESTRELLA S.A.C.,2026-05-06,195/0192229,AHJ786,28.0,ARENA,14,34.38,34.38,520.86,,,YERBABUENA,MEIGGS,2026-07-01T09:20:50.308028Z
47026-1950192245,47026,VIRGEN DE ESTRELLA S.A.C.,2026-05-06,195/0192245,AFX735,25.0,ARENA,14,36.37,36.37,551.01,,,YERBABUENA,MEIGGS,2026-07-01T09:20:50.308052Z
47026-1950192258,47026,VIRGEN DE ESTRELLA S.A.C.,2026-05-06,195/0192258,C9T788,20.0,ARENA,14,35.5,35.5,537.83,,,YERBABUENA,MEIGGS,2026-07-01T09:20:50.308078Z
47026-0010017129,47026,VIRGEN DE ESTRELLA S.A.C.,2026-05-06,001/0017129,BFI758,37.0,PIEDRA,2,39.15,40.13,304.99,,,SAN LORENZO,COLLIQUE,2026-07-01T09:20:50.309364Z
47026-0010017130,47026,VIRGEN DE ESTRELLA S.A.C.,2026-05-06,001/0017130,D8D861,23.0,PIEDRA,2,35.71,36.6,278.16,,,SAN LORENZO,COLLIQUE,2026-07-01T09:20:50.309389Z
47026-0010017131,47026,VIRGEN DE ESTRELLA S.A.C.,2026-05-06,001/0017131,AWW845,34.0,PIEDRA,2,36.67,37.59,285.68,,,SAN LORENZO,COLLIQUE,2026-07-01T09:20:50.309416Z
47026-0010017134,47026,VIRGEN DE ESTRELLA S.A.C.,2026-05-06,001/0017134,AWW871,32.0,PIEDRA,2,37.88,38.83,295.11,,,SAN LORENZO,COLLIQUE,2026-07-01T09:20:50.309442Z
47026-0010017141,47026,VIRGEN DE ESTRELLA S.A.C.,2026-05-06,001/0017141,AJC805,30.0,PIEDRA,2,37.32,38.25,290.7,,,SAN LORENZO,COLLIQUE,2026-07-01T09:20:50.309468Z
47026-0010017144,47026,VIRGEN DE ESTRELLA S.A.C.,2026-05-06,001/0017144,AKE789,31.0,PIEDRA,2,35.97,36.87,280.21,,,SAN LORENZO,COLLIQUE,2026-07-01T09:20:50.309495Z
47026-0010017145,47026,VIRGEN DE ESTRELLA S.A.C.,2026-05-06,001/0017145,D8B795,22.0,PIEDRA,2,34.2,35.06,266.46,,,SAN LORENZO,COLLIQUE,2026-07-01T09:20:50.309521Z
47026-0010017146,47026,VIRGEN DE ESTRELLA S.A.C.,2026-05-06,001/0017146,BZR752,38.0,PIEDRA,2,37.36,38.29,291.0,,,SAN LORENZO,COLLIQUE,2026-07-01T09:20:50.309547Z
47026-0010017149,47026,VIRGEN DE ESTRELLA S.A.C.,2026-05-06,001/0017149,D8E728,24.0,PIEDRA,2,36.25,37.16,282.42,,,SAN LORENZO,COLLIQUE,2026-07-01T09:20:50.309573Z
47026-0010017156,47026,VIRGEN DE ESTRELLA S.A.C.,2026-05-06,001/0017156,AWH708,33.0,PIEDRA,2,36.78,37.7,286.52,,,SAN LORENZO,COLLIQUE,2026-07-01T09:20:50.309607Z
47026-0010017164,47026,VIRGEN DE ESTRELLA S.A.C.,2026-05-06,001/0017164,ATN880,5.0,PIEDRA,2,41.74,42.78,325.13,,,SAN LORENZO,COLLIQUE,2026-07-01T09:20:50.309635Z
47026-0010017165,47026,VIRGEN DE ESTRELLA S.A.C.,2026-05-06,001/0017165,F3F817,1.0,PIEDRA,2,41.64,42.68,324.37,,,SAN LORENZO,COLLIQUE,2026-07-01T09:20:50.309661Z
47026-0010017173,47026,VIRGEN DE ESTRELLA S.A.C.,2026-05-06,001/0017173,CBR846,12.0,PIEDRA,2,35.59,36.48,277.25,,,SAN LORENZO,COLLIQUE,2026-07-01T09:20:50.309690Z
47026-0010017175,47026,VIRGEN DE ESTRELLA S.A.C.,2026-05-06,001/0017175,BFI758,37.0,PIEDRA,2,38.37,39.33,298.91,,,SAN LORENZO,COLLIQUE,2026-07-01T09:20:50.309724Z
47026-0010017176,47026,VIRGEN DE ESTRELLA S.A.C.,2026-05-06,001/0017176,BZR752,38.0,PIEDRA,2,36.53,37.44,284.54,,,SAN LORENZO,COLLIQUE,2026-07-01T09:20:50.309753Z
47026-0010017177,47026,VIRGEN DE ESTRELLA S.A.C.,2026-05-06,001/0017177,AKE789,31.0,PIEDRA,2,36.81,37.73,286.75,,,SAN LORENZO,COLLIQUE,2026-07-01T09:20:50.309782Z
47026-0010017135,47026,VIRGEN DE ESTRELLA S.A.C.,2026-05-06,001/0017135,D8B795,22.0,ARENA,14,31.07,35.11,200.83,,,SAN LORENZO,MEIGGS,2026-07-01T09:20:50.314041Z
47026-0010017136,47026,VIRGEN DE ESTRELLA S.A.C.,2026-05-06,001/0017136,AKE789,31.0,ARENA,14,32.46,36.68,209.81,,,SAN LORENZO,MEIGGS,2026-07-01T09:20:50.314063Z
47026-0010017137,47026,VIRGEN DE ESTRELLA S.A.C.,2026-05-06,001/0017137,D8E728,24.0,ARENA,14,31.21,35.27,201.74,,,SAN LORENZO,MEIGGS,2026-07-01T09:20:50.314085Z
47026-0010017138,47026,VIRGEN DE ESTRELLA S.A.C.,2026-05-06,001/0017138,BZR752,38.0,ARENA,14,33.91,38.32,219.19,,,SAN LORENZO,MEIGGS,2026-07-01T09:20:50.314106Z
47026-0010017150,47026,VIRGEN DE ESTRELLA S.A.C.,2026-05-06,001/0017150,D8D861,23.0,ARENA,14,31.73,35.86,205.12,,,SAN LORENZO,MEIGGS,2026-07-01T09:20:50.314128Z
47026-0010017151,47026,VIRGEN DE ESTRELLA S.A.C.,2026-05-06,001/0017151,AJC805,30.0,ARENA,14,33.46,37.81,216.27,,,SAN LORENZO,MEIGGS,2026-07-01T09:20:50.314152Z
47026-0010017152,47026,VIRGEN DE ESTRELLA S.A.C.,2026-05-06,001/0017152,AWW871,32.0,ARENA,14,34.72,39.23,224.4,,,SAN LORENZO,MEIGGS,2026-07-01T09:20:50.314177Z
47026-0010017162,47026,VIRGEN DE ESTRELLA S.A.C.,2026-05-06,001/0017162,BZR752,38.0,ARENA,14,35.42,40.02,228.91,,,SAN LORENZO,MEIGGS,2026-07-01T09:20:50.314199Z
47026-0010017160,47026,VIRGEN DE ESTRELLA S.A.C.,2026-05-06,001/0017160,AKE789,31.0,PIEDRA,2,35.8,36.7,209.92,,,SAN LORENZO,MEIGGS,2026-07-01T09:20:50.315002Z
47026-0010017161,47026,VIRGEN DE ESTRELLA S.A.C.,2026-05-06,001/0017161,D8B795,22.0,PIEDRA,2,33.77,34.61,197.97,,,SAN LORENZO,MEIGGS,2026-07-01T09:20:50.315024Z
47026-0010017163,47026,VIRGEN DE ESTRELLA S.A.C.,2026-05-06,001/0017163,AFX735,25.0,PIEDRA,2,33.46,34.3,196.2,,,SAN LORENZO,MEIGGS,2026-07-01T09:20:50.315045Z
47026-0010017166,47026,VIRGEN DE ESTRELLA S.A.C.,2026-05-06,001/0017166,C9T788,20.0,PIEDRA,2,34.33,35.19,201.29,,,SAN LORENZO,MEIGGS,2026-07-01T09:20:50.315065Z
47026-0010017168,47026,VIRGEN DE ESTRELLA S.A.C.,2026-05-06,001/0017168,D8D861,23.0,PIEDRA,2,34.8,35.67,204.03,,,SAN LORENZO,MEIGGS,2026-07-01T09:20:50.315086Z
47026-0010017169,47026,VIRGEN DE ESTRELLA S.A.C.,2026-05-06,001/0017169,AWW871,32.0,PIEDRA,2,36.15,37.05,211.93,,,SAN LORENZO,MEIGGS,2026-07-01T09:20:50.315106Z
47026-0010017170,47026,VIRGEN DE ESTRELLA S.A.C.,2026-05-06,001/0017170,AJC805,30.0,PIEDRA,2,36.3,37.21,212.84,,,SAN LORENZO,MEIGGS,2026-07-01T09:20:50.315129Z
47026-0010017174,47026,VIRGEN DE ESTRELLA S.A.C.,2026-05-06,001/0017174,D8B795,22.0,PIEDRA,2,34.06,34.91,199.69,,,SAN LORENZO,MEIGGS,2026-07-01T09:20:50.315151Z
47026-1910579580,47026,VIRGEN DE ESTRELLA S.A.C.,2026-05-07,191/0579580,CBA709,43.0,ARENA,14,31.75,35.56,425.3,,,JICAMARCA,SAN JUAN,2026-07-01T09:20:50.304294Z
47026-1910579585,47026,VIRGEN DE ESTRELLA S.A.C.,2026-05-07,191/0579585,BYP824,9.0,ARENA,14,37.31,41.79,499.81,,,JICAMARCA,SAN JUAN,2026-07-01T09:20:50.304333Z
47026-1910579476,47026,VIRGEN DE ESTRELLA S.A.C.,2026-05-07,191/0579476,BYP824,9.0,PIEDRA,2,41.12,41.12,408.34,,,JICAMARCA,ANCIETA,2026-07-01T09:20:50.305213Z
47026-1910579529,47026,VIRGEN DE ESTRELLA S.A.C.,2026-05-07,191/0579529,CCL847,44.0,ARENA,14,34.08,35.62,353.7,,,JICAMARCA,BLOQUES ANCIETA INS. Y SUM.,2026-07-01T09:20:50.305401Z
47026-1910579531,47026,VIRGEN DE ESTRELLA S.A.C.,2026-05-07,191/0579531,CAZ895,42.0,ARENA,14,34.73,36.3,360.47,,,JICAMARCA,BLOQUES ANCIETA INS. Y SUM.,2026-07-01T09:20:50.305432Z
47026-1910579584,47026,VIRGEN DE ESTRELLA S.A.C.,2026-05-07,191/0579584,CCL847,44.0,PIEDRA,2,34.42,34.42,492.55,,,JICAMARCA,EMBOLSADOS INS. Y SUM.,2026-07-01T09:20:50.305571Z
47026-1910579590,47026,VIRGEN DE ESTRELLA S.A.C.,2026-05-07,191/0579590,CAZ895,42.0,PIEDRA,2,35.56,35.56,508.86,,,JICAMARCA,EMBOLSADOS INS. Y SUM.,2026-07-01T09:20:50.305599Z
47026-1910579449,47026,VIRGEN DE ESTRELLA S.A.C.,2026-05-07,191/0579449,CAZ895,42.0,ARENA,14,33.89,37.62,633.12,,,JICAMARCA,SAN ANTONIO,2026-07-01T09:20:50.305887Z
47026-1910579451,47026,VIRGEN DE ESTRELLA S.A.C.,2026-05-07,191/0579451,CCL847,44.0,ARENA,14,33.65,37.36,628.68,,,JICAMARCA,SAN ANTONIO,2026-07-01T09:20:50.305914Z
47026-1910579494,47026,VIRGEN DE ESTRELLA S.A.C.,2026-05-07,191/0579494,C9W737,21.0,ARENA,14,32.03,35.56,598.42,,,JICAMARCA,SAN ANTONIO,2026-07-01T09:20:50.305942Z
47026-1910579501,47026,VIRGEN DE ESTRELLA S.A.C.,2026-05-07,191/0579501,CBA709,43.0,ARENA,14,32.79,36.39,612.51,,,JICAMARCA,SAN ANTONIO,2026-07-01T09:20:50.305972Z
47026-1910579549,47026,VIRGEN DE ESTRELLA S.A.C.,2026-05-07,191/0579549,C9W737,21.0,ARENA,14,31.71,35.2,592.42,,,JICAMARCA,SAN ANTONIO,2026-07-01T09:20:50.306001Z
47026-1950192318,47026,VIRGEN DE ESTRELLA S.A.C.,2026-05-07,195/0192318,F3F817,1.0,PIEDRA,2,39.38,39.38,596.61,,,YERBABUENA,MEIGGS,2026-07-01T09:20:50.306872Z
47026-1950192277,47026,VIRGEN DE ESTRELLA S.A.C.,2026-05-07,195/0192277,ATN880,5.0,PIEDRA,2,41.44,41.44,627.82,,,YERBABUENA,MEIGGS,2026-07-01T09:20:50.307146Z
47026-1950192345,47026,VIRGEN DE ESTRELLA S.A.C.,2026-05-07,195/0192345,C9T788,20.0,PIEDRA,2,35.38,35.38,536.01,,,YERBABUENA,MEIGGS,2026-07-01T09:20:50.307223Z
47026-1950192346,47026,VIRGEN DE ESTRELLA S.A.C.,2026-05-07,195/0192346,BYP838,10.0,PIEDRA,2,38.85,38.85,588.58,,,YERBABUENA,MEIGGS,2026-07-01T09:20:50.307245Z
47026-1950192299,47026,VIRGEN DE ESTRELLA S.A.C.,2026-05-07,195/0192299,CAZ895,42.0,ARENA,14,37.76,37.76,572.06,,,YERBABUENA,MEIGGS,2026-07-01T09:20:50.308104Z
47026-1950192300,47026,VIRGEN DE ESTRELLA S.A.C.,2026-05-07,195/0192300,AWH708,33.0,ARENA,14,36.12,36.12,547.22,,,YERBABUENA,MEIGGS,2026-07-01T09:20:50.308129Z
47026-1950192301,47026,VIRGEN DE ESTRELLA S.A.C.,2026-05-07,195/0192301,AHJ786,28.0,ARENA,14,38.15,38.15,577.97,,,YERBABUENA,MEIGGS,2026-07-01T09:20:50.308153Z
47026-1950192302,47026,VIRGEN DE ESTRELLA S.A.C.,2026-05-07,195/0192302,CBR872,16.0,ARENA,14,42.81,42.81,648.57,,,YERBABUENA,MEIGGS,2026-07-01T09:20:50.308178Z
47026-1950192303,47026,VIRGEN DE ESTRELLA S.A.C.,2026-05-07,195/0192303,BAE736,35.0,ARENA,14,35.81,35.81,542.52,,,YERBABUENA,MEIGGS,2026-07-01T09:20:50.308202Z
47026-1950192311,47026,VIRGEN DE ESTRELLA S.A.C.,2026-05-07,195/0192311,AFX735,25.0,ARENA,14,36.48,36.48,552.67,,,YERBABUENA,MEIGGS,2026-07-01T09:20:50.308227Z
47026-1950192312,47026,VIRGEN DE ESTRELLA S.A.C.,2026-05-07,195/0192312,CBR854,14.0,ARENA,14,44.35,44.35,671.9,,,YERBABUENA,MEIGGS,2026-07-01T09:20:50.308255Z
47026-1950192313,47026,VIRGEN DE ESTRELLA S.A.C.,2026-05-07,195/0192313,CBR796,18.0,ARENA,14,44.43,44.43,673.11,,,YERBABUENA,MEIGGS,2026-07-01T09:20:50.308283Z
47026-1950192319,47026,VIRGEN DE ESTRELLA S.A.C.,2026-05-07,195/0192319,C9T788,20.0,ARENA,14,35.77,35.77,541.92,,,YERBABUENA,MEIGGS,2026-07-01T09:20:50.308310Z
47026-1950192335,47026,VIRGEN DE ESTRELLA S.A.C.,2026-05-07,195/0192335,BYP838,10.0,ARENA,14,46.57,46.57,705.54,,,YERBABUENA,MEIGGS,2026-07-01T09:20:50.308339Z
47026-1950192339,47026,VIRGEN DE ESTRELLA S.A.C.,2026-05-07,195/0192339,CBR872,16.0,ARENA,14,44.02,44.02,666.9,,,YERBABUENA,MEIGGS,2026-07-01T09:20:50.308367Z
47026-1950192340,47026,VIRGEN DE ESTRELLA S.A.C.,2026-05-07,195/0192340,ATN880,5.0,ARENA,14,44.35,44.35,671.9,,,YERBABUENA,MEIGGS,2026-07-01T09:20:50.308392Z
47026-1950192341,47026,VIRGEN DE ESTRELLA S.A.C.,2026-05-07,195/0192341,CAZ895,42.0,ARENA,14,36.94,36.94,559.64,,,YERBABUENA,MEIGGS,2026-07-01T09:20:50.308418Z
47026-1950192342,47026,VIRGEN DE ESTRELLA S.A.C.,2026-05-07,195/0192342,AHJ786,28.0,ARENA,14,37.84,37.84,573.28,,,YERBABUENA,MEIGGS,2026-07-01T09:20:50.308446Z
47026-1950192344,47026,VIRGEN DE ESTRELLA S.A.C.,2026-05-07,195/0192344,AWH708,33.0,ARENA,14,36.44,36.44,552.07,,,YERBABUENA,MEIGGS,2026-07-01T09:20:50.308477Z
47026-0010017180,47026,VIRGEN DE ESTRELLA S.A.C.,2026-05-07,001/0017180,AWW845,34.0,PIEDRA,2,35.83,36.73,279.15,,,SAN LORENZO,COLLIQUE,2026-07-01T09:20:50.309807Z
47026-0010017181,47026,VIRGEN DE ESTRELLA S.A.C.,2026-05-07,001/0017181,ABN852,27.0,PIEDRA,2,38.32,39.28,298.53,,,SAN LORENZO,COLLIQUE,2026-07-01T09:20:50.309834Z
47026-0010017182,47026,VIRGEN DE ESTRELLA S.A.C.,2026-05-07,001/0017182,AKE789,31.0,PIEDRA,2,35.4,36.28,275.73,,,SAN LORENZO,COLLIQUE,2026-07-01T09:20:50.309860Z
47026-0010017183,47026,VIRGEN DE ESTRELLA S.A.C.,2026-05-07,001/0017183,D8E728,24.0,PIEDRA,2,34.66,35.53,270.03,,,SAN LORENZO,COLLIQUE,2026-07-01T09:20:50.309886Z
47026-0010017184,47026,VIRGEN DE ESTRELLA S.A.C.,2026-05-07,001/0017184,BZR752,38.0,PIEDRA,2,35.16,36.04,273.9,,,SAN LORENZO,COLLIQUE,2026-07-01T09:20:50.309914Z
47026-0010017185,47026,VIRGEN DE ESTRELLA S.A.C.,2026-05-07,001/0017185,BFI758,37.0,PIEDRA,2,36.94,37.86,287.74,,,SAN LORENZO,COLLIQUE,2026-07-01T09:20:50.309941Z
47026-0010017188,47026,VIRGEN DE ESTRELLA S.A.C.,2026-05-07,001/0017188,D8D861,23.0,PIEDRA,2,37.24,38.17,290.09,,,SAN LORENZO,COLLIQUE,2026-07-01T09:20:50.309970Z
47026-0010017197,47026,VIRGEN DE ESTRELLA S.A.C.,2026-05-07,001/0017197,CBR854,14.0,PIEDRA,2,36.81,37.73,286.75,,,SAN LORENZO,COLLIQUE,2026-07-01T09:20:50.309997Z
47026-0010017201,47026,VIRGEN DE ESTRELLA S.A.C.,2026-05-07,001/0017201,CBR796,18.0,PIEDRA,2,35.56,36.45,277.02,,,SAN LORENZO,COLLIQUE,2026-07-01T09:20:50.310027Z
47026-0010017219,47026,VIRGEN DE ESTRELLA S.A.C.,2026-05-07,001/0017219,D8E728,24.0,PIEDRA,2,35.15,36.03,273.83,,,SAN LORENZO,COLLIQUE,2026-07-01T09:20:50.310053Z
47026-0010017223,47026,VIRGEN DE ESTRELLA S.A.C.,2026-05-07,001/0017223,BZR752,38.0,PIEDRA,2,37.28,38.21,290.4,,,SAN LORENZO,COLLIQUE,2026-07-01T09:20:50.310080Z
47026-0010017224,47026,VIRGEN DE ESTRELLA S.A.C.,2026-05-07,001/0017224,D8D861,23.0,PIEDRA,2,35.58,36.47,277.17,,,SAN LORENZO,COLLIQUE,2026-07-01T09:20:50.310107Z
47026-0010017190,47026,VIRGEN DE ESTRELLA S.A.C.,2026-05-07,001/0017190,AJA905,29.0,ARENA,14,36.58,41.33,271.54,,,SAN LORENZO,MATERIALES,2026-07-01T09:20:50.312301Z
47026-0010017191,47026,VIRGEN DE ESTRELLA S.A.C.,2026-05-07,001/0017191,ABN852,27.0,ARENA,14,38.79,43.83,287.96,,,SAN LORENZO,MATERIALES,2026-07-01T09:20:50.312327Z
47026-0010017192,47026,VIRGEN DE ESTRELLA S.A.C.,2026-05-07,001/0017192,AWW845,34.0,ARENA,14,37.13,41.96,275.68,,,SAN LORENZO,MATERIALES,2026-07-01T09:20:50.312354Z
47026-0010017198,47026,VIRGEN DE ESTRELLA S.A.C.,2026-05-07,001/0017198,AFX735,25.0,ARENA,14,33.98,38.4,252.29,,,SAN LORENZO,MATERIALES,2026-07-01T09:20:50.312382Z
47026-0010017200,47026,VIRGEN DE ESTRELLA S.A.C.,2026-05-07,001/0017200,BZR752,38.0,ARENA,14,34.02,38.44,252.55,,,SAN LORENZO,MATERIALES,2026-07-01T09:20:50.312406Z
47026-0010017203,47026,VIRGEN DE ESTRELLA S.A.C.,2026-05-07,001/0017203,D8D861,23.0,ARENA,14,32.68,36.93,242.63,,,SAN LORENZO,MATERIALES,2026-07-01T09:20:50.312431Z
47026-0010017213,47026,VIRGEN DE ESTRELLA S.A.C.,2026-05-07,001/0017213,AJC805,30.0,ARENA,14,34.58,39.07,256.69,,,SAN LORENZO,MATERIALES,2026-07-01T09:20:50.312457Z
47026-0010017214,47026,VIRGEN DE ESTRELLA S.A.C.,2026-05-07,001/0017214,ABN852,27.0,ARENA,14,36.01,40.69,267.33,,,SAN LORENZO,MATERIALES,2026-07-01T09:20:50.312481Z
47026-0010017215,47026,VIRGEN DE ESTRELLA S.A.C.,2026-05-07,001/0017215,AWW845,34.0,ARENA,14,34.62,39.12,257.02,,,SAN LORENZO,MATERIALES,2026-07-01T09:20:50.312509Z
47026-0010017217,47026,VIRGEN DE ESTRELLA S.A.C.,2026-05-07,001/0017217,D8B795,22.0,ARENA,14,31.88,36.02,236.65,,,SAN LORENZO,MATERIALES,2026-07-01T09:20:50.312535Z
47026-0010017222,47026,VIRGEN DE ESTRELLA S.A.C.,2026-05-07,001/0017222,BFI758,37.0,ARENA,14,36.53,41.28,271.21,,,SAN LORENZO,MATERIALES,2026-07-01T09:20:50.312559Z
47026-0010017193,47026,VIRGEN DE ESTRELLA S.A.C.,2026-05-07,001/0017193,AKE789,31.0,ARENA,14,36.76,41.17,235.49,,,SAN LORENZO,MEIGGS,2026-07-01T09:20:50.314221Z
47026-0010017194,47026,VIRGEN DE ESTRELLA S.A.C.,2026-05-07,001/0017194,D8E728,24.0,ARENA,14,33.93,38.0,217.36,,,SAN LORENZO,MEIGGS,2026-07-01T09:20:50.314245Z
47026-0010017195,47026,VIRGEN DE ESTRELLA S.A.C.,2026-05-07,001/0017195,D8B795,22.0,ARENA,14,36.15,40.49,231.6,,,SAN LORENZO,MEIGGS,2026-07-01T09:20:50.314267Z
47026-0010017202,47026,VIRGEN DE ESTRELLA S.A.C.,2026-05-07,001/0017202,BFI758,37.0,ARENA,14,35.82,40.12,229.49,,,SAN LORENZO,MEIGGS,2026-07-01T09:20:50.314288Z
47026-0010017204,47026,VIRGEN DE ESTRELLA S.A.C.,2026-05-07,001/0017204,D8B795,22.0,ARENA,14,31.71,35.52,203.17,,,SAN LORENZO,MEIGGS,2026-07-01T09:20:50.314310Z
47026-0010017205,47026,VIRGEN DE ESTRELLA S.A.C.,2026-05-07,001/0017205,AJA905,29.0,ARENA,14,32.79,36.73,210.1,,,SAN LORENZO,MEIGGS,2026-07-01T09:20:50.314333Z
47026-0010017206,47026,VIRGEN DE ESTRELLA S.A.C.,2026-05-07,001/0017206,D8E728,24.0,ARENA,14,33.29,37.28,213.24,,,SAN LORENZO,MEIGGS,2026-07-01T09:20:50.314353Z
47026-0010017210,47026,VIRGEN DE ESTRELLA S.A.C.,2026-05-07,001/0017210,BFI758,37.0,ARENA,14,35.54,39.81,227.71,,,SAN LORENZO,MEIGGS,2026-07-01T09:20:50.314376Z
47026-0010017216,47026,VIRGEN DE ESTRELLA S.A.C.,2026-05-07,001/0017216,AFX735,25.0,ARENA,14,31.9,35.73,204.38,,,SAN LORENZO,MEIGGS,2026-07-01T09:20:50.314396Z
47026-0010017218,47026,VIRGEN DE ESTRELLA S.A.C.,2026-05-07,001/0017218,AJA905,29.0,ARENA,14,33.98,38.06,217.7,,,SAN LORENZO,MEIGGS,2026-07-01T09:20:50.314416Z
47026-0010017220,47026,VIRGEN DE ESTRELLA S.A.C.,2026-05-07,001/0017220,AKE789,31.0,ARENA,14,34.88,39.07,223.48,,,SAN LORENZO,MEIGGS,2026-07-01T09:20:50.314437Z
47026-1910579607,47026,VIRGEN DE ESTRELLA S.A.C.,2026-05-08,191/0579607,C9W737,21.0,ARENA,14,32.69,36.61,437.86,,,JICAMARCA,SAN JUAN,2026-07-01T09:20:50.304368Z
47026-1910579634,47026,VIRGEN DE ESTRELLA S.A.C.,2026-05-08,191/0579634,BYP824,9.0,ARENA,14,36.57,41.32,410.34,,,JICAMARCA,ANCIETA,2026-07-01T09:20:50.304700Z
47026-1910579635,47026,VIRGEN DE ESTRELLA S.A.C.,2026-05-08,191/0579635,CCL847,44.0,ARENA,14,32.72,36.32,611.21,,,JICAMARCA,SAN ANTONIO,2026-07-01T09:20:50.306028Z
47026-1910579644,47026,VIRGEN DE ESTRELLA S.A.C.,2026-05-08,191/0579644,CAZ895,42.0,ARENA,14,32.33,35.88,603.9,,,JICAMARCA,SAN ANTONIO,2026-07-01T09:20:50.306059Z
47026-1910579691,47026,VIRGEN DE ESTRELLA S.A.C.,2026-05-08,191/0579691,CCL847,44.0,ARENA,14,35.76,39.7,668.08,,,JICAMARCA,SAN ANTONIO,2026-07-01T09:20:50.306088Z
47026-1910579702,47026,VIRGEN DE ESTRELLA S.A.C.,2026-05-08,191/0579702,CAZ895,42.0,ARENA,14,33.28,36.94,621.64,,,JICAMARCA,SAN ANTONIO,2026-07-01T09:20:50.306116Z
47026-1910579704,47026,VIRGEN DE ESTRELLA S.A.C.,2026-05-08,191/0579704,C9W737,21.0,ARENA,14,30.79,34.18,575.21,,,JICAMARCA,SAN ANTONIO,2026-07-01T09:20:50.306145Z
47026-1910579720,47026,VIRGEN DE ESTRELLA S.A.C.,2026-05-08,191/0579720,CBA709,43.0,ARENA,14,33.33,37.0,622.68,,,JICAMARCA,SAN ANTONIO,2026-07-01T09:20:50.306173Z
47026-1910579674,47026,VIRGEN DE ESTRELLA S.A.C.,2026-05-08,191/0579674,CBA709,43.0,PIEDRA,2,39.08,39.08,657.64,,,JICAMARCA,SAN ANTONIO,2026-07-01T09:20:50.306549Z
47026-1950192347,47026,VIRGEN DE ESTRELLA S.A.C.,2026-05-08,195/0192347,ATN880,5.0,PIEDRA,2,41.75,41.75,632.51,,,YERBABUENA,MEIGGS,2026-07-01T09:20:50.307268Z
47026-1950192348,47026,VIRGEN DE ESTRELLA S.A.C.,2026-05-08,195/0192348,BYP838,10.0,PIEDRA,2,39.23,39.23,594.33,,,YERBABUENA,MEIGGS,2026-07-01T09:20:50.307290Z
47026-1950192372,47026,VIRGEN DE ESTRELLA S.A.C.,2026-05-08,195/0192372,CBR854,14.0,PIEDRA,2,39.79,39.79,602.82,,,YERBABUENA,MEIGGS,2026-07-01T09:20:50.307313Z
47026-1950192373,47026,VIRGEN DE ESTRELLA S.A.C.,2026-05-08,195/0192373,CBR796,18.0,PIEDRA,2,40.92,40.92,619.94,,,YERBABUENA,MEIGGS,2026-07-01T09:20:50.307339Z
47026-1950192376,47026,VIRGEN DE ESTRELLA S.A.C.,2026-05-08,195/0192376,CBR872,16.0,PIEDRA,2,39.5,39.5,598.43,,,YERBABUENA,MEIGGS,2026-07-01T09:20:50.307364Z
47026-1950192386,47026,VIRGEN DE ESTRELLA S.A.C.,2026-05-08,195/0192386,F3F817,1.0,PIEDRA,2,41.47,41.47,628.27,,,YERBABUENA,MEIGGS,2026-07-01T09:20:50.307387Z
47026-1950192425,47026,VIRGEN DE ESTRELLA S.A.C.,2026-05-08,195/0192425,CAZ895,42.0,PIEDRA,2,37.68,37.68,570.85,,,YERBABUENA,MEIGGS,2026-07-01T09:20:50.307413Z
47026-1950192426,47026,VIRGEN DE ESTRELLA S.A.C.,2026-05-08,195/0192426,CBR872,16.0,PIEDRA,2,39.06,39.06,591.76,,,YERBABUENA,MEIGGS,2026-07-01T09:20:50.307436Z
47026-1950192427,47026,VIRGEN DE ESTRELLA S.A.C.,2026-05-08,195/0192427,CBR796,18.0,PIEDRA,2,40.74,40.74,617.21,,,YERBABUENA,MEIGGS,2026-07-01T09:20:50.307459Z
47026-1950192350,47026,VIRGEN DE ESTRELLA S.A.C.,2026-05-08,195/0192350,CAZ895,42.0,ARENA,14,35.38,35.38,536.01,,,YERBABUENA,MEIGGS,2026-07-01T09:20:50.308507Z
47026-1950192351,47026,VIRGEN DE ESTRELLA S.A.C.,2026-05-08,195/0192351,AWH708,33.0,ARENA,14,38.37,38.37,581.31,,,YERBABUENA,MEIGGS,2026-07-01T09:20:50.308533Z
47026-1950192352,47026,VIRGEN DE ESTRELLA S.A.C.,2026-05-08,195/0192352,AHJ786,28.0,ARENA,14,38.27,38.27,579.79,,,YERBABUENA,MEIGGS,2026-07-01T09:20:50.308560Z
47026-1950192371,47026,VIRGEN DE ESTRELLA S.A.C.,2026-05-08,195/0192371,AFX735,25.0,ARENA,14,36.81,36.81,557.67,,,YERBABUENA,MEIGGS,2026-07-01T09:20:50.308587Z
47026-1950192375,47026,VIRGEN DE ESTRELLA S.A.C.,2026-05-08,195/0192375,D8D861,23.0,ARENA,14,37.29,37.29,564.94,,,YERBABUENA,MEIGGS,2026-07-01T09:20:50.308615Z
47026-1950192387,47026,VIRGEN DE ESTRELLA S.A.C.,2026-05-08,195/0192387,C9T788,20.0,ARENA,14,36.59,36.59,554.34,,,YERBABUENA,MEIGGS,2026-07-01T09:20:50.308641Z
47026-1950192391,47026,VIRGEN DE ESTRELLA S.A.C.,2026-05-08,195/0192391,BYP838,10.0,ARENA,14,41.84,41.84,633.88,,,YERBABUENA,MEIGGS,2026-07-01T09:20:50.308668Z
47026-1950192392,47026,VIRGEN DE ESTRELLA S.A.C.,2026-05-08,195/0192392,BFI758,37.0,ARENA,14,36.19,36.19,548.28,,,YERBABUENA,MEIGGS,2026-07-01T09:20:50.308694Z
47026-1950192393,47026,VIRGEN DE ESTRELLA S.A.C.,2026-05-08,195/0192393,BAE736,35.0,ARENA,14,36.32,36.32,550.25,,,YERBABUENA,MEIGGS,2026-07-01T09:20:50.308731Z
47026-1950192428,47026,VIRGEN DE ESTRELLA S.A.C.,2026-05-08,195/0192428,AWH708,33.0,ARENA,14,38.4,38.4,581.76,,,YERBABUENA,MEIGGS,2026-07-01T09:20:50.308762Z
47026-1950192429,47026,VIRGEN DE ESTRELLA S.A.C.,2026-05-08,195/0192429,ATN880,5.0,ARENA,14,42.88,42.88,649.63,,,YERBABUENA,MEIGGS,2026-07-01T09:20:50.308788Z
47026-1950192430,47026,VIRGEN DE ESTRELLA S.A.C.,2026-05-08,195/0192430,D8D861,23.0,ARENA,14,36.88,36.88,558.73,,,YERBABUENA,MEIGGS,2026-07-01T09:20:50.308817Z
47026-1950192431,47026,VIRGEN DE ESTRELLA S.A.C.,2026-05-08,195/0192431,AFX735,25.0,ARENA,14,36.63,36.63,554.94,,,YERBABUENA,MEIGGS,2026-07-01T09:20:50.308842Z
47026-1950192433,47026,VIRGEN DE ESTRELLA S.A.C.,2026-05-08,195/0192433,F3F817,1.0,ARENA,14,44.99,44.99,681.6,,,YERBABUENA,MEIGGS,2026-07-01T09:20:50.308868Z
47026-0010017226,47026,VIRGEN DE ESTRELLA S.A.C.,2026-05-08,001/0017226,AJA905,29.0,PIEDRA,2,35.4,36.29,275.8,,,SAN LORENZO,COLLIQUE,2026-07-01T09:20:50.310132Z
47026-0010017234,47026,VIRGEN DE ESTRELLA S.A.C.,2026-05-08,001/0017234,BFI758,37.0,PIEDRA,2,38.76,39.73,301.95,,,SAN LORENZO,COLLIQUE,2026-07-01T09:20:50.310158Z
47026-0010017235,47026,VIRGEN DE ESTRELLA S.A.C.,2026-05-08,001/0017235,D8E728,24.0,PIEDRA,2,34.59,35.45,269.42,,,SAN LORENZO,COLLIQUE,2026-07-01T09:20:50.310182Z
47026-0010017249,47026,VIRGEN DE ESTRELLA S.A.C.,2026-05-08,001/0017249,CBR854,14.0,PIEDRA,2,36.3,37.21,282.8,,,SAN LORENZO,COLLIQUE,2026-07-01T09:20:50.310207Z
47026-0010017250,47026,VIRGEN DE ESTRELLA S.A.C.,2026-05-08,001/0017250,D8E728,24.0,PIEDRA,2,34.07,34.92,265.39,,,SAN LORENZO,COLLIQUE,2026-07-01T09:20:50.310235Z
47026-0010017251,47026,VIRGEN DE ESTRELLA S.A.C.,2026-05-08,001/0017251,AKE789,31.0,PIEDRA,2,36.2,37.11,282.04,,,SAN LORENZO,COLLIQUE,2026-07-01T09:20:50.310259Z
47026-0010017252,47026,VIRGEN DE ESTRELLA S.A.C.,2026-05-08,001/0017252,BYP824,9.0,PIEDRA,2,38.98,39.95,303.62,,,SAN LORENZO,COLLIQUE,2026-07-01T09:20:50.310284Z
47026-0010017256,47026,VIRGEN DE ESTRELLA S.A.C.,2026-05-08,001/0017256,BYP838,10.0,PIEDRA,2,43.88,44.98,341.85,,,SAN LORENZO,COLLIQUE,2026-07-01T09:20:50.310310Z
47026-0010017270,47026,VIRGEN DE ESTRELLA S.A.C.,2026-05-08,001/0017270,CBR854,14.0,PIEDRA,2,37.15,38.08,289.41,,,SAN LORENZO,COLLIQUE,2026-07-01T09:20:50.310383Z
47026-0010017272,47026,VIRGEN DE ESTRELLA S.A.C.,2026-05-08,001/0017272,BYP824,9.0,PIEDRA,2,37.07,38.0,288.8,,,SAN LORENZO,COLLIQUE,2026-07-01T09:20:50.310408Z
47026-0010017275,47026,VIRGEN DE ESTRELLA S.A.C.,2026-05-08,001/0017275,BYP838,10.0,PIEDRA,2,41.27,42.3,321.48,,,SAN LORENZO,COLLIQUE,2026-07-01T09:20:50.310461Z
47026-0010017267,47026,VIRGEN DE ESTRELLA S.A.C.,2026-05-08,001/0017267,D8B795,22.0,ARENA,14,34.9,38.74,251.81,,,SAN LORENZO,OQUENDO,2026-07-01T09:20:50.311591Z
47026-0010017268,47026,VIRGEN DE ESTRELLA S.A.C.,2026-05-08,001/0017268,AWH708,33.0,ARENA,14,36.56,40.58,263.77,,,SAN LORENZO,OQUENDO,2026-07-01T09:20:50.311617Z
47026-0010017269,47026,VIRGEN DE ESTRELLA S.A.C.,2026-05-08,001/0017269,AKE789,31.0,ARENA,14,35.96,39.92,259.48,,,SAN LORENZO,OQUENDO,2026-07-01T09:20:50.311642Z
47026-0010017273,47026,VIRGEN DE ESTRELLA S.A.C.,2026-05-08,001/0017273,BFI758,37.0,ARENA,14,35.75,39.68,257.92,,,SAN LORENZO,OQUENDO,2026-07-01T09:20:50.311666Z
47026-0010017228,47026,VIRGEN DE ESTRELLA S.A.C.,2026-05-08,001/0017228,AWW845,34.0,ARENA,14,34.22,38.67,254.06,,,SAN LORENZO,MATERIALES,2026-07-01T09:20:50.312582Z
47026-0010017229,47026,VIRGEN DE ESTRELLA S.A.C.,2026-05-08,001/0017229,ABN852,27.0,ARENA,14,34.65,39.15,257.22,,,SAN LORENZO,MATERIALES,2026-07-01T09:20:50.312605Z
47026-0010017230,47026,VIRGEN DE ESTRELLA S.A.C.,2026-05-08,001/0017230,BZR752,38.0,ARENA,14,33.55,37.91,249.07,,,SAN LORENZO,MATERIALES,2026-07-01T09:20:50.312627Z
47026-0010017231,47026,VIRGEN DE ESTRELLA S.A.C.,2026-05-08,001/0017231,AKE789,31.0,ARENA,14,32.87,37.14,244.01,,,SAN LORENZO,MATERIALES,2026-07-01T09:20:50.312651Z
47026-0010017236,47026,VIRGEN DE ESTRELLA S.A.C.,2026-05-08,001/0017236,AJC805,30.0,ARENA,14,33.73,38.12,250.45,,,SAN LORENZO,MATERIALES,2026-07-01T09:20:50.312674Z
47026-0010017239,47026,VIRGEN DE ESTRELLA S.A.C.,2026-05-08,001/0017239,AJA905,29.0,ARENA,14,32.36,36.57,240.26,,,SAN LORENZO,MATERIALES,2026-07-01T09:20:50.312697Z
47026-0010017242,47026,VIRGEN DE ESTRELLA S.A.C.,2026-05-08,001/0017242,ABN852,27.0,ARENA,14,33.74,38.13,250.51,,,SAN LORENZO,MATERIALES,2026-07-01T09:20:50.312727Z
47026-0010017243,47026,VIRGEN DE ESTRELLA S.A.C.,2026-05-08,001/0017243,AWW845,34.0,ARENA,14,34.35,38.81,254.98,,,SAN LORENZO,MATERIALES,2026-07-01T09:20:50.312756Z
47026-0010017244,47026,VIRGEN DE ESTRELLA S.A.C.,2026-05-08,001/0017244,BZR752,38.0,ARENA,14,32.9,37.18,244.27,,,SAN LORENZO,MATERIALES,2026-07-01T09:20:50.312779Z
47026-0010017248,47026,VIRGEN DE ESTRELLA S.A.C.,2026-05-08,001/0017248,AJC805,30.0,ARENA,14,35.75,40.4,265.43,,,SAN LORENZO,MATERIALES,2026-07-01T09:20:50.312804Z
47026-0010017263,47026,VIRGEN DE ESTRELLA S.A.C.,2026-05-08,001/0017263,D8E728,24.0,ARENA,14,32.03,36.19,237.77,,,SAN LORENZO,MATERIALES,2026-07-01T09:20:50.312826Z
47026-0010017264,47026,VIRGEN DE ESTRELLA S.A.C.,2026-05-08,001/0017264,ABN852,27.0,ARENA,14,36.98,41.79,274.56,,,SAN LORENZO,MATERIALES,2026-07-01T09:20:50.312849Z
47026-0010017255,47026,VIRGEN DE ESTRELLA S.A.C.,2026-05-08,001/0017255,C9T788,20.0,PIEDRA,2,33.02,33.85,193.62,,,SAN LORENZO,MEIGGS,2026-07-01T09:20:50.315172Z
47026-0010017257,47026,VIRGEN DE ESTRELLA S.A.C.,2026-05-08,001/0017257,D8B795,22.0,PIEDRA,2,34.71,35.58,203.52,,,SAN LORENZO,MEIGGS,2026-07-01T09:20:50.315196Z
47026-0010017260,47026,VIRGEN DE ESTRELLA S.A.C.,2026-05-08,001/0017260,AHJ786,28.0,PIEDRA,2,36.79,37.71,215.7,,,SAN LORENZO,MEIGGS,2026-07-01T09:20:50.315219Z
47026-0010017261,47026,VIRGEN DE ESTRELLA S.A.C.,2026-05-08,001/0017261,AJA905,29.0,PIEDRA,2,35.57,36.46,208.55,,,SAN LORENZO,MEIGGS,2026-07-01T09:20:50.315242Z
46966-1910579846,46966,VIRGEN DE ESTRELLA S.A.C.,2026-05-09,191/0579846,CAZ895,42.0,PIEDRA,2,34.66,34.66,495.98,,,JICAMARCA,EMBOLSADOS INS. Y SUM.,2026-07-01T09:09:23.398311Z
46966-1910579850,46966,VIRGEN DE ESTRELLA S.A.C.,2026-05-09,191/0579850,CBA709,43.0,PIEDRA,2,29.23,29.23,418.28,,,JICAMARCA,EMBOLSADOS INS. Y SUM.,2026-07-01T09:09:23.398337Z
46966-1910579857,46966,VIRGEN DE ESTRELLA S.A.C.,2026-05-09,191/0579857,CCL847,44.0,PIEDRA,2,35.41,35.41,506.72,,,JICAMARCA,CONCRETO PRETENSADO,2026-07-01T09:09:23.399744Z
46966-1910579868,46966,VIRGEN DE ESTRELLA S.A.C.,2026-05-09,191/0579868,C9W737,21.0,PIEDRA,2,35.54,35.54,508.58,,,JICAMARCA,CONCRETO PRETENSADO,2026-07-01T09:09:23.399770Z
47026-1910579823,47026,VIRGEN DE ESTRELLA S.A.C.,2026-05-09,191/0579823,CHS718,45.0,PIEDRA,2,35.26,35.26,421.71,,,JICAMARCA,SAN JUAN,2026-07-01T09:20:50.304058Z
47026-1910579777,47026,VIRGEN DE ESTRELLA S.A.C.,2026-05-09,191/0579777,CHS718,45.0,ARENA,14,35.76,35.76,355.08,,,JICAMARCA,ANCIETA,2026-07-01T09:20:50.304744Z
47026-1910579779,47026,VIRGEN DE ESTRELLA S.A.C.,2026-05-09,191/0579779,CCL847,44.0,ARENA,14,33.35,37.68,374.17,,,JICAMARCA,ANCIETA,2026-07-01T09:20:50.304778Z
47026-1910579831,47026,VIRGEN DE ESTRELLA S.A.C.,2026-05-09,191/0579831,CBA709,43.0,ARENA,14,32.39,36.6,363.39,,,JICAMARCA,ANCIETA,2026-07-01T09:20:50.304813Z
47026-1910579883,47026,VIRGEN DE ESTRELLA S.A.C.,2026-05-09,191/0579883,CHS718,45.0,PIEDRA,2,35.72,35.72,354.71,,,JICAMARCA,BLOQUES ANCIETA INS. Y SUM.,2026-07-01T09:20:50.305488Z
47026-1910579780,47026,VIRGEN DE ESTRELLA S.A.C.,2026-05-09,191/0579780,CAZ895,42.0,PIEDRA,2,33.74,33.74,567.76,,,JICAMARCA,SAN ANTONIO,2026-07-01T09:20:50.306487Z
47026-1910579819,47026,VIRGEN DE ESTRELLA S.A.C.,2026-05-09,191/0579819,C9W737,21.0,PIEDRA,2,34.16,34.16,574.95,,,JICAMARCA,SAN ANTONIO,2026-07-01T09:20:50.306578Z
47026-1950192444,47026,VIRGEN DE ESTRELLA S.A.C.,2026-05-09,195/0192444,AHJ786,28.0,ARENA,14,37.36,37.73,556.52,,,YERBABUENA,MATERIALES,2026-07-01T09:20:50.306660Z
47026-1950192445,47026,VIRGEN DE ESTRELLA S.A.C.,2026-05-09,195/0192445,AWH708,33.0,ARENA,14,35.79,36.15,533.21,,,YERBABUENA,MATERIALES,2026-07-01T09:20:50.306688Z
47026-1950192462,47026,VIRGEN DE ESTRELLA S.A.C.,2026-05-09,195/0192462,CBR854,14.0,ARENA,14,40.74,41.15,606.96,,,YERBABUENA,MATERIALES,2026-07-01T09:20:50.306727Z
47026-1950192469,47026,VIRGEN DE ESTRELLA S.A.C.,2026-05-09,195/0192469,F3F817,1.0,ARENA,14,41.39,41.8,616.55,,,YERBABUENA,MATERIALES,2026-07-01T09:20:50.306756Z
47026-1950192471,47026,VIRGEN DE ESTRELLA S.A.C.,2026-05-09,195/0192471,BYP838,10.0,ARENA,14,42.74,43.17,636.76,,,YERBABUENA,MATERIALES,2026-07-01T09:20:50.306786Z
47026-1950192450,47026,VIRGEN DE ESTRELLA S.A.C.,2026-05-09,195/0192450,CBR872,16.0,PIEDRA,2,38.43,38.43,582.21,,,YERBABUENA,MEIGGS,2026-07-01T09:20:50.307485Z
47026-1950192454,47026,VIRGEN DE ESTRELLA S.A.C.,2026-05-09,195/0192454,CBR796,18.0,PIEDRA,2,39.94,39.94,605.09,,,YERBABUENA,MEIGGS,2026-07-01T09:20:50.307509Z
47026-1950192354,47026,VIRGEN DE ESTRELLA S.A.C.,2026-05-09,195/0192354,CBR872,16.0,PIEDRA,2,35.45,35.45,537.07,,,YERBABUENA,MEIGGS,2026-07-01T09:20:50.307773Z
47026-0010017262,47026,VIRGEN DE ESTRELLA S.A.C.,2026-05-09,001/0017262,C9T788,20.0,PIEDRA,2,34.65,35.52,269.95,,,SAN LORENZO,COLLIQUE,2026-07-01T09:20:50.310334Z
47026-0010017266,47026,VIRGEN DE ESTRELLA S.A.C.,2026-05-09,001/0017266,AJC805,30.0,PIEDRA,2,36.93,37.85,287.66,,,SAN LORENZO,COLLIQUE,2026-07-01T09:20:50.310358Z
47026-0010017274,47026,VIRGEN DE ESTRELLA S.A.C.,2026-05-09,001/0017274,AJA905,29.0,PIEDRA,2,35.15,35.99,273.52,,,SAN LORENZO,COLLIQUE,2026-07-01T09:20:50.310437Z
47026-0010017281,47026,VIRGEN DE ESTRELLA S.A.C.,2026-05-09,001/0017281,D8E728,24.0,PIEDRA,2,33.76,34.6,262.96,,,SAN LORENZO,COLLIQUE,2026-07-01T09:20:50.310490Z
47026-0010017282,47026,VIRGEN DE ESTRELLA S.A.C.,2026-05-09,001/0017282,BFI758,37.0,PIEDRA,2,39.22,40.2,305.52,,,SAN LORENZO,COLLIQUE,2026-07-01T09:20:50.310516Z
47026-0010017283,47026,VIRGEN DE ESTRELLA S.A.C.,2026-05-09,001/0017283,D8B795,22.0,PIEDRA,2,35.13,36.01,273.68,,,SAN LORENZO,COLLIQUE,2026-07-01T09:20:50.310541Z
47026-0010017287,47026,VIRGEN DE ESTRELLA S.A.C.,2026-05-09,001/0017287,AJA905,29.0,PIEDRA,2,35.95,36.81,279.76,,,SAN LORENZO,COLLIQUE,2026-07-01T09:20:50.310566Z
47026-0010017290,47026,VIRGEN DE ESTRELLA S.A.C.,2026-05-09,001/0017290,BYP824,9.0,PIEDRA,2,37.42,38.36,291.54,,,SAN LORENZO,COLLIQUE,2026-07-01T09:20:50.310590Z
47026-0010017291,47026,VIRGEN DE ESTRELLA S.A.C.,2026-05-09,001/0017291,ATN880,5.0,PIEDRA,2,43.24,44.32,336.83,,,SAN LORENZO,COLLIQUE,2026-07-01T09:20:50.310616Z
47026-0010017294,47026,VIRGEN DE ESTRELLA S.A.C.,2026-05-09,001/0017294,ATN880,5.0,PIEDRA,2,46.99,48.16,366.02,,,SAN LORENZO,COLLIQUE,2026-07-01T09:20:50.310640Z
47026-0010017297,47026,VIRGEN DE ESTRELLA S.A.C.,2026-05-09,001/0017297,CBR872,16.0,PIEDRA,2,36.2,37.1,281.96,,,SAN LORENZO,COLLIQUE,2026-07-01T09:20:50.310665Z
47026-0010017299,47026,VIRGEN DE ESTRELLA S.A.C.,2026-05-09,001/0017299,BYP824,9.0,PIEDRA,2,38.11,39.06,296.86,,,SAN LORENZO,COLLIQUE,2026-07-01T09:20:50.310689Z
47026-0010017302,47026,VIRGEN DE ESTRELLA S.A.C.,2026-05-09,001/0017302,CBR796,18.0,PIEDRA,2,34.87,35.74,271.62,,,SAN LORENZO,COLLIQUE,2026-07-01T09:20:50.310720Z
47026-0010017313,47026,VIRGEN DE ESTRELLA S.A.C.,2026-05-09,001/0017313,CBR854,14.0,PIEDRA,2,37.42,38.36,291.54,,,SAN LORENZO,COLLIQUE,2026-07-01T09:20:50.310756Z
47026-0010017316,47026,VIRGEN DE ESTRELLA S.A.C.,2026-05-09,001/0017316,F3F817,1.0,PIEDRA,2,43.13,44.21,336.0,,,SAN LORENZO,COLLIQUE,2026-07-01T09:20:50.310781Z
47026-0010017317,47026,VIRGEN DE ESTRELLA S.A.C.,2026-05-09,001/0017317,BYP838,10.0,PIEDRA,2,46.27,47.43,360.47,,,SAN LORENZO,COLLIQUE,2026-07-01T09:20:50.310805Z
47026-0010017319,47026,VIRGEN DE ESTRELLA S.A.C.,2026-05-09,001/0017319,ATN880,5.0,PIEDRA,2,43.13,44.21,336.0,,,SAN LORENZO,COLLIQUE,2026-07-01T09:20:50.310831Z
47026-0010017320,47026,VIRGEN DE ESTRELLA S.A.C.,2026-05-09,001/0017320,AJA905,29.0,PIEDRA,2,36.14,37.04,281.5,,,SAN LORENZO,COLLIQUE,2026-07-01T09:20:50.310859Z
47026-0010017321,47026,VIRGEN DE ESTRELLA S.A.C.,2026-05-09,001/0017321,AFX735,25.0,PIEDRA,2,35.4,36.28,275.73,,,SAN LORENZO,COLLIQUE,2026-07-01T09:20:50.310884Z
47026-0010017322,47026,VIRGEN DE ESTRELLA S.A.C.,2026-05-09,001/0017322,AWW845,34.0,PIEDRA,2,35.5,36.39,276.56,,,SAN LORENZO,COLLIQUE,2026-07-01T09:20:50.310909Z
47026-0010017323,47026,VIRGEN DE ESTRELLA S.A.C.,2026-05-09,001/0017323,AWW871,32.0,PIEDRA,2,39.8,40.8,310.08,,,SAN LORENZO,COLLIQUE,2026-07-01T09:20:50.310935Z
47026-0010017324,47026,VIRGEN DE ESTRELLA S.A.C.,2026-05-09,001/0017324,D8B795,22.0,PIEDRA,2,36.52,37.43,284.47,,,SAN LORENZO,COLLIQUE,2026-07-01T09:20:50.310959Z
47026-0010017325,47026,VIRGEN DE ESTRELLA S.A.C.,2026-05-09,001/0017325,AWH708,33.0,PIEDRA,2,36.96,37.88,287.89,,,SAN LORENZO,COLLIQUE,2026-07-01T09:20:50.310983Z
47026-0010017327,47026,VIRGEN DE ESTRELLA S.A.C.,2026-05-09,001/0017327,BZR752,38.0,PIEDRA,2,38.29,39.25,298.3,,,SAN LORENZO,COLLIQUE,2026-07-01T09:20:50.311014Z
47026-0010017328,47026,VIRGEN DE ESTRELLA S.A.C.,2026-05-09,001/0017328,D8E728,24.0,PIEDRA,2,34.19,35.04,266.3,,,SAN LORENZO,COLLIQUE,2026-07-01T09:20:50.311038Z
47026-0010017280,47026,VIRGEN DE ESTRELLA S.A.C.,2026-05-09,001/0017280,AKE789,31.0,ARENA,14,32.11,35.64,231.66,,,SAN LORENZO,OQUENDO,2026-07-01T09:20:50.311690Z
47026-0010017293,47026,VIRGEN DE ESTRELLA S.A.C.,2026-05-09,001/0017293,AJC805,30.0,ARENA,14,35.05,38.91,252.91,,,SAN LORENZO,OQUENDO,2026-07-01T09:20:50.311725Z
47026-0010017310,47026,VIRGEN DE ESTRELLA S.A.C.,2026-05-09,001/0017310,AFX735,25.0,ARENA,14,33.95,37.68,244.92,,,SAN LORENZO,OQUENDO,2026-07-01T09:20:50.311753Z
47026-0010017311,47026,VIRGEN DE ESTRELLA S.A.C.,2026-05-09,001/0017311,AKE789,31.0,ARENA,14,36.65,40.68,264.42,,,SAN LORENZO,OQUENDO,2026-07-01T09:20:50.311778Z
47026-0010017265,47026,VIRGEN DE ESTRELLA S.A.C.,2026-05-09,001/0017265,AWW845,34.0,ARENA,14,35.14,39.71,260.89,,,SAN LORENZO,MATERIALES,2026-07-01T09:20:50.312876Z
47026-0010017276,47026,VIRGEN DE ESTRELLA S.A.C.,2026-05-09,001/0017276,D8D861,23.0,ARENA,14,33.25,37.57,246.83,,,SAN LORENZO,MATERIALES,2026-07-01T09:20:50.312903Z
47026-0010017277,47026,VIRGEN DE ESTRELLA S.A.C.,2026-05-09,001/0017277,AWW845,34.0,ARENA,14,32.77,37.03,243.29,,,SAN LORENZO,MATERIALES,2026-07-01T09:20:50.312927Z
47026-0010017278,47026,VIRGEN DE ESTRELLA S.A.C.,2026-05-09,001/0017278,BZR752,38.0,ARENA,14,33.4,37.74,247.95,,,SAN LORENZO,MATERIALES,2026-07-01T09:20:50.312951Z
47026-0010017279,47026,VIRGEN DE ESTRELLA S.A.C.,2026-05-09,001/0017279,AWW871,32.0,ARENA,14,36.51,41.26,271.08,,,SAN LORENZO,MATERIALES,2026-07-01T09:20:50.312973Z
47026-0010017295,47026,VIRGEN DE ESTRELLA S.A.C.,2026-05-09,001/0017295,AWW845,34.0,ARENA,14,34.39,38.86,255.31,,,SAN LORENZO,MATERIALES,2026-07-01T09:20:50.313002Z
47026-0010017296,47026,VIRGEN DE ESTRELLA S.A.C.,2026-05-09,001/0017296,BZR752,38.0,ARENA,14,33.54,37.9,249.0,,,SAN LORENZO,MATERIALES,2026-07-01T09:20:50.313026Z
47026-0010017298,47026,VIRGEN DE ESTRELLA S.A.C.,2026-05-09,001/0017298,AWW871,32.0,ARENA,14,34.07,38.5,252.95,,,SAN LORENZO,MATERIALES,2026-07-01T09:20:50.313049Z
47026-0010017303,47026,VIRGEN DE ESTRELLA S.A.C.,2026-05-09,001/0017303,D8E728,24.0,ARENA,14,31.91,36.06,236.91,,,SAN LORENZO,MATERIALES,2026-07-01T09:20:50.313072Z
47026-0010017304,47026,VIRGEN DE ESTRELLA S.A.C.,2026-05-09,001/0017304,BFI758,37.0,ARENA,14,35.3,39.89,262.08,,,SAN LORENZO,MATERIALES,2026-07-01T09:20:50.313095Z
47026-0010017309,47026,VIRGEN DE ESTRELLA S.A.C.,2026-05-09,001/0017309,D8D861,23.0,ARENA,14,32.73,36.98,242.96,,,SAN LORENZO,MATERIALES,2026-07-01T09:20:50.313121Z
47026-0010017312,47026,VIRGEN DE ESTRELLA S.A.C.,2026-05-09,001/0017312,AJC805,30.0,ARENA,14,38.11,43.06,282.9,,,SAN LORENZO,MATERIALES,2026-07-01T09:20:50.313147Z
47026-0010017318,47026,VIRGEN DE ESTRELLA S.A.C.,2026-05-09,001/0017318,AHJ786,28.0,ARENA,14,35.51,40.13,263.65,,,SAN LORENZO,MATERIALES,2026-07-01T09:20:50.313170Z
47026-0010017292,47026,VIRGEN DE ESTRELLA S.A.C.,2026-05-09,001/0017292,AKE789,31.0,PIEDRA,2,35.99,36.89,211.01,,,SAN LORENZO,MEIGGS,2026-07-01T09:20:50.315264Z
47026-0010017305,47026,VIRGEN DE ESTRELLA S.A.C.,2026-05-09,001/0017305,AWH708,33.0,PIEDRA,2,36.01,36.91,211.13,,,SAN LORENZO,MEIGGS,2026-07-01T09:20:50.315284Z
47026-0010017307,47026,VIRGEN DE ESTRELLA S.A.C.,2026-05-09,001/0017307,C9T788,20.0,PIEDRA,2,34.47,35.33,202.09,,,SAN LORENZO,MEIGGS,2026-07-01T09:20:50.315304Z
47026-0010017308,47026,VIRGEN DE ESTRELLA S.A.C.,2026-05-09,001/0017308,D8B795,22.0,PIEDRA,2,36.0,36.9,211.07,,,SAN LORENZO,MEIGGS,2026-07-01T09:20:50.315323Z
46966-1910579911,46966,VIRGEN DE ESTRELLA S.A.C.,2026-05-11,191/0579911,CAZ895,42.0,ARENA,14,32.34,35.9,604.16,,,JICAMARCA,SAN ANTONIO,2026-07-01T09:09:23.398388Z
46966-1910579913,46966,VIRGEN DE ESTRELLA S.A.C.,2026-05-11,191/0579913,CHS718,45.0,ARENA,14,33.89,37.62,633.12,,,JICAMARCA,SAN ANTONIO,2026-07-01T09:09:23.398416Z
46966-1910579914,46966,VIRGEN DE ESTRELLA S.A.C.,2026-05-11,191/0579914,CCL847,44.0,ARENA,14,33.28,36.94,621.64,,,JICAMARCA,SAN ANTONIO,2026-07-01T09:09:23.398442Z
46966-1910579921,46966,VIRGEN DE ESTRELLA S.A.C.,2026-05-11,191/0579921,CBA709,43.0,ARENA,14,32.54,36.12,607.82,,,JICAMARCA,SAN ANTONIO,2026-07-01T09:09:23.398469Z
46966-1910579976,46966,VIRGEN DE ESTRELLA S.A.C.,2026-05-11,191/0579976,CCL847,44.0,ARENA,14,32.33,35.88,603.9,,,JICAMARCA,SAN ANTONIO,2026-07-01T09:09:23.398495Z
46966-1910579980,46966,VIRGEN DE ESTRELLA S.A.C.,2026-05-11,191/0579980,CBA709,43.0,ARENA,14,33.99,37.73,634.95,,,JICAMARCA,SAN ANTONIO,2026-07-01T09:09:23.398521Z
46966-1910579970,46966,VIRGEN DE ESTRELLA S.A.C.,2026-05-11,191/0579970,CHS718,45.0,PIEDRA,2,33.87,33.87,570.03,,,JICAMARCA,SAN ANTONIO,2026-07-01T09:09:23.399331Z
46966-1910579983,46966,VIRGEN DE ESTRELLA S.A.C.,2026-05-11,191/0579983,CAZ895,42.0,PIEDRA,2,34.16,34.16,574.83,,,JICAMARCA,SAN ANTONIO,2026-07-01T09:09:23.399360Z
46966-1910579959,46966,VIRGEN DE ESTRELLA S.A.C.,2026-05-11,191/0579959,BYP824,9.0,PIEDRA,2,38.44,38.44,646.95,,,JICAMARCA,SAN ANTONIO,2026-07-01T09:09:23.399481Z
46966-1910580001,46966,VIRGEN DE ESTRELLA S.A.C.,2026-05-11,191/0580001,BYP824,9.0,PIEDRA,2,42.66,42.66,717.9,,,JICAMARCA,SAN ANTONIO,2026-07-01T09:09:23.399510Z
46966-1950192455,46966,VIRGEN DE ESTRELLA S.A.C.,2026-05-11,195/0192455,ATN880,5.0,PIEDRA,2,46.37,46.37,683.96,,,YERBABUENA,MATERIALES,2026-07-01T09:09:23.399798Z
46966-1950192495,46966,VIRGEN DE ESTRELLA S.A.C.,2026-05-11,195/0192495,AWH708,33.0,PIEDRA,2,37.06,37.06,561.46,,,YERBABUENA,MEIGGS,2026-07-01T09:09:23.399934Z
46966-1950192496,46966,VIRGEN DE ESTRELLA S.A.C.,2026-05-11,195/0192496,AHJ786,28.0,PIEDRA,2,38.52,38.52,583.58,,,YERBABUENA,MEIGGS,2026-07-01T09:09:23.399961Z
46966-1950192505,46966,VIRGEN DE ESTRELLA S.A.C.,2026-05-11,195/0192505,CBR854,14.0,PIEDRA,2,40.82,40.82,618.42,,,YERBABUENA,MEIGGS,2026-07-01T09:09:23.399995Z
46966-1950192512,46966,VIRGEN DE ESTRELLA S.A.C.,2026-05-11,195/0192512,F3F817,1.0,PIEDRA,2,46.21,46.21,700.08,,,YERBABUENA,MEIGGS,2026-07-01T09:09:23.400022Z
46966-0010017351,46966,VIRGEN DE ESTRELLA S.A.C.,2026-05-11,001/0017351,AWW871,32.0,PIEDRA,2,38.15,39.1,297.16,,,SAN LORENZO,COLLIQUE,2026-07-01T09:09:23.402272Z
46966-0010017352,46966,VIRGEN DE ESTRELLA S.A.C.,2026-05-11,001/0017352,D8E728,24.0,PIEDRA,2,34.99,35.86,272.54,,,SAN LORENZO,COLLIQUE,2026-07-01T09:09:23.402302Z
46966-0010017353,46966,VIRGEN DE ESTRELLA S.A.C.,2026-05-11,001/0017353,AWH708,33.0,PIEDRA,2,37.2,38.13,289.79,,,SAN LORENZO,COLLIQUE,2026-07-01T09:09:23.402331Z
46966-0010017360,46966,VIRGEN DE ESTRELLA S.A.C.,2026-05-11,001/0017360,CBR854,14.0,PIEDRA,2,35.44,36.33,276.11,,,SAN LORENZO,COLLIQUE,2026-07-01T09:09:23.402365Z
46966-0010017366,46966,VIRGEN DE ESTRELLA S.A.C.,2026-05-11,001/0017366,F3F817,1.0,PIEDRA,2,42.15,43.2,328.32,,,SAN LORENZO,COLLIQUE,2026-07-01T09:09:23.402399Z
46966-0010017329,46966,VIRGEN DE ESTRELLA S.A.C.,2026-05-11,001/0017329,D8D861,23.0,ARENA,14,33.63,38.0,249.66,,,SAN LORENZO,MATERIALES,2026-07-01T09:09:23.403684Z
46966-0010017332,46966,VIRGEN DE ESTRELLA S.A.C.,2026-05-11,001/0017332,AKE789,31.0,ARENA,14,33.73,38.11,250.38,,,SAN LORENZO,MATERIALES,2026-07-01T09:09:23.403714Z
46966-0010017336,46966,VIRGEN DE ESTRELLA S.A.C.,2026-05-11,001/0017336,BFI758,37.0,ARENA,14,34.98,39.53,259.71,,,SAN LORENZO,MATERIALES,2026-07-01T09:09:23.403744Z
46966-0010017337,46966,VIRGEN DE ESTRELLA S.A.C.,2026-05-11,001/0017337,AJC805,30.0,ARENA,14,34.13,38.57,253.4,,,SAN LORENZO,MATERIALES,2026-07-01T09:09:23.403773Z
46966-0010017338,46966,VIRGEN DE ESTRELLA S.A.C.,2026-05-11,001/0017338,D8E728,24.0,ARENA,14,32.08,36.25,238.16,,,SAN LORENZO,MATERIALES,2026-07-01T09:09:23.403801Z
46966-0010017340,46966,VIRGEN DE ESTRELLA S.A.C.,2026-05-11,001/0017340,BZR752,38.0,ARENA,14,32.69,36.94,242.7,,,SAN LORENZO,MATERIALES,2026-07-01T09:09:23.403829Z
46966-0010017355,46966,VIRGEN DE ESTRELLA S.A.C.,2026-05-11,001/0017355,AHJ786,28.0,ARENA,14,32.3,36.5,239.81,,,SAN LORENZO,MATERIALES,2026-07-01T09:09:23.403860Z
46966-0010017357,46966,VIRGEN DE ESTRELLA S.A.C.,2026-05-11,001/0017357,AFX735,25.0,ARENA,14,31.5,35.59,233.83,,,SAN LORENZO,MATERIALES,2026-07-01T09:09:23.403885Z
46966-0010017363,46966,VIRGEN DE ESTRELLA S.A.C.,2026-05-11,001/0017363,BZR752,38.0,ARENA,14,34.18,38.62,253.73,,,SAN LORENZO,MATERIALES,2026-07-01T09:09:23.403915Z
46966-0010017364,46966,VIRGEN DE ESTRELLA S.A.C.,2026-05-11,001/0017364,AJC805,30.0,ARENA,14,36.04,40.73,267.6,,,SAN LORENZO,MATERIALES,2026-07-01T09:09:23.403941Z
46966-0010017371,46966,VIRGEN DE ESTRELLA S.A.C.,2026-05-11,001/0017371,AJA905,29.0,ARENA,14,32.82,37.09,243.68,,,SAN LORENZO,MATERIALES,2026-07-01T09:09:23.403968Z
46966-0010017372,46966,VIRGEN DE ESTRELLA S.A.C.,2026-05-11,001/0017372,AFX735,25.0,ARENA,14,32.8,37.06,243.48,,,SAN LORENZO,MATERIALES,2026-07-01T09:09:23.403995Z
46966-0010017381,46966,VIRGEN DE ESTRELLA S.A.C.,2026-05-11,001/0017381,AHJ786,28.0,ARENA,14,37.24,42.08,276.47,,,SAN LORENZO,MATERIALES,2026-07-01T09:09:23.404022Z
46966-0010017341,46966,VIRGEN DE ESTRELLA S.A.C.,2026-05-11,001/0017341,AWW871,32.0,ARENA,14,36.1,40.07,229.2,,,SAN LORENZO,MEIGGS,2026-07-01T09:09:23.404994Z
46966-0010017342,46966,VIRGEN DE ESTRELLA S.A.C.,2026-05-11,001/0017342,AWW845,34.0,ARENA,14,34.33,38.11,217.99,,,SAN LORENZO,MEIGGS,2026-07-01T09:09:23.405019Z
46966-0010017343,46966,VIRGEN DE ESTRELLA S.A.C.,2026-05-11,001/0017343,AFX735,25.0,ARENA,14,31.51,34.98,200.09,,,SAN LORENZO,MEIGGS,2026-07-01T09:09:23.405046Z
46966-0010017344,46966,VIRGEN DE ESTRELLA S.A.C.,2026-05-11,001/0017344,D8B795,22.0,ARENA,14,31.81,35.31,201.97,,,SAN LORENZO,MEIGGS,2026-07-01T09:09:23.405072Z
46966-0010017345,46966,VIRGEN DE ESTRELLA S.A.C.,2026-05-11,001/0017345,AJA905,29.0,ARENA,14,33.94,37.67,215.47,,,SAN LORENZO,MEIGGS,2026-07-01T09:09:23.405098Z
46966-0010017349,46966,VIRGEN DE ESTRELLA S.A.C.,2026-05-11,001/0017349,D8D861,23.0,ARENA,14,33.4,37.07,212.04,,,SAN LORENZO,MEIGGS,2026-07-01T09:09:23.405123Z
46966-0010017350,46966,VIRGEN DE ESTRELLA S.A.C.,2026-05-11,001/0017350,AJC805,30.0,ARENA,14,35.13,38.99,223.02,,,SAN LORENZO,MEIGGS,2026-07-01T09:09:23.405147Z
46966-0010017354,46966,VIRGEN DE ESTRELLA S.A.C.,2026-05-11,001/0017354,AWW845,34.0,ARENA,14,35.37,39.26,224.57,,,SAN LORENZO,MEIGGS,2026-07-01T09:09:23.405175Z
46966-0010017365,46966,VIRGEN DE ESTRELLA S.A.C.,2026-05-11,001/0017365,AWW845,34.0,ARENA,14,35.59,39.5,225.94,,,SAN LORENZO,MEIGGS,2026-07-01T09:09:23.405202Z
46966-0010017356,46966,VIRGEN DE ESTRELLA S.A.C.,2026-05-11,001/0017356,BFI758,37.0,PIEDRA,2,37.45,38.2,218.5,,,SAN LORENZO,MEIGGS,2026-07-01T09:09:23.405922Z
46966-0010017358,46966,VIRGEN DE ESTRELLA S.A.C.,2026-05-11,001/0017358,D8B795,22.0,PIEDRA,2,34.09,34.77,198.88,,,SAN LORENZO,MEIGGS,2026-07-01T09:09:23.405944Z
46966-0010017359,46966,VIRGEN DE ESTRELLA S.A.C.,2026-05-11,001/0017359,AJA905,29.0,PIEDRA,2,33.93,34.61,197.97,,,SAN LORENZO,MEIGGS,2026-07-01T09:09:23.405966Z
46966-0010017362,46966,VIRGEN DE ESTRELLA S.A.C.,2026-05-11,001/0017362,D8D861,23.0,PIEDRA,2,34.25,34.93,199.8,,,SAN LORENZO,MEIGGS,2026-07-01T09:09:23.405988Z
46966-0010017368,46966,VIRGEN DE ESTRELLA S.A.C.,2026-05-11,001/0017368,AKE789,31.0,PIEDRA,2,34.14,34.82,199.17,,,SAN LORENZO,MEIGGS,2026-07-01T09:09:23.406010Z
46966-0010017369,46966,VIRGEN DE ESTRELLA S.A.C.,2026-05-11,001/0017369,BFI758,37.0,PIEDRA,2,38.07,38.83,222.11,,,SAN LORENZO,MEIGGS,2026-07-01T09:09:23.406032Z
46966-0010017370,46966,VIRGEN DE ESTRELLA S.A.C.,2026-05-11,001/0017370,D8B795,22.0,PIEDRA,2,32.52,33.17,189.73,,,SAN LORENZO,MEIGGS,2026-07-01T09:09:23.406060Z
46966-0010017330,46966,VIRGEN DE ESTRELLA S.A.C.,2026-05-11,001/0017330,AWW845,34.0,PIEDRA,2,39.24,39.24,224.45,,,SAN LORENZO,MEIGGS,2026-07-01T09:09:23.406444Z
46966-0010017331,46966,VIRGEN DE ESTRELLA S.A.C.,2026-05-11,001/0017331,AFX735,25.0,PIEDRA,2,35.79,35.79,204.72,,,SAN LORENZO,MEIGGS,2026-07-01T09:09:23.406468Z
46966-0010017373,46966,VIRGEN DE ESTRELLA S.A.C.,2026-05-11,001/0017373,AWW871,32.0,PIEDRA,2,39.03,39.03,223.25,,,SAN LORENZO,MEIGGS,2026-07-01T09:09:23.406488Z
46966-0010017374,46966,VIRGEN DE ESTRELLA S.A.C.,2026-05-11,001/0017374,D8D861,23.0,PIEDRA,2,35.18,35.18,201.23,,,SAN LORENZO,MEIGGS,2026-07-01T09:09:23.406513Z
46966-1910580194,46966,VIRGEN DE ESTRELLA S.A.C.,2026-05-12,191/0580194,CCL847,44.0,ARENA,14,32.53,36.43,435.7,,,JICAMARCA,SAN JUAN,2026-07-01T09:09:23.397829Z
46966-1910580197,46966,VIRGEN DE ESTRELLA S.A.C.,2026-05-12,191/0580197,CAZ895,42.0,ARENA,14,32.15,36.01,430.68,,,JICAMARCA,SAN JUAN,2026-07-01T09:09:23.397902Z
46966-1910580211,46966,VIRGEN DE ESTRELLA S.A.C.,2026-05-12,191/0580211,CHS718,45.0,ARENA,14,33.86,37.25,273.76,,,JICAMARCA,HUACHIPA,2026-07-01T09:09:23.398209Z
46966-1910580056,46966,VIRGEN DE ESTRELLA S.A.C.,2026-05-12,191/0580056,CHS718,45.0,ARENA,14,33.28,36.94,621.64,,,JICAMARCA,SAN ANTONIO,2026-07-01T09:09:23.398547Z
46966-1910580060,46966,VIRGEN DE ESTRELLA S.A.C.,2026-05-12,191/0580060,CAZ895,42.0,ARENA,14,33.56,37.25,626.86,,,JICAMARCA,SAN ANTONIO,2026-07-01T09:09:23.398575Z
46966-1910580128,46966,VIRGEN DE ESTRELLA S.A.C.,2026-05-12,191/0580128,CCL847,44.0,ARENA,14,33.3,36.97,622.16,,,JICAMARCA,SAN ANTONIO,2026-07-01T09:09:23.398602Z
46966-1910580132,46966,VIRGEN DE ESTRELLA S.A.C.,2026-05-12,191/0580132,CHS718,45.0,ARENA,14,33.7,37.4,629.47,,,JICAMARCA,SAN ANTONIO,2026-07-01T09:09:23.398627Z
46966-1910580142,46966,VIRGEN DE ESTRELLA S.A.C.,2026-05-12,191/0580142,CAZ895,42.0,ARENA,14,33.86,37.59,632.6,,,JICAMARCA,SAN ANTONIO,2026-07-01T09:09:23.398653Z
46966-1910580062,46966,VIRGEN DE ESTRELLA S.A.C.,2026-05-12,191/0580062,CCL847,44.0,PIEDRA,2,36.91,36.91,621.12,,,JICAMARCA,SAN ANTONIO,2026-07-01T09:09:23.399543Z
46966-1910580113,46966,VIRGEN DE ESTRELLA S.A.C.,2026-05-12,191/0580113,CBA709,43.0,PIEDRA,2,36.38,36.38,612.25,,,JICAMARCA,SAN ANTONIO,2026-07-01T09:09:23.399569Z
46966-1910580172,46966,VIRGEN DE ESTRELLA S.A.C.,2026-05-12,191/0580172,CBA709,43.0,PIEDRA,2,38.6,38.6,649.55,,,JICAMARCA,SAN ANTONIO,2026-07-01T09:09:23.399597Z
46966-1950192558,46966,VIRGEN DE ESTRELLA S.A.C.,2026-05-12,195/0192558,AWH708,33.0,PIEDRA,2,36.96,36.96,559.94,,,YERBABUENA,MEIGGS,2026-07-01T09:09:23.399829Z
46966-1950192582,46966,VIRGEN DE ESTRELLA S.A.C.,2026-05-12,195/0192582,C9T788,20.0,PIEDRA,2,38.11,38.11,577.37,,,YERBABUENA,MEIGGS,2026-07-01T09:09:23.400052Z
46966-1950192584,46966,VIRGEN DE ESTRELLA S.A.C.,2026-05-12,195/0192584,ATN880,5.0,PIEDRA,2,44.76,44.76,678.11,,,YERBABUENA,MEIGGS,2026-07-01T09:09:23.400080Z
46966-1950192619,46966,VIRGEN DE ESTRELLA S.A.C.,2026-05-12,195/0192619,C9T788,20.0,PIEDRA,2,37.1,37.1,562.07,,,YERBABUENA,MEIGGS,2026-07-01T09:09:23.400110Z
46966-1950192620,46966,VIRGEN DE ESTRELLA S.A.C.,2026-05-12,195/0192620,ATN880,5.0,PIEDRA,2,43.59,43.59,660.39,,,YERBABUENA,MEIGGS,2026-07-01T09:09:23.400137Z
46966-1950192572,46966,VIRGEN DE ESTRELLA S.A.C.,2026-05-12,195/0192572,AFX735,25.0,PIEDRA,2,36.54,36.54,553.58,,,YERBABUENA,MEIGGS,2026-07-01T09:09:23.400816Z
46966-0010017412,46966,VIRGEN DE ESTRELLA S.A.C.,2026-05-12,001/0017412,AKE789,31.0,PIEDRA,2,36.23,37.14,282.26,,,SAN LORENZO,COLLIQUE,2026-07-01T09:09:23.402430Z
46966-0010017415,46966,VIRGEN DE ESTRELLA S.A.C.,2026-05-12,001/0017415,AWH708,33.0,PIEDRA,2,38.06,39.01,296.48,,,SAN LORENZO,COLLIQUE,2026-07-01T09:09:23.402487Z
46966-0010017395,46966,VIRGEN DE ESTRELLA S.A.C.,2026-05-12,001/0017395,BFI758,37.0,ARENA,14,34.92,39.46,259.25,,,SAN LORENZO,MATERIALES,2026-07-01T09:09:23.404051Z
46966-0010017396,46966,VIRGEN DE ESTRELLA S.A.C.,2026-05-12,001/0017396,AWW871,32.0,ARENA,14,36.46,41.2,270.68,,,SAN LORENZO,MATERIALES,2026-07-01T09:09:23.404078Z
46966-0010017397,46966,VIRGEN DE ESTRELLA S.A.C.,2026-05-12,001/0017397,D8E728,24.0,ARENA,14,33.67,38.05,249.99,,,SAN LORENZO,MATERIALES,2026-07-01T09:09:23.404104Z
46966-0010017398,46966,VIRGEN DE ESTRELLA S.A.C.,2026-05-12,001/0017398,D8B795,22.0,ARENA,14,32.08,36.25,238.16,,,SAN LORENZO,MATERIALES,2026-07-01T09:09:23.404131Z
46966-0010017399,46966,VIRGEN DE ESTRELLA S.A.C.,2026-05-12,001/0017399,AKE789,31.0,ARENA,14,34.24,38.69,254.19,,,SAN LORENZO,MATERIALES,2026-07-01T09:09:23.404160Z
46966-0010017401,46966,VIRGEN DE ESTRELLA S.A.C.,2026-05-12,001/0017401,AJA905,29.0,ARENA,14,36.35,41.07,269.83,,,SAN LORENZO,MATERIALES,2026-07-01T09:09:23.404186Z
46966-0010017385,46966,VIRGEN DE ESTRELLA S.A.C.,2026-05-12,001/0017385,BFI758,37.0,ARENA,14,37.65,42.55,243.39,,,SAN LORENZO,MEIGGS,2026-07-01T09:09:23.405226Z
46966-0010017386,46966,VIRGEN DE ESTRELLA S.A.C.,2026-05-12,001/0017386,AJC805,30.0,ARENA,14,35.0,39.55,226.23,,,SAN LORENZO,MEIGGS,2026-07-01T09:09:23.405251Z
46966-0010017387,46966,VIRGEN DE ESTRELLA S.A.C.,2026-05-12,001/0017387,AWW871,32.0,ARENA,14,36.29,41.01,234.58,,,SAN LORENZO,MEIGGS,2026-07-01T09:09:23.405276Z
46966-0010017388,46966,VIRGEN DE ESTRELLA S.A.C.,2026-05-12,001/0017388,AJC805,30.0,ARENA,14,35.19,39.77,227.48,,,SAN LORENZO,MEIGGS,2026-07-01T09:09:23.405299Z
46966-0010017389,46966,VIRGEN DE ESTRELLA S.A.C.,2026-05-12,001/0017389,D8E728,24.0,ARENA,14,34.5,38.99,223.02,,,SAN LORENZO,MEIGGS,2026-07-01T09:09:23.405321Z
46966-0010017390,46966,VIRGEN DE ESTRELLA S.A.C.,2026-05-12,001/0017390,D8B795,22.0,ARENA,14,33.25,37.57,214.9,,,SAN LORENZO,MEIGGS,2026-07-01T09:09:23.405346Z
46966-0010017391,46966,VIRGEN DE ESTRELLA S.A.C.,2026-05-12,001/0017391,AKE789,31.0,ARENA,14,34.14,38.58,220.68,,,SAN LORENZO,MEIGGS,2026-07-01T09:09:23.405370Z
46966-0010017393,46966,VIRGEN DE ESTRELLA S.A.C.,2026-05-12,001/0017393,AJA905,29.0,ARENA,14,36.21,40.92,234.06,,,SAN LORENZO,MEIGGS,2026-07-01T09:09:23.405396Z
46966-0010017410,46966,VIRGEN DE ESTRELLA S.A.C.,2026-05-12,001/0017410,D8E728,24.0,ARENA,14,33.0,37.29,213.3,,,SAN LORENZO,MEIGGS,2026-07-01T09:09:23.405419Z
46966-0010017411,46966,VIRGEN DE ESTRELLA S.A.C.,2026-05-12,001/0017411,AWW871,32.0,ARENA,14,36.09,40.78,233.26,,,SAN LORENZO,MEIGGS,2026-07-01T09:09:23.405443Z
46966-0010017413,46966,VIRGEN DE ESTRELLA S.A.C.,2026-05-12,001/0017413,AFX735,25.0,ARENA,14,33.19,37.51,214.56,,,SAN LORENZO,MEIGGS,2026-07-01T09:09:23.405466Z
46966-0010017405,46966,VIRGEN DE ESTRELLA S.A.C.,2026-05-12,001/0017405,AJC805,30.0,PIEDRA,2,36.77,37.69,215.59,,,SAN LORENZO,MEIGGS,2026-07-01T09:09:23.406086Z
46966-0010017406,46966,VIRGEN DE ESTRELLA S.A.C.,2026-05-12,001/0017406,AWH708,33.0,PIEDRA,2,37.33,38.26,218.85,,,SAN LORENZO,MEIGGS,2026-07-01T09:09:23.406112Z
46966-0010017407,46966,VIRGEN DE ESTRELLA S.A.C.,2026-05-12,001/0017407,AFX735,25.0,PIEDRA,2,36.03,36.93,211.24,,,SAN LORENZO,MEIGGS,2026-07-01T09:09:23.406135Z
46966-0010017408,46966,VIRGEN DE ESTRELLA S.A.C.,2026-05-12,001/0017408,BFI758,37.0,PIEDRA,2,39.27,40.25,230.23,,,SAN LORENZO,MEIGGS,2026-07-01T09:09:23.406158Z
46966-0010017409,46966,VIRGEN DE ESTRELLA S.A.C.,2026-05-12,001/0017409,D8B795,22.0,PIEDRA,2,35.55,36.44,208.44,,,SAN LORENZO,MEIGGS,2026-07-01T09:09:23.406180Z
46966-0010017416,46966,VIRGEN DE ESTRELLA S.A.C.,2026-05-12,001/0017416,BFI758,37.0,PIEDRA,2,40.34,41.35,236.52,,,SAN LORENZO,MEIGGS,2026-07-01T09:09:23.406202Z
46966-1910580437,46966,VIRGEN DE ESTRELLA S.A.C.,2026-05-13,191/0580437,C9W737,21.0,ARENA,14,30.86,33.95,475.3,,,JICAMARCA,VILLA 1,2026-07-01T09:09:23.398126Z
46966-1910580359,46966,VIRGEN DE ESTRELLA S.A.C.,2026-05-13,191/0580359,CHS718,45.0,PIEDRA,2,36.23,36.23,518.45,,,JICAMARCA,EMBOLSADOS INS. Y SUM.,2026-07-01T09:09:23.398362Z
46966-1910580267,46966,VIRGEN DE ESTRELLA S.A.C.,2026-05-13,191/0580267,CHS718,45.0,ARENA,14,33.25,36.91,621.12,,,JICAMARCA,SAN ANTONIO,2026-07-01T09:09:23.398682Z
46966-1910580271,46966,VIRGEN DE ESTRELLA S.A.C.,2026-05-13,191/0580271,CAZ895,42.0,ARENA,14,33.14,36.78,619.03,,,JICAMARCA,SAN ANTONIO,2026-07-01T09:09:23.398718Z
46966-1910580273,46966,VIRGEN DE ESTRELLA S.A.C.,2026-05-13,191/0580273,CCL847,44.0,ARENA,14,32.9,36.52,614.6,,,JICAMARCA,SAN ANTONIO,2026-07-01T09:09:23.398744Z
46966-1910580321,46966,VIRGEN DE ESTRELLA S.A.C.,2026-05-13,191/0580321,C9W737,21.0,ARENA,14,33.46,37.14,625.03,,,JICAMARCA,SAN ANTONIO,2026-07-01T09:09:23.398771Z
46966-1910580372,46966,VIRGEN DE ESTRELLA S.A.C.,2026-05-13,191/0580372,CBA709,43.0,ARENA,14,33.39,37.06,623.73,,,JICAMARCA,SAN ANTONIO,2026-07-01T09:09:23.398798Z
46966-1910580379,46966,VIRGEN DE ESTRELLA S.A.C.,2026-05-13,191/0580379,C9W737,21.0,ARENA,14,29.99,33.29,560.34,,,JICAMARCA,SAN ANTONIO,2026-07-01T09:09:23.398831Z
46966-1910580412,46966,VIRGEN DE ESTRELLA S.A.C.,2026-05-13,191/0580412,CCL847,44.0,ARENA,14,32.69,36.29,610.68,,,JICAMARCA,SAN ANTONIO,2026-07-01T09:09:23.398859Z
46966-1910580418,46966,VIRGEN DE ESTRELLA S.A.C.,2026-05-13,191/0580418,CAZ895,42.0,ARENA,14,33.02,36.66,616.95,,,JICAMARCA,SAN ANTONIO,2026-07-01T09:09:23.398887Z
46966-1910580317,46966,VIRGEN DE ESTRELLA S.A.C.,2026-05-13,191/0580317,CBA709,43.0,PIEDRA,2,35.07,35.07,590.23,,,JICAMARCA,SAN ANTONIO,2026-07-01T09:09:23.399392Z
46966-1950192645,46966,VIRGEN DE ESTRELLA S.A.C.,2026-05-13,195/0192645,AFX735,25.0,PIEDRA,2,34.98,34.98,529.95,,,YERBABUENA,MEIGGS,2026-07-01T09:09:23.399856Z
46966-1950192647,46966,VIRGEN DE ESTRELLA S.A.C.,2026-05-13,195/0192647,CBR854,14.0,PIEDRA,2,41.48,41.48,628.42,,,YERBABUENA,MEIGGS,2026-07-01T09:09:23.400164Z
46966-1950192658,46966,VIRGEN DE ESTRELLA S.A.C.,2026-05-13,195/0192658,F3F817,1.0,PIEDRA,2,44.02,44.02,666.9,,,YERBABUENA,MEIGGS,2026-07-01T09:09:23.400192Z
46966-1950192663,46966,VIRGEN DE ESTRELLA S.A.C.,2026-05-13,195/0192663,ATN880,5.0,PIEDRA,2,45.27,45.27,685.84,,,YERBABUENA,MEIGGS,2026-07-01T09:09:23.400218Z
46966-1950192677,46966,VIRGEN DE ESTRELLA S.A.C.,2026-05-13,195/0192677,C9T788,20.0,PIEDRA,2,36.77,36.77,557.07,,,YERBABUENA,MEIGGS,2026-07-01T09:09:23.400245Z
46966-1950192678,46966,VIRGEN DE ESTRELLA S.A.C.,2026-05-13,195/0192678,CBR796,18.0,PIEDRA,2,40.16,40.16,608.42,,,YERBABUENA,MEIGGS,2026-07-01T09:09:23.400273Z
46966-1950192713,46966,VIRGEN DE ESTRELLA S.A.C.,2026-05-13,195/0192713,CBR872,16.0,PIEDRA,2,41.45,41.45,627.97,,,YERBABUENA,MEIGGS,2026-07-01T09:09:23.400299Z
46966-1950192679,46966,VIRGEN DE ESTRELLA S.A.C.,2026-05-13,195/0192679,CAZ895,42.0,PIEDRA,2,37.12,37.12,562.37,,,YERBABUENA,MEIGGS,2026-07-01T09:09:23.400845Z
46966-1950192631,46966,VIRGEN DE ESTRELLA S.A.C.,2026-05-13,195/0192631,AWH708,33.0,ARENA,14,37.73,37.73,571.61,,,YERBABUENA,MEIGGS,2026-07-01T09:09:23.400939Z
46966-1950192632,46966,VIRGEN DE ESTRELLA S.A.C.,2026-05-13,195/0192632,AHJ786,28.0,ARENA,14,37.15,37.15,562.82,,,YERBABUENA,MEIGGS,2026-07-01T09:09:23.400971Z
46966-1950192634,46966,VIRGEN DE ESTRELLA S.A.C.,2026-05-13,195/0192634,BAE736,35.0,ARENA,14,34.91,34.91,528.89,,,YERBABUENA,MEIGGS,2026-07-01T09:09:23.401004Z
46966-1950192650,46966,VIRGEN DE ESTRELLA S.A.C.,2026-05-13,195/0192650,D8D861,23.0,ARENA,14,35.28,35.28,534.49,,,YERBABUENA,MEIGGS,2026-07-01T09:09:23.401035Z
46966-1950192651,46966,VIRGEN DE ESTRELLA S.A.C.,2026-05-13,195/0192651,BFI758,37.0,ARENA,14,37.88,37.88,573.88,,,YERBABUENA,MEIGGS,2026-07-01T09:09:23.401071Z
46966-1950192659,46966,VIRGEN DE ESTRELLA S.A.C.,2026-05-13,195/0192659,C9T788,20.0,ARENA,14,36.54,36.54,553.58,,,YERBABUENA,MEIGGS,2026-07-01T09:09:23.401103Z
46966-1950192664,46966,VIRGEN DE ESTRELLA S.A.C.,2026-05-13,195/0192664,CAZ895,42.0,ARENA,14,37.59,37.59,569.49,,,YERBABUENA,MEIGGS,2026-07-01T09:09:23.401135Z
46966-1950192665,46966,VIRGEN DE ESTRELLA S.A.C.,2026-05-13,195/0192665,A1H872,,ARENA,14,47.79,47.79,724.02,,,YERBABUENA,MEIGGS,2026-07-01T09:09:23.401178Z
46966-1950192680,46966,VIRGEN DE ESTRELLA S.A.C.,2026-05-13,195/0192680,BAE736,35.0,ARENA,14,35.14,35.14,532.37,,,YERBABUENA,MEIGGS,2026-07-01T09:09:23.401217Z
46966-1950192681,46966,VIRGEN DE ESTRELLA S.A.C.,2026-05-13,195/0192681,BFI758,37.0,ARENA,14,36.13,36.13,547.37,,,YERBABUENA,MEIGGS,2026-07-01T09:09:23.401247Z
46966-1950192682,46966,VIRGEN DE ESTRELLA S.A.C.,2026-05-13,195/0192682,CBR854,14.0,ARENA,14,40.29,40.29,610.39,,,YERBABUENA,MEIGGS,2026-07-01T09:09:23.401278Z
46966-1950192683,46966,VIRGEN DE ESTRELLA S.A.C.,2026-05-13,195/0192683,BFI758,37.0,ARENA,14,38.42,38.42,582.06,,,YERBABUENA,MEIGGS,2026-07-01T09:09:23.401309Z
46966-1950192684,46966,VIRGEN DE ESTRELLA S.A.C.,2026-05-13,195/0192684,AFX735,25.0,ARENA,14,35.72,35.72,541.16,,,YERBABUENA,MEIGGS,2026-07-01T09:09:23.401340Z
46966-1950192701,46966,VIRGEN DE ESTRELLA S.A.C.,2026-05-13,195/0192701,AHJ786,28.0,ARENA,14,36.93,36.93,559.49,,,YERBABUENA,MEIGGS,2026-07-01T09:09:23.401369Z
46966-1950192703,46966,VIRGEN DE ESTRELLA S.A.C.,2026-05-13,195/0192703,D8D861,23.0,ARENA,14,36.05,36.05,546.16,,,YERBABUENA,MEIGGS,2026-07-01T09:09:23.401408Z
46966-1950192704,46966,VIRGEN DE ESTRELLA S.A.C.,2026-05-13,195/0192704,ATN880,5.0,ARENA,14,47.24,47.24,715.69,,,YERBABUENA,MEIGGS,2026-07-01T09:09:23.401445Z
46966-1950192705,46966,VIRGEN DE ESTRELLA S.A.C.,2026-05-13,195/0192705,F3F817,1.0,ARENA,14,44.54,44.54,674.78,,,YERBABUENA,MEIGGS,2026-07-01T09:09:23.401477Z
46966-1950192717,46966,VIRGEN DE ESTRELLA S.A.C.,2026-05-13,195/0192717,CBR846,12.0,ARENA,14,41.56,41.56,629.63,,,YERBABUENA,MEIGGS,2026-07-01T09:09:23.401507Z
46966-0010017414,46966,VIRGEN DE ESTRELLA S.A.C.,2026-05-13,001/0017414,AJA905,29.0,PIEDRA,2,35.76,36.65,278.54,,,SAN LORENZO,COLLIQUE,2026-07-01T09:09:23.402459Z
46966-0010017419,46966,VIRGEN DE ESTRELLA S.A.C.,2026-05-13,001/0017419,BZR752,38.0,PIEDRA,2,36.69,37.61,285.84,,,SAN LORENZO,COLLIQUE,2026-07-01T09:09:23.402515Z
46966-0010017420,46966,VIRGEN DE ESTRELLA S.A.C.,2026-05-13,001/0017420,D8E728,24.0,PIEDRA,2,34.98,35.85,272.46,,,SAN LORENZO,COLLIQUE,2026-07-01T09:09:23.402543Z
46966-0010017421,46966,VIRGEN DE ESTRELLA S.A.C.,2026-05-13,001/0017421,ABN852,27.0,PIEDRA,2,38.24,39.2,297.92,,,SAN LORENZO,COLLIQUE,2026-07-01T09:09:23.402570Z
46966-0010017422,46966,VIRGEN DE ESTRELLA S.A.C.,2026-05-13,001/0017422,AJA905,29.0,PIEDRA,2,35.53,36.42,276.79,,,SAN LORENZO,COLLIQUE,2026-07-01T09:09:23.402597Z
46966-0010017423,46966,VIRGEN DE ESTRELLA S.A.C.,2026-05-13,001/0017423,AJC805,30.0,PIEDRA,2,37.8,38.74,294.42,,,SAN LORENZO,COLLIQUE,2026-07-01T09:09:23.402623Z
46966-0010017424,46966,VIRGEN DE ESTRELLA S.A.C.,2026-05-13,001/0017424,AWW845,34.0,PIEDRA,2,39.02,40.0,304.0,,,SAN LORENZO,COLLIQUE,2026-07-01T09:09:23.402652Z
46966-0010017426,46966,VIRGEN DE ESTRELLA S.A.C.,2026-05-13,001/0017426,AKE789,31.0,PIEDRA,2,36.4,37.31,283.56,,,SAN LORENZO,COLLIQUE,2026-07-01T09:09:23.402678Z
46966-0010017445,46966,VIRGEN DE ESTRELLA S.A.C.,2026-05-13,001/0017445,AWW845,34.0,PIEDRA,2,38.21,39.17,297.69,,,SAN LORENZO,COLLIQUE,2026-07-01T09:09:23.402707Z
46966-0010017446,46966,VIRGEN DE ESTRELLA S.A.C.,2026-05-13,001/0017446,AJA905,29.0,PIEDRA,2,34.87,35.74,271.62,,,SAN LORENZO,COLLIQUE,2026-07-01T09:09:23.402740Z
46966-0010017447,46966,VIRGEN DE ESTRELLA S.A.C.,2026-05-13,001/0017447,AHJ786,28.0,PIEDRA,2,36.06,36.96,280.9,,,SAN LORENZO,COLLIQUE,2026-07-01T09:09:23.402767Z
46966-0010017449,46966,VIRGEN DE ESTRELLA S.A.C.,2026-05-13,001/0017449,BZR752,38.0,PIEDRA,2,37.07,38.0,288.8,,,SAN LORENZO,COLLIQUE,2026-07-01T09:09:23.402796Z
46966-0010017430,46966,VIRGEN DE ESTRELLA S.A.C.,2026-05-13,001/0017430,D8E728,24.0,ARENA,14,33.77,37.49,214.44,,,SAN LORENZO,MEIGGS,2026-07-01T09:09:23.405489Z
46966-0010017431,46966,VIRGEN DE ESTRELLA S.A.C.,2026-05-13,001/0017431,BZR752,38.0,ARENA,14,36.25,40.24,230.17,,,SAN LORENZO,MEIGGS,2026-07-01T09:09:23.405513Z
46966-0010017432,46966,VIRGEN DE ESTRELLA S.A.C.,2026-05-13,001/0017432,ABN852,27.0,ARENA,14,36.24,40.23,230.12,,,SAN LORENZO,MEIGGS,2026-07-01T09:09:23.405537Z
46966-0010017434,46966,VIRGEN DE ESTRELLA S.A.C.,2026-05-13,001/0017434,AJC805,30.0,ARENA,14,36.17,40.15,229.66,,,SAN LORENZO,MEIGGS,2026-07-01T09:09:23.405560Z
46966-0010017435,46966,VIRGEN DE ESTRELLA S.A.C.,2026-05-13,001/0017435,AKE789,31.0,ARENA,14,33.42,37.1,212.21,,,SAN LORENZO,MEIGGS,2026-07-01T09:09:23.405585Z
46966-0010017436,46966,VIRGEN DE ESTRELLA S.A.C.,2026-05-13,001/0017436,AWW845,34.0,ARENA,14,34.53,38.33,219.25,,,SAN LORENZO,MEIGGS,2026-07-01T09:09:23.405609Z
46966-0010017437,46966,VIRGEN DE ESTRELLA S.A.C.,2026-05-13,001/0017437,AJA905,29.0,ARENA,14,32.63,36.22,207.18,,,SAN LORENZO,MEIGGS,2026-07-01T09:09:23.405632Z
46966-0010017439,46966,VIRGEN DE ESTRELLA S.A.C.,2026-05-13,001/0017439,D8E728,24.0,PIEDRA,2,35.54,36.25,207.35,,,SAN LORENZO,MEIGGS,2026-07-01T09:09:23.406226Z
46966-0010017440,46966,VIRGEN DE ESTRELLA S.A.C.,2026-05-13,001/0017440,BZR752,38.0,PIEDRA,2,37.81,38.57,220.62,,,SAN LORENZO,MEIGGS,2026-07-01T09:09:23.406246Z
46966-0010017441,46966,VIRGEN DE ESTRELLA S.A.C.,2026-05-13,001/0017441,ABN852,27.0,PIEDRA,2,38.87,39.65,226.8,,,SAN LORENZO,MEIGGS,2026-07-01T09:09:23.406267Z
46966-0010017442,46966,VIRGEN DE ESTRELLA S.A.C.,2026-05-13,001/0017442,AJC805,30.0,PIEDRA,2,38.86,39.64,226.74,,,SAN LORENZO,MEIGGS,2026-07-01T09:09:23.406290Z
46966-0010017443,46966,VIRGEN DE ESTRELLA S.A.C.,2026-05-13,001/0017443,AKE789,31.0,PIEDRA,2,36.66,37.39,213.87,,,SAN LORENZO,MEIGGS,2026-07-01T09:09:23.406312Z
46966-0010017444,46966,VIRGEN DE ESTRELLA S.A.C.,2026-05-13,001/0017444,D8E728,24.0,PIEDRA,2,36.8,37.54,214.73,,,SAN LORENZO,MEIGGS,2026-07-01T09:09:23.406332Z
46966-1910580555,46966,VIRGEN DE ESTRELLA S.A.C.,2026-05-14,191/0580555,CAZ895,42.0,ARENA,14,33.29,37.29,445.99,,,JICAMARCA,SAN JUAN,2026-07-01T09:09:23.397943Z
46966-1910580557,46966,VIRGEN DE ESTRELLA S.A.C.,2026-05-14,191/0580557,CCL847,44.0,ARENA,14,32.24,36.11,431.88,,,JICAMARCA,SAN JUAN,2026-07-01T09:09:23.397979Z
46966-1910580584,46966,VIRGEN DE ESTRELLA S.A.C.,2026-05-14,191/0580584,CBA709,43.0,ARENA,14,31.92,35.75,427.57,,,JICAMARCA,SAN JUAN,2026-07-01T09:09:23.398011Z
46966-1910580607,46966,VIRGEN DE ESTRELLA S.A.C.,2026-05-14,191/0580607,CCL847,44.0,ARENA,14,32.34,36.22,433.19,,,JICAMARCA,SAN JUAN,2026-07-01T09:09:23.398040Z
46966-1910580606,46966,VIRGEN DE ESTRELLA S.A.C.,2026-05-14,191/0580606,CAZ895,42.0,ARENA,14,34.28,37.71,450.63,,,JICAMARCA,COLLIQUE,2026-07-01T09:09:23.398099Z
46966-1910580553,46966,VIRGEN DE ESTRELLA S.A.C.,2026-05-14,191/0580553,CHS718,45.0,ARENA,14,33.23,36.88,516.32,,,JICAMARCA,VILLA 1,2026-07-01T09:09:23.398157Z
46966-1910580559,46966,VIRGEN DE ESTRELLA S.A.C.,2026-05-14,191/0580559,C9W737,21.0,ARENA,14,32.48,36.05,504.7,,,JICAMARCA,VILLA 1,2026-07-01T09:09:23.398183Z
46966-1910580467,46966,VIRGEN DE ESTRELLA S.A.C.,2026-05-14,191/0580467,CHS718,45.0,ARENA,14,33.72,37.43,629.99,,,JICAMARCA,SAN ANTONIO,2026-07-01T09:09:23.398912Z
46966-1910580472,46966,VIRGEN DE ESTRELLA S.A.C.,2026-05-14,191/0580472,CCL847,44.0,ARENA,14,33.82,37.54,631.82,,,JICAMARCA,SAN ANTONIO,2026-07-01T09:09:23.398938Z
46966-1910580475,46966,VIRGEN DE ESTRELLA S.A.C.,2026-05-14,191/0580475,CAZ895,42.0,ARENA,14,33.7,37.4,629.47,,,JICAMARCA,SAN ANTONIO,2026-07-01T09:09:23.398966Z
46966-1910580529,46966,VIRGEN DE ESTRELLA S.A.C.,2026-05-14,191/0580529,CBA709,43.0,ARENA,14,33.96,37.7,634.42,,,JICAMARCA,SAN ANTONIO,2026-07-01T09:09:23.398993Z
46966-1910580504,46966,VIRGEN DE ESTRELLA S.A.C.,2026-05-14,191/0580504,C9W737,21.0,PIEDRA,2,33.89,33.89,570.28,,,JICAMARCA,SAN ANTONIO,2026-07-01T09:09:23.399419Z
46966-1950192728,46966,VIRGEN DE ESTRELLA S.A.C.,2026-05-14,195/0192728,AWH708,33.0,PIEDRA,2,38.06,38.06,576.61,,,YERBABUENA,MEIGGS,2026-07-01T09:09:23.399883Z
46966-1950192746,46966,VIRGEN DE ESTRELLA S.A.C.,2026-05-14,195/0192746,CBR854,14.0,PIEDRA,2,43.12,43.12,653.27,,,YERBABUENA,MEIGGS,2026-07-01T09:09:23.400326Z
46966-1950192759,46966,VIRGEN DE ESTRELLA S.A.C.,2026-05-14,195/0192759,ATN880,5.0,PIEDRA,2,42.47,42.47,643.42,,,YERBABUENA,MEIGGS,2026-07-01T09:09:23.400356Z
46966-1950192778,46966,VIRGEN DE ESTRELLA S.A.C.,2026-05-14,195/0192778,AWH708,33.0,PIEDRA,2,36.93,36.93,559.49,,,YERBABUENA,MEIGGS,2026-07-01T09:09:23.400387Z
46966-1950192779,46966,VIRGEN DE ESTRELLA S.A.C.,2026-05-14,195/0192779,ATN880,5.0,PIEDRA,2,42.77,42.77,647.97,,,YERBABUENA,MEIGGS,2026-07-01T09:09:23.400416Z
46966-1950192733,46966,VIRGEN DE ESTRELLA S.A.C.,2026-05-14,195/0192733,AHJ786,28.0,PIEDRA,2,34.06,34.06,516.01,,,YERBABUENA,MEIGGS,2026-07-01T09:09:23.400874Z
46966-1950192727,46966,VIRGEN DE ESTRELLA S.A.C.,2026-05-14,195/0192727,BYP824,9.0,ARENA,14,48.65,48.65,737.05,,,YERBABUENA,MEIGGS,2026-07-01T09:09:23.401538Z
46966-1950192734,46966,VIRGEN DE ESTRELLA S.A.C.,2026-05-14,195/0192734,AHJ786,28.0,ARENA,14,36.23,36.23,548.88,,,YERBABUENA,MEIGGS,2026-07-01T09:09:23.401569Z
46966-1950192755,46966,VIRGEN DE ESTRELLA S.A.C.,2026-05-14,195/0192755,F3F817,1.0,ARENA,14,41.47,41.47,628.27,,,YERBABUENA,MEIGGS,2026-07-01T09:09:23.401604Z
46966-1950192756,46966,VIRGEN DE ESTRELLA S.A.C.,2026-05-14,195/0192756,C9T788,20.0,ARENA,14,37.31,37.31,565.25,,,YERBABUENA,MEIGGS,2026-07-01T09:09:23.401634Z
46966-1950192760,46966,VIRGEN DE ESTRELLA S.A.C.,2026-05-14,195/0192760,BYP824,9.0,ARENA,14,43.99,43.99,666.45,,,YERBABUENA,MEIGGS,2026-07-01T09:09:23.401665Z
46966-0010017450,46966,VIRGEN DE ESTRELLA S.A.C.,2026-05-14,001/0017450,ABN852,27.0,PIEDRA,2,39.02,40.0,304.0,,,SAN LORENZO,COLLIQUE,2026-07-01T09:09:23.402823Z
46966-0010017459,46966,VIRGEN DE ESTRELLA S.A.C.,2026-05-14,001/0017459,AKE789,31.0,PIEDRA,2,33.96,34.81,264.56,,,SAN LORENZO,COLLIQUE,2026-07-01T09:09:23.402850Z
46966-0010017460,46966,VIRGEN DE ESTRELLA S.A.C.,2026-05-14,001/0017460,BFI758,37.0,PIEDRA,2,38.23,39.19,297.84,,,SAN LORENZO,COLLIQUE,2026-07-01T09:09:23.402880Z
46966-0010017463,46966,VIRGEN DE ESTRELLA S.A.C.,2026-05-14,001/0017463,AJC805,30.0,PIEDRA,2,37.06,37.99,288.72,,,SAN LORENZO,COLLIQUE,2026-07-01T09:09:23.402908Z
46966-0010017474,46966,VIRGEN DE ESTRELLA S.A.C.,2026-05-14,001/0017474,AKE789,31.0,PIEDRA,2,35.99,36.89,280.36,,,SAN LORENZO,COLLIQUE,2026-07-01T09:09:23.402937Z
46966-0010017475,46966,VIRGEN DE ESTRELLA S.A.C.,2026-05-14,001/0017475,BZR752,38.0,PIEDRA,2,37.23,38.16,290.02,,,SAN LORENZO,COLLIQUE,2026-07-01T09:09:23.402963Z
46966-0010017476,46966,VIRGEN DE ESTRELLA S.A.C.,2026-05-14,001/0017476,D8D861,23.0,PIEDRA,2,35.39,36.27,275.65,,,SAN LORENZO,COLLIQUE,2026-07-01T09:09:23.402990Z
46966-0010017478,46966,VIRGEN DE ESTRELLA S.A.C.,2026-05-14,001/0017478,BFI758,37.0,PIEDRA,2,39.51,40.5,307.8,,,SAN LORENZO,COLLIQUE,2026-07-01T09:09:23.403017Z
46966-0010017479,46966,VIRGEN DE ESTRELLA S.A.C.,2026-05-14,001/0017479,AWW871,32.0,PIEDRA,2,38.29,39.25,298.3,,,SAN LORENZO,COLLIQUE,2026-07-01T09:09:23.403044Z
46966-0010017480,46966,VIRGEN DE ESTRELLA S.A.C.,2026-05-14,001/0017480,ABN852,27.0,PIEDRA,2,38.87,39.84,302.78,,,SAN LORENZO,COLLIQUE,2026-07-01T09:09:23.403070Z
46966-0010017452,46966,VIRGEN DE ESTRELLA S.A.C.,2026-05-14,001/0017452,AWW845,34.0,ARENA,14,32.43,36.65,240.79,,,SAN LORENZO,MATERIALES,2026-07-01T09:09:23.404212Z
46966-0010017453,46966,VIRGEN DE ESTRELLA S.A.C.,2026-05-14,001/0017453,D8B795,22.0,ARENA,14,29.43,33.26,218.52,,,SAN LORENZO,MATERIALES,2026-07-01T09:09:23.404238Z
46966-0010017454,46966,VIRGEN DE ESTRELLA S.A.C.,2026-05-14,001/0017454,BZR752,38.0,ARENA,14,31.31,35.38,232.45,,,SAN LORENZO,MATERIALES,2026-07-01T09:09:23.404264Z
46966-0010017455,46966,VIRGEN DE ESTRELLA S.A.C.,2026-05-14,001/0017455,ABN852,27.0,ARENA,14,32.44,36.66,240.86,,,SAN LORENZO,MATERIALES,2026-07-01T09:09:23.404290Z
46966-0010017456,46966,VIRGEN DE ESTRELLA S.A.C.,2026-05-14,001/0017456,AWW871,32.0,ARENA,14,32.9,37.18,244.27,,,SAN LORENZO,MATERIALES,2026-07-01T09:09:23.404319Z
46966-0010017457,46966,VIRGEN DE ESTRELLA S.A.C.,2026-05-14,001/0017457,D8E728,24.0,ARENA,14,30.62,34.6,227.32,,,SAN LORENZO,MATERIALES,2026-07-01T09:09:23.404347Z
46966-0010017461,46966,VIRGEN DE ESTRELLA S.A.C.,2026-05-14,001/0017461,D8D861,23.0,ARENA,14,31.6,35.71,234.61,,,SAN LORENZO,MATERIALES,2026-07-01T09:09:23.404371Z
46966-0010017466,46966,VIRGEN DE ESTRELLA S.A.C.,2026-05-14,001/0017466,ABL875,26.0,ARENA,14,33.0,37.29,245.0,,,SAN LORENZO,MATERIALES,2026-07-01T09:09:23.404396Z
46966-0010017470,46966,VIRGEN DE ESTRELLA S.A.C.,2026-05-14,001/0017470,D8E728,24.0,ARENA,14,30.42,34.37,225.81,,,SAN LORENZO,MATERIALES,2026-07-01T09:09:23.404422Z
46966-0010017471,46966,VIRGEN DE ESTRELLA S.A.C.,2026-05-14,001/0017471,AWW845,34.0,ARENA,14,32.63,36.87,242.24,,,SAN LORENZO,MATERIALES,2026-07-01T09:09:23.404448Z
46966-0010017472,46966,VIRGEN DE ESTRELLA S.A.C.,2026-05-14,001/0017472,AHJ786,28.0,ARENA,14,30.81,34.82,228.77,,,SAN LORENZO,MATERIALES,2026-07-01T09:09:23.404472Z
46966-0010017473,46966,VIRGEN DE ESTRELLA S.A.C.,2026-05-14,001/0017473,D8B795,22.0,ARENA,14,30.08,33.99,223.31,,,SAN LORENZO,MATERIALES,2026-07-01T09:09:23.404497Z
46966-0010017484,46966,VIRGEN DE ESTRELLA S.A.C.,2026-05-14,001/0017484,AJC805,30.0,PIEDRA,2,36.69,37.61,215.13,,,SAN LORENZO,MEIGGS,2026-07-01T09:09:23.406352Z
46966-0010017485,46966,VIRGEN DE ESTRELLA S.A.C.,2026-05-14,001/0017485,D8E728,24.0,PIEDRA,2,34.36,35.22,201.46,,,SAN LORENZO,MEIGGS,2026-07-01T09:09:23.406373Z
46966-0010017486,46966,VIRGEN DE ESTRELLA S.A.C.,2026-05-14,001/0017486,AWW845,34.0,PIEDRA,2,36.09,36.99,211.58,,,SAN LORENZO,MEIGGS,2026-07-01T09:09:23.406397Z
46966-0010017488,46966,VIRGEN DE ESTRELLA S.A.C.,2026-05-14,001/0017488,AKE789,31.0,PIEDRA,2,34.85,35.72,204.32,,,SAN LORENZO,MEIGGS,2026-07-01T09:09:23.406423Z
46966-1910580651,46966,VIRGEN DE ESTRELLA S.A.C.,2026-05-15,191/0580651,CHS718,45.0,ARENA,14,33.51,37.2,626.08,,,JICAMARCA,SAN ANTONIO,2026-07-01T09:09:23.399021Z
46966-1910580654,46966,VIRGEN DE ESTRELLA S.A.C.,2026-05-15,191/0580654,CCL847,44.0,ARENA,14,34.03,37.77,635.73,,,JICAMARCA,SAN ANTONIO,2026-07-01T09:09:23.399047Z
46966-1910580666,46966,VIRGEN DE ESTRELLA S.A.C.,2026-05-15,191/0580666,CAZ895,42.0,ARENA,14,32.35,35.91,604.42,,,JICAMARCA,SAN ANTONIO,2026-07-01T09:09:23.399073Z
46966-1910580701,46966,VIRGEN DE ESTRELLA S.A.C.,2026-05-15,191/0580701,C9W737,21.0,ARENA,14,32.58,36.16,608.6,,,JICAMARCA,SAN ANTONIO,2026-07-01T09:09:23.399099Z
46966-1910580706,46966,VIRGEN DE ESTRELLA S.A.C.,2026-05-15,191/0580706,CBA709,43.0,ARENA,14,34.25,38.02,639.9,,,JICAMARCA,SAN ANTONIO,2026-07-01T09:09:23.399125Z
46966-1910580739,46966,VIRGEN DE ESTRELLA S.A.C.,2026-05-15,191/0580739,CAZ895,42.0,ARENA,14,37.84,37.84,636.77,,,JICAMARCA,SAN ANTONIO,2026-07-01T09:09:23.399154Z
46966-1910580748,46966,VIRGEN DE ESTRELLA S.A.C.,2026-05-15,191/0580748,C9W737,21.0,ARENA,14,32.08,36.25,610.16,,,JICAMARCA,SAN ANTONIO,2026-07-01T09:09:23.399180Z
46966-1910580751,46966,VIRGEN DE ESTRELLA S.A.C.,2026-05-15,191/0580751,CBA709,43.0,ARENA,14,34.13,38.56,649.03,,,JICAMARCA,SAN ANTONIO,2026-07-01T09:09:23.399206Z
46966-1910580776,46966,VIRGEN DE ESTRELLA S.A.C.,2026-05-15,191/0580776,CHS718,45.0,ARENA,14,32.55,36.78,619.03,,,JICAMARCA,SAN ANTONIO,2026-07-01T09:09:23.399243Z
46966-1910580793,46966,VIRGEN DE ESTRELLA S.A.C.,2026-05-15,191/0580793,CAZ895,42.0,ARENA,14,34.02,38.1,641.21,,,JICAMARCA,SAN ANTONIO,2026-07-01T09:09:23.399272Z
46966-1910580800,46966,VIRGEN DE ESTRELLA S.A.C.,2026-05-15,191/0580800,C9W737,21.0,ARENA,14,33.17,37.15,625.29,,,JICAMARCA,SAN ANTONIO,2026-07-01T09:09:23.399303Z
46966-1910580718,46966,VIRGEN DE ESTRELLA S.A.C.,2026-05-15,191/0580718,CHS718,45.0,PIEDRA,2,34.71,34.71,584.17,,,JICAMARCA,SAN ANTONIO,2026-07-01T09:09:23.399451Z
46966-1910580733,46966,VIRGEN DE ESTRELLA S.A.C.,2026-05-15,191/0580733,CCL847,44.0,PIEDRA,2,36.32,36.32,611.21,,,JICAMARCA,SAN ANTONIO,2026-07-01T09:09:23.399623Z
46966-1910580794,46966,VIRGEN DE ESTRELLA S.A.C.,2026-05-15,191/0580794,CCL847,44.0,PIEDRA,2,36.67,36.67,617.21,,,JICAMARCA,SAN ANTONIO,2026-07-01T09:09:23.399653Z
46966-1950192811,46966,VIRGEN DE ESTRELLA S.A.C.,2026-05-15,195/0192811,AWH708,33.0,PIEDRA,2,39.02,39.02,591.15,,,YERBABUENA,MEIGGS,2026-07-01T09:09:23.399909Z
46966-1950192816,46966,VIRGEN DE ESTRELLA S.A.C.,2026-05-15,195/0192816,CBR854,14.0,PIEDRA,2,40.01,40.01,606.15,,,YERBABUENA,MEIGGS,2026-07-01T09:09:23.400442Z
46966-1950192822,46966,VIRGEN DE ESTRELLA S.A.C.,2026-05-15,195/0192822,AWW871,32.0,PIEDRA,2,39.38,39.38,596.61,,,YERBABUENA,MEIGGS,2026-07-01T09:09:23.400468Z
46966-1950192866,46966,VIRGEN DE ESTRELLA S.A.C.,2026-05-15,195/0192866,F3F817,1.0,PIEDRA,2,42.64,42.64,646.0,,,YERBABUENA,MEIGGS,2026-07-01T09:09:23.400496Z
46966-1950192874,46966,VIRGEN DE ESTRELLA S.A.C.,2026-05-15,195/0192874,F3F817,1.0,PIEDRA,2,44.98,44.98,681.45,,,YERBABUENA,MEIGGS,2026-07-01T09:09:23.400524Z
46966-1950192876,46966,VIRGEN DE ESTRELLA S.A.C.,2026-05-15,195/0192876,CBR854,14.0,PIEDRA,2,40.29,40.29,610.39,,,YERBABUENA,MEIGGS,2026-07-01T09:09:23.400552Z
46966-1950192812,46966,VIRGEN DE ESTRELLA S.A.C.,2026-05-15,195/0192812,AHJ786,28.0,ARENA,14,37.93,37.93,574.64,,,YERBABUENA,MEIGGS,2026-07-01T09:09:23.401695Z
46966-1950192815,46966,VIRGEN DE ESTRELLA S.A.C.,2026-05-15,195/0192815,AFX735,25.0,ARENA,14,38.35,38.35,581.0,,,YERBABUENA,MEIGGS,2026-07-01T09:09:23.401740Z
46966-1950192823,46966,VIRGEN DE ESTRELLA S.A.C.,2026-05-15,195/0192823,C9T788,20.0,ARENA,14,36.01,36.01,545.55,,,YERBABUENA,MEIGGS,2026-07-01T09:09:23.401770Z
46966-1950192827,46966,VIRGEN DE ESTRELLA S.A.C.,2026-05-15,195/0192827,BFI758,37.0,ARENA,14,37.27,37.27,564.64,,,YERBABUENA,MEIGGS,2026-07-01T09:09:23.401799Z
46966-1950192828,46966,VIRGEN DE ESTRELLA S.A.C.,2026-05-15,195/0192828,ATN880,5.0,ARENA,14,45.19,45.19,684.63,,,YERBABUENA,MEIGGS,2026-07-01T09:09:23.401830Z
46966-1950192829,46966,VIRGEN DE ESTRELLA S.A.C.,2026-05-15,195/0192829,BYP824,9.0,ARENA,14,45.23,45.23,685.23,,,YERBABUENA,MEIGGS,2026-07-01T09:09:23.401859Z
46966-1950192861,46966,VIRGEN DE ESTRELLA S.A.C.,2026-05-15,195/0192861,AWH708,33.0,ARENA,14,35.22,35.22,533.58,,,YERBABUENA,MEIGGS,2026-07-01T09:09:23.401890Z
46966-1950192862,46966,VIRGEN DE ESTRELLA S.A.C.,2026-05-15,195/0192862,ATN880,5.0,ARENA,14,47.12,47.12,713.87,,,YERBABUENA,MEIGGS,2026-07-01T09:09:23.401925Z
46966-1950192863,46966,VIRGEN DE ESTRELLA S.A.C.,2026-05-15,195/0192863,C9T788,20.0,ARENA,14,36.25,36.25,549.19,,,YERBABUENA,MEIGGS,2026-07-01T09:09:23.401956Z
46966-1950192869,46966,VIRGEN DE ESTRELLA S.A.C.,2026-05-15,195/0192869,AFX735,25.0,ARENA,14,35.98,35.98,545.1,,,YERBABUENA,MEIGGS,2026-07-01T09:09:23.401988Z
46966-1950192870,46966,VIRGEN DE ESTRELLA S.A.C.,2026-05-15,195/0192870,AWW871,32.0,ARENA,14,34.71,34.71,525.86,,,YERBABUENA,MEIGGS,2026-07-01T09:09:23.402023Z
46966-0010017489,46966,VIRGEN DE ESTRELLA S.A.C.,2026-05-15,001/0017489,D8B795,22.0,PIEDRA,2,34.08,34.93,265.47,,,SAN LORENZO,COLLIQUE,2026-07-01T09:09:23.403097Z
46966-0010017491,46966,VIRGEN DE ESTRELLA S.A.C.,2026-05-15,001/0017491,ABL875,26.0,PIEDRA,2,37.47,38.41,291.92,,,SAN LORENZO,COLLIQUE,2026-07-01T09:09:23.403133Z
46966-0010017492,46966,VIRGEN DE ESTRELLA S.A.C.,2026-05-15,001/0017492,D8D861,23.0,PIEDRA,2,34.92,35.79,272.0,,,SAN LORENZO,COLLIQUE,2026-07-01T09:09:23.403160Z
46966-0010017494,46966,VIRGEN DE ESTRELLA S.A.C.,2026-05-15,001/0017494,BFI758,37.0,PIEDRA,2,37.32,38.25,290.7,,,SAN LORENZO,COLLIQUE,2026-07-01T09:09:23.403186Z
46966-0010017502,46966,VIRGEN DE ESTRELLA S.A.C.,2026-05-15,001/0017502,BFI758,37.0,PIEDRA,2,39.0,39.98,303.85,,,SAN LORENZO,COLLIQUE,2026-07-01T09:09:23.403217Z
46966-0010017505,46966,VIRGEN DE ESTRELLA S.A.C.,2026-05-15,001/0017505,BYP838,10.0,PIEDRA,2,40.43,41.44,314.94,,,SAN LORENZO,COLLIQUE,2026-07-01T09:09:23.403245Z
46966-0010017513,46966,VIRGEN DE ESTRELLA S.A.C.,2026-05-15,001/0017513,CBR872,16.0,PIEDRA,2,36.58,37.49,284.92,,,SAN LORENZO,COLLIQUE,2026-07-01T09:09:23.403272Z
46966-0010017514,46966,VIRGEN DE ESTRELLA S.A.C.,2026-05-15,001/0017514,CBR796,18.0,PIEDRA,2,37.8,38.75,294.5,,,SAN LORENZO,COLLIQUE,2026-07-01T09:09:23.403301Z
46966-0010017521,46966,VIRGEN DE ESTRELLA S.A.C.,2026-05-15,001/0017521,AHJ786,28.0,PIEDRA,2,35.61,36.5,277.4,,,SAN LORENZO,COLLIQUE,2026-07-01T09:09:23.403328Z
46966-0010017524,46966,VIRGEN DE ESTRELLA S.A.C.,2026-05-15,001/0017524,BZR752,38.0,PIEDRA,2,36.94,37.86,287.74,,,SAN LORENZO,COLLIQUE,2026-07-01T09:09:23.403356Z
46966-0010017526,46966,VIRGEN DE ESTRELLA S.A.C.,2026-05-15,001/0017526,BYP824,9.0,PIEDRA,2,42.62,43.69,332.04,,,SAN LORENZO,COLLIQUE,2026-07-01T09:09:23.403382Z
46966-0010017525,46966,VIRGEN DE ESTRELLA S.A.C.,2026-05-15,001/0017525,D8B795,22.0,PIEDRA,2,35.22,36.28,235.82,,,SAN LORENZO,OQUENDO,2026-07-01T09:09:23.403574Z
46966-0010017527,46966,VIRGEN DE ESTRELLA S.A.C.,2026-05-15,001/0017527,AJC805,30.0,PIEDRA,2,36.4,37.49,243.69,,,SAN LORENZO,OQUENDO,2026-07-01T09:09:23.403600Z
46966-0010017530,46966,VIRGEN DE ESTRELLA S.A.C.,2026-05-15,001/0017530,ABL875,26.0,PIEDRA,2,37.6,38.73,251.74,,,SAN LORENZO,OQUENDO,2026-07-01T09:09:23.403627Z
46966-0010017536,46966,VIRGEN DE ESTRELLA S.A.C.,2026-05-15,001/0017536,BFI758,37.0,PIEDRA,2,38.42,39.57,257.21,,,SAN LORENZO,OQUENDO,2026-07-01T09:09:23.403653Z
46966-0010017495,46966,VIRGEN DE ESTRELLA S.A.C.,2026-05-15,001/0017495,ABN852,27.0,ARENA,14,32.96,37.25,244.73,,,SAN LORENZO,MATERIALES,2026-07-01T09:09:23.404524Z
46966-0010017496,46966,VIRGEN DE ESTRELLA S.A.C.,2026-05-15,001/0017496,AWW845,34.0,ARENA,14,32.18,36.36,238.89,,,SAN LORENZO,MATERIALES,2026-07-01T09:09:23.404549Z
46966-0010017497,46966,VIRGEN DE ESTRELLA S.A.C.,2026-05-15,001/0017497,BZR752,38.0,ARENA,14,32.32,36.52,239.94,,,SAN LORENZO,MATERIALES,2026-07-01T09:09:23.404580Z
46966-0010017498,46966,VIRGEN DE ESTRELLA S.A.C.,2026-05-15,001/0017498,D8E728,24.0,ARENA,14,29.25,33.05,217.14,,,SAN LORENZO,MATERIALES,2026-07-01T09:09:23.404605Z
46966-0010017503,46966,VIRGEN DE ESTRELLA S.A.C.,2026-05-15,001/0017503,AJC805,30.0,ARENA,14,32.57,36.8,241.78,,,SAN LORENZO,MATERIALES,2026-07-01T09:09:23.404631Z
46966-0010017504,46966,VIRGEN DE ESTRELLA S.A.C.,2026-05-15,001/0017504,D8B795,22.0,ARENA,14,29.09,32.87,215.96,,,SAN LORENZO,MATERIALES,2026-07-01T09:09:23.404655Z
46966-0010017533,46966,VIRGEN DE ESTRELLA S.A.C.,2026-05-15,001/0017533,D8E728,24.0,ARENA,14,30.35,34.3,225.35,,,SAN LORENZO,MATERIALES,2026-07-01T09:09:23.404680Z
46966-0010017508,46966,VIRGEN DE ESTRELLA S.A.C.,2026-05-15,001/0017508,AKE789,31.0,ARENA,14,29.65,33.21,189.96,,,SAN LORENZO,MEIGGS,2026-07-01T09:09:23.405656Z
46966-0010017510,46966,VIRGEN DE ESTRELLA S.A.C.,2026-05-15,001/0017510,ABL875,26.0,ARENA,14,32.79,36.72,210.04,,,SAN LORENZO,MEIGGS,2026-07-01T09:09:23.405679Z
46966-0010017517,46966,VIRGEN DE ESTRELLA S.A.C.,2026-05-15,001/0017517,AKE789,31.0,ARENA,14,31.21,34.95,199.91,,,SAN LORENZO,MEIGGS,2026-07-01T09:09:23.405701Z
46966-0010017518,46966,VIRGEN DE ESTRELLA S.A.C.,2026-05-15,001/0017518,ABL875,26.0,ARENA,14,31.36,35.12,200.89,,,SAN LORENZO,MEIGGS,2026-07-01T09:09:23.405729Z
46966-0010017520,46966,VIRGEN DE ESTRELLA S.A.C.,2026-05-15,001/0017520,ABN852,27.0,ARENA,14,33.27,37.26,213.13,,,SAN LORENZO,MEIGGS,2026-07-01T09:09:23.405755Z
46966-0010017522,46966,VIRGEN DE ESTRELLA S.A.C.,2026-05-15,001/0017522,AWW845,34.0,ARENA,14,31.43,35.2,201.34,,,SAN LORENZO,MEIGGS,2026-07-01T09:09:23.405778Z
46966-0010017523,46966,VIRGEN DE ESTRELLA S.A.C.,2026-05-15,001/0017523,D8E728,24.0,ARENA,14,31.13,34.86,199.4,,,SAN LORENZO,MEIGGS,2026-07-01T09:09:23.405806Z
46966-0010017529,46966,VIRGEN DE ESTRELLA S.A.C.,2026-05-15,001/0017529,AKE789,31.0,ARENA,14,32.06,35.91,205.41,,,SAN LORENZO,MEIGGS,2026-07-01T09:09:23.405831Z
46966-0010017532,46966,VIRGEN DE ESTRELLA S.A.C.,2026-05-15,001/0017532,AWW845,34.0,ARENA,14,32.39,36.28,207.52,,,SAN LORENZO,MEIGGS,2026-07-01T09:09:23.405855Z
46966-0010017534,46966,VIRGEN DE ESTRELLA S.A.C.,2026-05-15,001/0017534,ABN852,27.0,ARENA,14,33.46,37.47,214.33,,,SAN LORENZO,MEIGGS,2026-07-01T09:09:23.405877Z
46966-0010017539,46966,VIRGEN DE ESTRELLA S.A.C.,2026-05-15,001/0017539,D8B795,22.0,ARENA,14,27.9,31.25,178.75,,,SAN LORENZO,MEIGGS,2026-07-01T09:09:23.405900Z
46966-1910580831,46966,VIRGEN DE ESTRELLA S.A.C.,2026-05-16,191/0580831,CCL847,44.0,PIEDRA,2,36.3,36.3,360.47,,,JICAMARCA,ANCIETA,2026-07-01T09:09:23.398071Z
46966-1910580901,46966,VIRGEN DE ESTRELLA S.A.C.,2026-05-16,191/0580901,C9W737,21.0,PIEDRA,2,33.74,33.74,700.37,,,JICAMARCA,LURIN 3 UNICON,2026-07-01T09:09:23.398235Z
46966-1910580909,46966,VIRGEN DE ESTRELLA S.A.C.,2026-05-16,191/0580909,CCL847,44.0,PIEDRA,2,34.5,34.5,716.24,,,JICAMARCA,LURIN 3 UNICON,2026-07-01T09:09:23.398260Z
46966-1910580919,46966,VIRGEN DE ESTRELLA S.A.C.,2026-05-16,191/0580919,CBA709,43.0,PIEDRA,2,35.81,35.81,743.4,,,JICAMARCA,LURIN 3 UNICON,2026-07-01T09:09:23.398286Z
46966-1910580866,46966,VIRGEN DE ESTRELLA S.A.C.,2026-05-16,191/0580866,C9W737,21.0,PIEDRA,2,35.7,35.7,600.77,,,JICAMARCA,SAN ANTONIO,2026-07-01T09:09:23.399679Z
46966-1910580872,46966,VIRGEN DE ESTRELLA S.A.C.,2026-05-16,191/0580872,CHS718,45.0,PIEDRA,2,35.81,35.81,602.6,,,JICAMARCA,SAN ANTONIO,2026-07-01T09:09:23.399706Z
46966-1950192894,46966,VIRGEN DE ESTRELLA S.A.C.,2026-05-16,195/0192894,D8D861,23.0,PIEDRA,2,36.24,36.24,549.04,,,YERBABUENA,MEIGGS,2026-07-01T09:09:23.400580Z
46966-1950192910,46966,VIRGEN DE ESTRELLA S.A.C.,2026-05-16,195/0192910,CBR854,14.0,PIEDRA,2,42.07,42.07,637.36,,,YERBABUENA,MEIGGS,2026-07-01T09:09:23.400609Z
46966-1950192925,46966,VIRGEN DE ESTRELLA S.A.C.,2026-05-16,195/0192925,C3X765,,PIEDRA,2,43.35,43.35,656.75,,,YERBABUENA,MEIGGS,2026-07-01T09:09:23.400703Z
46966-1950192926,46966,VIRGEN DE ESTRELLA S.A.C.,2026-05-16,195/0192926,ATN880,5.0,PIEDRA,2,44.13,44.13,668.57,,,YERBABUENA,MEIGGS,2026-07-01T09:09:23.400751Z
46966-1950192927,46966,VIRGEN DE ESTRELLA S.A.C.,2026-05-16,195/0192927,BYP824,9.0,PIEDRA,2,46.03,46.03,697.35,,,YERBABUENA,MEIGGS,2026-07-01T09:09:23.400787Z
46966-1950192924,46966,VIRGEN DE ESTRELLA S.A.C.,2026-05-16,195/0192924,AWW871,32.0,PIEDRA,2,36.88,36.88,558.73,,,YERBABUENA,MEIGGS,2026-07-01T09:09:23.400907Z
46966-1950192889,46966,VIRGEN DE ESTRELLA S.A.C.,2026-05-16,195/0192889,AHJ786,28.0,ARENA,14,35.69,35.69,540.7,,,YERBABUENA,MEIGGS,2026-07-01T09:09:23.402057Z
46966-1950192897,46966,VIRGEN DE ESTRELLA S.A.C.,2026-05-16,195/0192897,AWH708,33.0,ARENA,14,35.9,35.9,543.89,,,YERBABUENA,MEIGGS,2026-07-01T09:09:23.402090Z
46966-1950192909,46966,VIRGEN DE ESTRELLA S.A.C.,2026-05-16,195/0192909,AFX735,25.0,ARENA,14,36.8,36.8,557.52,,,YERBABUENA,MEIGGS,2026-07-01T09:09:23.402121Z
46966-1950192912,46966,VIRGEN DE ESTRELLA S.A.C.,2026-05-16,195/0192912,D8D861,23.0,ARENA,14,36.01,36.01,545.55,,,YERBABUENA,MEIGGS,2026-07-01T09:09:23.402152Z
46966-1950192913,46966,VIRGEN DE ESTRELLA S.A.C.,2026-05-16,195/0192913,BFI758,37.0,ARENA,14,36.91,36.91,559.19,,,YERBABUENA,MEIGGS,2026-07-01T09:09:23.402181Z
46966-1950192918,46966,VIRGEN DE ESTRELLA S.A.C.,2026-05-16,195/0192918,C9T788,20.0,ARENA,14,35.98,35.98,545.1,,,YERBABUENA,MEIGGS,2026-07-01T09:09:23.402211Z
46966-1950192928,46966,VIRGEN DE ESTRELLA S.A.C.,2026-05-16,195/0192928,F3F817,1.0,ARENA,14,42.41,42.41,642.51,,,YERBABUENA,MEIGGS,2026-07-01T09:09:23.402242Z
46966-0010017541,46966,VIRGEN DE ESTRELLA S.A.C.,2026-05-16,001/0017541,ABL875,26.0,PIEDRA,2,36.67,37.59,285.68,,,SAN LORENZO,COLLIQUE,2026-07-01T09:09:23.403409Z
46966-0010017542,46966,VIRGEN DE ESTRELLA S.A.C.,2026-05-16,001/0017542,AKE789,31.0,PIEDRA,2,35.54,36.43,276.87,,,SAN LORENZO,COLLIQUE,2026-07-01T09:09:23.403436Z
46966-0010017545,46966,VIRGEN DE ESTRELLA S.A.C.,2026-05-16,001/0017545,AWW845,34.0,PIEDRA,2,35.35,36.23,275.35,,,SAN LORENZO,COLLIQUE,2026-07-01T09:09:23.403462Z
46966-0010017546,46966,VIRGEN DE ESTRELLA S.A.C.,2026-05-16,001/0017546,BZR752,38.0,PIEDRA,2,37.58,38.52,292.75,,,SAN LORENZO,COLLIQUE,2026-07-01T09:09:23.403491Z
46966-0010017557,46966,VIRGEN DE ESTRELLA S.A.C.,2026-05-16,001/0017557,ABN852,27.0,PIEDRA,2,38.57,39.53,300.43,,,SAN LORENZO,COLLIQUE,2026-07-01T09:09:23.403519Z
46966-0010017564,46966,VIRGEN DE ESTRELLA S.A.C.,2026-05-16,001/0017564,D8B795,22.0,PIEDRA,2,36.05,36.95,280.82,,,SAN LORENZO,COLLIQUE,2026-07-01T09:09:23.403547Z
46966-0010017551,46966,VIRGEN DE ESTRELLA S.A.C.,2026-05-16,001/0017551,D8E728,24.0,ARENA,14,29.47,33.3,218.78,,,SAN LORENZO,MATERIALES,2026-07-01T09:09:23.404705Z
46966-0010017552,46966,VIRGEN DE ESTRELLA S.A.C.,2026-05-16,001/0017552,D8B795,22.0,ARENA,14,29.38,33.2,218.12,,,SAN LORENZO,MATERIALES,2026-07-01T09:09:23.404737Z
46966-0010017554,46966,VIRGEN DE ESTRELLA S.A.C.,2026-05-16,001/0017554,AHJ786,28.0,ARENA,14,29.79,33.66,221.15,,,SAN LORENZO,MATERIALES,2026-07-01T09:09:23.404763Z
46966-0010017555,46966,VIRGEN DE ESTRELLA S.A.C.,2026-05-16,001/0017555,AKE789,31.0,ARENA,14,31.13,35.18,231.13,,,SAN LORENZO,MATERIALES,2026-07-01T09:09:23.404788Z
46966-0010017558,46966,VIRGEN DE ESTRELLA S.A.C.,2026-05-16,001/0017558,AJC805,30.0,ARENA,14,32.93,37.21,244.47,,,SAN LORENZO,MATERIALES,2026-07-01T09:09:23.404812Z
46966-0010017561,46966,VIRGEN DE ESTRELLA S.A.C.,2026-05-16,001/0017561,D8E728,24.0,ARENA,14,31.96,36.11,237.24,,,SAN LORENZO,MATERIALES,2026-07-01T09:09:23.404840Z
46966-0010017562,46966,VIRGEN DE ESTRELLA S.A.C.,2026-05-16,001/0017562,AHJ786,28.0,ARENA,14,30.51,34.48,226.53,,,SAN LORENZO,MATERIALES,2026-07-01T09:09:23.404865Z
46966-0010017563,46966,VIRGEN DE ESTRELLA S.A.C.,2026-05-16,001/0017563,AKE789,31.0,ARENA,14,31.35,35.42,232.71,,,SAN LORENZO,MATERIALES,2026-07-01T09:09:23.404890Z
46966-0010017565,46966,VIRGEN DE ESTRELLA S.A.C.,2026-05-16,001/0017565,AWW845,34.0,ARENA,14,31.65,35.77,235.01,,,SAN LORENZO,MATERIALES,2026-07-01T09:09:23.404915Z
46966-0010017566,46966,VIRGEN DE ESTRELLA S.A.C.,2026-05-16,001/0017566,BZR752,38.0,ARENA,14,31.41,35.49,233.17,,,SAN LORENZO,MATERIALES,2026-07-01T09:09:23.404940Z
46966-0010017567,46966,VIRGEN DE ESTRELLA S.A.C.,2026-05-16,001/0017567,ABL875,26.0,ARENA,14,32.73,36.98,242.96,,,SAN LORENZO,MATERIALES,2026-07-01T09:09:23.404966Z
46966-0010017547,46966,VIRGEN DE ESTRELLA S.A.C.,2026-05-16,001/0017547,ABN852,27.0,PIEDRA,2,37.45,37.45,214.21,,,SAN LORENZO,MEIGGS,2026-07-01T09:09:23.406534Z
46966-0010017548,46966,VIRGEN DE ESTRELLA S.A.C.,2026-05-16,001/0017548,ABL875,26.0,PIEDRA,2,37.14,37.14,212.44,,,SAN LORENZO,MEIGGS,2026-07-01T09:09:23.406554Z
46966-0010017553,46966,VIRGEN DE ESTRELLA S.A.C.,2026-05-16,001/0017553,AJC805,30.0,PIEDRA,2,37.33,37.33,213.53,,,SAN LORENZO,MEIGGS,2026-07-01T09:09:23.406575Z
46988-1910580840,46988,VIRGEN DE ESTRELLA S.A.C.,2026-05-16,191/0580840,CAZ895,42.0,ARENA,14,33.56,36.92,621.38,,,JICAMARCA,CONCHAN,2026-07-01T09:12:45.228769Z
46988-1910580881,46988,VIRGEN DE ESTRELLA S.A.C.,2026-05-16,191/0580881,CBA709,43.0,ARENA,14,34.93,38.42,646.68,,,JICAMARCA,CONCHAN,2026-07-01T09:12:45.228797Z
46988-1910581028,46988,VIRGEN DE ESTRELLA S.A.C.,2026-05-18,191/0581028,CBA709,43.0,PIEDRA,2,35.46,35.46,424.1,,,JICAMARCA,SAN JUAN,2026-07-01T09:12:45.228022Z
46988-1910581038,46988,VIRGEN DE ESTRELLA S.A.C.,2026-05-18,191/0581038,CCL847,44.0,ARENA,14,32.56,36.47,436.18,,,JICAMARCA,SAN JUAN,2026-07-01T09:12:45.228258Z
46988-1910581015,46988,VIRGEN DE ESTRELLA S.A.C.,2026-05-18,191/0581015,BYP824,9.0,ARENA,14,36.72,41.49,412.03,,,JICAMARCA,ANCIETA,2026-07-01T09:12:45.228340Z
46988-1910581054,46988,VIRGEN DE ESTRELLA S.A.C.,2026-05-18,191/0581054,CAZ895,42.0,ARENA,14,32.48,36.7,364.47,,,JICAMARCA,ANCIETA,2026-07-01T09:12:45.228375Z
46988-1910581056,46988,VIRGEN DE ESTRELLA S.A.C.,2026-05-18,191/0581056,BYP824,9.0,ARENA,14,40.42,43.65,521.62,,,JICAMARCA,COLLIQUE,2026-07-01T09:12:45.228855Z
46988-1910580953,46988,VIRGEN DE ESTRELLA S.A.C.,2026-05-18,191/0580953,CAZ895,42.0,PIEDRA,2,34.15,34.33,491.26,,,JICAMARCA,EMBOLSADOS INS. Y SUM.,2026-07-01T09:12:45.229055Z
46988-1910580957,46988,VIRGEN DE ESTRELLA S.A.C.,2026-05-18,191/0580957,CCL847,44.0,PIEDRA,2,35.27,35.45,507.29,,,JICAMARCA,EMBOLSADOS INS. Y SUM.,2026-07-01T09:12:45.229081Z
46988-1910580962,46988,VIRGEN DE ESTRELLA S.A.C.,2026-05-18,191/0580962,C9W737,21.0,PIEDRA,2,34.75,34.93,499.85,,,JICAMARCA,EMBOLSADOS INS. Y SUM.,2026-07-01T09:12:45.229107Z
46988-1910580974,46988,VIRGEN DE ESTRELLA S.A.C.,2026-05-18,191/0580974,CBA709,43.0,PIEDRA,2,35.92,36.11,516.73,,,JICAMARCA,EMBOLSADOS INS. Y SUM.,2026-07-01T09:12:45.229133Z
46988-1950192971,46988,VIRGEN DE ESTRELLA S.A.C.,2026-05-18,195/0192971,CBR854,14.0,PIEDRA,2,37.07,37.07,561.61,,,YERBABUENA,MEIGGS,2026-07-01T09:12:45.230260Z
46988-1950193007,46988,VIRGEN DE ESTRELLA S.A.C.,2026-05-18,195/0193007,F3F817,1.0,PIEDRA,2,40.29,40.29,610.39,,,YERBABUENA,MEIGGS,2026-07-01T09:12:45.230285Z
46988-1950192980,46988,VIRGEN DE ESTRELLA S.A.C.,2026-05-18,195/0192980,F3F817,1.0,PIEDRA,2,44.4,44.4,672.66,,,YERBABUENA,MEIGGS,2026-07-01T09:12:45.230392Z
46988-1950192981,46988,VIRGEN DE ESTRELLA S.A.C.,2026-05-18,195/0192981,ATN880,5.0,PIEDRA,2,44.06,44.06,667.51,,,YERBABUENA,MEIGGS,2026-07-01T09:12:45.230416Z
46988-1950192999,46988,VIRGEN DE ESTRELLA S.A.C.,2026-05-18,195/0192999,CBR854,14.0,PIEDRA,2,41.1,41.1,622.67,,,YERBABUENA,MEIGGS,2026-07-01T09:12:45.230444Z
46988-1950193012,46988,VIRGEN DE ESTRELLA S.A.C.,2026-05-18,195/0193012,ATN880,5.0,PIEDRA,2,38.22,38.22,579.03,,,YERBABUENA,MEIGGS,2026-07-01T09:12:45.230938Z
46988-1950192969,46988,VIRGEN DE ESTRELLA S.A.C.,2026-05-18,195/0192969,AFX735,25.0,ARENA,14,37.07,37.07,561.61,,,YERBABUENA,MEIGGS,2026-07-01T09:12:45.230996Z
46988-1950192973,46988,VIRGEN DE ESTRELLA S.A.C.,2026-05-18,195/0192973,D8D861,23.0,ARENA,14,36.98,36.98,560.25,,,YERBABUENA,MEIGGS,2026-07-01T09:12:45.231021Z
46988-1950192982,46988,VIRGEN DE ESTRELLA S.A.C.,2026-05-18,195/0192982,C9T788,20.0,ARENA,14,36.43,36.43,551.91,,,YERBABUENA,MEIGGS,2026-07-01T09:12:45.231050Z
46988-1950193004,46988,VIRGEN DE ESTRELLA S.A.C.,2026-05-18,195/0193004,AFX735,25.0,ARENA,14,34.19,34.19,517.98,,,YERBABUENA,MEIGGS,2026-07-01T09:12:45.231075Z
46988-0010017596,46988,VIRGEN DE ESTRELLA S.A.C.,2026-05-18,001/0017596,C9T788,20.0,PIEDRA,2,36.09,36.99,281.12,,,SAN LORENZO,COLLIQUE,2026-07-01T09:12:45.231760Z
46988-0010017599,46988,VIRGEN DE ESTRELLA S.A.C.,2026-05-18,001/0017599,AHJ786,28.0,PIEDRA,2,37.97,38.92,295.79,,,SAN LORENZO,COLLIQUE,2026-07-01T09:12:45.231781Z
46988-0010017606,46988,VIRGEN DE ESTRELLA S.A.C.,2026-05-18,001/0017606,BZR752,38.0,PIEDRA,2,39.29,40.27,306.05,,,SAN LORENZO,COLLIQUE,2026-07-01T09:12:45.231805Z
46988-0010017611,46988,VIRGEN DE ESTRELLA S.A.C.,2026-05-18,001/0017611,D8E728,24.0,PIEDRA,2,35.97,36.87,280.21,,,SAN LORENZO,COLLIQUE,2026-07-01T09:12:45.231829Z
46988-0010017583,46988,VIRGEN DE ESTRELLA S.A.C.,2026-05-18,001/0017583,AJC805,30.0,ARENA,14,34.93,39.47,259.32,,,SAN LORENZO,MATERIALES,2026-07-01T09:12:45.233107Z
46988-0010017584,46988,VIRGEN DE ESTRELLA S.A.C.,2026-05-18,001/0017584,AHJ786,28.0,ARENA,14,33.13,37.44,245.98,,,SAN LORENZO,MATERIALES,2026-07-01T09:12:45.233131Z
46988-0010017585,46988,VIRGEN DE ESTRELLA S.A.C.,2026-05-18,001/0017585,D8B795,22.0,ARENA,14,31.35,35.43,232.78,,,SAN LORENZO,MATERIALES,2026-07-01T09:12:45.233161Z
46988-0010017586,46988,VIRGEN DE ESTRELLA S.A.C.,2026-05-18,001/0017586,AKE789,31.0,ARENA,14,33.01,37.3,245.06,,,SAN LORENZO,MATERIALES,2026-07-01T09:12:45.233188Z
46988-0010017587,46988,VIRGEN DE ESTRELLA S.A.C.,2026-05-18,001/0017587,BZR752,38.0,ARENA,14,34.75,39.27,258.0,,,SAN LORENZO,MATERIALES,2026-07-01T09:12:45.233215Z
46988-0010017588,46988,VIRGEN DE ESTRELLA S.A.C.,2026-05-18,001/0017588,D8E728,24.0,ARENA,14,32.11,36.28,238.36,,,SAN LORENZO,MATERIALES,2026-07-01T09:12:45.233242Z
46988-0010017592,46988,VIRGEN DE ESTRELLA S.A.C.,2026-05-18,001/0017592,AWW845,34.0,ARENA,14,33.85,38.25,251.3,,,SAN LORENZO,MATERIALES,2026-07-01T09:12:45.233266Z
46988-0010017593,46988,VIRGEN DE ESTRELLA S.A.C.,2026-05-18,001/0017593,D8D861,23.0,ARENA,14,32.48,36.7,241.12,,,SAN LORENZO,MATERIALES,2026-07-01T09:12:45.233289Z
46988-0010017600,46988,VIRGEN DE ESTRELLA S.A.C.,2026-05-18,001/0017600,AJC805,30.0,ARENA,14,35.23,39.81,261.55,,,SAN LORENZO,MATERIALES,2026-07-01T09:12:45.233313Z
46988-0010017601,46988,VIRGEN DE ESTRELLA S.A.C.,2026-05-18,001/0017601,D8B795,22.0,ARENA,14,32.53,36.76,241.51,,,SAN LORENZO,MATERIALES,2026-07-01T09:12:45.233337Z
46988-0010017602,46988,VIRGEN DE ESTRELLA S.A.C.,2026-05-18,001/0017602,ABN852,27.0,ARENA,14,33.24,37.56,246.77,,,SAN LORENZO,MATERIALES,2026-07-01T09:12:45.233363Z
46988-0010017568,46988,VIRGEN DE ESTRELLA S.A.C.,2026-05-18,001/0017568,BAE736,35.0,ARENA,14,31.66,36.09,206.43,,,SAN LORENZO,MEIGGS,2026-07-01T09:12:45.234795Z
46988-0010017569,46988,VIRGEN DE ESTRELLA S.A.C.,2026-05-18,001/0017569,AWW845,34.0,ARENA,14,30.7,35.0,200.2,,,SAN LORENZO,MEIGGS,2026-07-01T09:12:45.234822Z
46988-0010017570,46988,VIRGEN DE ESTRELLA S.A.C.,2026-05-18,001/0017570,AJC805,30.0,ARENA,14,32.88,37.48,214.39,,,SAN LORENZO,MEIGGS,2026-07-01T09:12:45.234851Z
46988-0010017571,46988,VIRGEN DE ESTRELLA S.A.C.,2026-05-18,001/0017571,D8B795,22.0,ARENA,14,14.18,34.6,197.91,,,SAN LORENZO,MEIGGS,2026-07-01T09:12:45.234877Z
46988-0010017572,46988,VIRGEN DE ESTRELLA S.A.C.,2026-05-18,001/0017572,AHJ786,28.0,ARENA,14,32.32,36.85,210.78,,,SAN LORENZO,MEIGGS,2026-07-01T09:12:45.234902Z
46988-0010017573,46988,VIRGEN DE ESTRELLA S.A.C.,2026-05-18,001/0017573,AKE789,31.0,ARENA,14,31.07,35.42,202.6,,,SAN LORENZO,MEIGGS,2026-07-01T09:12:45.234928Z
46988-0010017575,46988,VIRGEN DE ESTRELLA S.A.C.,2026-05-18,001/0017575,BZR752,38.0,ARENA,14,35.46,40.43,231.26,,,SAN LORENZO,MEIGGS,2026-07-01T09:12:45.234954Z
46988-0010017576,46988,VIRGEN DE ESTRELLA S.A.C.,2026-05-18,001/0017576,D8E728,24.0,ARENA,14,31.5,35.91,205.41,,,SAN LORENZO,MEIGGS,2026-07-01T09:12:45.234980Z
46988-0010017580,46988,VIRGEN DE ESTRELLA S.A.C.,2026-05-18,001/0017580,ABN852,27.0,ARENA,14,34.48,39.31,224.85,,,SAN LORENZO,MEIGGS,2026-07-01T09:12:45.235006Z
46988-0010017582,46988,VIRGEN DE ESTRELLA S.A.C.,2026-05-18,001/0017582,AWW845,34.0,ARENA,14,32.15,36.65,209.64,,,SAN LORENZO,MEIGGS,2026-07-01T09:12:45.235035Z
46988-0010017603,46988,VIRGEN DE ESTRELLA S.A.C.,2026-05-18,001/0017603,AKE789,31.0,PIEDRA,2,36.05,36.77,210.32,,,SAN LORENZO,MEIGGS,2026-07-01T09:12:45.235978Z
46988-0010017605,46988,VIRGEN DE ESTRELLA S.A.C.,2026-05-18,001/0017605,D8E728,24.0,PIEDRA,2,35.78,36.5,208.78,,,SAN LORENZO,MEIGGS,2026-07-01T09:12:45.236006Z
46988-0010017607,46988,VIRGEN DE ESTRELLA S.A.C.,2026-05-18,001/0017607,ABN852,27.0,PIEDRA,2,38.24,39.0,223.08,,,SAN LORENZO,MEIGGS,2026-07-01T09:12:45.236038Z
46988-0010017608,46988,VIRGEN DE ESTRELLA S.A.C.,2026-05-18,001/0017608,D8D861,23.0,PIEDRA,2,37.41,38.16,218.28,,,SAN LORENZO,MEIGGS,2026-07-01T09:12:45.236066Z
46988-0010017609,46988,VIRGEN DE ESTRELLA S.A.C.,2026-05-18,001/0017609,AWW845,34.0,PIEDRA,2,37.61,38.36,219.42,,,SAN LORENZO,MEIGGS,2026-07-01T09:12:45.236094Z
46988-0010017610,46988,VIRGEN DE ESTRELLA S.A.C.,2026-05-18,001/0017610,AKE789,31.0,PIEDRA,2,35.33,36.04,206.15,,,SAN LORENZO,MEIGGS,2026-07-01T09:12:45.236121Z
46988-1910581153,46988,VIRGEN DE ESTRELLA S.A.C.,2026-05-19,191/0581153,CBA709,43.0,ARENA,14,33.78,37.15,625.29,,,JICAMARCA,CONCHAN,2026-07-01T09:12:45.228829Z
46988-1910581097,46988,VIRGEN DE ESTRELLA S.A.C.,2026-05-19,191/0581097,CHS718,45.0,ARENA,14,30.99,34.39,578.86,,,JICAMARCA,SAN ANTONIO,2026-07-01T09:12:45.229275Z
46988-1910581103,46988,VIRGEN DE ESTRELLA S.A.C.,2026-05-19,191/0581103,CAZ895,42.0,ARENA,14,31.95,35.46,596.86,,,JICAMARCA,SAN ANTONIO,2026-07-01T09:12:45.229302Z
46988-1910581105,46988,VIRGEN DE ESTRELLA S.A.C.,2026-05-19,191/0581105,CCL847,44.0,ARENA,14,32.48,36.05,606.77,,,JICAMARCA,SAN ANTONIO,2026-07-01T09:12:45.229331Z
46988-1910581190,46988,VIRGEN DE ESTRELLA S.A.C.,2026-05-19,191/0581190,CHS718,45.0,ARENA,14,33.68,37.39,629.21,,,JICAMARCA,SAN ANTONIO,2026-07-01T09:12:45.229357Z
46988-1910581199,46988,VIRGEN DE ESTRELLA S.A.C.,2026-05-19,191/0581199,CCL847,44.0,ARENA,14,33.71,37.42,629.73,,,JICAMARCA,SAN ANTONIO,2026-07-01T09:12:45.229386Z
46988-1910581202,46988,VIRGEN DE ESTRELLA S.A.C.,2026-05-19,191/0581202,CAZ895,42.0,ARENA,14,33.93,37.67,633.9,,,JICAMARCA,SAN ANTONIO,2026-07-01T09:12:45.229414Z
46988-1950193045,46988,VIRGEN DE ESTRELLA S.A.C.,2026-05-19,195/0193045,D8D861,23.0,PIEDRA,2,38.78,38.78,587.52,,,YERBABUENA,MEIGGS,2026-07-01T09:12:45.230470Z
46988-1950193046,46988,VIRGEN DE ESTRELLA S.A.C.,2026-05-19,195/0193046,F3F817,1.0,PIEDRA,2,43.76,43.76,662.96,,,YERBABUENA,MEIGGS,2026-07-01T09:12:45.230495Z
46988-1950193047,46988,VIRGEN DE ESTRELLA S.A.C.,2026-05-19,195/0193047,ATN880,5.0,PIEDRA,2,43.56,43.56,659.93,,,YERBABUENA,MEIGGS,2026-07-01T09:12:45.230521Z
46988-1950193080,46988,VIRGEN DE ESTRELLA S.A.C.,2026-05-19,195/0193080,CBR854,14.0,PIEDRA,2,40.35,40.35,611.3,,,YERBABUENA,MEIGGS,2026-07-01T09:12:45.230546Z
46988-1950193108,46988,VIRGEN DE ESTRELLA S.A.C.,2026-05-19,195/0193108,BYP824,9.0,PIEDRA,2,44.7,44.7,677.21,,,YERBABUENA,MEIGGS,2026-07-01T09:12:45.230571Z
46988-1950193041,46988,VIRGEN DE ESTRELLA S.A.C.,2026-05-19,195/0193041,AFX735,25.0,ARENA,14,35.1,35.1,531.77,,,YERBABUENA,MEIGGS,2026-07-01T09:12:45.231099Z
46988-1950193043,46988,VIRGEN DE ESTRELLA S.A.C.,2026-05-19,195/0193043,CBR854,14.0,ARENA,14,42.09,42.09,637.66,,,YERBABUENA,MEIGGS,2026-07-01T09:12:45.231126Z
46988-1950193048,46988,VIRGEN DE ESTRELLA S.A.C.,2026-05-19,195/0193048,BFI758,37.0,ARENA,14,36.64,36.64,555.1,,,YERBABUENA,MEIGGS,2026-07-01T09:12:45.231150Z
46988-1950193059,46988,VIRGEN DE ESTRELLA S.A.C.,2026-05-19,195/0193059,AWH708,33.0,ARENA,14,38.38,38.38,581.46,,,YERBABUENA,MEIGGS,2026-07-01T09:12:45.231176Z
46988-1950193060,46988,VIRGEN DE ESTRELLA S.A.C.,2026-05-19,195/0193060,AWW871,32.0,ARENA,14,35.77,35.77,541.92,,,YERBABUENA,MEIGGS,2026-07-01T09:12:45.231199Z
46988-1950193061,46988,VIRGEN DE ESTRELLA S.A.C.,2026-05-19,195/0193061,BYP824,9.0,ARENA,14,44.58,44.58,675.39,,,YERBABUENA,MEIGGS,2026-07-01T09:12:45.231226Z
46988-1950193076,46988,VIRGEN DE ESTRELLA S.A.C.,2026-05-19,195/0193076,BFI758,37.0,ARENA,14,39.3,39.3,595.4,,,YERBABUENA,MEIGGS,2026-07-01T09:12:45.231251Z
46988-1950193081,46988,VIRGEN DE ESTRELLA S.A.C.,2026-05-19,195/0193081,AWW871,32.0,ARENA,14,38.1,38.1,577.22,,,YERBABUENA,MEIGGS,2026-07-01T09:12:45.231275Z
46988-1950193082,46988,VIRGEN DE ESTRELLA S.A.C.,2026-05-19,195/0193082,AWH708,33.0,ARENA,14,37.67,37.67,570.7,,,YERBABUENA,MEIGGS,2026-07-01T09:12:45.231300Z
46988-1950193097,46988,VIRGEN DE ESTRELLA S.A.C.,2026-05-19,195/0193097,AFX735,25.0,ARENA,14,36.05,36.05,546.16,,,YERBABUENA,MEIGGS,2026-07-01T09:12:45.231325Z
46988-1950193102,46988,VIRGEN DE ESTRELLA S.A.C.,2026-05-19,195/0193102,D8D861,23.0,ARENA,14,38.42,38.42,582.06,,,YERBABUENA,MEIGGS,2026-07-01T09:12:45.231353Z
46988-0010017631,46988,VIRGEN DE ESTRELLA S.A.C.,2026-05-19,001/0017631,D8E728,24.0,PIEDRA,2,35.31,36.19,275.04,,,SAN LORENZO,COLLIQUE,2026-07-01T09:12:45.231852Z
46988-0010017632,46988,VIRGEN DE ESTRELLA S.A.C.,2026-05-19,001/0017632,AJC805,30.0,PIEDRA,2,39.48,40.47,307.57,,,SAN LORENZO,COLLIQUE,2026-07-01T09:12:45.231873Z
46988-0010017633,46988,VIRGEN DE ESTRELLA S.A.C.,2026-05-19,001/0017633,AHJ786,28.0,PIEDRA,2,39.15,40.13,304.99,,,SAN LORENZO,COLLIQUE,2026-07-01T09:12:45.231894Z
46988-0010017639,46988,VIRGEN DE ESTRELLA S.A.C.,2026-05-19,001/0017639,D8B795,22.0,PIEDRA,2,37.05,37.98,288.65,,,SAN LORENZO,COLLIQUE,2026-07-01T09:12:45.231919Z
46988-0010017637,46988,VIRGEN DE ESTRELLA S.A.C.,2026-05-19,001/0017637,ABN852,27.0,ARENA,14,36.71,40.75,264.88,,,SAN LORENZO,OQUENDO,2026-07-01T09:12:45.232983Z
46988-0010017638,46988,VIRGEN DE ESTRELLA S.A.C.,2026-05-19,001/0017638,BZR752,38.0,ARENA,14,35.43,39.33,255.65,,,SAN LORENZO,OQUENDO,2026-07-01T09:12:45.233008Z
46988-0010017613,46988,VIRGEN DE ESTRELLA S.A.C.,2026-05-19,001/0017613,ABN852,27.0,ARENA,14,33.32,37.65,247.36,,,SAN LORENZO,MATERIALES,2026-07-01T09:12:45.233388Z
46988-0010017614,46988,VIRGEN DE ESTRELLA S.A.C.,2026-05-19,001/0017614,AHJ786,28.0,ARENA,14,34.01,38.43,252.49,,,SAN LORENZO,MATERIALES,2026-07-01T09:12:45.233414Z
46988-0010017615,46988,VIRGEN DE ESTRELLA S.A.C.,2026-05-19,001/0017615,AKE789,31.0,ARENA,14,34.12,38.56,253.34,,,SAN LORENZO,MATERIALES,2026-07-01T09:12:45.233439Z
46988-0010017616,46988,VIRGEN DE ESTRELLA S.A.C.,2026-05-19,001/0017616,AWW845,34.0,ARENA,14,33.19,37.51,246.44,,,SAN LORENZO,MATERIALES,2026-07-01T09:12:45.233464Z
46988-0010017618,46988,VIRGEN DE ESTRELLA S.A.C.,2026-05-19,001/0017618,BZR752,38.0,ARENA,14,34.27,38.72,254.39,,,SAN LORENZO,MATERIALES,2026-07-01T09:12:45.233488Z
46988-0010017621,46988,VIRGEN DE ESTRELLA S.A.C.,2026-05-19,001/0017621,D8E728,24.0,ARENA,14,33.35,37.69,247.62,,,SAN LORENZO,MATERIALES,2026-07-01T09:12:45.233513Z
46988-0010017622,46988,VIRGEN DE ESTRELLA S.A.C.,2026-05-19,001/0017622,AJC805,30.0,ARENA,14,34.96,39.51,259.58,,,SAN LORENZO,MATERIALES,2026-07-01T09:12:45.233538Z
46988-0010017635,46988,VIRGEN DE ESTRELLA S.A.C.,2026-05-19,001/0017635,AWW845,34.0,ARENA,14,34.46,38.94,255.84,,,SAN LORENZO,MATERIALES,2026-07-01T09:12:45.233565Z
46988-0010017636,46988,VIRGEN DE ESTRELLA S.A.C.,2026-05-19,001/0017636,AKE789,31.0,ARENA,14,34.48,38.96,255.97,,,SAN LORENZO,MATERIALES,2026-07-01T09:12:45.233588Z
46988-0010017627,46988,VIRGEN DE ESTRELLA S.A.C.,2026-05-19,001/0017627,AWW845,34.0,ARENA,14,34.54,34.54,197.57,,,SAN LORENZO,MEIGGS,2026-07-01T09:12:45.235063Z
46988-0010017628,46988,VIRGEN DE ESTRELLA S.A.C.,2026-05-19,001/0017628,AKE789,31.0,ARENA,14,31.29,35.05,200.49,,,SAN LORENZO,MEIGGS,2026-07-01T09:12:45.235091Z
46988-0010017629,46988,VIRGEN DE ESTRELLA S.A.C.,2026-05-19,001/0017629,ABN852,27.0,ARENA,14,33.39,37.4,213.93,,,SAN LORENZO,MEIGGS,2026-07-01T09:12:45.235119Z
46988-0010017630,46988,VIRGEN DE ESTRELLA S.A.C.,2026-05-19,001/0017630,BZR752,38.0,ARENA,14,32.72,36.65,209.64,,,SAN LORENZO,MEIGGS,2026-07-01T09:12:45.235147Z
46988-0010017640,46988,VIRGEN DE ESTRELLA S.A.C.,2026-05-19,001/0017640,D8E728,24.0,ARENA,14,29.32,32.84,187.84,,,SAN LORENZO,MEIGGS,2026-07-01T09:12:45.235175Z
46988-0010017641,46988,VIRGEN DE ESTRELLA S.A.C.,2026-05-19,001/0017641,BFI758,37.0,ARENA,14,33.91,37.98,217.25,,,SAN LORENZO,MEIGGS,2026-07-01T09:12:45.235203Z
47017-0010017623,47017,VIRGEN DE ESTRELLA S.A.C.,2026-05-19,001/0017623,D8B795,22.0,ARENA,14,31.48,35.57,233.69,,,SAN LORENZO,MATERIALES,2026-07-01T09:16:18.126466Z
46988-1910581388,46988,VIRGEN DE ESTRELLA S.A.C.,2026-05-20,191/0581388,C9W737,21.0,PIEDRA,2,34.46,34.46,412.14,,,JICAMARCA,SAN JUAN,2026-07-01T09:12:45.228106Z
46988-1910581378,46988,VIRGEN DE ESTRELLA S.A.C.,2026-05-20,191/0581378,CAZ895,42.0,ARENA,14,31.14,34.57,483.98,,,JICAMARCA,VILLA 1,2026-07-01T09:12:45.228967Z
46988-1910581323,46988,VIRGEN DE ESTRELLA S.A.C.,2026-05-20,191/0581323,CHS718,45.0,ARENA,14,34.13,37.54,275.93,,,JICAMARCA,HUACHIPA,2026-07-01T09:12:45.229026Z
46988-1910581335,46988,VIRGEN DE ESTRELLA S.A.C.,2026-05-20,191/0581335,C9W737,21.0,PIEDRA,2,34.24,34.42,492.55,,,JICAMARCA,EMBOLSADOS INS. Y SUM.,2026-07-01T09:12:45.229160Z
46988-1910581346,46988,VIRGEN DE ESTRELLA S.A.C.,2026-05-20,191/0581346,CHS718,45.0,PIEDRA,2,34.81,34.99,500.71,,,JICAMARCA,EMBOLSADOS INS. Y SUM.,2026-07-01T09:12:45.229187Z
46988-1910581258,46988,VIRGEN DE ESTRELLA S.A.C.,2026-05-20,191/0581258,CAZ895,42.0,ARENA,14,30.97,34.38,578.6,,,JICAMARCA,SAN ANTONIO,2026-07-01T09:12:45.229441Z
46988-1910581262,46988,VIRGEN DE ESTRELLA S.A.C.,2026-05-20,191/0581262,CCL847,44.0,ARENA,14,32.03,35.56,598.42,,,JICAMARCA,SAN ANTONIO,2026-07-01T09:12:45.229469Z
46988-1910581312,46988,VIRGEN DE ESTRELLA S.A.C.,2026-05-20,191/0581312,CBA709,43.0,ARENA,14,33.51,37.2,626.08,,,JICAMARCA,SAN ANTONIO,2026-07-01T09:12:45.229496Z
46988-1910581295,46988,VIRGEN DE ESTRELLA S.A.C.,2026-05-20,191/0581295,C9W737,21.0,PIEDRA,2,38.19,38.19,642.74,,,JICAMARCA,SAN ANTONIO,2026-07-01T09:12:45.229761Z
46988-1910581318,46988,VIRGEN DE ESTRELLA S.A.C.,2026-05-20,191/0581318,CAZ895,42.0,PIEDRA,2,33.26,33.26,559.68,,,JICAMARCA,SAN ANTONIO,2026-07-01T09:12:45.229788Z
46988-1910581254,46988,VIRGEN DE ESTRELLA S.A.C.,2026-05-20,191/0581254,CHS718,45.0,PIEDRA,2,34.42,34.43,579.38,,,JICAMARCA,SAN ANTONIO,2026-07-01T09:12:45.229814Z
46988-1910581322,46988,VIRGEN DE ESTRELLA S.A.C.,2026-05-20,191/0581322,CCL847,44.0,PIEDRA,2,37.18,37.18,625.82,,,JICAMARCA,SAN ANTONIO,2026-07-01T09:12:45.229843Z
46988-1950193124,46988,VIRGEN DE ESTRELLA S.A.C.,2026-05-20,195/0193124,CBR854,14.0,PIEDRA,2,38.49,38.49,567.73,,,YERBABUENA,MATERIALES,2026-07-01T09:12:45.229979Z
46988-1950193131,46988,VIRGEN DE ESTRELLA S.A.C.,2026-05-20,195/0193131,AWH708,33.0,PIEDRA,2,36.81,36.81,542.95,,,YERBABUENA,MATERIALES,2026-07-01T09:12:45.230011Z
46988-1950193137,46988,VIRGEN DE ESTRELLA S.A.C.,2026-05-20,195/0193137,BYP824,9.0,PIEDRA,2,44.8,44.8,660.8,,,YERBABUENA,MATERIALES,2026-07-01T09:12:45.230039Z
46988-1950193123,46988,VIRGEN DE ESTRELLA S.A.C.,2026-05-20,195/0193123,AFX735,25.0,ARENA,14,35.57,35.93,529.97,,,YERBABUENA,MATERIALES,2026-07-01T09:12:45.230072Z
46988-1950193125,46988,VIRGEN DE ESTRELLA S.A.C.,2026-05-20,195/0193125,D8D861,23.0,ARENA,14,35.94,36.3,535.42,,,YERBABUENA,MATERIALES,2026-07-01T09:12:45.230099Z
46988-1950193126,46988,VIRGEN DE ESTRELLA S.A.C.,2026-05-20,195/0193126,BF1758,,ARENA,14,37.78,38.16,562.86,,,YERBABUENA,MATERIALES,2026-07-01T09:12:45.230174Z
46988-1950193166,46988,VIRGEN DE ESTRELLA S.A.C.,2026-05-20,195/0193166,F3F817,1.0,ARENA,14,46.22,46.68,688.53,,,YERBABUENA,MATERIALES,2026-07-01T09:12:45.230206Z
46988-1950193167,46988,VIRGEN DE ESTRELLA S.A.C.,2026-05-20,195/0193167,ATN880,5.0,ARENA,14,47.21,47.68,703.28,,,YERBABUENA,MATERIALES,2026-07-01T09:12:45.230234Z
46988-0010017642,46988,VIRGEN DE ESTRELLA S.A.C.,2026-05-20,001/0017642,BZR752,38.0,PIEDRA,2,38.6,39.57,300.73,,,SAN LORENZO,COLLIQUE,2026-07-01T09:12:45.231940Z
46988-0010017643,46988,VIRGEN DE ESTRELLA S.A.C.,2026-05-20,001/0017643,AWW845,34.0,PIEDRA,2,38.66,39.63,301.19,,,SAN LORENZO,COLLIQUE,2026-07-01T09:12:45.231968Z
46988-0010017644,46988,VIRGEN DE ESTRELLA S.A.C.,2026-05-20,001/0017644,D8B795,22.0,PIEDRA,2,36.07,36.97,280.97,,,SAN LORENZO,COLLIQUE,2026-07-01T09:12:45.231997Z
46988-0010017645,46988,VIRGEN DE ESTRELLA S.A.C.,2026-05-20,001/0017645,AKE789,31.0,PIEDRA,2,37.09,38.02,288.95,,,SAN LORENZO,COLLIQUE,2026-07-01T09:12:45.232020Z
46988-0010017646,46988,VIRGEN DE ESTRELLA S.A.C.,2026-05-20,001/0017646,AWW871,32.0,PIEDRA,2,37.78,38.72,294.27,,,SAN LORENZO,COLLIQUE,2026-07-01T09:12:45.232046Z
46988-0010017647,46988,VIRGEN DE ESTRELLA S.A.C.,2026-05-20,001/0017647,D8E728,24.0,PIEDRA,2,36.56,37.47,284.77,,,SAN LORENZO,COLLIQUE,2026-07-01T09:12:45.232067Z
46988-0010017663,46988,VIRGEN DE ESTRELLA S.A.C.,2026-05-20,001/0017663,BFI758,37.0,PIEDRA,2,39.37,40.35,306.66,,,SAN LORENZO,COLLIQUE,2026-07-01T09:12:45.232110Z
46988-0010017668,46988,VIRGEN DE ESTRELLA S.A.C.,2026-05-20,001/0017668,ABL875,26.0,PIEDRA,2,38.85,39.82,302.63,,,SAN LORENZO,COLLIQUE,2026-07-01T09:12:45.232131Z
46988-0010017670,46988,VIRGEN DE ESTRELLA S.A.C.,2026-05-20,001/0017670,CBR854,14.0,PIEDRA,2,37.57,38.51,292.68,,,SAN LORENZO,COLLIQUE,2026-07-01T09:12:45.232153Z
46988-0010017677,46988,VIRGEN DE ESTRELLA S.A.C.,2026-05-20,001/0017677,BYP824,9.0,PIEDRA,2,44.41,45.52,345.95,,,SAN LORENZO,COLLIQUE,2026-07-01T09:12:45.232180Z
46988-0010017686,46988,VIRGEN DE ESTRELLA S.A.C.,2026-05-20,001/0017686,CBR796,18.0,PIEDRA,2,39.87,40.87,310.61,,,SAN LORENZO,COLLIQUE,2026-07-01T09:12:45.232206Z
46988-0010017652,46988,VIRGEN DE ESTRELLA S.A.C.,2026-05-20,001/0017652,ABL875,26.0,ARENA,14,34.81,39.33,258.4,,,SAN LORENZO,MATERIALES,2026-07-01T09:12:45.233613Z
46988-0010017653,46988,VIRGEN DE ESTRELLA S.A.C.,2026-05-20,001/0017653,AJC805,30.0,ARENA,14,35.48,40.09,263.39,,,SAN LORENZO,MATERIALES,2026-07-01T09:12:45.233637Z
46988-0010017658,46988,VIRGEN DE ESTRELLA S.A.C.,2026-05-20,001/0017658,AJC805,30.0,ARENA,14,35.21,39.79,261.42,,,SAN LORENZO,MATERIALES,2026-07-01T09:12:45.233664Z
46988-0010017659,46988,VIRGEN DE ESTRELLA S.A.C.,2026-05-20,001/0017659,AKE789,31.0,ARENA,14,33.65,38.02,249.79,,,SAN LORENZO,MATERIALES,2026-07-01T09:12:45.233689Z
46988-0010017660,46988,VIRGEN DE ESTRELLA S.A.C.,2026-05-20,001/0017660,AWW845,34.0,ARENA,14,34.57,39.06,256.62,,,SAN LORENZO,MATERIALES,2026-07-01T09:12:45.233719Z
46988-0010017662,46988,VIRGEN DE ESTRELLA S.A.C.,2026-05-20,001/0017662,D8D861,23.0,ARENA,14,33.39,37.73,247.89,,,SAN LORENZO,MATERIALES,2026-07-01T09:12:45.233743Z
46988-0010017664,46988,VIRGEN DE ESTRELLA S.A.C.,2026-05-20,001/0017664,BZR752,38.0,ARENA,14,34.56,39.05,256.56,,,SAN LORENZO,MATERIALES,2026-07-01T09:12:45.233769Z
46988-0010017665,46988,VIRGEN DE ESTRELLA S.A.C.,2026-05-20,001/0017665,D8E728,24.0,ARENA,14,32.38,36.59,240.4,,,SAN LORENZO,MATERIALES,2026-07-01T09:12:45.233795Z
46988-0010017666,46988,VIRGEN DE ESTRELLA S.A.C.,2026-05-20,001/0017666,AWW871,32.0,ARENA,14,34.67,39.18,257.41,,,SAN LORENZO,MATERIALES,2026-07-01T09:12:45.233820Z
46988-0010017667,46988,VIRGEN DE ESTRELLA S.A.C.,2026-05-20,001/0017667,AFX735,25.0,ARENA,14,30.5,34.47,226.47,,,SAN LORENZO,MATERIALES,2026-07-01T09:12:45.233847Z
46988-0010017671,46988,VIRGEN DE ESTRELLA S.A.C.,2026-05-20,001/0017671,D8B795,22.0,ARENA,14,30.7,34.69,227.91,,,SAN LORENZO,MATERIALES,2026-07-01T09:12:45.233872Z
46988-0010017672,46988,VIRGEN DE ESTRELLA S.A.C.,2026-05-20,001/0017672,AWH708,33.0,ARENA,14,34.29,38.75,254.59,,,SAN LORENZO,MATERIALES,2026-07-01T09:12:45.233897Z
46988-0010017674,46988,VIRGEN DE ESTRELLA S.A.C.,2026-05-20,001/0017674,AJC805,30.0,ARENA,14,34.15,38.59,253.54,,,SAN LORENZO,MATERIALES,2026-07-01T09:12:45.233925Z
46988-0010017682,46988,VIRGEN DE ESTRELLA S.A.C.,2026-05-20,001/0017682,AWW871,32.0,ARENA,14,35.66,40.3,264.77,,,SAN LORENZO,MATERIALES,2026-07-01T09:12:45.233955Z
46988-0010017683,46988,VIRGEN DE ESTRELLA S.A.C.,2026-05-20,001/0017683,AWW845,34.0,ARENA,14,33.98,38.4,252.29,,,SAN LORENZO,MATERIALES,2026-07-01T09:12:45.233981Z
46988-0010017687,46988,VIRGEN DE ESTRELLA S.A.C.,2026-05-20,001/0017687,AKE789,31.0,ARENA,14,32.43,36.65,240.79,,,SAN LORENZO,MATERIALES,2026-07-01T09:12:45.234010Z
46988-0010017688,46988,VIRGEN DE ESTRELLA S.A.C.,2026-05-20,001/0017688,ABL875,26.0,ARENA,14,34.3,38.76,254.65,,,SAN LORENZO,MATERIALES,2026-07-01T09:12:45.234037Z
46988-0010017675,46988,VIRGEN DE ESTRELLA S.A.C.,2026-05-20,001/0017675,AWW845,34.0,PIEDRA,2,38.06,39.01,223.14,,,SAN LORENZO,MEIGGS,2026-07-01T09:12:45.236151Z
46988-0010017676,46988,VIRGEN DE ESTRELLA S.A.C.,2026-05-20,001/0017676,AKE789,31.0,PIEDRA,2,35.14,36.02,206.03,,,SAN LORENZO,MEIGGS,2026-07-01T09:12:45.236179Z
46988-0010017678,46988,VIRGEN DE ESTRELLA S.A.C.,2026-05-20,001/0017678,BZR752,38.0,PIEDRA,2,37.29,38.22,218.62,,,SAN LORENZO,MEIGGS,2026-07-01T09:12:45.236211Z
46988-0010017679,46988,VIRGEN DE ESTRELLA S.A.C.,2026-05-20,001/0017679,D8D861,23.0,PIEDRA,2,34.16,35.01,200.26,,,SAN LORENZO,MEIGGS,2026-07-01T09:12:45.236244Z
46988-0010017680,46988,VIRGEN DE ESTRELLA S.A.C.,2026-05-20,001/0017680,D8E728,24.0,PIEDRA,2,36.37,37.28,213.24,,,SAN LORENZO,MEIGGS,2026-07-01T09:12:45.236273Z
46988-0010017684,46988,VIRGEN DE ESTRELLA S.A.C.,2026-05-20,001/0017684,AFX735,25.0,PIEDRA,2,34.8,35.67,204.03,,,SAN LORENZO,MEIGGS,2026-07-01T09:12:45.236303Z
46988-0010017685,46988,VIRGEN DE ESTRELLA S.A.C.,2026-05-20,001/0017685,AWH708,33.0,PIEDRA,2,37.1,38.03,217.53,,,SAN LORENZO,MEIGGS,2026-07-01T09:12:45.236332Z
46988-0010017681,46988,VIRGEN DE ESTRELLA S.A.C.,2026-05-20,001/0017681,BFI758,37.0,PIEDRA,2,40.93,40.93,234.12,,,SAN LORENZO,MEIGGS,2026-07-01T09:12:45.236665Z
46988-1910581495,46988,VIRGEN DE ESTRELLA S.A.C.,2026-05-21,191/0581495,BYP824,9.0,PIEDRA,2,40.83,40.83,488.33,,,JICAMARCA,SAN JUAN,2026-07-01T09:12:45.228156Z
46988-1910581479,46988,VIRGEN DE ESTRELLA S.A.C.,2026-05-21,191/0581479,CBA709,43.0,PIEDRA,2,34.15,34.15,408.43,,,JICAMARCA,SAN JUAN,2026-07-01T09:12:45.228195Z
46988-1910581470,46988,VIRGEN DE ESTRELLA S.A.C.,2026-05-21,191/0581470,C9W737,21.0,ARENA,14,30.0,33.6,401.86,,,JICAMARCA,SAN JUAN,2026-07-01T09:12:45.228298Z
46988-1910581428,46988,VIRGEN DE ESTRELLA S.A.C.,2026-05-21,191/0581428,CHS718,45.0,ARENA,14,31.59,35.7,354.47,,,JICAMARCA,ANCIETA,2026-07-01T09:12:45.228409Z
46988-1910581434,46988,VIRGEN DE ESTRELLA S.A.C.,2026-05-21,191/0581434,CAZ895,42.0,ARENA,14,29.97,32.37,386.82,,,JICAMARCA,COLLIQUE,2026-07-01T09:12:45.228883Z
46988-1910581435,46988,VIRGEN DE ESTRELLA S.A.C.,2026-05-21,191/0581435,CCL847,44.0,ARENA,14,33.77,36.47,435.82,,,JICAMARCA,COLLIQUE,2026-07-01T09:12:45.228911Z
46988-1910581570,46988,VIRGEN DE ESTRELLA S.A.C.,2026-05-21,191/0581570,BYP824,9.0,ARENA,14,39.81,42.99,513.73,,,JICAMARCA,COLLIQUE,2026-07-01T09:12:45.228939Z
46988-1950193245,46988,VIRGEN DE ESTRELLA S.A.C.,2026-05-21,195/0193245,BFI758,37.0,PIEDRA,2,37.15,37.15,562.82,,,YERBABUENA,MEIGGS,2026-07-01T09:12:45.230310Z
46988-1950193248,46988,VIRGEN DE ESTRELLA S.A.C.,2026-05-21,195/0193248,AWH708,33.0,PIEDRA,2,36.58,36.58,554.19,,,YERBABUENA,MEIGGS,2026-07-01T09:12:45.230336Z
46988-1950193263,46988,VIRGEN DE ESTRELLA S.A.C.,2026-05-21,195/0193263,F3F817,1.0,PIEDRA,2,41.42,41.42,627.51,,,YERBABUENA,MEIGGS,2026-07-01T09:12:45.230362Z
46988-1950193206,46988,VIRGEN DE ESTRELLA S.A.C.,2026-05-21,195/0193206,CBR854,14.0,PIEDRA,2,40.94,40.94,620.24,,,YERBABUENA,MEIGGS,2026-07-01T09:12:45.230596Z
46988-1950193218,46988,VIRGEN DE ESTRELLA S.A.C.,2026-05-21,195/0193218,BYP838,10.0,PIEDRA,2,45.7,45.7,692.36,,,YERBABUENA,MEIGGS,2026-07-01T09:12:45.230621Z
46988-1950193247,46988,VIRGEN DE ESTRELLA S.A.C.,2026-05-21,195/0193247,C9T788,20.0,PIEDRA,2,37.1,37.1,562.07,,,YERBABUENA,MEIGGS,2026-07-01T09:12:45.230646Z
46988-1950193252,46988,VIRGEN DE ESTRELLA S.A.C.,2026-05-21,195/0193252,CBR854,14.0,PIEDRA,2,38.53,38.53,583.73,,,YERBABUENA,MEIGGS,2026-07-01T09:12:45.230670Z
46988-1950193257,46988,VIRGEN DE ESTRELLA S.A.C.,2026-05-21,195/0193257,ATN880,5.0,PIEDRA,2,40.0,40.0,606.0,,,YERBABUENA,MEIGGS,2026-07-01T09:12:45.230702Z
46988-1950193274,46988,VIRGEN DE ESTRELLA S.A.C.,2026-05-21,195/0193274,CBR872,16.0,PIEDRA,2,41.21,41.21,624.33,,,YERBABUENA,MEIGGS,2026-07-01T09:12:45.230736Z
46988-1950193110,46988,VIRGEN DE ESTRELLA S.A.C.,2026-05-21,195/0193110,ATN880,5.0,ARENA,14,44.64,44.64,676.3,,,YERBABUENA,MEIGGS,2026-07-01T09:12:45.231378Z
46988-1950193111,46988,VIRGEN DE ESTRELLA S.A.C.,2026-05-21,195/0193111,F3F817,1.0,ARENA,14,44.82,44.82,679.02,,,YERBABUENA,MEIGGS,2026-07-01T09:12:45.231403Z
46988-1950193203,46988,VIRGEN DE ESTRELLA S.A.C.,2026-05-21,195/0193203,AFX735,25.0,ARENA,14,34.93,34.93,529.19,,,YERBABUENA,MEIGGS,2026-07-01T09:12:45.231427Z
46988-1950193208,46988,VIRGEN DE ESTRELLA S.A.C.,2026-05-21,195/0193208,D8D861,23.0,ARENA,14,35.55,35.55,538.58,,,YERBABUENA,MEIGGS,2026-07-01T09:12:45.231452Z
46988-1950193212,46988,VIRGEN DE ESTRELLA S.A.C.,2026-05-21,195/0193212,AWH708,33.0,ARENA,14,35.42,35.42,536.61,,,YERBABUENA,MEIGGS,2026-07-01T09:12:45.231479Z
46988-1950193213,46988,VIRGEN DE ESTRELLA S.A.C.,2026-05-21,195/0193213,C9T788,20.0,ARENA,14,34.84,34.84,527.83,,,YERBABUENA,MEIGGS,2026-07-01T09:12:45.231503Z
46988-1950193219,46988,VIRGEN DE ESTRELLA S.A.C.,2026-05-21,195/0193219,F3F817,1.0,ARENA,14,42.04,42.04,636.91,,,YERBABUENA,MEIGGS,2026-07-01T09:12:45.231527Z
46988-0010017651,46988,VIRGEN DE ESTRELLA S.A.C.,2026-05-21,001/0017651,AHJ786,28.0,PIEDRA,2,36.47,37.38,284.09,,,SAN LORENZO,COLLIQUE,2026-07-01T09:12:45.232089Z
46988-0010017689,46988,VIRGEN DE ESTRELLA S.A.C.,2026-05-21,001/0017689,ATN880,5.0,PIEDRA,2,44.15,45.25,343.9,,,SAN LORENZO,COLLIQUE,2026-07-01T09:12:45.232228Z
46988-0010017700,46988,VIRGEN DE ESTRELLA S.A.C.,2026-05-21,001/0017700,BZR752,38.0,PIEDRA,2,34.91,35.78,271.93,,,SAN LORENZO,COLLIQUE,2026-07-01T09:12:45.232249Z
46988-0010017701,46988,VIRGEN DE ESTRELLA S.A.C.,2026-05-21,001/0017701,AJC805,30.0,PIEDRA,2,36.51,37.42,284.39,,,SAN LORENZO,COLLIQUE,2026-07-01T09:12:45.232273Z
46988-0010017702,46988,VIRGEN DE ESTRELLA S.A.C.,2026-05-21,001/0017702,AKE789,31.0,PIEDRA,2,35.51,36.4,276.64,,,SAN LORENZO,COLLIQUE,2026-07-01T09:12:45.232294Z
46988-0010017703,46988,VIRGEN DE ESTRELLA S.A.C.,2026-05-21,001/0017703,ABL875,26.0,PIEDRA,2,37.1,38.03,289.03,,,SAN LORENZO,COLLIQUE,2026-07-01T09:12:45.232316Z
46988-0010017705,46988,VIRGEN DE ESTRELLA S.A.C.,2026-05-21,001/0017705,ABN852,27.0,PIEDRA,2,36.21,37.12,282.11,,,SAN LORENZO,COLLIQUE,2026-07-01T09:12:45.232337Z
46988-0010017706,46988,VIRGEN DE ESTRELLA S.A.C.,2026-05-21,001/0017706,AWW845,34.0,PIEDRA,2,35.99,36.89,280.36,,,SAN LORENZO,COLLIQUE,2026-07-01T09:12:45.232358Z
46988-0010017707,46988,VIRGEN DE ESTRELLA S.A.C.,2026-05-21,001/0017707,BFI758,37.0,PIEDRA,2,39.23,40.21,305.6,,,SAN LORENZO,COLLIQUE,2026-07-01T09:12:45.232381Z
46988-0010017708,46988,VIRGEN DE ESTRELLA S.A.C.,2026-05-21,001/0017708,D8E728,24.0,PIEDRA,2,35.39,36.27,275.65,,,SAN LORENZO,COLLIQUE,2026-07-01T09:12:45.232406Z
46988-0010017715,46988,VIRGEN DE ESTRELLA S.A.C.,2026-05-21,001/0017715,BZR752,38.0,PIEDRA,2,37.71,38.65,293.74,,,SAN LORENZO,COLLIQUE,2026-07-01T09:12:45.232441Z
46988-0010017718,46988,VIRGEN DE ESTRELLA S.A.C.,2026-05-21,001/0017718,ABL875,26.0,PIEDRA,2,37.56,38.5,292.6,,,SAN LORENZO,COLLIQUE,2026-07-01T09:12:45.232464Z
46988-0010017730,46988,VIRGEN DE ESTRELLA S.A.C.,2026-05-21,001/0017730,ABL875,26.0,PIEDRA,2,37.35,38.28,290.93,,,SAN LORENZO,COLLIQUE,2026-07-01T09:12:45.232485Z
46988-0010017732,46988,VIRGEN DE ESTRELLA S.A.C.,2026-05-21,001/0017732,BFI758,37.0,PIEDRA,2,33.92,34.77,264.25,,,SAN LORENZO,COLLIQUE,2026-07-01T09:12:45.232507Z
46988-0010017733,46988,VIRGEN DE ESTRELLA S.A.C.,2026-05-21,001/0017733,CBR854,14.0,PIEDRA,2,37.37,38.3,291.08,,,SAN LORENZO,COLLIQUE,2026-07-01T09:12:45.232530Z
46988-0010017734,46988,VIRGEN DE ESTRELLA S.A.C.,2026-05-21,001/0017734,AKE789,31.0,PIEDRA,2,35.73,36.62,278.31,,,SAN LORENZO,COLLIQUE,2026-07-01T09:12:45.232552Z
46988-0010017717,46988,VIRGEN DE ESTRELLA S.A.C.,2026-05-21,001/0017717,AJC805,30.0,ARENA,14,37.96,42.14,273.91,,,SAN LORENZO,OQUENDO,2026-07-01T09:12:45.233033Z
46988-0010017723,46988,VIRGEN DE ESTRELLA S.A.C.,2026-05-21,001/0017723,AWW845,34.0,ARENA,14,35.09,38.95,253.18,,,SAN LORENZO,OQUENDO,2026-07-01T09:12:45.233058Z
46988-0010017729,46988,VIRGEN DE ESTRELLA S.A.C.,2026-05-21,001/0017729,AKE789,31.0,ARENA,14,35.33,39.22,254.93,,,SAN LORENZO,OQUENDO,2026-07-01T09:12:45.233083Z
46988-0010017709,46988,VIRGEN DE ESTRELLA S.A.C.,2026-05-21,001/0017709,AWW871,32.0,ARENA,14,38.39,43.38,285.01,,,SAN LORENZO,MATERIALES,2026-07-01T09:12:45.234063Z
46988-0010017710,46988,VIRGEN DE ESTRELLA S.A.C.,2026-05-21,001/0017710,D8B795,22.0,ARENA,14,35.08,39.64,260.43,,,SAN LORENZO,MATERIALES,2026-07-01T09:12:45.234089Z
46988-0010017714,46988,VIRGEN DE ESTRELLA S.A.C.,2026-05-21,001/0017714,AKE789,31.0,ARENA,14,34.54,39.03,256.43,,,SAN LORENZO,MATERIALES,2026-07-01T09:12:45.234115Z
46988-0010017719,46988,VIRGEN DE ESTRELLA S.A.C.,2026-05-21,001/0017719,AWW845,34.0,ARENA,14,35.65,40.28,264.64,,,SAN LORENZO,MATERIALES,2026-07-01T09:12:45.234144Z
46988-0010017720,46988,VIRGEN DE ESTRELLA S.A.C.,2026-05-21,001/0017720,D8E728,24.0,ARENA,14,32.42,36.64,240.72,,,SAN LORENZO,MATERIALES,2026-07-01T09:12:45.234170Z
46988-0010017726,46988,VIRGEN DE ESTRELLA S.A.C.,2026-05-21,001/0017726,ABN852,27.0,ARENA,14,35.37,39.97,262.6,,,SAN LORENZO,MATERIALES,2026-07-01T09:12:45.234198Z
46988-0010017727,46988,VIRGEN DE ESTRELLA S.A.C.,2026-05-21,001/0017727,AWW845,34.0,ARENA,14,36.24,40.95,269.04,,,SAN LORENZO,MATERIALES,2026-07-01T09:12:45.234225Z
46988-0010017731,46988,VIRGEN DE ESTRELLA S.A.C.,2026-05-21,001/0017731,BZR752,38.0,ARENA,14,37.7,42.6,279.88,,,SAN LORENZO,MATERIALES,2026-07-01T09:12:45.234250Z
46988-0010017690,46988,VIRGEN DE ESTRELLA S.A.C.,2026-05-21,001/0017690,ABN852,27.0,ARENA,14,31.46,35.23,201.52,,,SAN LORENZO,MEIGGS,2026-07-01T09:12:45.235231Z
46988-0010017691,46988,VIRGEN DE ESTRELLA S.A.C.,2026-05-21,001/0017691,AWW845,34.0,ARENA,14,33.63,37.66,215.42,,,SAN LORENZO,MEIGGS,2026-07-01T09:12:45.235263Z
46988-0010017695,46988,VIRGEN DE ESTRELLA S.A.C.,2026-05-21,001/0017695,BFI758,37.0,ARENA,14,35.52,39.78,227.54,,,SAN LORENZO,MEIGGS,2026-07-01T09:12:45.235300Z
46988-0010017696,46988,VIRGEN DE ESTRELLA S.A.C.,2026-05-21,001/0017696,D8E728,24.0,ARENA,14,30.78,34.47,197.17,,,SAN LORENZO,MEIGGS,2026-07-01T09:12:45.235331Z
46988-0010017698,46988,VIRGEN DE ESTRELLA S.A.C.,2026-05-21,001/0017698,AWW871,32.0,ARENA,14,33.81,37.87,216.62,,,SAN LORENZO,MEIGGS,2026-07-01T09:12:45.235360Z
46988-0010017699,46988,VIRGEN DE ESTRELLA S.A.C.,2026-05-21,001/0017699,D8B795,22.0,ARENA,14,31.96,35.8,204.78,,,SAN LORENZO,MEIGGS,2026-07-01T09:12:45.235388Z
46988-0010017721,46988,VIRGEN DE ESTRELLA S.A.C.,2026-05-21,001/0017721,ABN852,27.0,PIEDRA,2,36.4,37.13,212.38,,,SAN LORENZO,MEIGGS,2026-07-01T09:12:45.236359Z
46988-0010017722,46988,VIRGEN DE ESTRELLA S.A.C.,2026-05-21,001/0017722,D8B795,22.0,PIEDRA,2,34.02,34.7,198.48,,,SAN LORENZO,MEIGGS,2026-07-01T09:12:45.236387Z
46988-0010017728,46988,VIRGEN DE ESTRELLA S.A.C.,2026-05-21,001/0017728,D8B795,22.0,PIEDRA,2,33.88,34.56,197.68,,,SAN LORENZO,MEIGGS,2026-07-01T09:12:45.236416Z
46988-0010017725,46988,VIRGEN DE ESTRELLA S.A.C.,2026-05-21,001/0017725,D8D861,23.0,PIEDRA,2,36.77,36.77,210.32,,,SAN LORENZO,MEIGGS,2026-07-01T09:12:45.236699Z
47017-1910581494,47017,VIRGEN DE ESTRELLA S.A.C.,2026-05-21,191/0581494,CHS718,45.0,ARENA,14,36.18,36.18,608.86,,,JICAMARCA,CONCHAN,2026-07-01T09:16:18.119437Z
47017-1910581527,47017,VIRGEN DE ESTRELLA S.A.C.,2026-05-21,191/0581527,CCL847,44.0,ARENA,14,33.78,37.15,625.29,,,JICAMARCA,CONCHAN,2026-07-01T09:16:18.119467Z
47017-1910581530,47017,VIRGEN DE ESTRELLA S.A.C.,2026-05-21,191/0581530,CAZ895,42.0,ARENA,14,33.14,36.46,613.55,,,JICAMARCA,CONCHAN,2026-07-01T09:16:18.119497Z
47017-1910581537,47017,VIRGEN DE ESTRELLA S.A.C.,2026-05-21,191/0581537,CBA709,43.0,ARENA,14,35.4,38.94,655.29,,,JICAMARCA,CONCHAN,2026-07-01T09:16:18.119530Z
46988-1910581573,46988,VIRGEN DE ESTRELLA S.A.C.,2026-05-22,191/0581573,CHS718,45.0,ARENA,14,29.85,33.14,557.73,,,JICAMARCA,SAN ANTONIO,2026-07-01T09:12:45.229527Z
46988-1910581577,46988,VIRGEN DE ESTRELLA S.A.C.,2026-05-22,191/0581577,CAZ895,42.0,ARENA,14,32.89,36.5,614.34,,,JICAMARCA,SAN ANTONIO,2026-07-01T09:12:45.229557Z
46988-1910581579,46988,VIRGEN DE ESTRELLA S.A.C.,2026-05-22,191/0581579,CCL847,44.0,ARENA,14,30.79,34.18,575.21,,,JICAMARCA,SAN ANTONIO,2026-07-01T09:12:45.229585Z
46988-1910581627,46988,VIRGEN DE ESTRELLA S.A.C.,2026-05-22,191/0581627,CBA709,43.0,ARENA,14,32.72,36.32,611.21,,,JICAMARCA,SAN ANTONIO,2026-07-01T09:12:45.229613Z
46988-1910581642,46988,VIRGEN DE ESTRELLA S.A.C.,2026-05-22,191/0581642,CCL847,44.0,ARENA,14,33.28,36.94,621.64,,,JICAMARCA,SAN ANTONIO,2026-07-01T09:12:45.229644Z
46988-1910581645,46988,VIRGEN DE ESTRELLA S.A.C.,2026-05-22,191/0581645,CAZ895,42.0,ARENA,14,33.58,37.28,627.38,,,JICAMARCA,SAN ANTONIO,2026-07-01T09:12:45.229675Z
46988-1910581647,46988,VIRGEN DE ESTRELLA S.A.C.,2026-05-22,191/0581647,CHS718,45.0,ARENA,14,32.51,36.08,607.29,,,JICAMARCA,SAN ANTONIO,2026-07-01T09:12:45.229702Z
46988-1910581674,46988,VIRGEN DE ESTRELLA S.A.C.,2026-05-22,191/0581674,CBA709,43.0,PIEDRA,2,35.63,35.63,599.73,,,JICAMARCA,SAN ANTONIO,2026-07-01T09:12:45.229869Z
46988-1950193289,46988,VIRGEN DE ESTRELLA S.A.C.,2026-05-22,195/0193289,F3F817,1.0,PIEDRA,2,43.31,43.31,656.15,,,YERBABUENA,MEIGGS,2026-07-01T09:12:45.230761Z
46988-1950193300,46988,VIRGEN DE ESTRELLA S.A.C.,2026-05-22,195/0193300,BYP824,9.0,PIEDRA,2,47.65,47.65,721.9,,,YERBABUENA,MEIGGS,2026-07-01T09:12:45.230786Z
46988-1950193301,46988,VIRGEN DE ESTRELLA S.A.C.,2026-05-22,195/0193301,ATN880,5.0,PIEDRA,2,43.2,43.2,654.48,,,YERBABUENA,MEIGGS,2026-07-01T09:12:45.230812Z
46988-1950193299,46988,VIRGEN DE ESTRELLA S.A.C.,2026-05-22,195/0193299,AWH708,33.0,PIEDRA,2,39.8,39.8,602.97,,,YERBABUENA,MEIGGS,2026-07-01T09:12:45.230969Z
46988-1950193286,46988,VIRGEN DE ESTRELLA S.A.C.,2026-05-22,195/0193286,CBR854,14.0,ARENA,14,42.53,42.53,644.33,,,YERBABUENA,MEIGGS,2026-07-01T09:12:45.231551Z
46988-1950193290,46988,VIRGEN DE ESTRELLA S.A.C.,2026-05-22,195/0193290,C9T788,20.0,ARENA,14,36.12,36.12,547.22,,,YERBABUENA,MEIGGS,2026-07-01T09:12:45.231576Z
46988-1950193291,46988,VIRGEN DE ESTRELLA S.A.C.,2026-05-22,195/0193291,AWW871,32.0,ARENA,14,36.62,36.62,554.79,,,YERBABUENA,MEIGGS,2026-07-01T09:12:45.231600Z
46988-1950193292,46988,VIRGEN DE ESTRELLA S.A.C.,2026-05-22,195/0193292,BZR781,39.0,ARENA,14,37.78,37.78,572.37,,,YERBABUENA,MEIGGS,2026-07-01T09:12:45.231626Z
46988-1950193294,46988,VIRGEN DE ESTRELLA S.A.C.,2026-05-22,195/0193294,D8D861,23.0,ARENA,14,36.62,36.62,554.79,,,YERBABUENA,MEIGGS,2026-07-01T09:12:45.231650Z
46988-0010017744,46988,VIRGEN DE ESTRELLA S.A.C.,2026-05-22,001/0017744,D8E728,24.0,PIEDRA,2,35.84,36.74,279.22,,,SAN LORENZO,COLLIQUE,2026-07-01T09:12:45.232577Z
46988-0010017745,46988,VIRGEN DE ESTRELLA S.A.C.,2026-05-22,001/0017745,AJC805,30.0,PIEDRA,2,37.66,38.6,293.36,,,SAN LORENZO,COLLIQUE,2026-07-01T09:12:45.232600Z
46988-0010017746,46988,VIRGEN DE ESTRELLA S.A.C.,2026-05-22,001/0017746,AKE789,31.0,PIEDRA,2,36.3,37.21,282.8,,,SAN LORENZO,COLLIQUE,2026-07-01T09:12:45.232622Z
46988-0010017758,46988,VIRGEN DE ESTRELLA S.A.C.,2026-05-22,001/0017758,D8E728,24.0,PIEDRA,2,36.54,37.45,284.62,,,SAN LORENZO,COLLIQUE,2026-07-01T09:12:45.232644Z
46988-0010017760,46988,VIRGEN DE ESTRELLA S.A.C.,2026-05-22,001/0017760,AHJ786,28.0,PIEDRA,2,36.7,37.62,285.91,,,SAN LORENZO,COLLIQUE,2026-07-01T09:12:45.232668Z
46988-0010017768,46988,VIRGEN DE ESTRELLA S.A.C.,2026-05-22,001/0017768,BFC837,36.0,PIEDRA,2,36.96,37.88,287.89,,,SAN LORENZO,COLLIQUE,2026-07-01T09:12:45.232690Z
46988-0010017771,46988,VIRGEN DE ESTRELLA S.A.C.,2026-05-22,001/0017771,AWW845,34.0,PIEDRA,2,36.33,37.24,283.02,,,SAN LORENZO,COLLIQUE,2026-07-01T09:12:45.232717Z
46988-0010017773,46988,VIRGEN DE ESTRELLA S.A.C.,2026-05-22,001/0017773,F3F817,1.0,PIEDRA,2,43.51,44.6,338.96,,,SAN LORENZO,COLLIQUE,2026-07-01T09:12:45.232740Z
46988-0010017777,46988,VIRGEN DE ESTRELLA S.A.C.,2026-05-22,001/0017777,ATN880,5.0,PIEDRA,2,41.12,42.15,320.34,,,SAN LORENZO,COLLIQUE,2026-07-01T09:12:45.232762Z
46988-0010017749,46988,VIRGEN DE ESTRELLA S.A.C.,2026-05-22,001/0017749,ABL875,26.0,ARENA,14,33.25,37.57,246.83,,,SAN LORENZO,MATERIALES,2026-07-01T09:12:45.234279Z
46988-0010017750,46988,VIRGEN DE ESTRELLA S.A.C.,2026-05-22,001/0017750,BFI758,37.0,ARENA,14,36.96,41.77,274.43,,,SAN LORENZO,MATERIALES,2026-07-01T09:12:45.234305Z
46988-0010017751,46988,VIRGEN DE ESTRELLA S.A.C.,2026-05-22,001/0017751,AWW845,34.0,ARENA,14,34.88,39.42,258.99,,,SAN LORENZO,MATERIALES,2026-07-01T09:12:45.234332Z
46988-0010017752,46988,VIRGEN DE ESTRELLA S.A.C.,2026-05-22,001/0017752,ABN852,27.0,ARENA,14,35.31,39.9,262.14,,,SAN LORENZO,MATERIALES,2026-07-01T09:12:45.234357Z
46988-0010017753,46988,VIRGEN DE ESTRELLA S.A.C.,2026-05-22,001/0017753,BAE736,35.0,ARENA,14,35.52,40.14,263.72,,,SAN LORENZO,MATERIALES,2026-07-01T09:12:45.234387Z
46988-0010017754,46988,VIRGEN DE ESTRELLA S.A.C.,2026-05-22,001/0017754,D8B795,22.0,ARENA,14,32.33,36.53,240.0,,,SAN LORENZO,MATERIALES,2026-07-01T09:12:45.234414Z
46988-0010017761,46988,VIRGEN DE ESTRELLA S.A.C.,2026-05-22,001/0017761,D8D861,23.0,ARENA,14,32.15,36.33,238.69,,,SAN LORENZO,MATERIALES,2026-07-01T09:12:45.234441Z
46988-0010017762,46988,VIRGEN DE ESTRELLA S.A.C.,2026-05-22,001/0017762,AWH708,33.0,ARENA,14,35.96,40.64,267.0,,,SAN LORENZO,MATERIALES,2026-07-01T09:12:45.234470Z
46988-0010017776,46988,VIRGEN DE ESTRELLA S.A.C.,2026-05-22,001/0017776,C9T788,20.0,ARENA,14,32.61,36.85,242.1,,,SAN LORENZO,MATERIALES,2026-07-01T09:12:45.234496Z
46988-0010017735,46988,VIRGEN DE ESTRELLA S.A.C.,2026-05-22,001/0017735,AWW845,34.0,ARENA,14,33.32,36.98,211.53,,,SAN LORENZO,MEIGGS,2026-07-01T09:12:45.235418Z
46988-0010017736,46988,VIRGEN DE ESTRELLA S.A.C.,2026-05-22,001/0017736,BFI758,37.0,ARENA,14,35.02,38.87,222.34,,,SAN LORENZO,MEIGGS,2026-07-01T09:12:45.235446Z
46988-0010017737,46988,VIRGEN DE ESTRELLA S.A.C.,2026-05-22,001/0017737,BAE736,35.0,ARENA,14,33.93,37.66,215.42,,,SAN LORENZO,MEIGGS,2026-07-01T09:12:45.235474Z
46988-0010017738,46988,VIRGEN DE ESTRELLA S.A.C.,2026-05-22,001/0017738,ABN852,27.0,ARENA,14,33.34,37.01,211.7,,,SAN LORENZO,MEIGGS,2026-07-01T09:12:45.235505Z
46988-0010017742,46988,VIRGEN DE ESTRELLA S.A.C.,2026-05-22,001/0017742,D8B795,22.0,ARENA,14,32.7,36.3,207.64,,,SAN LORENZO,MEIGGS,2026-07-01T09:12:45.235534Z
46988-0010017743,46988,VIRGEN DE ESTRELLA S.A.C.,2026-05-22,001/0017743,AHJ786,28.0,ARENA,14,34.58,38.38,219.53,,,SAN LORENZO,MEIGGS,2026-07-01T09:12:45.235563Z
46988-0010017778,46988,VIRGEN DE ESTRELLA S.A.C.,2026-05-22,001/0017778,AFX735,25.0,ARENA,14,35.17,39.04,223.31,,,SAN LORENZO,MEIGGS,2026-07-01T09:12:45.235592Z
46988-0010017779,46988,VIRGEN DE ESTRELLA S.A.C.,2026-05-22,001/0017779,D8E728,24.0,ARENA,14,33.95,37.69,215.59,,,SAN LORENZO,MEIGGS,2026-07-01T09:12:45.235623Z
46988-0010017780,46988,VIRGEN DE ESTRELLA S.A.C.,2026-05-22,001/0017780,AKE789,31.0,ARENA,14,35.15,39.02,223.19,,,SAN LORENZO,MEIGGS,2026-07-01T09:12:45.235650Z
46988-0010017781,46988,VIRGEN DE ESTRELLA S.A.C.,2026-05-22,001/0017781,D8B795,22.0,ARENA,14,33.31,36.97,211.47,,,SAN LORENZO,MEIGGS,2026-07-01T09:12:45.235678Z
46988-0010017782,46988,VIRGEN DE ESTRELLA S.A.C.,2026-05-22,001/0017782,AWW871,32.0,ARENA,14,34.05,37.8,216.22,,,SAN LORENZO,MEIGGS,2026-07-01T09:12:45.235706Z
46988-0010017783,46988,VIRGEN DE ESTRELLA S.A.C.,2026-05-22,001/0017783,AJC805,30.0,ARENA,14,37.12,41.2,235.66,,,SAN LORENZO,MEIGGS,2026-07-01T09:12:45.235742Z
46988-0010017763,46988,VIRGEN DE ESTRELLA S.A.C.,2026-05-22,001/0017763,AKE789,31.0,PIEDRA,2,35.39,36.27,207.46,,,SAN LORENZO,MEIGGS,2026-07-01T09:12:45.236445Z
46988-0010017764,46988,VIRGEN DE ESTRELLA S.A.C.,2026-05-22,001/0017764,AWW871,32.0,PIEDRA,2,37.19,38.12,218.05,,,SAN LORENZO,MEIGGS,2026-07-01T09:12:45.236477Z
46988-0010017765,46988,VIRGEN DE ESTRELLA S.A.C.,2026-05-22,001/0017765,AJC805,30.0,PIEDRA,2,37.1,38.03,217.53,,,SAN LORENZO,MEIGGS,2026-07-01T09:12:45.236510Z
46988-0010017774,46988,VIRGEN DE ESTRELLA S.A.C.,2026-05-22,001/0017774,ABN852,27.0,PIEDRA,2,38.29,39.25,224.51,,,SAN LORENZO,MEIGGS,2026-07-01T09:12:45.236540Z
46988-0010017775,46988,VIRGEN DE ESTRELLA S.A.C.,2026-05-22,001/0017775,BFI758,37.0,PIEDRA,2,38.75,39.72,227.2,,,SAN LORENZO,MEIGGS,2026-07-01T09:12:45.236568Z
46988-0010017784,46988,VIRGEN DE ESTRELLA S.A.C.,2026-05-22,001/0017784,D8D861,23.0,PIEDRA,2,35.07,35.95,205.63,,,SAN LORENZO,MEIGGS,2026-07-01T09:12:45.236599Z
46988-0010017785,46988,VIRGEN DE ESTRELLA S.A.C.,2026-05-22,001/0017785,ABL875,26.0,PIEDRA,2,37.84,38.79,221.88,,,SAN LORENZO,MEIGGS,2026-07-01T09:12:45.236632Z
46988-0010017770,46988,VIRGEN DE ESTRELLA S.A.C.,2026-05-22,001/0017770,ABL875,26.0,PIEDRA,2,38.16,38.16,218.28,,,SAN LORENZO,MEIGGS,2026-07-01T09:12:45.236740Z
46988-1910581719,46988,VIRGEN DE ESTRELLA S.A.C.,2026-05-23,191/0581719,CHS718,45.0,PIEDRA,2,35.49,35.49,352.47,,,JICAMARCA,ANCIETA,2026-07-01T09:12:45.228449Z
46988-1910581792,46988,VIRGEN DE ESTRELLA S.A.C.,2026-05-23,191/0581792,CHS718,45.0,ARENA,14,32.41,35.98,503.72,,,JICAMARCA,VILLA 1,2026-07-01T09:12:45.228998Z
46988-1910581765,46988,VIRGEN DE ESTRELLA S.A.C.,2026-05-23,191/0581765,CAZ895,42.0,PIEDRA,2,36.87,37.08,530.61,,,JICAMARCA,EMBOLSADOS INS. Y SUM.,2026-07-01T09:12:45.229217Z
46988-1910581781,46988,VIRGEN DE ESTRELLA S.A.C.,2026-05-23,191/0581781,CBA709,43.0,PIEDRA,2,33.57,33.76,483.11,,,JICAMARCA,EMBOLSADOS INS. Y SUM.,2026-07-01T09:12:45.229244Z
46988-1910581700,46988,VIRGEN DE ESTRELLA S.A.C.,2026-05-23,191/0581700,CAZ895,42.0,ARENA,14,30.54,33.9,570.51,,,JICAMARCA,SAN ANTONIO,2026-07-01T09:12:45.229733Z
46988-1910581698,46988,VIRGEN DE ESTRELLA S.A.C.,2026-05-23,191/0581698,CCL847,44.0,PIEDRA,2,34.3,34.3,577.29,,,JICAMARCA,SAN ANTONIO,2026-07-01T09:12:45.229897Z
46988-1910581738,46988,VIRGEN DE ESTRELLA S.A.C.,2026-05-23,191/0581738,CBA709,43.0,PIEDRA,2,36.26,36.25,610.16,,,JICAMARCA,SAN ANTONIO,2026-07-01T09:12:45.229926Z
46988-1910581764,46988,VIRGEN DE ESTRELLA S.A.C.,2026-05-23,191/0581764,CCL847,44.0,PIEDRA,2,36.19,36.19,609.12,,,JICAMARCA,SAN ANTONIO,2026-07-01T09:12:45.229952Z
46988-1950193363,46988,VIRGEN DE ESTRELLA S.A.C.,2026-05-23,195/0193363,CBR854,14.0,PIEDRA,2,44.71,44.71,677.36,,,YERBABUENA,MEIGGS,2026-07-01T09:12:45.230837Z
46988-1950193366,46988,VIRGEN DE ESTRELLA S.A.C.,2026-05-23,195/0193366,CBR796,18.0,PIEDRA,2,44.63,44.63,676.14,,,YERBABUENA,MEIGGS,2026-07-01T09:12:45.230862Z
46988-1950193388,46988,VIRGEN DE ESTRELLA S.A.C.,2026-05-23,195/0193388,BYP824,9.0,PIEDRA,2,46.89,46.89,710.38,,,YERBABUENA,MEIGGS,2026-07-01T09:12:45.230888Z
46988-1950193395,46988,VIRGEN DE ESTRELLA S.A.C.,2026-05-23,195/0193395,BYP838,10.0,PIEDRA,2,43.06,43.06,652.36,,,YERBABUENA,MEIGGS,2026-07-01T09:12:45.230912Z
46988-1950193364,46988,VIRGEN DE ESTRELLA S.A.C.,2026-05-23,195/0193364,BFI758,37.0,ARENA,14,36.51,36.51,553.13,,,YERBABUENA,MEIGGS,2026-07-01T09:12:45.231677Z
46988-1950193365,46988,VIRGEN DE ESTRELLA S.A.C.,2026-05-23,195/0193365,AWH708,33.0,ARENA,14,36.45,36.45,552.22,,,YERBABUENA,MEIGGS,2026-07-01T09:12:45.231701Z
46988-1950193368,46988,VIRGEN DE ESTRELLA S.A.C.,2026-05-23,195/0193368,ATN880,5.0,ARENA,14,46.42,46.42,703.26,,,YERBABUENA,MEIGGS,2026-07-01T09:12:45.231738Z
46988-0010017787,46988,VIRGEN DE ESTRELLA S.A.C.,2026-05-23,001/0017787,AHJ786,28.0,PIEDRA,2,37.82,38.77,294.65,,,SAN LORENZO,COLLIQUE,2026-07-01T09:12:45.232788Z
46988-0010017788,46988,VIRGEN DE ESTRELLA S.A.C.,2026-05-23,001/0017788,ABN852,27.0,PIEDRA,2,37.81,38.76,294.58,,,SAN LORENZO,COLLIQUE,2026-07-01T09:12:45.232813Z
46988-0010017789,46988,VIRGEN DE ESTRELLA S.A.C.,2026-05-23,001/0017789,BFI758,37.0,PIEDRA,2,38.53,39.49,300.12,,,SAN LORENZO,COLLIQUE,2026-07-01T09:12:45.232837Z
46988-0010017797,46988,VIRGEN DE ESTRELLA S.A.C.,2026-05-23,001/0017797,BZR940,40.0,PIEDRA,2,35.51,36.4,276.64,,,SAN LORENZO,COLLIQUE,2026-07-01T09:12:45.232860Z
46988-0010017798,46988,VIRGEN DE ESTRELLA S.A.C.,2026-05-23,001/0017798,AJC805,30.0,PIEDRA,2,36.77,37.69,286.44,,,SAN LORENZO,COLLIQUE,2026-07-01T09:12:45.232883Z
46988-0010017799,46988,VIRGEN DE ESTRELLA S.A.C.,2026-05-23,001/0017799,D8D861,23.0,PIEDRA,2,34.69,35.56,270.26,,,SAN LORENZO,COLLIQUE,2026-07-01T09:12:45.232908Z
46988-0010017804,46988,VIRGEN DE ESTRELLA S.A.C.,2026-05-23,001/0017804,BZR752,38.0,PIEDRA,2,36.94,37.86,287.74,,,SAN LORENZO,COLLIQUE,2026-07-01T09:12:45.232932Z
46988-0010017811,46988,VIRGEN DE ESTRELLA S.A.C.,2026-05-23,001/0017811,AHJ786,28.0,PIEDRA,2,36.75,37.67,286.29,,,SAN LORENZO,COLLIQUE,2026-07-01T09:12:45.232956Z
46988-0010017801,46988,VIRGEN DE ESTRELLA S.A.C.,2026-05-23,001/0017801,D8D945,,ARENA,14,30.56,34.53,226.86,,,SAN LORENZO,MATERIALES,2026-07-01T09:12:45.234537Z
46988-0010017802,46988,VIRGEN DE ESTRELLA S.A.C.,2026-05-23,001/0017802,ABN852,27.0,ARENA,14,35.94,40.61,266.81,,,SAN LORENZO,MATERIALES,2026-07-01T09:12:45.234570Z
46988-0010017809,46988,VIRGEN DE ESTRELLA S.A.C.,2026-05-23,001/0017809,D8E728,24.0,ARENA,14,32.5,36.73,241.32,,,SAN LORENZO,MATERIALES,2026-07-01T09:12:45.234596Z
46988-0010017810,46988,VIRGEN DE ESTRELLA S.A.C.,2026-05-23,001/0017810,ABL875,26.0,ARENA,14,35.96,40.63,266.94,,,SAN LORENZO,MATERIALES,2026-07-01T09:12:45.234623Z
46988-0010017813,46988,VIRGEN DE ESTRELLA S.A.C.,2026-05-23,001/0017813,ABL875,26.0,ARENA,14,35.26,39.84,261.75,,,SAN LORENZO,MATERIALES,2026-07-01T09:12:45.234649Z
46988-0010017815,46988,VIRGEN DE ESTRELLA S.A.C.,2026-05-23,001/0017815,AKE789,31.0,ARENA,14,33.71,38.09,250.25,,,SAN LORENZO,MATERIALES,2026-07-01T09:12:45.234675Z
46988-0010017816,46988,VIRGEN DE ESTRELLA S.A.C.,2026-05-23,001/0017816,D8D861,23.0,ARENA,14,32.66,36.91,242.5,,,SAN LORENZO,MATERIALES,2026-07-01T09:12:45.234701Z
46988-0010017817,46988,VIRGEN DE ESTRELLA S.A.C.,2026-05-23,001/0017817,AJC805,30.0,ARENA,14,35.27,39.85,261.81,,,SAN LORENZO,MATERIALES,2026-07-01T09:12:45.234738Z
46988-0010017818,46988,VIRGEN DE ESTRELLA S.A.C.,2026-05-23,001/0017818,AHJ786,28.0,ARENA,14,36.18,40.88,268.58,,,SAN LORENZO,MATERIALES,2026-07-01T09:12:45.234769Z
46988-0010017790,46988,VIRGEN DE ESTRELLA S.A.C.,2026-05-23,001/0017790,AWW845,34.0,ARENA,14,37.72,42.25,241.67,,,SAN LORENZO,MEIGGS,2026-07-01T09:12:45.235773Z
46988-0010017794,46988,VIRGEN DE ESTRELLA S.A.C.,2026-05-23,001/0017794,AHJ786,28.0,ARENA,14,31.13,34.86,199.4,,,SAN LORENZO,MEIGGS,2026-07-01T09:12:45.235800Z
46988-0010017795,46988,VIRGEN DE ESTRELLA S.A.C.,2026-05-23,001/0017795,D8E728,24.0,ARENA,14,34.04,38.13,218.1,,,SAN LORENZO,MEIGGS,2026-07-01T09:12:45.235827Z
46988-0010017796,46988,VIRGEN DE ESTRELLA S.A.C.,2026-05-23,001/0017796,ABL875,26.0,ARENA,14,30.84,34.54,197.57,,,SAN LORENZO,MEIGGS,2026-07-01T09:12:45.235857Z
46988-0010017803,46988,VIRGEN DE ESTRELLA S.A.C.,2026-05-23,001/0017803,AKE789,31.0,ARENA,14,35.23,39.46,225.71,,,SAN LORENZO,MEIGGS,2026-07-01T09:12:45.235884Z
46988-0010017805,46988,VIRGEN DE ESTRELLA S.A.C.,2026-05-23,001/0017805,D8B795,22.0,ARENA,14,33.1,37.07,212.04,,,SAN LORENZO,MEIGGS,2026-07-01T09:12:45.235917Z
46988-0010017806,46988,VIRGEN DE ESTRELLA S.A.C.,2026-05-23,001/0017806,ABN852,27.0,ARENA,14,31.52,35.3,201.92,,,SAN LORENZO,MEIGGS,2026-07-01T09:12:45.235949Z
47017-1910581919,47017,VIRGEN DE ESTRELLA S.A.C.,2026-05-25,191/0581919,CAZ895,42.0,ARENA,14,37.25,41.72,498.97,,,JICAMARCA,SAN JUAN,2026-07-01T09:16:18.118928Z
47017-1910581920,47017,VIRGEN DE ESTRELLA S.A.C.,2026-05-25,191/0581920,CCL847,44.0,ARENA,14,32.67,36.59,437.62,,,JICAMARCA,SAN JUAN,2026-07-01T09:16:18.119019Z
47017-1910581923,47017,VIRGEN DE ESTRELLA S.A.C.,2026-05-25,191/0581923,CBA709,43.0,ARENA,14,32.8,36.74,439.41,,,JICAMARCA,SAN JUAN,2026-07-01T09:16:18.119074Z
47017-1910581930,47017,VIRGEN DE ESTRELLA S.A.C.,2026-05-25,191/0581930,C9W737,21.0,ARENA,14,31.98,35.82,428.41,,,JICAMARCA,SAN JUAN,2026-07-01T09:16:18.119117Z
47017-1910581858,47017,VIRGEN DE ESTRELLA S.A.C.,2026-05-25,191/0581858,CBA709,43.0,ARENA,14,33.76,36.46,435.7,,,JICAMARCA,COLLIQUE,2026-07-01T09:16:18.119726Z
47017-1910581834,47017,VIRGEN DE ESTRELLA S.A.C.,2026-05-25,191/0581834,CHS718,45.0,PIEDRA,2,35.88,36.08,516.3,,,JICAMARCA,EMBOLSADOS INS. Y SUM.,2026-07-01T09:16:18.119837Z
47017-1910581837,47017,VIRGEN DE ESTRELLA S.A.C.,2026-05-25,191/0581837,CAZ895,42.0,PIEDRA,2,37.57,37.78,540.63,,,JICAMARCA,EMBOLSADOS INS. Y SUM.,2026-07-01T09:16:18.119864Z
47017-1910581841,47017,VIRGEN DE ESTRELLA S.A.C.,2026-05-25,191/0581841,CCL847,44.0,PIEDRA,2,37.22,37.43,535.62,,,JICAMARCA,EMBOLSADOS INS. Y SUM.,2026-07-01T09:16:18.119890Z
47017-1950193478,47017,VIRGEN DE ESTRELLA S.A.C.,2026-05-25,195/0193478,BFI758,37.0,PIEDRA,2,36.09,36.09,546.76,,,YERBABUENA,MEIGGS,2026-07-01T09:16:18.121414Z
47017-1950193440,47017,VIRGEN DE ESTRELLA S.A.C.,2026-05-25,195/0193440,F3F817,1.0,PIEDRA,2,44.48,44.48,673.87,,,YERBABUENA,MEIGGS,2026-07-01T09:16:18.121654Z
47017-1950193443,47017,VIRGEN DE ESTRELLA S.A.C.,2026-05-25,195/0193443,BYP838,10.0,PIEDRA,2,43.64,43.64,661.15,,,YERBABUENA,MEIGGS,2026-07-01T09:16:18.121678Z
47017-1950193444,47017,VIRGEN DE ESTRELLA S.A.C.,2026-05-25,195/0193444,ATN880,5.0,PIEDRA,2,45.37,45.37,687.36,,,YERBABUENA,MEIGGS,2026-07-01T09:16:18.121701Z
47017-1950193479,47017,VIRGEN DE ESTRELLA S.A.C.,2026-05-25,195/0193479,CBR796,18.0,PIEDRA,2,39.44,39.44,597.52,,,YERBABUENA,MEIGGS,2026-07-01T09:16:18.121730Z
47017-1950193480,47017,VIRGEN DE ESTRELLA S.A.C.,2026-05-25,195/0193480,BYP824,9.0,PIEDRA,2,39.99,39.99,605.85,,,YERBABUENA,MEIGGS,2026-07-01T09:16:18.121754Z
47017-1950193481,47017,VIRGEN DE ESTRELLA S.A.C.,2026-05-25,195/0193481,ATN880,5.0,PIEDRA,2,42.65,42.65,646.15,,,YERBABUENA,MEIGGS,2026-07-01T09:16:18.121777Z
47017-1950193462,47017,VIRGEN DE ESTRELLA S.A.C.,2026-05-25,195/0193462,AWW871,32.0,PIEDRA,2,35.45,35.45,537.07,,,YERBABUENA,MEIGGS,2026-07-01T09:16:18.122442Z
47017-1950193432,47017,VIRGEN DE ESTRELLA S.A.C.,2026-05-25,195/0193432,CBR854,14.0,ARENA,14,40.27,40.27,610.09,,,YERBABUENA,MEIGGS,2026-07-01T09:16:18.122598Z
47017-1950193434,47017,VIRGEN DE ESTRELLA S.A.C.,2026-05-25,195/0193434,D8D861,23.0,ARENA,14,38.64,38.64,585.4,,,YERBABUENA,MEIGGS,2026-07-01T09:16:18.122626Z
47017-1950193435,47017,VIRGEN DE ESTRELLA S.A.C.,2026-05-25,195/0193435,BFI758,37.0,ARENA,14,39.82,39.82,603.27,,,YERBABUENA,MEIGGS,2026-07-01T09:16:18.122653Z
47017-1950193441,47017,VIRGEN DE ESTRELLA S.A.C.,2026-05-25,195/0193441,AWH708,33.0,ARENA,14,39.16,39.16,593.27,,,YERBABUENA,MEIGGS,2026-07-01T09:16:18.122679Z
47017-1950193442,47017,VIRGEN DE ESTRELLA S.A.C.,2026-05-25,195/0193442,C9T788,20.0,ARENA,14,35.78,35.78,542.07,,,YERBABUENA,MEIGGS,2026-07-01T09:16:18.122705Z
47017-1950193475,47017,VIRGEN DE ESTRELLA S.A.C.,2026-05-25,195/0193475,D8B795,22.0,ARENA,14,46.69,46.69,707.35,,,YERBABUENA,MEIGGS,2026-07-01T09:16:18.122741Z
47017-1950193486,47017,VIRGEN DE ESTRELLA S.A.C.,2026-05-25,195/0193486,C9T788,20.0,ARENA,14,37.33,37.33,565.55,,,YERBABUENA,MEIGGS,2026-07-01T09:16:18.122797Z
47017-1950193487,47017,VIRGEN DE ESTRELLA S.A.C.,2026-05-25,195/0193487,AWH708,33.0,ARENA,14,39.02,39.02,591.15,,,YERBABUENA,MEIGGS,2026-07-01T09:16:18.122823Z
47017-1950193488,47017,VIRGEN DE ESTRELLA S.A.C.,2026-05-25,195/0193488,F3F817,1.0,ARENA,14,42.5,42.5,643.88,,,YERBABUENA,MEIGGS,2026-07-01T09:16:18.122852Z
47017-1950193498,47017,VIRGEN DE ESTRELLA S.A.C.,2026-05-25,195/0193498,BYP838,10.0,ARENA,14,45.04,45.04,682.36,,,YERBABUENA,MEIGGS,2026-07-01T09:16:18.122879Z
47017-0010017848,47017,VIRGEN DE ESTRELLA S.A.C.,2026-05-25,001/0017848,BAE736,35.0,PIEDRA,2,38.2,39.15,297.54,,,SAN LORENZO,COLLIQUE,2026-07-01T09:16:18.124414Z
47017-0010017850,47017,VIRGEN DE ESTRELLA S.A.C.,2026-05-25,001/0017850,AHJ786,28.0,PIEDRA,2,37.95,38.9,295.64,,,SAN LORENZO,COLLIQUE,2026-07-01T09:16:18.124443Z
47017-0010017852,47017,VIRGEN DE ESTRELLA S.A.C.,2026-05-25,001/0017852,ABL875,26.0,PIEDRA,2,37.22,38.15,289.94,,,SAN LORENZO,COLLIQUE,2026-07-01T09:16:18.124472Z
47017-0010017860,47017,VIRGEN DE ESTRELLA S.A.C.,2026-05-25,001/0017860,D8B795,22.0,PIEDRA,2,33.44,34.28,260.53,,,SAN LORENZO,COLLIQUE,2026-07-01T09:16:18.124500Z
47017-0010017861,47017,VIRGEN DE ESTRELLA S.A.C.,2026-05-25,001/0017861,AJC805,30.0,PIEDRA,2,38.25,39.21,298.0,,,SAN LORENZO,COLLIQUE,2026-07-01T09:16:18.124529Z
47017-0010017862,47017,VIRGEN DE ESTRELLA S.A.C.,2026-05-25,001/0017862,D8E728,24.0,PIEDRA,2,34.78,35.65,270.94,,,SAN LORENZO,COLLIQUE,2026-07-01T09:16:18.124561Z
47017-0010017865,47017,VIRGEN DE ESTRELLA S.A.C.,2026-05-25,001/0017865,CBR854,14.0,PIEDRA,2,36.03,36.93,280.67,,,SAN LORENZO,COLLIQUE,2026-07-01T09:16:18.124590Z
47017-0010017867,47017,VIRGEN DE ESTRELLA S.A.C.,2026-05-25,001/0017867,ABL875,26.0,PIEDRA,2,37.15,38.08,289.41,,,SAN LORENZO,COLLIQUE,2026-07-01T09:16:18.124621Z
47017-0010017833,47017,VIRGEN DE ESTRELLA S.A.C.,2026-05-25,001/0017833,BAE736,35.0,ARENA,14,35.77,40.42,265.56,,,SAN LORENZO,MATERIALES,2026-07-01T09:16:18.126495Z
47017-0010017836,47017,VIRGEN DE ESTRELLA S.A.C.,2026-05-25,001/0017836,AHJ786,28.0,ARENA,14,34.46,38.94,255.84,,,SAN LORENZO,MATERIALES,2026-07-01T09:16:18.126521Z
47017-0010017838,47017,VIRGEN DE ESTRELLA S.A.C.,2026-05-25,001/0017838,ABL875,26.0,ARENA,14,35.86,40.52,266.22,,,SAN LORENZO,MATERIALES,2026-07-01T09:16:18.126546Z
47017-0010017839,47017,VIRGEN DE ESTRELLA S.A.C.,2026-05-25,001/0017839,ABN852,27.0,ARENA,14,34.22,38.67,254.06,,,SAN LORENZO,MATERIALES,2026-07-01T09:16:18.126573Z
47017-0010017840,47017,VIRGEN DE ESTRELLA S.A.C.,2026-05-25,001/0017840,AJC805,30.0,ARENA,14,38.16,43.12,283.3,,,SAN LORENZO,MATERIALES,2026-07-01T09:16:18.126599Z
47017-0010017842,47017,VIRGEN DE ESTRELLA S.A.C.,2026-05-25,001/0017842,AWW845,34.0,ARENA,14,35.03,39.58,260.04,,,SAN LORENZO,MATERIALES,2026-07-01T09:16:18.126624Z
47017-0010017843,47017,VIRGEN DE ESTRELLA S.A.C.,2026-05-25,001/0017843,D8B795,22.0,ARENA,14,33.63,38.0,249.66,,,SAN LORENZO,MATERIALES,2026-07-01T09:16:18.126653Z
47017-0010017845,47017,VIRGEN DE ESTRELLA S.A.C.,2026-05-25,001/0017845,AKE789,31.0,ARENA,14,33.81,38.21,251.04,,,SAN LORENZO,MATERIALES,2026-07-01T09:16:18.126679Z
47017-0010017846,47017,VIRGEN DE ESTRELLA S.A.C.,2026-05-25,001/0017846,BZR752,38.0,ARENA,14,37.8,42.71,280.6,,,SAN LORENZO,MATERIALES,2026-07-01T09:16:18.126705Z
47017-0010017847,47017,VIRGEN DE ESTRELLA S.A.C.,2026-05-25,001/0017847,D8E728,24.0,ARENA,14,33.81,38.2,250.97,,,SAN LORENZO,MATERIALES,2026-07-01T09:16:18.126738Z
47017-0010017864,47017,VIRGEN DE ESTRELLA S.A.C.,2026-05-25,001/0017864,BZR752,38.0,ARENA,14,37.69,42.59,279.82,,,SAN LORENZO,MATERIALES,2026-07-01T09:16:18.126763Z
47017-0010017868,47017,VIRGEN DE ESTRELLA S.A.C.,2026-05-25,001/0017868,BFI758,37.0,ARENA,14,38.22,43.19,283.76,,,SAN LORENZO,MATERIALES,2026-07-01T09:16:18.126789Z
47017-0010017819,47017,VIRGEN DE ESTRELLA S.A.C.,2026-05-25,001/0017819,ABN852,27.0,ARENA,14,35.13,40.22,230.06,,,SAN LORENZO,MEIGGS,2026-07-01T09:16:18.127255Z
47017-0010017820,47017,VIRGEN DE ESTRELLA S.A.C.,2026-05-25,001/0017820,BAE736,35.0,ARENA,14,32.8,37.56,214.84,,,SAN LORENZO,MEIGGS,2026-07-01T09:16:18.127282Z
47017-0010017822,47017,VIRGEN DE ESTRELLA S.A.C.,2026-05-25,001/0017822,AWW845,34.0,ARENA,14,34.68,39.71,227.14,,,SAN LORENZO,MEIGGS,2026-07-01T09:16:18.127309Z
47017-0010017825,47017,VIRGEN DE ESTRELLA S.A.C.,2026-05-25,001/0017825,D8B795,22.0,ARENA,14,30.93,35.42,202.6,,,SAN LORENZO,MEIGGS,2026-07-01T09:16:18.127333Z
47017-0010017826,47017,VIRGEN DE ESTRELLA S.A.C.,2026-05-25,001/0017826,ABL875,26.0,ARENA,14,33.25,38.07,217.76,,,SAN LORENZO,MEIGGS,2026-07-01T09:16:18.127358Z
47017-0010017853,47017,VIRGEN DE ESTRELLA S.A.C.,2026-05-25,001/0017853,D8B795,22.0,PIEDRA,2,35.56,36.27,207.46,,,SAN LORENZO,MEIGGS,2026-07-01T09:16:18.128147Z
47017-0010017854,47017,VIRGEN DE ESTRELLA S.A.C.,2026-05-25,001/0017854,ABN852,27.0,PIEDRA,2,37.25,37.99,217.3,,,SAN LORENZO,MEIGGS,2026-07-01T09:16:18.128170Z
47017-0010017855,47017,VIRGEN DE ESTRELLA S.A.C.,2026-05-25,001/0017855,AWW845,34.0,PIEDRA,2,38.17,38.93,222.68,,,SAN LORENZO,MEIGGS,2026-07-01T09:16:18.128195Z
47017-0010017858,47017,VIRGEN DE ESTRELLA S.A.C.,2026-05-25,001/0017858,ABN852,27.0,PIEDRA,2,38.73,39.5,225.94,,,SAN LORENZO,MEIGGS,2026-07-01T09:16:18.128219Z
47017-0010017859,47017,VIRGEN DE ESTRELLA S.A.C.,2026-05-25,001/0017859,BAE736,35.0,PIEDRA,2,36.92,37.66,215.42,,,SAN LORENZO,MEIGGS,2026-07-01T09:16:18.128245Z
47017-0010017863,47017,VIRGEN DE ESTRELLA S.A.C.,2026-05-25,001/0017863,AKE789,31.0,PIEDRA,2,36.75,37.49,214.44,,,SAN LORENZO,MEIGGS,2026-07-01T09:16:18.128268Z
47017-0010017830,47017,VIRGEN DE ESTRELLA S.A.C.,2026-05-25,001/0017830,AJC805,30.0,PIEDRA,2,38.95,38.95,222.79,,,SAN LORENZO,MEIGGS,2026-07-01T09:16:18.128591Z
47017-1910582007,47017,VIRGEN DE ESTRELLA S.A.C.,2026-05-26,191/0582007,C9W737,21.0,PIEDRA,2,34.49,34.49,342.46,,,JICAMARCA,ANCIETA,2026-07-01T09:16:18.119288Z
47017-1910582035,47017,VIRGEN DE ESTRELLA S.A.C.,2026-05-26,191/0582035,CBA709,43.0,PIEDRA,2,37.0,37.0,367.4,,,JICAMARCA,ANCIETA,2026-07-01T09:16:18.119318Z
47017-1910582123,47017,VIRGEN DE ESTRELLA S.A.C.,2026-05-26,191/0582123,C9W737,21.0,ARENA,14,31.76,34.94,587.99,,,JICAMARCA,CONCHAN,2026-07-01T09:16:18.119565Z
47017-1910581982,47017,VIRGEN DE ESTRELLA S.A.C.,2026-05-26,191/0581982,CHS718,45.0,ARENA,14,33.01,36.64,616.68,,,JICAMARCA,SAN ANTONIO,2026-07-01T09:16:18.120004Z
47017-1910581985,47017,VIRGEN DE ESTRELLA S.A.C.,2026-05-26,191/0581985,CAZ895,42.0,ARENA,14,32.95,36.58,615.64,,,JICAMARCA,SAN ANTONIO,2026-07-01T09:16:18.120033Z
47017-1910581988,47017,VIRGEN DE ESTRELLA S.A.C.,2026-05-26,191/0581988,CCL847,44.0,ARENA,14,32.28,35.84,603.12,,,JICAMARCA,SAN ANTONIO,2026-07-01T09:16:18.120060Z
47017-1910582059,47017,VIRGEN DE ESTRELLA S.A.C.,2026-05-26,191/0582059,C9W737,21.0,ARENA,14,32.52,36.1,607.55,,,JICAMARCA,SAN ANTONIO,2026-07-01T09:16:18.120087Z
47017-1910582060,47017,VIRGEN DE ESTRELLA S.A.C.,2026-05-26,191/0582060,CHS718,45.0,ARENA,14,34.62,38.42,646.68,,,JICAMARCA,SAN ANTONIO,2026-07-01T09:16:18.120119Z
47017-1910582063,47017,VIRGEN DE ESTRELLA S.A.C.,2026-05-26,191/0582063,CBA709,43.0,ARENA,14,35.02,38.87,654.25,,,JICAMARCA,SAN ANTONIO,2026-07-01T09:16:18.120148Z
47017-1910582065,47017,VIRGEN DE ESTRELLA S.A.C.,2026-05-26,191/0582065,CCL847,44.0,ARENA,14,33.14,36.78,619.03,,,JICAMARCA,SAN ANTONIO,2026-07-01T09:16:18.120178Z
47017-1910582067,47017,VIRGEN DE ESTRELLA S.A.C.,2026-05-26,191/0582067,CAZ895,42.0,ARENA,14,33.43,37.11,624.51,,,JICAMARCA,SAN ANTONIO,2026-07-01T09:16:18.120206Z
47017-1910582128,47017,VIRGEN DE ESTRELLA S.A.C.,2026-05-26,191/0582128,CAZ895,42.0,PIEDRA,2,31.94,31.94,537.47,,,JICAMARCA,SAN ANTONIO,2026-07-01T09:16:18.120576Z
47017-1950193445,47017,VIRGEN DE ESTRELLA S.A.C.,2026-05-26,195/0193445,AWW871,32.0,PIEDRA,2,34.87,34.87,514.33,,,YERBABUENA,MATERIALES,2026-07-01T09:16:18.121284Z
47017-1950193531,47017,VIRGEN DE ESTRELLA S.A.C.,2026-05-26,195/0193531,ATN880,5.0,PIEDRA,2,41.65,41.65,631.0,,,YERBABUENA,MEIGGS,2026-07-01T09:16:18.121437Z
47017-1950193499,47017,VIRGEN DE ESTRELLA S.A.C.,2026-05-26,195/0193499,AWW871,32.0,PIEDRA,2,36.93,36.93,559.49,,,YERBABUENA,MEIGGS,2026-07-01T09:16:18.121801Z
47017-1950193512,47017,VIRGEN DE ESTRELLA S.A.C.,2026-05-26,195/0193512,CBR854,14.0,PIEDRA,2,42.75,42.75,647.66,,,YERBABUENA,MEIGGS,2026-07-01T09:16:18.121825Z
47017-1950193518,47017,VIRGEN DE ESTRELLA S.A.C.,2026-05-26,195/0193518,F3F817,1.0,PIEDRA,2,42.83,42.83,648.87,,,YERBABUENA,MEIGGS,2026-07-01T09:16:18.121851Z
47017-1950193520,47017,VIRGEN DE ESTRELLA S.A.C.,2026-05-26,195/0193520,BYP838,10.0,PIEDRA,2,43.87,43.87,664.63,,,YERBABUENA,MEIGGS,2026-07-01T09:16:18.121878Z
47017-1950193568,47017,VIRGEN DE ESTRELLA S.A.C.,2026-05-26,195/0193568,CBR854,14.0,PIEDRA,2,42.23,42.23,639.78,,,YERBABUENA,MEIGGS,2026-07-01T09:16:18.121901Z
47017-1950193571,47017,VIRGEN DE ESTRELLA S.A.C.,2026-05-26,195/0193571,ATN880,5.0,PIEDRA,2,40.99,40.99,621.0,,,YERBABUENA,MEIGGS,2026-07-01T09:16:18.121924Z
47017-1950193483,47017,VIRGEN DE ESTRELLA S.A.C.,2026-05-26,195/0193483,D8D861,23.0,ARENA,14,36.77,36.77,557.07,,,YERBABUENA,MEIGGS,2026-07-01T09:16:18.122768Z
47017-1950193511,47017,VIRGEN DE ESTRELLA S.A.C.,2026-05-26,195/0193511,BFI758,37.0,ARENA,14,38.17,38.17,578.28,,,YERBABUENA,MEIGGS,2026-07-01T09:16:18.122909Z
47017-1950193524,47017,VIRGEN DE ESTRELLA S.A.C.,2026-05-26,195/0193524,AWH708,33.0,ARENA,14,39.59,39.59,599.79,,,YERBABUENA,MEIGGS,2026-07-01T09:16:18.122935Z
47017-1950193530,47017,VIRGEN DE ESTRELLA S.A.C.,2026-05-26,195/0193530,BYP824,9.0,ARENA,14,40.11,40.11,607.67,,,YERBABUENA,MEIGGS,2026-07-01T09:16:18.122959Z
47017-1950193532,47017,VIRGEN DE ESTRELLA S.A.C.,2026-05-26,195/0193532,C9T788,20.0,ARENA,14,36.79,36.79,557.37,,,YERBABUENA,MEIGGS,2026-07-01T09:16:18.122985Z
47017-1950193550,47017,VIRGEN DE ESTRELLA S.A.C.,2026-05-26,195/0193550,D8D861,23.0,ARENA,14,35.41,35.41,536.46,,,YERBABUENA,MEIGGS,2026-07-01T09:16:18.123036Z
47017-1950193566,47017,VIRGEN DE ESTRELLA S.A.C.,2026-05-26,195/0193566,BFI758,37.0,ARENA,14,41.56,41.56,629.63,,,YERBABUENA,MEIGGS,2026-07-01T09:16:18.123062Z
47017-1950193569,47017,VIRGEN DE ESTRELLA S.A.C.,2026-05-26,195/0193569,AWH708,33.0,ARENA,14,38.91,38.91,589.49,,,YERBABUENA,MEIGGS,2026-07-01T09:16:18.123087Z
47017-1950193576,47017,VIRGEN DE ESTRELLA S.A.C.,2026-05-26,195/0193576,F3F817,1.0,ARENA,14,45.97,45.97,696.45,,,YERBABUENA,MEIGGS,2026-07-01T09:16:18.123117Z
47017-1950193585,47017,VIRGEN DE ESTRELLA S.A.C.,2026-05-26,195/0193585,BYP824,9.0,ARENA,14,46.04,46.04,697.51,,,YERBABUENA,MEIGGS,2026-07-01T09:16:18.123144Z
47017-1950193586,47017,VIRGEN DE ESTRELLA S.A.C.,2026-05-26,195/0193586,BYP838,10.0,ARENA,14,47.17,47.17,714.63,,,YERBABUENA,MEIGGS,2026-07-01T09:16:18.123174Z
47017-0010017871,47017,VIRGEN DE ESTRELLA S.A.C.,2026-05-26,001/0017871,ABN852,27.0,PIEDRA,2,38.55,39.51,300.28,,,SAN LORENZO,COLLIQUE,2026-07-01T09:16:18.124652Z
47017-0010017873,47017,VIRGEN DE ESTRELLA S.A.C.,2026-05-26,001/0017873,AFX735,25.0,PIEDRA,2,39.57,40.56,308.26,,,SAN LORENZO,COLLIQUE,2026-07-01T09:16:18.124685Z
47017-0010017874,47017,VIRGEN DE ESTRELLA S.A.C.,2026-05-26,001/0017874,D8B795,22.0,PIEDRA,2,35.33,36.21,275.2,,,SAN LORENZO,COLLIQUE,2026-07-01T09:16:18.124724Z
47017-0010017875,47017,VIRGEN DE ESTRELLA S.A.C.,2026-05-26,001/0017875,BZR752,38.0,PIEDRA,2,38.35,39.31,298.76,,,SAN LORENZO,COLLIQUE,2026-07-01T09:16:18.124753Z
47017-0010017880,47017,VIRGEN DE ESTRELLA S.A.C.,2026-05-26,001/0017880,D8E728,24.0,PIEDRA,2,35.2,36.08,274.21,,,SAN LORENZO,COLLIQUE,2026-07-01T09:16:18.124783Z
47017-0010017882,47017,VIRGEN DE ESTRELLA S.A.C.,2026-05-26,001/0017882,AHJ786,28.0,PIEDRA,2,38.37,39.33,298.91,,,SAN LORENZO,COLLIQUE,2026-07-01T09:16:18.124817Z
47017-0010017896,47017,VIRGEN DE ESTRELLA S.A.C.,2026-05-26,001/0017896,AHJ786,28.0,PIEDRA,2,36.38,37.29,283.4,,,SAN LORENZO,COLLIQUE,2026-07-01T09:16:18.124845Z
47017-0010017897,47017,VIRGEN DE ESTRELLA S.A.C.,2026-05-26,001/0017897,AKE789,31.0,PIEDRA,2,35.49,36.38,276.49,,,SAN LORENZO,COLLIQUE,2026-07-01T09:16:18.124874Z
47017-0010017898,47017,VIRGEN DE ESTRELLA S.A.C.,2026-05-26,001/0017898,D8B795,22.0,PIEDRA,2,34.07,34.92,265.39,,,SAN LORENZO,COLLIQUE,2026-07-01T09:16:18.124901Z
47017-0010017899,47017,VIRGEN DE ESTRELLA S.A.C.,2026-05-26,001/0017899,BAE736,35.0,PIEDRA,2,35.54,36.43,276.87,,,SAN LORENZO,COLLIQUE,2026-07-01T09:16:18.124932Z
47017-0010017901,47017,VIRGEN DE ESTRELLA S.A.C.,2026-05-26,001/0017901,BZR752,38.0,PIEDRA,2,37.54,38.48,292.45,,,SAN LORENZO,COLLIQUE,2026-07-01T09:16:18.124964Z
47017-0010017913,47017,VIRGEN DE ESTRELLA S.A.C.,2026-05-26,001/0017913,C9T788,20.0,PIEDRA,2,35.75,36.64,278.46,,,SAN LORENZO,COLLIQUE,2026-07-01T09:16:18.124993Z
47017-0010017914,47017,VIRGEN DE ESTRELLA S.A.C.,2026-05-26,001/0017914,AWW871,32.0,PIEDRA,2,38.1,39.05,296.78,,,SAN LORENZO,COLLIQUE,2026-07-01T09:16:18.125021Z
47017-0010017915,47017,VIRGEN DE ESTRELLA S.A.C.,2026-05-26,001/0017915,D8B795,22.0,PIEDRA,2,34.67,35.54,270.1,,,SAN LORENZO,COLLIQUE,2026-07-01T09:16:18.125051Z
47017-0010017917,47017,VIRGEN DE ESTRELLA S.A.C.,2026-05-26,001/0017917,BAE736,35.0,PIEDRA,2,37.53,38.47,292.37,,,SAN LORENZO,COLLIQUE,2026-07-01T09:16:18.125078Z
47017-0010017918,47017,VIRGEN DE ESTRELLA S.A.C.,2026-05-26,001/0017918,BZR752,38.0,PIEDRA,2,37.32,38.25,290.7,,,SAN LORENZO,COLLIQUE,2026-07-01T09:16:18.125107Z
47017-0010017920,47017,VIRGEN DE ESTRELLA S.A.C.,2026-05-26,001/0017920,ABN852,27.0,PIEDRA,2,38.24,39.2,297.92,,,SAN LORENZO,COLLIQUE,2026-07-01T09:16:18.125136Z
47017-0010017921,47017,VIRGEN DE ESTRELLA S.A.C.,2026-05-26,001/0017921,D8D861,23.0,PIEDRA,2,35.65,36.54,277.7,,,SAN LORENZO,COLLIQUE,2026-07-01T09:16:18.125169Z
47017-0010017877,47017,VIRGEN DE ESTRELLA S.A.C.,2026-05-26,001/0017877,AKE789,31.0,PIEDRA,2,35.52,36.59,237.84,,,SAN LORENZO,OQUENDO,2026-07-01T09:16:18.126255Z
47017-0010017881,47017,VIRGEN DE ESTRELLA S.A.C.,2026-05-26,001/0017881,AJC805,30.0,PIEDRA,2,36.32,37.41,243.16,,,SAN LORENZO,OQUENDO,2026-07-01T09:16:18.126283Z
47017-0010017885,47017,VIRGEN DE ESTRELLA S.A.C.,2026-05-26,001/0017885,AJA905,29.0,PIEDRA,2,38.66,39.82,258.83,,,SAN LORENZO,OQUENDO,2026-07-01T09:16:18.126307Z
47017-0010017888,47017,VIRGEN DE ESTRELLA S.A.C.,2026-05-26,001/0017888,AJA905,29.0,PIEDRA,2,38.25,39.4,256.1,,,SAN LORENZO,OQUENDO,2026-07-01T09:16:18.126332Z
47017-0010017889,47017,VIRGEN DE ESTRELLA S.A.C.,2026-05-26,001/0017889,AKE789,31.0,PIEDRA,2,35.48,36.54,237.51,,,SAN LORENZO,OQUENDO,2026-07-01T09:16:18.126357Z
47017-0010017890,47017,VIRGEN DE ESTRELLA S.A.C.,2026-05-26,001/0017890,ABN852,27.0,ARENA,14,35.29,39.53,226.11,,,SAN LORENZO,MEIGGS,2026-07-01T09:16:18.127382Z
47017-0010017893,47017,VIRGEN DE ESTRELLA S.A.C.,2026-05-26,001/0017893,AJC805,30.0,ARENA,14,35.13,39.35,225.08,,,SAN LORENZO,MEIGGS,2026-07-01T09:16:18.127408Z
47017-0010017900,47017,VIRGEN DE ESTRELLA S.A.C.,2026-05-26,001/0017900,ABL875,26.0,ARENA,14,34.04,38.13,218.1,,,SAN LORENZO,MEIGGS,2026-07-01T09:16:18.127434Z
47017-0010017902,47017,VIRGEN DE ESTRELLA S.A.C.,2026-05-26,001/0017902,D8E728,24.0,ARENA,14,33.05,37.02,211.75,,,SAN LORENZO,MEIGGS,2026-07-01T09:16:18.127459Z
47017-0010017905,47017,VIRGEN DE ESTRELLA S.A.C.,2026-05-26,001/0017905,ABN852,27.0,ARENA,14,35.68,39.96,228.57,,,SAN LORENZO,MEIGGS,2026-07-01T09:16:18.127487Z
47017-0010017907,47017,VIRGEN DE ESTRELLA S.A.C.,2026-05-26,001/0017907,D8D861,23.0,ARENA,14,32.28,36.15,206.78,,,SAN LORENZO,MEIGGS,2026-07-01T09:16:18.127511Z
47017-0010017909,47017,VIRGEN DE ESTRELLA S.A.C.,2026-05-26,001/0017909,AKE789,31.0,ARENA,14,34.15,38.25,218.79,,,SAN LORENZO,MEIGGS,2026-07-01T09:16:18.127536Z
47017-0010017910,47017,VIRGEN DE ESTRELLA S.A.C.,2026-05-26,001/0017910,ABL875,26.0,ARENA,14,33.47,37.49,214.44,,,SAN LORENZO,MEIGGS,2026-07-01T09:16:18.127560Z
47017-0010017911,47017,VIRGEN DE ESTRELLA S.A.C.,2026-05-26,001/0017911,AJC805,30.0,ARENA,14,35.63,39.91,228.29,,,SAN LORENZO,MEIGGS,2026-07-01T09:16:18.127585Z
47017-0010017912,47017,VIRGEN DE ESTRELLA S.A.C.,2026-05-26,001/0017912,D8E728,24.0,ARENA,14,34.15,38.25,218.79,,,SAN LORENZO,MEIGGS,2026-07-01T09:16:18.127615Z
47024-1910582267,47024,VIRGEN DE ESTRELLA S.A.C.,2026-05-27,191/0582267,CBA709,43.0,PIEDRA,2,35.57,35.73,511.3,,,JICAMARCA,CONCRETO PRETENSADO,2026-06-30T22:27:33.610475Z
47017-1910582314,47017,VIRGEN DE ESTRELLA S.A.C.,2026-05-27,191/0582314,CAZ895,42.0,ARENA,14,33.06,37.03,442.88,,,JICAMARCA,SAN JUAN,2026-07-01T09:16:18.119151Z
47017-1910582320,47017,VIRGEN DE ESTRELLA S.A.C.,2026-05-27,191/0582320,CCL847,44.0,ARENA,14,34.72,38.89,465.12,,,JICAMARCA,SAN JUAN,2026-07-01T09:16:18.119187Z
47017-1910582168,47017,VIRGEN DE ESTRELLA S.A.C.,2026-05-27,191/0582168,CHS718,45.0,PIEDRA,2,33.84,33.84,336.0,,,JICAMARCA,ANCIETA,2026-07-01T09:16:18.119347Z
47017-1910582173,47017,VIRGEN DE ESTRELLA S.A.C.,2026-05-27,191/0582173,CCL847,44.0,PIEDRA,2,35.53,35.53,352.77,,,JICAMARCA,ANCIETA,2026-07-01T09:16:18.119376Z
47017-1910582216,47017,VIRGEN DE ESTRELLA S.A.C.,2026-05-27,191/0582216,CBA709,43.0,PIEDRA,2,36.08,36.08,358.31,,,JICAMARCA,ANCIETA,2026-07-01T09:16:18.119408Z
47017-1910582240,47017,VIRGEN DE ESTRELLA S.A.C.,2026-05-27,191/0582240,CAZ895,42.0,ARENA,14,33.81,36.51,436.29,,,JICAMARCA,COLLIQUE,2026-07-01T09:16:18.119755Z
47017-1910582254,47017,VIRGEN DE ESTRELLA S.A.C.,2026-05-27,191/0582254,CCL847,44.0,ARENA,14,32.92,35.55,424.82,,,JICAMARCA,COLLIQUE,2026-07-01T09:16:18.119783Z
47017-1910582258,47017,VIRGEN DE ESTRELLA S.A.C.,2026-05-27,191/0582258,C9W737,21.0,PIEDRA,2,34.21,34.4,492.26,,,JICAMARCA,EMBOLSADOS INS. Y SUM.,2026-07-01T09:16:18.119918Z
47017-1910582276,47017,VIRGEN DE ESTRELLA S.A.C.,2026-05-27,191/0582276,CHS718,45.0,PIEDRA,2,34.13,34.32,491.12,,,JICAMARCA,EMBOLSADOS INS. Y SUM.,2026-07-01T09:16:18.119945Z
47017-1910582169,47017,VIRGEN DE ESTRELLA S.A.C.,2026-05-27,191/0582169,CAZ895,42.0,ARENA,14,32.33,35.88,603.9,,,JICAMARCA,SAN ANTONIO,2026-07-01T09:16:18.120233Z
47017-1910582212,47017,VIRGEN DE ESTRELLA S.A.C.,2026-05-27,191/0582212,C9W737,21.0,ARENA,14,32.59,36.18,608.86,,,JICAMARCA,SAN ANTONIO,2026-07-01T09:16:18.120261Z
47017-1910582226,47017,VIRGEN DE ESTRELLA S.A.C.,2026-05-27,191/0582226,CHS718,45.0,ARENA,14,34.03,37.77,635.73,,,JICAMARCA,SAN ANTONIO,2026-07-01T09:16:18.120291Z
47017-1950193367,47017,VIRGEN DE ESTRELLA S.A.C.,2026-05-27,195/0193367,ATN880,5.0,ARENA,14,41.86,42.28,623.63,,,YERBABUENA,MATERIALES,2026-07-01T09:16:18.121336Z
47017-1950193627,47017,VIRGEN DE ESTRELLA S.A.C.,2026-05-27,195/0193627,ATN880,5.0,PIEDRA,2,37.39,37.39,566.46,,,YERBABUENA,MEIGGS,2026-07-01T09:16:18.121459Z
47017-1950193674,47017,VIRGEN DE ESTRELLA S.A.C.,2026-05-27,195/0193674,CBR872,16.0,PIEDRA,2,38.57,38.57,584.34,,,YERBABUENA,MEIGGS,2026-07-01T09:16:18.121483Z
47017-1950193617,47017,VIRGEN DE ESTRELLA S.A.C.,2026-05-27,195/0193617,F3F817,1.0,PIEDRA,2,42.83,42.83,648.87,,,YERBABUENA,MEIGGS,2026-07-01T09:16:18.121947Z
47017-1950193639,47017,VIRGEN DE ESTRELLA S.A.C.,2026-05-27,195/0193639,BFI758,37.0,PIEDRA,2,40.1,40.1,607.52,,,YERBABUENA,MEIGGS,2026-07-01T09:16:18.121971Z
47017-1950193640,47017,VIRGEN DE ESTRELLA S.A.C.,2026-05-27,195/0193640,CBR854,14.0,PIEDRA,2,39.47,39.47,597.97,,,YERBABUENA,MEIGGS,2026-07-01T09:16:18.121994Z
47017-1950193660,47017,VIRGEN DE ESTRELLA S.A.C.,2026-05-27,195/0193660,ATN880,5.0,PIEDRA,2,43.06,43.06,652.36,,,YERBABUENA,MEIGGS,2026-07-01T09:16:18.122016Z
47017-1950193619,47017,VIRGEN DE ESTRELLA S.A.C.,2026-05-27,195/0193619,BFI758,37.0,PIEDRA,2,37.2,37.2,563.58,,,YERBABUENA,MEIGGS,2026-07-01T09:16:18.122474Z
47017-1950193658,47017,VIRGEN DE ESTRELLA S.A.C.,2026-05-27,195/0193658,D8D861,23.0,PIEDRA,2,33.53,33.53,507.98,,,YERBABUENA,MEIGGS,2026-07-01T09:16:18.122498Z
47017-1950193618,47017,VIRGEN DE ESTRELLA S.A.C.,2026-05-27,195/0193618,AWW871,32.0,ARENA,14,38.0,38.0,575.7,,,YERBABUENA,MEIGGS,2026-07-01T09:16:18.123202Z
47017-1950193636,47017,VIRGEN DE ESTRELLA S.A.C.,2026-05-27,195/0193636,D8D861,23.0,ARENA,14,38.98,38.98,590.55,,,YERBABUENA,MEIGGS,2026-07-01T09:16:18.123230Z
47017-1950193638,47017,VIRGEN DE ESTRELLA S.A.C.,2026-05-27,195/0193638,C9T788,20.0,ARENA,14,36.18,36.18,548.13,,,YERBABUENA,MEIGGS,2026-07-01T09:16:18.123258Z
47017-1950193641,47017,VIRGEN DE ESTRELLA S.A.C.,2026-05-27,195/0193641,AWH708,33.0,ARENA,14,40.37,40.37,611.61,,,YERBABUENA,MEIGGS,2026-07-01T09:16:18.123286Z
47017-1950193642,47017,VIRGEN DE ESTRELLA S.A.C.,2026-05-27,195/0193642,F3F817,1.0,ARENA,14,41.12,41.12,622.97,,,YERBABUENA,MEIGGS,2026-07-01T09:16:18.123314Z
47017-1950193643,47017,VIRGEN DE ESTRELLA S.A.C.,2026-05-27,195/0193643,AWW871,32.0,ARENA,14,34.39,34.39,521.01,,,YERBABUENA,MEIGGS,2026-07-01T09:16:18.123342Z
47017-1950193655,47017,VIRGEN DE ESTRELLA S.A.C.,2026-05-27,195/0193655,C9T788,20.0,ARENA,14,38.51,38.51,583.43,,,YERBABUENA,MEIGGS,2026-07-01T09:16:18.123372Z
47017-0010017940,47017,VIRGEN DE ESTRELLA S.A.C.,2026-05-27,001/0017940,D8B795,22.0,PIEDRA,2,35.27,36.15,274.74,,,SAN LORENZO,COLLIQUE,2026-07-01T09:16:18.125202Z
47017-0010017950,47017,VIRGEN DE ESTRELLA S.A.C.,2026-05-27,001/0017950,ABL875,26.0,PIEDRA,2,38.27,39.23,298.15,,,SAN LORENZO,COLLIQUE,2026-07-01T09:16:18.125232Z
47017-0010017957,47017,VIRGEN DE ESTRELLA S.A.C.,2026-05-27,001/0017957,CBR854,14.0,PIEDRA,2,39.16,40.14,305.06,,,SAN LORENZO,COLLIQUE,2026-07-01T09:16:18.125265Z
47017-0010017963,47017,VIRGEN DE ESTRELLA S.A.C.,2026-05-27,001/0017963,BFI758,37.0,PIEDRA,2,38.76,39.73,301.95,,,SAN LORENZO,COLLIQUE,2026-07-01T09:16:18.125295Z
47017-0010017958,47017,VIRGEN DE ESTRELLA S.A.C.,2026-05-27,001/0017958,AWW845,34.0,ARENA,14,34.54,38.69,251.49,,,SAN LORENZO,OQUENDO,2026-07-01T09:16:18.126030Z
47017-0010017960,47017,VIRGEN DE ESTRELLA S.A.C.,2026-05-27,001/0017960,AJC805,30.0,ARENA,14,34.62,38.77,252.01,,,SAN LORENZO,OQUENDO,2026-07-01T09:16:18.126058Z
47017-0010017965,47017,VIRGEN DE ESTRELLA S.A.C.,2026-05-27,001/0017965,AKE789,31.0,ARENA,14,35.18,39.4,256.1,,,SAN LORENZO,OQUENDO,2026-07-01T09:16:18.126089Z
47017-0010017967,47017,VIRGEN DE ESTRELLA S.A.C.,2026-05-27,001/0017967,AJA905,29.0,ARENA,14,37.22,41.69,270.99,,,SAN LORENZO,OQUENDO,2026-07-01T09:16:18.126118Z
47017-0010017923,47017,VIRGEN DE ESTRELLA S.A.C.,2026-05-27,001/0017923,AWW845,34.0,ARENA,14,34.88,39.42,258.99,,,SAN LORENZO,MATERIALES,2026-07-01T09:16:18.126814Z
47017-0010017924,47017,VIRGEN DE ESTRELLA S.A.C.,2026-05-27,001/0017924,BAE736,35.0,ARENA,14,34.93,39.47,259.32,,,SAN LORENZO,MATERIALES,2026-07-01T09:16:18.126840Z
47017-0010017925,47017,VIRGEN DE ESTRELLA S.A.C.,2026-05-27,001/0017925,D8B795,22.0,ARENA,14,31.87,36.01,236.59,,,SAN LORENZO,MATERIALES,2026-07-01T09:16:18.126866Z
47017-0010017929,47017,VIRGEN DE ESTRELLA S.A.C.,2026-05-27,001/0017929,BZR752,38.0,ARENA,14,35.1,39.66,260.57,,,SAN LORENZO,MATERIALES,2026-07-01T09:16:18.126893Z
47017-0010017930,47017,VIRGEN DE ESTRELLA S.A.C.,2026-05-27,001/0017930,D8E728,24.0,ARENA,14,34.29,38.75,254.59,,,SAN LORENZO,MATERIALES,2026-07-01T09:16:18.126928Z
47017-0010017931,47017,VIRGEN DE ESTRELLA S.A.C.,2026-05-27,001/0017931,ABN852,27.0,ARENA,14,36.28,41.0,269.37,,,SAN LORENZO,MATERIALES,2026-07-01T09:16:18.126955Z
47017-0010017932,47017,VIRGEN DE ESTRELLA S.A.C.,2026-05-27,001/0017932,AJC805,30.0,ARENA,14,36.35,41.07,269.83,,,SAN LORENZO,MATERIALES,2026-07-01T09:16:18.126980Z
47017-0010017933,47017,VIRGEN DE ESTRELLA S.A.C.,2026-05-27,001/0017933,ABL875,26.0,ARENA,14,34.47,38.95,255.9,,,SAN LORENZO,MATERIALES,2026-07-01T09:16:18.127005Z
47017-0010017934,47017,VIRGEN DE ESTRELLA S.A.C.,2026-05-27,001/0017934,AKE789,31.0,ARENA,14,34.72,39.23,257.74,,,SAN LORENZO,MATERIALES,2026-07-01T09:16:18.127030Z
47017-0010017941,47017,VIRGEN DE ESTRELLA S.A.C.,2026-05-27,001/0017941,AHJ786,28.0,ARENA,14,34.0,38.42,252.42,,,SAN LORENZO,MATERIALES,2026-07-01T09:16:18.127054Z
47017-0010017942,47017,VIRGEN DE ESTRELLA S.A.C.,2026-05-27,001/0017942,AWW845,34.0,ARENA,14,34.65,39.15,257.22,,,SAN LORENZO,MATERIALES,2026-07-01T09:16:18.127078Z
47017-0010017943,47017,VIRGEN DE ESTRELLA S.A.C.,2026-05-27,001/0017943,BZR752,38.0,ARENA,14,34.84,39.37,258.66,,,SAN LORENZO,MATERIALES,2026-07-01T09:16:18.127103Z
47017-0010017945,47017,VIRGEN DE ESTRELLA S.A.C.,2026-05-27,001/0017945,AJC805,30.0,ARENA,14,34.77,39.29,258.14,,,SAN LORENZO,MATERIALES,2026-07-01T09:16:18.127127Z
47017-0010017946,47017,VIRGEN DE ESTRELLA S.A.C.,2026-05-27,001/0017946,ABN852,27.0,ARENA,14,34.74,39.26,257.94,,,SAN LORENZO,MATERIALES,2026-07-01T09:16:18.127152Z
47017-0010017948,47017,VIRGEN DE ESTRELLA S.A.C.,2026-05-27,001/0017948,AKE789,31.0,ARENA,14,35.38,39.98,262.67,,,SAN LORENZO,MATERIALES,2026-07-01T09:16:18.127180Z
47017-0010017952,47017,VIRGEN DE ESTRELLA S.A.C.,2026-05-27,001/0017952,D8E728,24.0,ARENA,14,34.58,39.07,256.69,,,SAN LORENZO,MATERIALES,2026-07-01T09:16:18.127205Z
47017-0010017953,47017,VIRGEN DE ESTRELLA S.A.C.,2026-05-27,001/0017953,AWW845,34.0,PIEDRA,2,37.8,38.56,220.56,,,SAN LORENZO,MEIGGS,2026-07-01T09:16:18.128291Z
47017-0010017955,47017,VIRGEN DE ESTRELLA S.A.C.,2026-05-27,001/0017955,AHJ786,28.0,PIEDRA,2,37.9,38.66,221.14,,,SAN LORENZO,MEIGGS,2026-07-01T09:16:18.128313Z
47017-0010017956,47017,VIRGEN DE ESTRELLA S.A.C.,2026-05-27,001/0017956,D8B795,22.0,PIEDRA,2,35.32,36.03,206.09,,,SAN LORENZO,MEIGGS,2026-07-01T09:16:18.128336Z
47017-0010017962,47017,VIRGEN DE ESTRELLA S.A.C.,2026-05-27,001/0017962,ABN852,27.0,PIEDRA,2,38.23,38.99,223.02,,,SAN LORENZO,MEIGGS,2026-07-01T09:16:18.128362Z
47017-0010017964,47017,VIRGEN DE ESTRELLA S.A.C.,2026-05-27,001/0017964,BZR752,38.0,PIEDRA,2,36.39,37.12,212.33,,,SAN LORENZO,MEIGGS,2026-07-01T09:16:18.128387Z
47017-0010017936,47017,VIRGEN DE ESTRELLA S.A.C.,2026-05-27,001/0017936,AHJ786,28.0,PIEDRA,2,37.46,37.46,214.27,,,SAN LORENZO,MEIGGS,2026-07-01T09:16:18.128616Z
47017-0010017939,47017,VIRGEN DE ESTRELLA S.A.C.,2026-05-27,001/0017939,BAE736,35.0,PIEDRA,2,39.32,39.32,224.91,,,SAN LORENZO,MEIGGS,2026-07-01T09:16:18.128639Z
47017-1910582364,47017,VIRGEN DE ESTRELLA S.A.C.,2026-05-28,191/0582364,CHS718,45.0,ARENA,14,31.86,36.01,357.54,,,JICAMARCA,ANCIETA,2026-07-01T09:16:18.119220Z
47017-1910582374,47017,VIRGEN DE ESTRELLA S.A.C.,2026-05-28,191/0582374,CCL847,44.0,ARENA,14,32.37,36.58,363.24,,,JICAMARCA,ANCIETA,2026-07-01T09:16:18.119256Z
47017-1910582433,47017,VIRGEN DE ESTRELLA S.A.C.,2026-05-28,191/0582433,CAZ895,42.0,ARENA,14,33.58,36.94,621.64,,,JICAMARCA,CONCHAN,2026-07-01T09:16:18.119596Z
47017-1910582436,47017,VIRGEN DE ESTRELLA S.A.C.,2026-05-28,191/0582436,C9W737,21.0,ARENA,14,33.11,36.43,613.03,,,JICAMARCA,CONCHAN,2026-07-01T09:16:18.119626Z
47017-1910582437,47017,VIRGEN DE ESTRELLA S.A.C.,2026-05-28,191/0582437,CCL847,44.0,ARENA,14,32.33,37.18,625.82,,,JICAMARCA,CONCHAN,2026-07-01T09:16:18.119658Z
47017-1910582472,47017,VIRGEN DE ESTRELLA S.A.C.,2026-05-28,191/0582472,CBA709,43.0,PIEDRA,2,36.39,36.39,429.09,,,JICAMARCA,MATERIALES,2026-07-01T09:16:18.119809Z
47017-1910582398,47017,VIRGEN DE ESTRELLA S.A.C.,2026-05-28,191/0582398,C9W737,21.0,PIEDRA,2,33.12,33.12,557.41,,,JICAMARCA,SAN ANTONIO,2026-07-01T09:16:18.120601Z
47017-1910582363,47017,VIRGEN DE ESTRELLA S.A.C.,2026-05-28,191/0582363,CAZ895,42.0,PIEDRA,2,33.98,33.98,571.82,,,JICAMARCA,SAN ANTONIO,2026-07-01T09:16:18.120626Z
47017-1910582403,47017,VIRGEN DE ESTRELLA S.A.C.,2026-05-28,191/0582403,CHS718,45.0,PIEDRA,2,35.54,35.54,598.16,,,JICAMARCA,SAN ANTONIO,2026-07-01T09:16:18.120650Z
47017-1910582418,47017,VIRGEN DE ESTRELLA S.A.C.,2026-05-28,191/0582418,CBA709,43.0,PIEDRA,2,37.34,37.34,628.42,,,JICAMARCA,SAN ANTONIO,2026-07-01T09:16:18.120674Z
47017-3770004062,47017,VIRGEN DE ESTRELLA S.A.C.,2026-05-28,377/0004062,D8E728,24.0,ARENA,14,38.18,38.18,232.9,,,OQUENDO,MATERIALES,2026-07-01T09:16:18.120767Z
47017-3770004063,47017,VIRGEN DE ESTRELLA S.A.C.,2026-05-28,377/0004063,AWW845,34.0,ARENA,14,41.26,41.26,251.69,,,OQUENDO,MATERIALES,2026-07-01T09:16:18.120796Z
47017-3770004064,47017,VIRGEN DE ESTRELLA S.A.C.,2026-05-28,377/0004064,AJC805,30.0,ARENA,14,39.13,39.13,238.69,,,OQUENDO,MATERIALES,2026-07-01T09:16:18.120823Z
47017-3770004065,47017,VIRGEN DE ESTRELLA S.A.C.,2026-05-28,377/0004065,BZR752,38.0,ARENA,14,38.16,38.16,232.78,,,OQUENDO,MATERIALES,2026-07-01T09:16:18.120853Z
47017-3770004066,47017,VIRGEN DE ESTRELLA S.A.C.,2026-05-28,377/0004066,AKE789,31.0,ARENA,14,41.15,41.15,251.02,,,OQUENDO,MATERIALES,2026-07-01T09:16:18.120879Z
47017-3770004067,47017,VIRGEN DE ESTRELLA S.A.C.,2026-05-28,377/0004067,AJA905,29.0,ARENA,14,38.98,38.98,237.78,,,OQUENDO,MATERIALES,2026-07-01T09:16:18.120908Z
47017-1950193749,47017,VIRGEN DE ESTRELLA S.A.C.,2026-05-28,195/0193749,AWH708,33.0,PIEDRA,2,38.88,38.88,573.48,,,YERBABUENA,MATERIALES,2026-07-01T09:16:18.121309Z
47017-1950193719,47017,VIRGEN DE ESTRELLA S.A.C.,2026-05-28,195/0193719,F3F817,1.0,PIEDRA,2,35.2,35.2,533.28,,,YERBABUENA,MEIGGS,2026-07-01T09:16:18.121505Z
47017-1950193721,47017,VIRGEN DE ESTRELLA S.A.C.,2026-05-28,195/0193721,D8D861,23.0,PIEDRA,2,33.97,33.97,514.65,,,YERBABUENA,MEIGGS,2026-07-01T09:16:18.121528Z
47017-1950193763,47017,VIRGEN DE ESTRELLA S.A.C.,2026-05-28,195/0193763,AWW871,32.0,PIEDRA,2,36.2,36.2,548.43,,,YERBABUENA,MEIGGS,2026-07-01T09:16:18.121553Z
47017-1950193694,47017,VIRGEN DE ESTRELLA S.A.C.,2026-05-28,195/0193694,BYP838,10.0,PIEDRA,2,43.03,43.03,651.9,,,YERBABUENA,MEIGGS,2026-07-01T09:16:18.122040Z
47017-1950193703,47017,VIRGEN DE ESTRELLA S.A.C.,2026-05-28,195/0193703,CBR854,14.0,PIEDRA,2,40.98,40.98,620.85,,,YERBABUENA,MEIGGS,2026-07-01T09:16:18.122065Z
47017-1950193730,47017,VIRGEN DE ESTRELLA S.A.C.,2026-05-28,195/0193730,ATN880,5.0,PIEDRA,2,43.5,43.5,659.03,,,YERBABUENA,MEIGGS,2026-07-01T09:16:18.122089Z
47017-1950193751,47017,VIRGEN DE ESTRELLA S.A.C.,2026-05-28,195/0193751,CBR854,14.0,PIEDRA,2,39.26,39.26,594.79,,,YERBABUENA,MEIGGS,2026-07-01T09:16:18.122116Z
47017-1950193757,47017,VIRGEN DE ESTRELLA S.A.C.,2026-05-28,195/0193757,ATN880,5.0,PIEDRA,2,43.54,43.54,659.63,,,YERBABUENA,MEIGGS,2026-07-01T09:16:18.122143Z
47017-1950193704,47017,VIRGEN DE ESTRELLA S.A.C.,2026-05-28,195/0193704,AWW871,32.0,PIEDRA,2,34.83,34.83,527.67,,,YERBABUENA,MEIGGS,2026-07-01T09:16:18.122522Z
47017-1950193533,47017,VIRGEN DE ESTRELLA S.A.C.,2026-05-28,195/0193533,AWW871,32.0,ARENA,14,40.71,40.71,616.76,,,YERBABUENA,MEIGGS,2026-07-01T09:16:18.123011Z
47017-1950193688,47017,VIRGEN DE ESTRELLA S.A.C.,2026-05-28,195/0193688,AWH708,33.0,ARENA,14,39.42,39.42,597.21,,,YERBABUENA,MEIGGS,2026-07-01T09:16:18.123401Z
47017-1950193702,47017,VIRGEN DE ESTRELLA S.A.C.,2026-05-28,195/0193702,AFX735,25.0,ARENA,14,37.27,37.27,564.64,,,YERBABUENA,MEIGGS,2026-07-01T09:16:18.123430Z
47017-1950193706,47017,VIRGEN DE ESTRELLA S.A.C.,2026-05-28,195/0193706,BFI758,37.0,ARENA,14,41.67,41.67,631.3,,,YERBABUENA,MEIGGS,2026-07-01T09:16:18.123461Z
47017-1950193710,47017,VIRGEN DE ESTRELLA S.A.C.,2026-05-28,195/0193710,C9T788,20.0,ARENA,14,37.15,37.15,562.82,,,YERBABUENA,MEIGGS,2026-07-01T09:16:18.123492Z
47017-1950193748,47017,VIRGEN DE ESTRELLA S.A.C.,2026-05-28,195/0193748,C9T788,20.0,ARENA,14,37.17,37.17,563.13,,,YERBABUENA,MEIGGS,2026-07-01T09:16:18.123521Z
47017-1950193750,47017,VIRGEN DE ESTRELLA S.A.C.,2026-05-28,195/0193750,AWH708,33.0,ARENA,14,39.38,39.38,596.61,,,YERBABUENA,MEIGGS,2026-07-01T09:16:18.123547Z
47017-1950193758,47017,VIRGEN DE ESTRELLA S.A.C.,2026-05-28,195/0193758,D8D861,23.0,ARENA,14,38.94,38.94,589.94,,,YERBABUENA,MEIGGS,2026-07-01T09:16:18.123576Z
47017-1950193759,47017,VIRGEN DE ESTRELLA S.A.C.,2026-05-28,195/0193759,BFI758,37.0,ARENA,14,44.07,44.07,667.66,,,YERBABUENA,MEIGGS,2026-07-01T09:16:18.123604Z
47017-1950193762,47017,VIRGEN DE ESTRELLA S.A.C.,2026-05-28,195/0193762,F3F817,1.0,ARENA,14,42.09,42.09,637.66,,,YERBABUENA,MEIGGS,2026-07-01T09:16:18.123632Z
47017-0010017966,47017,VIRGEN DE ESTRELLA S.A.C.,2026-05-28,001/0017966,D8E728,24.0,PIEDRA,2,35.11,35.99,273.52,,,SAN LORENZO,COLLIQUE,2026-07-01T09:16:18.125325Z
47017-0010017968,47017,VIRGEN DE ESTRELLA S.A.C.,2026-05-28,001/0017968,AHJ786,28.0,PIEDRA,2,36.5,37.41,284.32,,,SAN LORENZO,COLLIQUE,2026-07-01T09:16:18.125357Z
47017-0010017969,47017,VIRGEN DE ESTRELLA S.A.C.,2026-05-28,001/0017969,D8B795,22.0,PIEDRA,2,34.92,35.79,272.0,,,SAN LORENZO,COLLIQUE,2026-07-01T09:16:18.125388Z
47017-0010017970,47017,VIRGEN DE ESTRELLA S.A.C.,2026-05-28,001/0017970,ABN852,27.0,PIEDRA,2,38.46,39.42,299.59,,,SAN LORENZO,COLLIQUE,2026-07-01T09:16:18.125417Z
47017-0010017976,47017,VIRGEN DE ESTRELLA S.A.C.,2026-05-28,001/0017976,AWH708,33.0,PIEDRA,2,39.67,40.66,309.02,,,SAN LORENZO,COLLIQUE,2026-07-01T09:16:18.125449Z
47017-0010017979,47017,VIRGEN DE ESTRELLA S.A.C.,2026-05-28,001/0017979,AHJ786,28.0,PIEDRA,2,38.01,38.96,296.1,,,SAN LORENZO,COLLIQUE,2026-07-01T09:16:18.125477Z
47017-0010017985,47017,VIRGEN DE ESTRELLA S.A.C.,2026-05-28,001/0017985,AWW845,34.0,PIEDRA,2,36.74,37.66,286.22,,,SAN LORENZO,COLLIQUE,2026-07-01T09:16:18.125504Z
47017-0010017986,47017,VIRGEN DE ESTRELLA S.A.C.,2026-05-28,001/0017986,D8E728,24.0,PIEDRA,2,34.91,35.78,271.93,,,SAN LORENZO,COLLIQUE,2026-07-01T09:16:18.125532Z
47017-0010017987,47017,VIRGEN DE ESTRELLA S.A.C.,2026-05-28,001/0017987,AJC805,30.0,PIEDRA,2,37.8,38.75,294.5,,,SAN LORENZO,COLLIQUE,2026-07-01T09:16:18.125565Z
47017-0010017988,47017,VIRGEN DE ESTRELLA S.A.C.,2026-05-28,001/0017988,ABN852,27.0,PIEDRA,2,38.11,39.06,296.86,,,SAN LORENZO,COLLIQUE,2026-07-01T09:16:18.125592Z
47017-0010017993,47017,VIRGEN DE ESTRELLA S.A.C.,2026-05-28,001/0017993,BZR752,38.0,PIEDRA,2,37.37,38.3,291.08,,,SAN LORENZO,COLLIQUE,2026-07-01T09:16:18.125619Z
47017-0010017998,47017,VIRGEN DE ESTRELLA S.A.C.,2026-05-28,001/0017998,D8B795,22.0,PIEDRA,2,32.84,33.66,255.82,,,SAN LORENZO,COLLIQUE,2026-07-01T09:16:18.125649Z
47017-0010018004,47017,VIRGEN DE ESTRELLA S.A.C.,2026-05-28,001/0018004,AKE789,31.0,PIEDRA,2,38.18,39.13,297.39,,,SAN LORENZO,COLLIQUE,2026-07-01T09:16:18.125676Z
47017-0010018006,47017,VIRGEN DE ESTRELLA S.A.C.,2026-05-28,001/0018006,ABL875,26.0,PIEDRA,2,36.73,37.65,286.14,,,SAN LORENZO,COLLIQUE,2026-07-01T09:16:18.125703Z
47017-0010018007,47017,VIRGEN DE ESTRELLA S.A.C.,2026-05-28,001/0018007,CBR854,14.0,PIEDRA,2,36.76,37.68,286.37,,,SAN LORENZO,COLLIQUE,2026-07-01T09:16:18.125736Z
47017-0010018019,47017,VIRGEN DE ESTRELLA S.A.C.,2026-05-28,001/0018019,BFI758,37.0,ARENA,14,38.42,43.41,285.2,,,SAN LORENZO,MATERIALES,2026-07-01T09:16:18.127230Z
47017-0010017961,47017,VIRGEN DE ESTRELLA S.A.C.,2026-05-28,001/0017961,ABL875,26.0,ARENA,14,34.89,39.43,225.54,,,SAN LORENZO,MEIGGS,2026-07-01T09:16:18.127640Z
47017-0010017973,47017,VIRGEN DE ESTRELLA S.A.C.,2026-05-28,001/0017973,AWW845,34.0,ARENA,14,32.4,36.61,209.41,,,SAN LORENZO,MEIGGS,2026-07-01T09:16:18.127664Z
47017-0010017974,47017,VIRGEN DE ESTRELLA S.A.C.,2026-05-28,001/0017974,ABL875,26.0,ARENA,14,35.27,39.85,227.94,,,SAN LORENZO,MEIGGS,2026-07-01T09:16:18.127690Z
47017-0010017975,47017,VIRGEN DE ESTRELLA S.A.C.,2026-05-28,001/0017975,AKE789,31.0,ARENA,14,34.86,39.39,225.31,,,SAN LORENZO,MEIGGS,2026-07-01T09:16:18.127726Z
47017-0010017977,47017,VIRGEN DE ESTRELLA S.A.C.,2026-05-28,001/0017977,ABN852,27.0,ARENA,14,36.35,41.08,234.98,,,SAN LORENZO,MEIGGS,2026-07-01T09:16:18.127750Z
47017-0010017978,47017,VIRGEN DE ESTRELLA S.A.C.,2026-05-28,001/0017978,AJC805,30.0,ARENA,14,36.19,40.9,233.95,,,SAN LORENZO,MEIGGS,2026-07-01T09:16:18.127777Z
47017-0010017980,47017,VIRGEN DE ESTRELLA S.A.C.,2026-05-28,001/0017980,D8E728,24.0,ARENA,14,31.32,35.39,202.43,,,SAN LORENZO,MEIGGS,2026-07-01T09:16:18.127801Z
47017-0010017981,47017,VIRGEN DE ESTRELLA S.A.C.,2026-05-28,001/0017981,BZR752,38.0,ARENA,14,35.44,40.05,229.09,,,SAN LORENZO,MEIGGS,2026-07-01T09:16:18.127825Z
47017-0010017982,47017,VIRGEN DE ESTRELLA S.A.C.,2026-05-28,001/0017982,D8B795,22.0,ARENA,14,30.26,34.19,195.57,,,SAN LORENZO,MEIGGS,2026-07-01T09:16:18.127849Z
47017-0010017983,47017,VIRGEN DE ESTRELLA S.A.C.,2026-05-28,001/0017983,AKE789,31.0,ARENA,14,31.62,35.73,204.38,,,SAN LORENZO,MEIGGS,2026-07-01T09:16:18.127873Z
47017-0010017990,47017,VIRGEN DE ESTRELLA S.A.C.,2026-05-28,001/0017990,D8B795,22.0,ARENA,14,30.3,34.24,195.85,,,SAN LORENZO,MEIGGS,2026-07-01T09:16:18.127898Z
47017-0010017995,47017,VIRGEN DE ESTRELLA S.A.C.,2026-05-28,001/0017995,AKE789,31.0,ARENA,14,33.22,37.54,214.73,,,SAN LORENZO,MEIGGS,2026-07-01T09:16:18.127923Z
47017-0010017996,47017,VIRGEN DE ESTRELLA S.A.C.,2026-05-28,001/0017996,AHJ786,28.0,ARENA,14,34.35,38.82,222.05,,,SAN LORENZO,MEIGGS,2026-07-01T09:16:18.127951Z
47017-0010017997,47017,VIRGEN DE ESTRELLA S.A.C.,2026-05-28,001/0017997,ABL875,26.0,ARENA,14,34.37,38.84,222.16,,,SAN LORENZO,MEIGGS,2026-07-01T09:16:18.127975Z
47017-0010018003,47017,VIRGEN DE ESTRELLA S.A.C.,2026-05-28,001/0018003,AHJ786,28.0,ARENA,14,34.98,39.53,226.11,,,SAN LORENZO,MEIGGS,2026-07-01T09:16:18.128000Z
47017-0010018009,47017,VIRGEN DE ESTRELLA S.A.C.,2026-05-28,001/0018009,C9W737,21.0,ARENA,14,31.15,35.2,201.34,,,SAN LORENZO,MEIGGS,2026-07-01T09:16:18.128024Z
47017-0010018011,47017,VIRGEN DE ESTRELLA S.A.C.,2026-05-28,001/0018011,BAE736,35.0,ARENA,14,34.78,39.3,224.8,,,SAN LORENZO,MEIGGS,2026-07-01T09:16:18.128048Z
47017-0010018012,47017,VIRGEN DE ESTRELLA S.A.C.,2026-05-28,001/0018012,AHJ786,28.0,ARENA,14,34.86,39.39,225.31,,,SAN LORENZO,MEIGGS,2026-07-01T09:16:18.128072Z
47017-0010018015,47017,VIRGEN DE ESTRELLA S.A.C.,2026-05-28,001/0018015,D8B795,22.0,ARENA,14,30.81,34.81,199.11,,,SAN LORENZO,MEIGGS,2026-07-01T09:16:18.128099Z
47017-0010018018,47017,VIRGEN DE ESTRELLA S.A.C.,2026-05-28,001/0018018,AWH708,33.0,ARENA,14,33.5,37.85,216.5,,,SAN LORENZO,MEIGGS,2026-07-01T09:16:18.128124Z
47017-0010018020,47017,VIRGEN DE ESTRELLA S.A.C.,2026-05-28,001/0018020,AHJ786,28.0,PIEDRA,2,37.29,37.29,213.3,,,SAN LORENZO,MEIGGS,2026-07-01T09:16:18.128663Z
47017-1910582522,47017,VIRGEN DE ESTRELLA S.A.C.,2026-05-29,191/0582522,CCL847,44.0,ARENA,14,31.92,35.43,596.34,,,JICAMARCA,SAN ANTONIO,2026-07-01T09:16:18.120320Z
47017-1910582525,47017,VIRGEN DE ESTRELLA S.A.C.,2026-05-29,191/0582525,CAZ895,42.0,ARENA,14,32.54,36.12,607.82,,,JICAMARCA,SAN ANTONIO,2026-07-01T09:16:18.120348Z
47017-1910582562,47017,VIRGEN DE ESTRELLA S.A.C.,2026-05-29,191/0582562,C9W737,21.0,ARENA,14,33.64,37.34,628.42,,,JICAMARCA,SAN ANTONIO,2026-07-01T09:16:18.120377Z
47017-1910582583,47017,VIRGEN DE ESTRELLA S.A.C.,2026-05-29,191/0582583,CBA709,43.0,ARENA,14,32.41,35.98,605.47,,,JICAMARCA,SAN ANTONIO,2026-07-01T09:16:18.120404Z
47017-1910582600,47017,VIRGEN DE ESTRELLA S.A.C.,2026-05-29,191/0582600,CCL847,44.0,ARENA,14,32.27,35.82,602.86,,,JICAMARCA,SAN ANTONIO,2026-07-01T09:16:18.120433Z
47017-1910582617,47017,VIRGEN DE ESTRELLA S.A.C.,2026-05-29,191/0582617,CAZ895,42.0,ARENA,14,34.09,37.84,636.77,,,JICAMARCA,SAN ANTONIO,2026-07-01T09:16:18.120461Z
47017-1910582624,47017,VIRGEN DE ESTRELLA S.A.C.,2026-05-29,191/0582624,C9W737,21.0,ARENA,14,31.27,34.7,584.08,,,JICAMARCA,SAN ANTONIO,2026-07-01T09:16:18.120489Z
47017-1910582638,47017,VIRGEN DE ESTRELLA S.A.C.,2026-05-29,191/0582638,CBA709,43.0,ARENA,14,33.15,36.8,619.29,,,JICAMARCA,SAN ANTONIO,2026-07-01T09:16:18.120516Z
47017-3770004068,47017,VIRGEN DE ESTRELLA S.A.C.,2026-05-29,377/0004068,BZR781,39.0,ARENA,14,40.0,40.0,244.0,,,OQUENDO,MATERIALES,2026-07-01T09:16:18.120936Z
47017-3770004069,47017,VIRGEN DE ESTRELLA S.A.C.,2026-05-29,377/0004069,BZR940,40.0,ARENA,14,40.57,40.57,247.48,,,OQUENDO,MATERIALES,2026-07-01T09:16:18.120962Z
47017-3770004070,47017,VIRGEN DE ESTRELLA S.A.C.,2026-05-29,377/0004070,BZR752,38.0,ARENA,14,41.15,41.15,251.02,,,OQUENDO,MATERIALES,2026-07-01T09:16:18.120991Z
47017-3770004071,47017,VIRGEN DE ESTRELLA S.A.C.,2026-05-29,377/0004071,AHJ786,28.0,ARENA,14,41.24,41.24,251.56,,,OQUENDO,MATERIALES,2026-07-01T09:16:18.121018Z
47017-3770004072,47017,VIRGEN DE ESTRELLA S.A.C.,2026-05-29,377/0004072,AKE789,31.0,ARENA,14,38.76,38.76,236.44,,,OQUENDO,MATERIALES,2026-07-01T09:16:18.121043Z
47017-3770004074,47017,VIRGEN DE ESTRELLA S.A.C.,2026-05-29,377/0004074,AKE789,31.0,ARENA,14,38.71,38.71,236.13,,,OQUENDO,MATERIALES,2026-07-01T09:16:18.121069Z
47017-3770004075,47017,VIRGEN DE ESTRELLA S.A.C.,2026-05-29,377/0004075,BZR752,38.0,ARENA,14,39.75,39.75,242.48,,,OQUENDO,MATERIALES,2026-07-01T09:16:18.121095Z
47017-3770004076,47017,VIRGEN DE ESTRELLA S.A.C.,2026-05-29,377/0004076,BZR940,40.0,ARENA,14,38.71,38.71,236.13,,,OQUENDO,MATERIALES,2026-07-01T09:16:18.121125Z
47017-3770004077,47017,VIRGEN DE ESTRELLA S.A.C.,2026-05-29,377/0004077,AKE789,31.0,ARENA,14,39.05,39.05,238.2,,,OQUENDO,MATERIALES,2026-07-01T09:16:18.121152Z
47017-3770004078,47017,VIRGEN DE ESTRELLA S.A.C.,2026-05-29,377/0004078,BZR752,38.0,ARENA,14,39.97,39.97,243.82,,,OQUENDO,MATERIALES,2026-07-01T09:16:18.121177Z
47017-3770004079,47017,VIRGEN DE ESTRELLA S.A.C.,2026-05-29,377/0004079,BZR940,40.0,ARENA,14,40.48,40.48,246.93,,,OQUENDO,MATERIALES,2026-07-01T09:16:18.121204Z
47017-3770004080,47017,VIRGEN DE ESTRELLA S.A.C.,2026-05-29,377/0004080,AKE789,31.0,ARENA,14,39.31,39.31,239.79,,,OQUENDO,MATERIALES,2026-07-01T09:16:18.121233Z
47017-3770004081,47017,VIRGEN DE ESTRELLA S.A.C.,2026-05-29,377/0004081,BZR781,39.0,ARENA,14,39.74,39.74,242.41,,,OQUENDO,MATERIALES,2026-07-01T09:16:18.121260Z
47017-1950193812,47017,VIRGEN DE ESTRELLA S.A.C.,2026-05-29,195/0193812,CAP946,41.0,ARENA,14,41.18,41.59,613.45,,,YERBABUENA,MATERIALES,2026-07-01T09:16:18.121363Z
47017-1950193818,47017,VIRGEN DE ESTRELLA S.A.C.,2026-05-29,195/0193818,BFC837,36.0,ARENA,14,39.31,39.7,585.58,,,YERBABUENA,MATERIALES,2026-07-01T09:16:18.121390Z
47017-1950193805,47017,VIRGEN DE ESTRELLA S.A.C.,2026-05-29,195/0193805,C9T788,20.0,PIEDRA,2,37.97,37.97,575.25,,,YERBABUENA,MEIGGS,2026-07-01T09:16:18.121579Z
47017-1950193853,47017,VIRGEN DE ESTRELLA S.A.C.,2026-05-29,195/0193853,BAE736,35.0,PIEDRA,2,38.5,38.5,583.28,,,YERBABUENA,MEIGGS,2026-07-01T09:16:18.121603Z
47017-1950193793,47017,VIRGEN DE ESTRELLA S.A.C.,2026-05-29,195/0193793,BYP838,10.0,PIEDRA,2,42.02,42.02,636.6,,,YERBABUENA,MEIGGS,2026-07-01T09:16:18.122168Z
47017-1950193798,47017,VIRGEN DE ESTRELLA S.A.C.,2026-05-29,195/0193798,CHW782,46.0,PIEDRA,2,36.99,36.99,560.4,,,YERBABUENA,MEIGGS,2026-07-01T09:16:18.122192Z
47017-1950193806,47017,VIRGEN DE ESTRELLA S.A.C.,2026-05-29,195/0193806,CBR854,14.0,PIEDRA,2,40.02,40.02,606.3,,,YERBABUENA,MEIGGS,2026-07-01T09:16:18.122216Z
47017-1950193816,47017,VIRGEN DE ESTRELLA S.A.C.,2026-05-29,195/0193816,AWW871,32.0,PIEDRA,2,39.38,39.38,596.61,,,YERBABUENA,MEIGGS,2026-07-01T09:16:18.122241Z
47017-1950193859,47017,VIRGEN DE ESTRELLA S.A.C.,2026-05-29,195/0193859,ATN880,5.0,PIEDRA,2,42.67,42.67,646.45,,,YERBABUENA,MEIGGS,2026-07-01T09:16:18.122267Z
47017-1950193817,47017,VIRGEN DE ESTRELLA S.A.C.,2026-05-29,195/0193817,AWH708,33.0,PIEDRA,2,39.42,39.42,597.21,,,YERBABUENA,MEIGGS,2026-07-01T09:16:18.122547Z
47017-1950193804,47017,VIRGEN DE ESTRELLA S.A.C.,2026-05-29,195/0193804,AFX735,25.0,ARENA,14,39.54,39.54,599.03,,,YERBABUENA,MEIGGS,2026-07-01T09:16:18.123667Z
47017-1950193813,47017,VIRGEN DE ESTRELLA S.A.C.,2026-05-29,195/0193813,CAP946,41.0,ARENA,14,37.01,37.01,560.7,,,YERBABUENA,MEIGGS,2026-07-01T09:16:18.123699Z
47017-1950193819,47017,VIRGEN DE ESTRELLA S.A.C.,2026-05-29,195/0193819,BFC837,36.0,ARENA,14,38.72,38.72,586.61,,,YERBABUENA,MEIGGS,2026-07-01T09:16:18.123736Z
47017-1950193822,47017,VIRGEN DE ESTRELLA S.A.C.,2026-05-29,195/0193822,ATN880,5.0,ARENA,14,44.15,44.15,668.87,,,YERBABUENA,MEIGGS,2026-07-01T09:16:18.123766Z
47017-1950193823,47017,VIRGEN DE ESTRELLA S.A.C.,2026-05-29,195/0193823,D8D861,23.0,ARENA,14,38.05,38.05,576.46,,,YERBABUENA,MEIGGS,2026-07-01T09:16:18.123796Z
47017-1950193824,47017,VIRGEN DE ESTRELLA S.A.C.,2026-05-29,195/0193824,F3F817,1.0,ARENA,14,40.21,40.21,609.18,,,YERBABUENA,MEIGGS,2026-07-01T09:16:18.123824Z
47017-1950193839,47017,VIRGEN DE ESTRELLA S.A.C.,2026-05-29,195/0193839,C9T788,20.0,ARENA,14,38.19,38.19,578.58,,,YERBABUENA,MEIGGS,2026-07-01T09:16:18.123851Z
47017-1950193849,47017,VIRGEN DE ESTRELLA S.A.C.,2026-05-29,195/0193849,CBR854,14.0,ARENA,14,41.66,41.66,631.15,,,YERBABUENA,MEIGGS,2026-07-01T09:16:18.123880Z
47017-1950193851,47017,VIRGEN DE ESTRELLA S.A.C.,2026-05-29,195/0193851,AWH708,33.0,ARENA,14,41.74,41.74,632.36,,,YERBABUENA,MEIGGS,2026-07-01T09:16:18.123907Z
47017-1950193858,47017,VIRGEN DE ESTRELLA S.A.C.,2026-05-29,195/0193858,CAP946,41.0,ARENA,14,40.07,40.07,607.06,,,YERBABUENA,MEIGGS,2026-07-01T09:16:18.123935Z
47017-1950193860,47017,VIRGEN DE ESTRELLA S.A.C.,2026-05-29,195/0193860,BFC837,36.0,ARENA,14,41.05,41.05,621.91,,,YERBABUENA,MEIGGS,2026-07-01T09:16:18.123962Z
47017-1950193861,47017,VIRGEN DE ESTRELLA S.A.C.,2026-05-29,195/0193861,CHW782,46.0,ARENA,14,39.92,39.92,604.79,,,YERBABUENA,MEIGGS,2026-07-01T09:16:18.123989Z
47017-1950193866,47017,VIRGEN DE ESTRELLA S.A.C.,2026-05-29,195/0193866,AWW871,32.0,ARENA,14,41.48,41.48,628.42,,,YERBABUENA,MEIGGS,2026-07-01T09:16:18.124019Z
47017-1950193867,47017,VIRGEN DE ESTRELLA S.A.C.,2026-05-29,195/0193867,D8D861,23.0,ARENA,14,39.0,39.0,590.85,,,YERBABUENA,MEIGGS,2026-07-01T09:16:18.124050Z
47017-1950193871,47017,VIRGEN DE ESTRELLA S.A.C.,2026-05-29,195/0193871,F3F817,1.0,ARENA,14,42.47,42.47,643.42,,,YERBABUENA,MEIGGS,2026-07-01T09:16:18.124079Z
47017-1950193877,47017,VIRGEN DE ESTRELLA S.A.C.,2026-05-29,195/0193877,BFI758,37.0,ARENA,14,41.37,41.37,626.76,,,YERBABUENA,MEIGGS,2026-07-01T09:16:18.124106Z
47017-1950193887,47017,VIRGEN DE ESTRELLA S.A.C.,2026-05-29,195/0193887,C9T788,20.0,ARENA,14,35.82,35.82,542.67,,,YERBABUENA,MEIGGS,2026-07-01T09:16:18.124133Z
47017-0010018029,47017,VIRGEN DE ESTRELLA S.A.C.,2026-05-29,001/0018029,ABN852,27.0,PIEDRA,2,37.72,38.66,293.82,,,SAN LORENZO,COLLIQUE,2026-07-01T09:16:18.125764Z
47017-0010018030,47017,VIRGEN DE ESTRELLA S.A.C.,2026-05-29,001/0018030,D8B795,22.0,PIEDRA,2,35.57,36.46,277.1,,,SAN LORENZO,COLLIQUE,2026-07-01T09:16:18.125791Z
47017-0010018031,47017,VIRGEN DE ESTRELLA S.A.C.,2026-05-29,001/0018031,AJC805,30.0,PIEDRA,2,38.23,39.19,297.84,,,SAN LORENZO,COLLIQUE,2026-07-01T09:16:18.125818Z
47017-0010018032,47017,VIRGEN DE ESTRELLA S.A.C.,2026-05-29,001/0018032,ABL875,26.0,PIEDRA,2,39.45,40.44,307.34,,,SAN LORENZO,COLLIQUE,2026-07-01T09:16:18.125846Z
47017-0010018036,47017,VIRGEN DE ESTRELLA S.A.C.,2026-05-29,001/0018036,D8E728,24.0,PIEDRA,2,35.64,36.53,277.63,,,SAN LORENZO,COLLIQUE,2026-07-01T09:16:18.125873Z
47017-0010018038,47017,VIRGEN DE ESTRELLA S.A.C.,2026-05-29,001/0018038,BZR781,39.0,PIEDRA,2,37.78,38.72,294.27,,,SAN LORENZO,COLLIQUE,2026-07-01T09:16:18.125898Z
47017-0010018039,47017,VIRGEN DE ESTRELLA S.A.C.,2026-05-29,001/0018039,AHJ786,28.0,PIEDRA,2,36.65,37.57,285.53,,,SAN LORENZO,COLLIQUE,2026-07-01T09:16:18.125924Z
47017-0010018044,47017,VIRGEN DE ESTRELLA S.A.C.,2026-05-29,001/0018044,AJC805,30.0,PIEDRA,2,38.01,38.96,296.1,,,SAN LORENZO,COLLIQUE,2026-07-01T09:16:18.125949Z
47017-0010018045,47017,VIRGEN DE ESTRELLA S.A.C.,2026-05-29,001/0018045,ABL875,26.0,PIEDRA,2,39.57,40.56,308.26,,,SAN LORENZO,COLLIQUE,2026-07-01T09:16:18.125976Z
47017-0010018051,47017,VIRGEN DE ESTRELLA S.A.C.,2026-05-29,001/0018051,CBR854,14.0,PIEDRA,2,39.41,40.4,307.04,,,SAN LORENZO,COLLIQUE,2026-07-01T09:16:18.126002Z
47017-0010018022,47017,VIRGEN DE ESTRELLA S.A.C.,2026-05-29,001/0018022,D8B795,22.0,ARENA,14,33.08,37.05,240.83,,,SAN LORENZO,OQUENDO,2026-07-01T09:16:18.126147Z
47017-0010018023,47017,VIRGEN DE ESTRELLA S.A.C.,2026-05-29,001/0018023,ABN852,27.0,ARENA,14,35.74,40.03,260.2,,,SAN LORENZO,OQUENDO,2026-07-01T09:16:18.126177Z
47017-0010018024,47017,VIRGEN DE ESTRELLA S.A.C.,2026-05-29,001/0018024,AWW845,34.0,ARENA,14,34.14,38.24,248.56,,,SAN LORENZO,OQUENDO,2026-07-01T09:16:18.126204Z
47017-0010018025,47017,VIRGEN DE ESTRELLA S.A.C.,2026-05-29,001/0018025,D8E728,24.0,ARENA,14,33.88,37.94,246.61,,,SAN LORENZO,OQUENDO,2026-07-01T09:16:18.126231Z
47017-0010018046,47017,VIRGEN DE ESTRELLA S.A.C.,2026-05-29,001/0018046,ABN852,27.0,PIEDRA,2,38.54,39.31,224.85,,,SAN LORENZO,MEIGGS,2026-07-01T09:16:18.128412Z
47017-0010018050,47017,VIRGEN DE ESTRELLA S.A.C.,2026-05-29,001/0018050,AWW845,34.0,PIEDRA,2,36.86,37.6,215.07,,,SAN LORENZO,MEIGGS,2026-07-01T09:16:18.128437Z
47017-0010018053,47017,VIRGEN DE ESTRELLA S.A.C.,2026-05-29,001/0018053,D8E728,24.0,PIEDRA,2,39.04,39.82,227.77,,,SAN LORENZO,MEIGGS,2026-07-01T09:16:18.128459Z
47017-0010018054,47017,VIRGEN DE ESTRELLA S.A.C.,2026-05-29,001/0018054,D8B795,22.0,PIEDRA,2,35.53,36.24,207.29,,,SAN LORENZO,MEIGGS,2026-07-01T09:16:18.128483Z
47017-0010018055,47017,VIRGEN DE ESTRELLA S.A.C.,2026-05-29,001/0018055,ABN852,27.0,PIEDRA,2,36.96,37.7,215.64,,,SAN LORENZO,MEIGGS,2026-07-01T09:16:18.128504Z
47017-0010018056,47017,VIRGEN DE ESTRELLA S.A.C.,2026-05-29,001/0018056,AWW845,34.0,PIEDRA,2,38.73,39.5,225.94,,,SAN LORENZO,MEIGGS,2026-07-01T09:16:18.128526Z
47017-0010018060,47017,VIRGEN DE ESTRELLA S.A.C.,2026-05-29,001/0018060,AJC805,30.0,PIEDRA,2,39.83,40.63,232.4,,,SAN LORENZO,MEIGGS,2026-07-01T09:16:18.128548Z
47017-0010018062,47017,VIRGEN DE ESTRELLA S.A.C.,2026-05-29,001/0018062,ABL875,26.0,PIEDRA,2,39.27,40.06,229.14,,,SAN LORENZO,MEIGGS,2026-07-01T09:16:18.128570Z
47017-0010018033,47017,VIRGEN DE ESTRELLA S.A.C.,2026-05-29,001/0018033,AWW845,34.0,PIEDRA,2,37.75,37.75,215.93,,,SAN LORENZO,MEIGGS,2026-07-01T09:16:18.128685Z
47024-1910582700,47024,VIRGEN DE ESTRELLA S.A.C.,2026-05-30,191/0582700,CAZ895,42.0,ARENA,14,31.86,35.68,499.52,,,JICAMARCA,VILLA 1,2026-06-30T22:27:33.610216Z
47017-1910582787,47017,VIRGEN DE ESTRELLA S.A.C.,2026-05-30,191/0582787,CAZ895,42.0,PIEDRA,2,32.38,32.38,321.57,,,JICAMARCA,BLOQUES ANCIETA INS. Y SUM.,2026-07-01T09:16:18.119688Z
47017-1910582770,47017,VIRGEN DE ESTRELLA S.A.C.,2026-05-30,191/0582770,CCL847,44.0,PIEDRA,2,34.44,34.63,495.6,,,JICAMARCA,EMBOLSADOS INS. Y SUM.,2026-07-01T09:16:18.119972Z
47017-1910582702,47017,VIRGEN DE ESTRELLA S.A.C.,2026-05-30,191/0582702,CCL847,44.0,ARENA,14,33.64,37.34,628.42,,,JICAMARCA,SAN ANTONIO,2026-07-01T09:16:18.120543Z
47017-1910582740,47017,VIRGEN DE ESTRELLA S.A.C.,2026-05-30,191/0582740,C9W737,21.0,PIEDRA,2,35.39,35.39,595.55,,,JICAMARCA,SAN ANTONIO,2026-07-01T09:16:18.120698Z
47017-1910582744,47017,VIRGEN DE ESTRELLA S.A.C.,2026-05-30,191/0582744,CBA709,43.0,PIEDRA,2,36.78,36.78,619.03,,,JICAMARCA,SAN ANTONIO,2026-07-01T09:16:18.120734Z
47017-1950193930,47017,VIRGEN DE ESTRELLA S.A.C.,2026-05-30,195/0193930,AWW871,32.0,PIEDRA,2,35.66,35.66,540.25,,,YERBABUENA,MEIGGS,2026-07-01T09:16:18.121629Z
47017-1950193894,47017,VIRGEN DE ESTRELLA S.A.C.,2026-05-30,195/0193894,BYP838,10.0,PIEDRA,2,44.13,44.13,668.57,,,YERBABUENA,MEIGGS,2026-07-01T09:16:18.122292Z
47017-1950193897,47017,VIRGEN DE ESTRELLA S.A.C.,2026-05-30,195/0193897,CHW782,46.0,PIEDRA,2,38.9,38.9,589.34,,,YERBABUENA,MEIGGS,2026-07-01T09:16:18.122316Z
47017-1950193913,47017,VIRGEN DE ESTRELLA S.A.C.,2026-05-30,195/0193913,CBR854,14.0,PIEDRA,2,41.89,41.89,634.63,,,YERBABUENA,MEIGGS,2026-07-01T09:16:18.122342Z
47017-1950193914,47017,VIRGEN DE ESTRELLA S.A.C.,2026-05-30,195/0193914,CBR796,18.0,PIEDRA,2,42.37,42.37,641.91,,,YERBABUENA,MEIGGS,2026-07-01T09:16:18.122369Z
47017-1950193939,47017,VIRGEN DE ESTRELLA S.A.C.,2026-05-30,195/0193939,ATN880,5.0,PIEDRA,2,45.11,45.11,683.42,,,YERBABUENA,MEIGGS,2026-07-01T09:16:18.122394Z
47017-1950193940,47017,VIRGEN DE ESTRELLA S.A.C.,2026-05-30,195/0193940,CBR872,16.0,PIEDRA,2,42.54,42.54,644.48,,,YERBABUENA,MEIGGS,2026-07-01T09:16:18.122417Z
47017-1950193906,47017,VIRGEN DE ESTRELLA S.A.C.,2026-05-30,195/0193906,BAE736,35.0,PIEDRA,2,35.33,35.33,535.25,,,YERBABUENA,MEIGGS,2026-07-01T09:16:18.122572Z
47017-1950193915,47017,VIRGEN DE ESTRELLA S.A.C.,2026-05-30,195/0193915,D8D861,23.0,ARENA,14,34.53,34.53,523.13,,,YERBABUENA,MEIGGS,2026-07-01T09:16:18.124162Z
47017-1950193916,47017,VIRGEN DE ESTRELLA S.A.C.,2026-05-30,195/0193916,BZR940,40.0,ARENA,14,35.58,35.58,539.04,,,YERBABUENA,MEIGGS,2026-07-01T09:16:18.124191Z
47017-1950193924,47017,VIRGEN DE ESTRELLA S.A.C.,2026-05-30,195/0193924,CAP946,41.0,ARENA,14,38.22,38.22,579.03,,,YERBABUENA,MEIGGS,2026-07-01T09:16:18.124222Z
47017-1950193925,47017,VIRGEN DE ESTRELLA S.A.C.,2026-05-30,195/0193925,F3F817,1.0,ARENA,14,47.98,47.98,726.9,,,YERBABUENA,MEIGGS,2026-07-01T09:16:18.124256Z
47017-1950193931,47017,VIRGEN DE ESTRELLA S.A.C.,2026-05-30,195/0193931,BFC837,36.0,ARENA,14,39.94,39.94,605.09,,,YERBABUENA,MEIGGS,2026-07-01T09:16:18.124286Z
47017-1950193932,47017,VIRGEN DE ESTRELLA S.A.C.,2026-05-30,195/0193932,AWH708,33.0,ARENA,14,38.2,38.2,578.73,,,YERBABUENA,MEIGGS,2026-07-01T09:16:18.124319Z
47017-1950193935,47017,VIRGEN DE ESTRELLA S.A.C.,2026-05-30,195/0193935,C9T788,20.0,ARENA,14,37.9,37.9,574.18,,,YERBABUENA,MEIGGS,2026-07-01T09:16:18.124354Z
47017-1950193943,47017,VIRGEN DE ESTRELLA S.A.C.,2026-05-30,195/0193943,BYP838,10.0,ARENA,14,47.6,47.6,721.14,,,YERBABUENA,MEIGGS,2026-07-01T09:16:18.124384Z
47017-0010018068,47017,VIRGEN DE ESTRELLA S.A.C.,2026-05-30,001/0018068,CHW782,46.0,PIEDRA,2,37.57,38.7,251.55,,,SAN LORENZO,OQUENDO,2026-07-01T09:16:18.126390Z
47017-0010018070,47017,VIRGEN DE ESTRELLA S.A.C.,2026-05-30,001/0018070,BFI758,37.0,PIEDRA,2,39.44,40.62,264.03,,,SAN LORENZO,OQUENDO,2026-07-01T09:16:18.126414Z
47017-0010018071,47017,VIRGEN DE ESTRELLA S.A.C.,2026-05-30,001/0018071,BAE736,35.0,PIEDRA,2,37.87,39.01,253.57,,,SAN LORENZO,OQUENDO,2026-07-01T09:16:18.126439Z
47024-1910582816,47024,VIRGEN DE ESTRELLA S.A.C.,2026-06-01,191/0582816,CAZ895,42.0,PIEDRA,2,33.81,33.81,569.02,,,JICAMARCA,SAN ANTONIO,2026-06-30T22:27:33.610347Z
47024-1910582818,47024,VIRGEN DE ESTRELLA S.A.C.,2026-06-01,191/0582818,CCL847,44.0,PIEDRA,2,34.41,34.41,579.12,,,JICAMARCA,SAN ANTONIO,2026-06-30T22:27:33.610380Z
47024-1910582824,47024,VIRGEN DE ESTRELLA S.A.C.,2026-06-01,191/0582824,C9W737,21.0,PIEDRA,2,35.34,35.34,594.77,,,JICAMARCA,SAN ANTONIO,2026-06-30T22:27:33.610418Z
47024-1910582843,47024,VIRGEN DE ESTRELLA S.A.C.,2026-06-01,191/0582843,CBA709,43.0,PIEDRA,2,37.76,37.76,635.47,,,JICAMARCA,SAN ANTONIO,2026-06-30T22:27:33.610447Z
47024-1950193953,47024,VIRGEN DE ESTRELLA S.A.C.,2026-06-01,195/0193953,BAE736,35.0,PIEDRA,2,36.05,36.05,546.16,,,YERBABUENA,MEIGGS,2026-06-30T22:27:33.610639Z
47024-1950193971,47024,VIRGEN DE ESTRELLA S.A.C.,2026-06-01,195/0193971,C9T788,20.0,PIEDRA,2,39.2,39.2,593.88,,,YERBABUENA,MEIGGS,2026-06-30T22:27:33.610667Z
47024-1950193952,47024,VIRGEN DE ESTRELLA S.A.C.,2026-06-01,195/0193952,CBR854,14.0,PIEDRA,2,42.76,42.76,647.81,,,YERBABUENA,MEIGGS,2026-06-30T22:27:33.610703Z
47024-1950193970,47024,VIRGEN DE ESTRELLA S.A.C.,2026-06-01,195/0193970,F3F817,1.0,PIEDRA,2,42.55,42.55,644.63,,,YERBABUENA,MEIGGS,2026-06-30T22:27:33.610732Z
47024-1950193978,47024,VIRGEN DE ESTRELLA S.A.C.,2026-06-01,195/0193978,ATN880,5.0,PIEDRA,2,43.73,43.73,662.51,,,YERBABUENA,MEIGGS,2026-06-30T22:27:33.610765Z
47024-1950193979,47024,VIRGEN DE ESTRELLA S.A.C.,2026-06-01,195/0193979,AWW871,32.0,PIEDRA,2,39.96,39.96,605.39,,,YERBABUENA,MEIGGS,2026-06-30T22:27:33.610794Z
47024-1950193982,47024,VIRGEN DE ESTRELLA S.A.C.,2026-06-01,195/0193982,BYP838,10.0,PIEDRA,2,43.07,43.07,652.51,,,YERBABUENA,MEIGGS,2026-06-30T22:27:33.610824Z
47024-1950193980,47024,VIRGEN DE ESTRELLA S.A.C.,2026-06-01,195/0193980,AWH708,33.0,PIEDRA,2,39.43,39.43,597.36,,,YERBABUENA,MEIGGS,2026-06-30T22:27:33.610854Z
47024-0010018100,47024,VIRGEN DE ESTRELLA S.A.C.,2026-06-01,001/0018100,BAE736,35.0,PIEDRA,2,39.51,40.5,307.8,,,SAN LORENZO,COLLIQUE,2026-06-30T22:27:33.611031Z
47024-0010018103,47024,VIRGEN DE ESTRELLA S.A.C.,2026-06-01,001/0018103,C9T788,20.0,PIEDRA,2,37.5,38.44,292.14,,,SAN LORENZO,COLLIQUE,2026-06-30T22:27:33.611062Z
47024-0010018104,47024,VIRGEN DE ESTRELLA S.A.C.,2026-06-01,001/0018104,AWW871,32.0,PIEDRA,2,39.24,40.22,305.67,,,SAN LORENZO,COLLIQUE,2026-06-30T22:27:33.611090Z
47024-0010018106,47024,VIRGEN DE ESTRELLA S.A.C.,2026-06-01,001/0018106,ATN880,5.0,PIEDRA,2,44.11,45.21,343.6,,,SAN LORENZO,COLLIQUE,2026-06-30T22:27:33.611117Z
47024-0010018107,47024,VIRGEN DE ESTRELLA S.A.C.,2026-06-01,001/0018107,AWH708,33.0,PIEDRA,2,38.91,39.88,303.09,,,SAN LORENZO,COLLIQUE,2026-06-30T22:27:33.611147Z
47024-0010018112,47024,VIRGEN DE ESTRELLA S.A.C.,2026-06-01,001/0018112,F3F817,1.0,PIEDRA,2,42.6,43.67,331.89,,,SAN LORENZO,COLLIQUE,2026-06-30T22:27:33.611177Z
47024-0010018117,47024,VIRGEN DE ESTRELLA S.A.C.,2026-06-01,001/0018117,AJC805,30.0,PIEDRA,2,37.92,38.87,295.41,,,SAN LORENZO,COLLIQUE,2026-06-30T22:27:33.611204Z
47024-0010018118,47024,VIRGEN DE ESTRELLA S.A.C.,2026-06-01,001/0018118,BZR752,38.0,PIEDRA,2,37.41,38.35,291.46,,,SAN LORENZO,COLLIQUE,2026-06-30T22:27:33.611231Z
47024-0010018119,47024,VIRGEN DE ESTRELLA S.A.C.,2026-06-01,001/0018119,AKE789,31.0,PIEDRA,2,36.34,37.25,283.1,,,SAN LORENZO,COLLIQUE,2026-06-30T22:27:33.611259Z
47024-0010018121,47024,VIRGEN DE ESTRELLA S.A.C.,2026-06-01,001/0018121,D8B795,22.0,PIEDRA,2,33.72,34.56,262.66,,,SAN LORENZO,COLLIQUE,2026-06-30T22:27:33.611287Z
47024-0010018122,47024,VIRGEN DE ESTRELLA S.A.C.,2026-06-01,001/0018122,AHJ786,28.0,PIEDRA,2,37.41,38.35,291.46,,,SAN LORENZO,COLLIQUE,2026-06-30T22:27:33.611313Z
47024-0010018123,47024,VIRGEN DE ESTRELLA S.A.C.,2026-06-01,001/0018123,ABL875,26.0,PIEDRA,2,39.21,40.19,305.44,,,SAN LORENZO,COLLIQUE,2026-06-30T22:27:33.611338Z
47024-0010018077,47024,VIRGEN DE ESTRELLA S.A.C.,2026-06-01,001/0018077,D8D861,23.0,ARENA,14,31.58,35.68,234.42,,,SAN LORENZO,MATERIALES,2026-06-30T22:27:33.611847Z
47024-0010018091,47024,VIRGEN DE ESTRELLA S.A.C.,2026-06-01,001/0018091,D8E728,24.0,ARENA,14,31.13,35.18,231.13,,,SAN LORENZO,MATERIALES,2026-06-30T22:27:33.611876Z
47024-0010018092,47024,VIRGEN DE ESTRELLA S.A.C.,2026-06-01,001/0018092,BFI758,37.0,ARENA,14,35.46,40.07,263.26,,,SAN LORENZO,MATERIALES,2026-06-30T22:27:33.611903Z
47024-0010018094,47024,VIRGEN DE ESTRELLA S.A.C.,2026-06-01,001/0018094,D8D861,23.0,ARENA,14,33.31,37.64,247.29,,,SAN LORENZO,MATERIALES,2026-06-30T22:27:33.611929Z
47024-0010018095,47024,VIRGEN DE ESTRELLA S.A.C.,2026-06-01,001/0018095,AHJ786,28.0,ARENA,14,34.76,39.28,258.07,,,SAN LORENZO,MATERIALES,2026-06-30T22:27:33.611955Z
47024-0010018096,47024,VIRGEN DE ESTRELLA S.A.C.,2026-06-01,001/0018096,AKE789,31.0,ARENA,14,34.21,38.66,254.0,,,SAN LORENZO,MATERIALES,2026-06-30T22:27:33.611983Z
47024-0010018097,47024,VIRGEN DE ESTRELLA S.A.C.,2026-06-01,001/0018097,BZR752,38.0,ARENA,14,32.95,37.23,244.6,,,SAN LORENZO,MATERIALES,2026-06-30T22:27:33.612009Z
47024-0010018098,47024,VIRGEN DE ESTRELLA S.A.C.,2026-06-01,001/0018098,AJC805,30.0,ARENA,14,34.87,39.4,258.86,,,SAN LORENZO,MATERIALES,2026-06-30T22:27:33.612039Z
47024-0010018108,47024,VIRGEN DE ESTRELLA S.A.C.,2026-06-01,001/0018108,AKE789,31.0,ARENA,14,33.09,37.39,245.65,,,SAN LORENZO,MATERIALES,2026-06-30T22:27:33.612067Z
47024-0010018111,47024,VIRGEN DE ESTRELLA S.A.C.,2026-06-01,001/0018111,BF1758,,ARENA,14,33.81,38.2,250.97,,,SAN LORENZO,MATERIALES,2026-06-30T22:27:33.612136Z
47024-0010018113,47024,VIRGEN DE ESTRELLA S.A.C.,2026-06-01,001/0018113,D8D861,23.0,ARENA,14,31.48,35.57,233.69,,,SAN LORENZO,MATERIALES,2026-06-30T22:27:33.612166Z
47024-0010018114,47024,VIRGEN DE ESTRELLA S.A.C.,2026-06-01,001/0018114,D8E728,24.0,ARENA,14,30.97,35.0,229.95,,,SAN LORENZO,MATERIALES,2026-06-30T22:27:33.612194Z
47024-0010018082,47024,VIRGEN DE ESTRELLA S.A.C.,2026-06-01,001/0018082,D8E728,24.0,ARENA,14,31.81,35.63,203.8,,,SAN LORENZO,MEIGGS,2026-06-30T22:27:33.612467Z
47024-0010018083,47024,VIRGEN DE ESTRELLA S.A.C.,2026-06-01,001/0018083,BFI758,37.0,ARENA,14,34.65,38.81,221.99,,,SAN LORENZO,MEIGGS,2026-06-30T22:27:33.612493Z
47024-0010018084,47024,VIRGEN DE ESTRELLA S.A.C.,2026-06-01,001/0018084,AKE789,31.0,ARENA,14,33.15,37.13,212.38,,,SAN LORENZO,MEIGGS,2026-06-30T22:27:33.612519Z
47024-0010018085,47024,VIRGEN DE ESTRELLA S.A.C.,2026-06-01,001/0018085,BZR752,38.0,ARENA,14,33.93,38.0,217.36,,,SAN LORENZO,MEIGGS,2026-06-30T22:27:33.612545Z
47024-0010018086,47024,VIRGEN DE ESTRELLA S.A.C.,2026-06-01,001/0018086,AJC805,30.0,ARENA,14,34.77,38.94,222.74,,,SAN LORENZO,MEIGGS,2026-06-30T22:27:33.612571Z
47024-0010018087,47024,VIRGEN DE ESTRELLA S.A.C.,2026-06-01,001/0018087,AHJ786,28.0,ARENA,14,33.18,37.16,212.56,,,SAN LORENZO,MEIGGS,2026-06-30T22:27:33.612605Z
47024-0010018089,47024,VIRGEN DE ESTRELLA S.A.C.,2026-06-01,001/0018089,D8B795,22.0,ARENA,14,31.71,35.51,203.12,,,SAN LORENZO,MEIGGS,2026-06-30T22:27:33.612631Z
47024-0010018090,47024,VIRGEN DE ESTRELLA S.A.C.,2026-06-01,001/0018090,ABL875,26.0,ARENA,14,32.63,36.54,209.01,,,SAN LORENZO,MEIGGS,2026-06-30T22:27:33.612656Z
47024-0010018075,47024,VIRGEN DE ESTRELLA S.A.C.,2026-06-01,001/0018075,D8B795,22.0,PIEDRA,2,35.19,35.19,201.29,,,SAN LORENZO,MEIGGS,2026-06-30T22:27:33.613064Z
47024-0010018076,47024,VIRGEN DE ESTRELLA S.A.C.,2026-06-01,001/0018076,ABL875,26.0,PIEDRA,2,38.14,38.14,218.16,,,SAN LORENZO,MEIGGS,2026-06-30T22:27:33.613088Z
47026-1910582880,47026,VIRGEN DE ESTRELLA S.A.C.,2026-06-01,191/0582880,CCL847,44.0,ARENA,14,31.69,34.86,586.69,,,JICAMARCA,CONCHAN,2026-07-01T09:20:50.305275Z
47026-1910582885,47026,VIRGEN DE ESTRELLA S.A.C.,2026-06-01,191/0582885,CBA709,43.0,ARENA,14,31.48,34.63,582.77,,,JICAMARCA,CONCHAN,2026-07-01T09:20:50.305306Z
47026-1910582888,47026,VIRGEN DE ESTRELLA S.A.C.,2026-06-01,191/0582888,CAZ895,42.0,ARENA,14,32.2,35.42,596.08,,,JICAMARCA,CONCHAN,2026-07-01T09:20:50.305337Z
47024-1910583083,47024,VIRGEN DE ESTRELLA S.A.C.,2026-06-02,191/0583083,CAZ895,42.0,PIEDRA,2,34.81,34.81,416.33,,,JICAMARCA,SAN JUAN,2026-06-30T22:27:33.609942Z
47024-1910582998,47024,VIRGEN DE ESTRELLA S.A.C.,2026-06-02,191/0582998,CHS718,45.0,PIEDRA,2,38.59,38.59,461.54,,,JICAMARCA,SAN JUAN,2026-06-30T22:27:33.610017Z
47024-1910582952,47024,VIRGEN DE ESTRELLA S.A.C.,2026-06-02,191/0582952,CHS718,45.0,ARENA,14,32.14,36.32,360.62,,,JICAMARCA,ANCIETA,2026-06-30T22:27:33.610071Z
47024-1910582956,47024,VIRGEN DE ESTRELLA S.A.C.,2026-06-02,191/0582956,CAZ895,42.0,ARENA,14,32.69,36.94,366.78,,,JICAMARCA,ANCIETA,2026-06-30T22:27:33.610109Z
47024-1910582958,47024,VIRGEN DE ESTRELLA S.A.C.,2026-06-02,191/0582958,CCL847,44.0,ARENA,14,31.95,36.1,358.47,,,JICAMARCA,ANCIETA,2026-06-30T22:27:33.610145Z
47024-1910582993,47024,VIRGEN DE ESTRELLA S.A.C.,2026-06-02,191/0582993,CBA709,43.0,PIEDRA,2,37.74,37.74,374.78,,,JICAMARCA,ANCIETA,2026-06-30T22:27:33.610182Z
47024-1910583084,47024,VIRGEN DE ESTRELLA S.A.C.,2026-06-02,191/0583084,CCL847,44.0,ARENA,14,32.21,35.76,500.62,,,JICAMARCA,VILLA 1,2026-06-30T22:27:33.610251Z
47024-1910583054,47024,VIRGEN DE ESTRELLA S.A.C.,2026-06-02,191/0583054,CHS718,45.0,PIEDRA,2,34.52,34.87,498.97,,,JICAMARCA,VILLA 1 UNICON,2026-06-30T22:27:33.610282Z
47024-1910583086,47024,VIRGEN DE ESTRELLA S.A.C.,2026-06-02,191/0583086,C9W737,21.0,PIEDRA,2,32.73,33.06,473.09,,,JICAMARCA,VILLA 1 UNICON,2026-06-30T22:27:33.610312Z
47024-1950194025,47024,VIRGEN DE ESTRELLA S.A.C.,2026-06-02,195/0194025,CBR854,14.0,ARENA,14,41.39,41.8,616.55,,,YERBABUENA,MATERIALES,2026-06-30T22:27:33.610509Z
47024-1950194029,47024,VIRGEN DE ESTRELLA S.A.C.,2026-06-02,195/0194029,BYP838,10.0,ARENA,14,39.7,40.1,591.48,,,YERBABUENA,MATERIALES,2026-06-30T22:27:33.610541Z
47024-1950194032,47024,VIRGEN DE ESTRELLA S.A.C.,2026-06-02,195/0194032,ATN880,5.0,ARENA,14,42.84,43.27,638.23,,,YERBABUENA,MATERIALES,2026-06-30T22:27:33.610576Z
47024-1950194033,47024,VIRGEN DE ESTRELLA S.A.C.,2026-06-02,195/0194033,F3F817,1.0,ARENA,14,43.56,44.0,649.0,,,YERBABUENA,MATERIALES,2026-06-30T22:27:33.610610Z
47024-1950194026,47024,VIRGEN DE ESTRELLA S.A.C.,2026-06-02,195/0194026,AWH708,33.0,ARENA,14,39.7,39.7,601.46,,,YERBABUENA,MEIGGS,2026-06-30T22:27:33.610882Z
47024-1950194027,47024,VIRGEN DE ESTRELLA S.A.C.,2026-06-02,195/0194027,BAE736,35.0,ARENA,14,40.15,40.15,608.27,,,YERBABUENA,MEIGGS,2026-06-30T22:27:33.610913Z
47024-1950194048,47024,VIRGEN DE ESTRELLA S.A.C.,2026-06-02,195/0194048,C9T788,20.0,ARENA,14,39.07,39.07,591.91,,,YERBABUENA,MEIGGS,2026-06-30T22:27:33.610942Z
47024-1950194062,47024,VIRGEN DE ESTRELLA S.A.C.,2026-06-02,195/0194062,BFI758,37.0,ARENA,14,41.13,41.13,623.12,,,YERBABUENA,MEIGGS,2026-06-30T22:27:33.610969Z
47024-1950194063,47024,VIRGEN DE ESTRELLA S.A.C.,2026-06-02,195/0194063,BAE736,35.0,ARENA,14,42.39,42.39,642.21,,,YERBABUENA,MEIGGS,2026-06-30T22:27:33.611002Z
47024-0010018135,47024,VIRGEN DE ESTRELLA S.A.C.,2026-06-02,001/0018135,BFI758,37.0,PIEDRA,2,39.31,40.29,306.2,,,SAN LORENZO,COLLIQUE,2026-06-30T22:27:33.611365Z
47024-0010018137,47024,VIRGEN DE ESTRELLA S.A.C.,2026-06-02,001/0018137,ABN852,27.0,PIEDRA,2,38.28,39.24,298.22,,,SAN LORENZO,COLLIQUE,2026-06-30T22:27:33.611391Z
47024-0010018138,47024,VIRGEN DE ESTRELLA S.A.C.,2026-06-02,001/0018138,D8D861,23.0,PIEDRA,2,36.62,37.54,285.3,,,SAN LORENZO,COLLIQUE,2026-06-30T22:27:33.611422Z
47024-0010018146,47024,VIRGEN DE ESTRELLA S.A.C.,2026-06-02,001/0018146,AHJ786,28.0,PIEDRA,2,38.14,39.09,297.08,,,SAN LORENZO,COLLIQUE,2026-06-30T22:27:33.611451Z
47024-0010018153,47024,VIRGEN DE ESTRELLA S.A.C.,2026-06-02,001/0018153,AWH708,33.0,PIEDRA,2,38.98,39.95,303.62,,,SAN LORENZO,COLLIQUE,2026-06-30T22:27:33.611477Z
47024-0010018158,47024,VIRGEN DE ESTRELLA S.A.C.,2026-06-02,001/0018158,CBR854,14.0,PIEDRA,2,38.6,39.57,300.73,,,SAN LORENZO,COLLIQUE,2026-06-30T22:27:33.611503Z
47024-0010018160,47024,VIRGEN DE ESTRELLA S.A.C.,2026-06-02,001/0018160,C9T788,20.0,PIEDRA,2,35.67,36.56,277.86,,,SAN LORENZO,COLLIQUE,2026-06-30T22:27:33.611530Z
47024-0010018163,47024,VIRGEN DE ESTRELLA S.A.C.,2026-06-02,001/0018163,BYP838,10.0,PIEDRA,2,42.66,43.73,332.35,,,SAN LORENZO,COLLIQUE,2026-06-30T22:27:33.611561Z
47024-0010018169,47024,VIRGEN DE ESTRELLA S.A.C.,2026-06-02,001/0018169,ATN880,5.0,PIEDRA,2,45.65,46.79,355.6,,,SAN LORENZO,COLLIQUE,2026-06-30T22:27:33.611587Z
47024-0010018176,47024,VIRGEN DE ESTRELLA S.A.C.,2026-06-02,001/0018176,F3F817,1.0,PIEDRA,2,43.1,44.18,335.77,,,SAN LORENZO,COLLIQUE,2026-06-30T22:27:33.611615Z
47024-0010018181,47024,VIRGEN DE ESTRELLA S.A.C.,2026-06-02,001/0018181,CBR854,14.0,PIEDRA,2,38.6,39.57,300.73,,,SAN LORENZO,COLLIQUE,2026-06-30T22:27:33.611640Z
47024-0010018182,47024,VIRGEN DE ESTRELLA S.A.C.,2026-06-02,001/0018182,C9T788,20.0,PIEDRA,2,35.32,36.2,275.12,,,SAN LORENZO,COLLIQUE,2026-06-30T22:27:33.611668Z
47024-0010018183,47024,VIRGEN DE ESTRELLA S.A.C.,2026-06-02,001/0018183,ABN852,27.0,PIEDRA,2,37.37,38.3,291.08,,,SAN LORENZO,COLLIQUE,2026-06-30T22:27:33.611701Z
47024-0010018186,47024,VIRGEN DE ESTRELLA S.A.C.,2026-06-02,001/0018186,ABL875,26.0,PIEDRA,2,37.9,38.85,295.26,,,SAN LORENZO,COLLIQUE,2026-06-30T22:27:33.611731Z
47024-0010018140,47024,VIRGEN DE ESTRELLA S.A.C.,2026-06-02,001/0018140,D8E728,24.0,PIEDRA,2,36.71,37.81,245.77,,,SAN LORENZO,OQUENDO,2026-06-30T22:27:33.611758Z
47024-0010018142,47024,VIRGEN DE ESTRELLA S.A.C.,2026-06-02,001/0018142,D8B795,22.0,PIEDRA,2,35.53,36.6,237.9,,,SAN LORENZO,OQUENDO,2026-06-30T22:27:33.611785Z
47024-0010018154,47024,VIRGEN DE ESTRELLA S.A.C.,2026-06-02,001/0018154,AKE789,31.0,PIEDRA,2,36.94,38.05,247.33,,,SAN LORENZO,OQUENDO,2026-06-30T22:27:33.611811Z
47024-0010018155,47024,VIRGEN DE ESTRELLA S.A.C.,2026-06-02,001/0018155,D8D861,23.0,ARENA,14,33.31,37.64,247.29,,,SAN LORENZO,MATERIALES,2026-06-30T22:27:33.612222Z
47024-0010018156,47024,VIRGEN DE ESTRELLA S.A.C.,2026-06-02,001/0018156,AWW871,32.0,ARENA,14,34.19,38.64,253.86,,,SAN LORENZO,MATERIALES,2026-06-30T22:27:33.612249Z
47024-0010018157,47024,VIRGEN DE ESTRELLA S.A.C.,2026-06-02,001/0018157,D8E728,24.0,ARENA,14,32.93,37.21,244.47,,,SAN LORENZO,MATERIALES,2026-06-30T22:27:33.612275Z
47024-0010018159,47024,VIRGEN DE ESTRELLA S.A.C.,2026-06-02,001/0018159,D8B795,22.0,ARENA,14,31.12,35.16,231.0,,,SAN LORENZO,MATERIALES,2026-06-30T22:27:33.612301Z
47024-0010018165,47024,VIRGEN DE ESTRELLA S.A.C.,2026-06-02,001/0018165,ABN852,27.0,ARENA,14,34.07,38.5,252.95,,,SAN LORENZO,MATERIALES,2026-06-30T22:27:33.612335Z
47024-0010018167,47024,VIRGEN DE ESTRELLA S.A.C.,2026-06-02,001/0018167,AKE789,31.0,ARENA,14,32.22,36.41,239.21,,,SAN LORENZO,MATERIALES,2026-06-30T22:27:33.612362Z
47024-0010018170,47024,VIRGEN DE ESTRELLA S.A.C.,2026-06-02,001/0018170,AWH708,33.0,ARENA,14,32.39,36.6,240.46,,,SAN LORENZO,MATERIALES,2026-06-30T22:27:33.612388Z
47024-0010018171,47024,VIRGEN DE ESTRELLA S.A.C.,2026-06-02,001/0018171,D8E728,24.0,ARENA,14,30.84,34.85,228.96,,,SAN LORENZO,MATERIALES,2026-06-30T22:27:33.612415Z
47024-0010018177,47024,VIRGEN DE ESTRELLA S.A.C.,2026-06-02,001/0018177,D8B795,22.0,ARENA,14,30.32,34.26,225.09,,,SAN LORENZO,MATERIALES,2026-06-30T22:27:33.612441Z
47024-0010018129,47024,VIRGEN DE ESTRELLA S.A.C.,2026-06-02,001/0018129,ABL875,26.0,ARENA,14,32.97,36.93,211.24,,,SAN LORENZO,MEIGGS,2026-06-30T22:27:33.612682Z
47024-0010018130,47024,VIRGEN DE ESTRELLA S.A.C.,2026-06-02,001/0018130,AWW871,32.0,ARENA,14,34.0,38.08,217.82,,,SAN LORENZO,MEIGGS,2026-06-30T22:27:33.612717Z
47024-0010018131,47024,VIRGEN DE ESTRELLA S.A.C.,2026-06-02,001/0018131,D8E728,24.0,ARENA,14,32.07,35.92,205.46,,,SAN LORENZO,MEIGGS,2026-06-30T22:27:33.612743Z
47024-0010018132,47024,VIRGEN DE ESTRELLA S.A.C.,2026-06-02,001/0018132,D8B795,22.0,ARENA,14,31.09,34.82,199.17,,,SAN LORENZO,MEIGGS,2026-06-30T22:27:33.612773Z
47024-0010018136,47024,VIRGEN DE ESTRELLA S.A.C.,2026-06-02,001/0018136,AKE789,31.0,ARENA,14,32.7,36.62,209.47,,,SAN LORENZO,MEIGGS,2026-06-30T22:27:33.612802Z
47024-0010018139,47024,VIRGEN DE ESTRELLA S.A.C.,2026-06-02,001/0018139,ABL875,26.0,ARENA,14,34.67,38.83,222.11,,,SAN LORENZO,MEIGGS,2026-06-30T22:27:33.612832Z
47024-0010018141,47024,VIRGEN DE ESTRELLA S.A.C.,2026-06-02,001/0018141,AWW871,32.0,ARENA,14,33.75,37.8,216.22,,,SAN LORENZO,MEIGGS,2026-06-30T22:27:33.612859Z
47024-0010018143,47024,VIRGEN DE ESTRELLA S.A.C.,2026-06-02,001/0018143,AKE789,31.0,ARENA,14,35.55,39.82,227.77,,,SAN LORENZO,MEIGGS,2026-06-30T22:27:33.612888Z
47024-0010018150,47024,VIRGEN DE ESTRELLA S.A.C.,2026-06-02,001/0018150,ABN852,27.0,ARENA,14,33.8,37.86,216.56,,,SAN LORENZO,MEIGGS,2026-06-30T22:27:33.612915Z
47024-0010018152,47024,VIRGEN DE ESTRELLA S.A.C.,2026-06-02,001/0018152,ABL875,26.0,ARENA,14,35.6,39.87,228.06,,,SAN LORENZO,MEIGGS,2026-06-30T22:27:33.612941Z
47024-0010018168,47024,VIRGEN DE ESTRELLA S.A.C.,2026-06-02,001/0018168,ABL875,26.0,PIEDRA,2,38.31,39.27,224.62,,,SAN LORENZO,MEIGGS,2026-06-30T22:27:33.612966Z
47024-0010018172,47024,VIRGEN DE ESTRELLA S.A.C.,2026-06-02,001/0018172,AWW871,32.0,PIEDRA,2,37.16,38.09,217.87,,,SAN LORENZO,MEIGGS,2026-06-30T22:27:33.612990Z
47024-0010018173,47024,VIRGEN DE ESTRELLA S.A.C.,2026-06-02,001/0018173,D8D861,23.0,PIEDRA,2,34.82,35.69,204.15,,,SAN LORENZO,MEIGGS,2026-06-30T22:27:33.613015Z
47024-0010018179,47024,VIRGEN DE ESTRELLA S.A.C.,2026-06-02,001/0018179,BFI758,37.0,PIEDRA,2,37.84,38.79,221.88,,,SAN LORENZO,MEIGGS,2026-06-30T22:27:33.613040Z
47026-1910583016,47026,VIRGEN DE ESTRELLA S.A.C.,2026-06-02,191/0583016,CAZ895,42.0,PIEDRA,2,33.57,33.74,482.77,,,JICAMARCA,EMBOLSADOS INS. Y SUM.,2026-07-01T09:20:50.305629Z
47026-1910583031,47026,VIRGEN DE ESTRELLA S.A.C.,2026-06-02,191/0583031,CCL847,44.0,PIEDRA,2,33.63,33.8,483.61,,,JICAMARCA,EMBOLSADOS INS. Y SUM.,2026-07-01T09:20:50.305655Z
47026-1910583036,47026,VIRGEN DE ESTRELLA S.A.C.,2026-06-02,191/0583036,CBA709,43.0,PIEDRA,2,34.65,34.82,498.34,,,JICAMARCA,EMBOLSADOS INS. Y SUM.,2026-07-01T09:20:50.305684Z
47026-1910583206,47026,VIRGEN DE ESTRELLA S.A.C.,2026-06-03,191/0583206,CCL847,44.0,ARENA,14,33.57,37.6,449.7,,,JICAMARCA,SAN JUAN,2026-07-01T09:20:50.304402Z
47026-1910583151,47026,VIRGEN DE ESTRELLA S.A.C.,2026-06-03,191/0583151,CCL847,44.0,ARENA,14,32.85,37.12,368.63,,,JICAMARCA,ANCIETA,2026-07-01T09:20:50.304846Z
47026-1910583196,47026,VIRGEN DE ESTRELLA S.A.C.,2026-06-03,191/0583196,CBA709,43.0,ARENA,14,32.67,36.92,366.63,,,JICAMARCA,ANCIETA,2026-07-01T09:20:50.304879Z
47026-1910583166,47026,VIRGEN DE ESTRELLA S.A.C.,2026-06-03,191/0583166,CHS718,45.0,PIEDRA,2,36.35,36.35,360.93,,,JICAMARCA,ANCIETA,2026-07-01T09:20:50.305243Z
47026-1910583209,47026,VIRGEN DE ESTRELLA S.A.C.,2026-06-03,191/0583209,CHS718,45.0,ARENA,14,34.51,37.05,367.86,,,JICAMARCA,BLOQUES ANCIETA INS. Y SUM.,2026-07-01T09:20:50.305460Z
47026-1910583150,47026,VIRGEN DE ESTRELLA S.A.C.,2026-06-03,191/0583150,CAZ895,42.0,PIEDRA,2,33.66,33.66,566.5,,,JICAMARCA,SAN ANTONIO,2026-07-01T09:20:50.306518Z
47026-1910583187,47026,VIRGEN DE ESTRELLA S.A.C.,2026-06-03,191/0583187,C9W737,21.0,PIEDRA,2,35.22,35.22,592.69,,,JICAMARCA,SAN ANTONIO,2026-07-01T09:20:50.306605Z
47026-1950194088,47026,VIRGEN DE ESTRELLA S.A.C.,2026-06-03,195/0194088,AWH708,33.0,ARENA,14,38.5,38.5,583.28,,,YERBABUENA,MEIGGS,2026-07-01T09:20:50.308897Z
47026-0010018196,47026,VIRGEN DE ESTRELLA S.A.C.,2026-06-03,001/0018196,BFI758,37.0,PIEDRA,2,37.92,38.87,295.41,,,SAN LORENZO,COLLIQUE,2026-07-01T09:20:50.311062Z
47026-0010018198,47026,VIRGEN DE ESTRELLA S.A.C.,2026-06-03,001/0018198,ATN880,5.0,PIEDRA,2,44.79,45.91,348.92,,,SAN LORENZO,COLLIQUE,2026-07-01T09:20:50.311088Z
47026-0010018208,47026,VIRGEN DE ESTRELLA S.A.C.,2026-06-03,001/0018208,AWH708,33.0,PIEDRA,2,38.59,39.55,300.58,,,SAN LORENZO,COLLIQUE,2026-07-01T09:20:50.311110Z
47026-0010018211,47026,VIRGEN DE ESTRELLA S.A.C.,2026-06-03,001/0018211,D8D861,23.0,PIEDRA,2,36.46,37.37,284.01,,,SAN LORENZO,COLLIQUE,2026-07-01T09:20:50.311134Z
47026-0010018217,47026,VIRGEN DE ESTRELLA S.A.C.,2026-06-03,001/0018217,ABN852,27.0,PIEDRA,2,38.75,39.72,301.87,,,SAN LORENZO,COLLIQUE,2026-07-01T09:20:50.311157Z
47026-0010018220,47026,VIRGEN DE ESTRELLA S.A.C.,2026-06-03,001/0018220,AJC805,30.0,PIEDRA,2,37.5,38.44,292.14,,,SAN LORENZO,COLLIQUE,2026-07-01T09:20:50.311179Z
47026-0010018221,47026,VIRGEN DE ESTRELLA S.A.C.,2026-06-03,001/0018221,BFI758,37.0,PIEDRA,2,38.97,39.94,303.54,,,SAN LORENZO,COLLIQUE,2026-07-01T09:20:50.311205Z
47026-0010018223,47026,VIRGEN DE ESTRELLA S.A.C.,2026-06-03,001/0018223,ATN880,5.0,PIEDRA,2,44.51,45.62,346.71,,,SAN LORENZO,COLLIQUE,2026-07-01T09:20:50.311229Z
47026-0010018226,47026,VIRGEN DE ESTRELLA S.A.C.,2026-06-03,001/0018226,D8E728,24.0,PIEDRA,2,36.24,37.15,282.34,,,SAN LORENZO,COLLIQUE,2026-07-01T09:20:50.311255Z
47026-0010018227,47026,VIRGEN DE ESTRELLA S.A.C.,2026-06-03,001/0018227,ABN852,27.0,PIEDRA,2,39.26,40.24,305.82,,,SAN LORENZO,COLLIQUE,2026-07-01T09:20:50.311278Z
47026-0010018230,47026,VIRGEN DE ESTRELLA S.A.C.,2026-06-03,001/0018230,D8D861,23.0,PIEDRA,2,36.24,37.15,282.34,,,SAN LORENZO,COLLIQUE,2026-07-01T09:20:50.311301Z
47026-0010018233,47026,VIRGEN DE ESTRELLA S.A.C.,2026-06-03,001/0018233,BAE736,35.0,PIEDRA,2,38.0,38.95,296.02,,,SAN LORENZO,COLLIQUE,2026-07-01T09:20:50.311324Z
47026-0010018234,47026,VIRGEN DE ESTRELLA S.A.C.,2026-06-03,001/0018234,D8B795,22.0,PIEDRA,2,35.02,35.9,272.84,,,SAN LORENZO,COLLIQUE,2026-07-01T09:20:50.311348Z
47026-0010018236,47026,VIRGEN DE ESTRELLA S.A.C.,2026-06-03,001/0018236,AKE789,31.0,PIEDRA,2,36.58,37.49,284.92,,,SAN LORENZO,COLLIQUE,2026-07-01T09:20:50.311372Z
47026-0010018238,47026,VIRGEN DE ESTRELLA S.A.C.,2026-06-03,001/0018238,BFI758,37.0,PIEDRA,2,39.89,40.89,310.76,,,SAN LORENZO,COLLIQUE,2026-07-01T09:20:50.311395Z
47026-0010018194,47026,VIRGEN DE ESTRELLA S.A.C.,2026-06-03,001/0018194,ABL875,26.0,ARENA,14,34.51,38.65,251.23,,,SAN LORENZO,OQUENDO,2026-07-01T09:20:50.311802Z
47026-0010018197,47026,VIRGEN DE ESTRELLA S.A.C.,2026-06-03,001/0018197,D8E728,24.0,ARENA,14,30.92,34.63,225.1,,,SAN LORENZO,OQUENDO,2026-07-01T09:20:50.311830Z
47026-0010018201,47026,VIRGEN DE ESTRELLA S.A.C.,2026-06-03,001/0018201,AKE789,31.0,ARENA,14,31.21,34.95,227.18,,,SAN LORENZO,OQUENDO,2026-07-01T09:20:50.311854Z
47026-0010018202,47026,VIRGEN DE ESTRELLA S.A.C.,2026-06-03,001/0018202,AJC805,30.0,ARENA,14,33.58,37.61,244.47,,,SAN LORENZO,OQUENDO,2026-07-01T09:20:50.311879Z
47026-0010018189,47026,VIRGEN DE ESTRELLA S.A.C.,2026-06-03,001/0018189,D8D861,23.0,ARENA,14,30.88,34.9,229.29,,,SAN LORENZO,MATERIALES,2026-07-01T09:20:50.313194Z
47026-0010018190,47026,VIRGEN DE ESTRELLA S.A.C.,2026-06-03,001/0018190,ABN852,27.0,ARENA,14,32.89,37.17,244.21,,,SAN LORENZO,MATERIALES,2026-07-01T09:20:50.313218Z
47026-0010018191,47026,VIRGEN DE ESTRELLA S.A.C.,2026-06-03,001/0018191,BAE736,35.0,ARENA,14,33.19,37.5,246.38,,,SAN LORENZO,MATERIALES,2026-07-01T09:20:50.313244Z
47026-0010018192,47026,VIRGEN DE ESTRELLA S.A.C.,2026-06-03,001/0018192,D8B795,22.0,ARENA,14,30.88,34.89,229.23,,,SAN LORENZO,MATERIALES,2026-07-01T09:20:50.313267Z
47026-0010018193,47026,VIRGEN DE ESTRELLA S.A.C.,2026-06-03,001/0018193,AWW871,32.0,ARENA,14,34.32,38.78,254.78,,,SAN LORENZO,MATERIALES,2026-07-01T09:20:50.313293Z
47026-0010018195,47026,VIRGEN DE ESTRELLA S.A.C.,2026-06-03,001/0018195,AWW845,34.0,ARENA,14,34.57,39.06,256.62,,,SAN LORENZO,MATERIALES,2026-07-01T09:20:50.313315Z
47026-0010018209,47026,VIRGEN DE ESTRELLA S.A.C.,2026-06-03,001/0018209,AWH708,33.0,ARENA,14,32.54,36.77,241.58,,,SAN LORENZO,MATERIALES,2026-07-01T09:20:50.313338Z
47026-0010018212,47026,VIRGEN DE ESTRELLA S.A.C.,2026-06-03,001/0018212,AFX735,25.0,ARENA,14,34.35,38.82,255.05,,,SAN LORENZO,MATERIALES,2026-07-01T09:20:50.313361Z
47026-0010018213,47026,VIRGEN DE ESTRELLA S.A.C.,2026-06-03,001/0018213,D8E728,24.0,ARENA,14,32.58,36.82,241.91,,,SAN LORENZO,MATERIALES,2026-07-01T09:20:50.313382Z
47026-0010018214,47026,VIRGEN DE ESTRELLA S.A.C.,2026-06-03,001/0018214,AKE789,31.0,ARENA,14,34.04,38.47,252.75,,,SAN LORENZO,MATERIALES,2026-07-01T09:20:50.313404Z
47026-0010018215,47026,VIRGEN DE ESTRELLA S.A.C.,2026-06-03,001/0018215,D8B795,22.0,ARENA,14,32.7,36.95,242.76,,,SAN LORENZO,MATERIALES,2026-07-01T09:20:50.313425Z
47026-0010018216,47026,VIRGEN DE ESTRELLA S.A.C.,2026-06-03,001/0018216,ABL875,26.0,ARENA,14,32.81,37.07,243.55,,,SAN LORENZO,MATERIALES,2026-07-01T09:20:50.313447Z
47026-0010018218,47026,VIRGEN DE ESTRELLA S.A.C.,2026-06-03,001/0018218,AWW871,32.0,ARENA,14,37.19,42.03,276.14,,,SAN LORENZO,MATERIALES,2026-07-01T09:20:50.313471Z
47026-0010018235,47026,VIRGEN DE ESTRELLA S.A.C.,2026-06-03,001/0018235,AWW871,32.0,ARENA,14,35.81,40.47,265.89,,,SAN LORENZO,MATERIALES,2026-07-01T09:20:50.313494Z
47026-0010018224,47026,VIRGEN DE ESTRELLA S.A.C.,2026-06-03,001/0018224,AWW845,34.0,PIEDRA,2,37.75,38.69,221.31,,,SAN LORENZO,MEIGGS,2026-07-01T09:20:50.315342Z
47026-0010018225,47026,VIRGEN DE ESTRELLA S.A.C.,2026-06-03,001/0018225,AKE789,31.0,PIEDRA,2,36.89,37.81,216.27,,,SAN LORENZO,MEIGGS,2026-07-01T09:20:50.315361Z
47026-0010018232,47026,VIRGEN DE ESTRELLA S.A.C.,2026-06-03,001/0018232,ABL875,26.0,PIEDRA,2,38.95,39.92,228.34,,,SAN LORENZO,MEIGGS,2026-07-01T09:20:50.315398Z
47026-0010018222,47026,VIRGEN DE ESTRELLA S.A.C.,2026-06-03,001/0018222,AWW845,34.0,PIEDRA,2,38.04,38.04,217.59,,,SAN LORENZO,MEIGGS,2026-07-01T09:20:50.315665Z
47026-1910583447,47026,VIRGEN DE ESTRELLA S.A.C.,2026-06-04,191/0583447,CBA709,43.0,ARENA,14,30.1,33.71,403.17,,,JICAMARCA,SAN JUAN,2026-07-01T09:20:50.304439Z
47026-1910583318,47026,VIRGEN DE ESTRELLA S.A.C.,2026-06-04,191/0583318,CHS718,45.0,ARENA,14,32.23,35.77,602.08,,,JICAMARCA,SAN ANTONIO,2026-07-01T09:20:50.306201Z
47026-1910583323,47026,VIRGEN DE ESTRELLA S.A.C.,2026-06-04,191/0583323,CAZ895,42.0,ARENA,14,31.59,35.06,590.08,,,JICAMARCA,SAN ANTONIO,2026-07-01T09:20:50.306228Z
47026-1910583325,47026,VIRGEN DE ESTRELLA S.A.C.,2026-06-04,191/0583325,CCL847,44.0,ARENA,14,31.98,35.49,597.38,,,JICAMARCA,SAN ANTONIO,2026-07-01T09:20:50.306261Z
47026-1910583375,47026,VIRGEN DE ESTRELLA S.A.C.,2026-06-04,191/0583375,C9W737,21.0,ARENA,14,32.9,36.52,614.6,,,JICAMARCA,SAN ANTONIO,2026-07-01T09:20:50.306289Z
47026-1910583378,47026,VIRGEN DE ESTRELLA S.A.C.,2026-06-04,191/0583378,CBA709,43.0,ARENA,14,34.55,38.35,645.38,,,JICAMARCA,SAN ANTONIO,2026-07-01T09:20:50.306317Z
47026-1910583415,47026,VIRGEN DE ESTRELLA S.A.C.,2026-06-04,191/0583415,CAZ895,42.0,ARENA,14,32.69,36.29,610.68,,,JICAMARCA,SAN ANTONIO,2026-07-01T09:20:50.306345Z
47026-1910583422,47026,VIRGEN DE ESTRELLA S.A.C.,2026-06-04,191/0583422,CCL847,44.0,ARENA,14,32.54,36.12,607.82,,,JICAMARCA,SAN ANTONIO,2026-07-01T09:20:50.306373Z
47026-1910583430,47026,VIRGEN DE ESTRELLA S.A.C.,2026-06-04,191/0583430,CHS718,45.0,ARENA,14,32.26,35.81,602.6,,,JICAMARCA,SAN ANTONIO,2026-07-01T09:20:50.306402Z
47026-1950194193,47026,VIRGEN DE ESTRELLA S.A.C.,2026-06-04,195/0194193,BAE736,35.0,PIEDRA,2,39.01,39.01,575.4,,,YERBABUENA,MATERIALES,2026-07-01T09:20:50.306631Z
47026-1950194160,47026,VIRGEN DE ESTRELLA S.A.C.,2026-06-04,195/0194160,BAE736,35.0,PIEDRA,2,37.62,37.62,569.94,,,YERBABUENA,MEIGGS,2026-07-01T09:20:50.306897Z
47026-1950194167,47026,VIRGEN DE ESTRELLA S.A.C.,2026-06-04,195/0194167,AWW871,32.0,PIEDRA,2,35.4,35.4,536.31,,,YERBABUENA,MEIGGS,2026-07-01T09:20:50.306921Z
47026-1950194161,47026,VIRGEN DE ESTRELLA S.A.C.,2026-06-04,195/0194161,CBR854,14.0,PIEDRA,2,42.65,42.65,646.15,,,YERBABUENA,MEIGGS,2026-07-01T09:20:50.307531Z
47026-1950194168,47026,VIRGEN DE ESTRELLA S.A.C.,2026-06-04,195/0194168,AWH708,33.0,PIEDRA,2,38.06,38.06,576.61,,,YERBABUENA,MEIGGS,2026-07-01T09:20:50.307554Z
47026-1950194169,47026,VIRGEN DE ESTRELLA S.A.C.,2026-06-04,195/0194169,ATN880,5.0,PIEDRA,2,42.18,42.18,639.03,,,YERBABUENA,MEIGGS,2026-07-01T09:20:50.307579Z
47026-1950194170,47026,VIRGEN DE ESTRELLA S.A.C.,2026-06-04,195/0194170,F3F817,1.0,PIEDRA,2,42.47,42.47,643.42,,,YERBABUENA,MEIGGS,2026-07-01T09:20:50.307602Z
47026-1950194194,47026,VIRGEN DE ESTRELLA S.A.C.,2026-06-04,195/0194194,CBR854,14.0,PIEDRA,2,38.15,38.15,577.97,,,YERBABUENA,MEIGGS,2026-07-01T09:20:50.307626Z
47026-1950194162,47026,VIRGEN DE ESTRELLA S.A.C.,2026-06-04,195/0194162,D8D861,23.0,PIEDRA,2,35.96,35.96,544.79,,,YERBABUENA,MEIGGS,2026-07-01T09:20:50.307799Z
47026-0010018270,47026,VIRGEN DE ESTRELLA S.A.C.,2026-06-04,001/0018270,AHJ786,28.0,PIEDRA,2,38.91,39.88,303.09,,,SAN LORENZO,COLLIQUE,2026-07-01T09:20:50.311419Z
47026-0010018274,47026,VIRGEN DE ESTRELLA S.A.C.,2026-06-04,001/0018274,AWW871,32.0,PIEDRA,2,37.92,38.87,295.41,,,SAN LORENZO,COLLIQUE,2026-07-01T09:20:50.311441Z
47026-0010018275,47026,VIRGEN DE ESTRELLA S.A.C.,2026-06-04,001/0018275,AWH708,33.0,PIEDRA,2,43.12,44.2,335.92,,,SAN LORENZO,COLLIQUE,2026-07-01T09:20:50.311465Z
47026-0010018276,47026,VIRGEN DE ESTRELLA S.A.C.,2026-06-04,001/0018276,ATN880,5.0,PIEDRA,2,44.31,45.42,345.19,,,SAN LORENZO,COLLIQUE,2026-07-01T09:20:50.311490Z
47026-0010018278,47026,VIRGEN DE ESTRELLA S.A.C.,2026-06-04,001/0018278,F3F817,1.0,PIEDRA,2,40.44,41.45,315.02,,,SAN LORENZO,COLLIQUE,2026-07-01T09:20:50.311515Z
47026-0010018290,47026,VIRGEN DE ESTRELLA S.A.C.,2026-06-04,001/0018290,AHJ786,28.0,PIEDRA,2,37.93,38.88,295.49,,,SAN LORENZO,COLLIQUE,2026-07-01T09:20:50.311539Z
47026-0010018292,47026,VIRGEN DE ESTRELLA S.A.C.,2026-06-04,001/0018292,BZR752,38.0,PIEDRA,2,37.28,38.21,290.4,,,SAN LORENZO,COLLIQUE,2026-07-01T09:20:50.311561Z
47026-0010018264,47026,VIRGEN DE ESTRELLA S.A.C.,2026-06-04,001/0018264,ABL875,26.0,PIEDRA,2,38.48,39.63,257.6,,,SAN LORENZO,OQUENDO,2026-07-01T09:20:50.311902Z
47026-0010018265,47026,VIRGEN DE ESTRELLA S.A.C.,2026-06-04,001/0018265,ABN852,27.0,PIEDRA,2,38.95,40.12,260.78,,,SAN LORENZO,OQUENDO,2026-07-01T09:20:50.311924Z
47026-0010018269,47026,VIRGEN DE ESTRELLA S.A.C.,2026-06-04,001/0018269,AWW845,34.0,PIEDRA,2,38.54,39.7,258.05,,,SAN LORENZO,OQUENDO,2026-07-01T09:20:50.311948Z
47026-0010018271,47026,VIRGEN DE ESTRELLA S.A.C.,2026-06-04,001/0018271,AKE789,31.0,PIEDRA,2,36.67,37.77,245.51,,,SAN LORENZO,OQUENDO,2026-07-01T09:20:50.311973Z
47026-0010018258,47026,VIRGEN DE ESTRELLA S.A.C.,2026-06-04,001/0018258,AJC805,30.0,ARENA,14,34.52,39.01,256.3,,,SAN LORENZO,MATERIALES,2026-07-01T09:20:50.313518Z
47026-0010018259,47026,VIRGEN DE ESTRELLA S.A.C.,2026-06-04,001/0018259,BZR752,38.0,ARENA,14,35.07,39.63,260.37,,,SAN LORENZO,MATERIALES,2026-07-01T09:20:50.313540Z
47026-0010018260,47026,VIRGEN DE ESTRELLA S.A.C.,2026-06-04,001/0018260,D8D861,23.0,ARENA,14,34.86,39.39,258.79,,,SAN LORENZO,MATERIALES,2026-07-01T09:20:50.313562Z
47026-0010018266,47026,VIRGEN DE ESTRELLA S.A.C.,2026-06-04,001/0018266,BFI758,37.0,ARENA,14,35.69,40.33,264.97,,,SAN LORENZO,MATERIALES,2026-07-01T09:20:50.313588Z
47026-0010018267,47026,VIRGEN DE ESTRELLA S.A.C.,2026-06-04,001/0018267,D8B795,22.0,ARENA,14,30.84,34.85,228.96,,,SAN LORENZO,MATERIALES,2026-07-01T09:20:50.313609Z
47026-0010018268,47026,VIRGEN DE ESTRELLA S.A.C.,2026-06-04,001/0018268,D8E728,24.0,ARENA,14,31.59,35.7,234.55,,,SAN LORENZO,MATERIALES,2026-07-01T09:20:50.313631Z
47026-0010018286,47026,VIRGEN DE ESTRELLA S.A.C.,2026-06-04,001/0018286,AWW845,34.0,ARENA,14,34.03,38.45,252.62,,,SAN LORENZO,MATERIALES,2026-07-01T09:20:50.313654Z
47026-0010018241,47026,VIRGEN DE ESTRELLA S.A.C.,2026-06-04,001/0018241,AWW845,34.0,ARENA,14,32.38,35.94,205.58,,,SAN LORENZO,MEIGGS,2026-07-01T09:20:50.314458Z
47026-0010018242,47026,VIRGEN DE ESTRELLA S.A.C.,2026-06-04,001/0018242,ABN852,27.0,ARENA,14,34.62,38.43,219.82,,,SAN LORENZO,MEIGGS,2026-07-01T09:20:50.314479Z
47026-0010018246,47026,VIRGEN DE ESTRELLA S.A.C.,2026-06-04,001/0018246,D8B795,22.0,ARENA,14,32.04,35.56,203.4,,,SAN LORENZO,MEIGGS,2026-07-01T09:20:50.314500Z
47026-0010018247,47026,VIRGEN DE ESTRELLA S.A.C.,2026-06-04,001/0018247,AKE789,31.0,ARENA,14,32.27,35.82,204.89,,,SAN LORENZO,MEIGGS,2026-07-01T09:20:50.314520Z
47026-0010018248,47026,VIRGEN DE ESTRELLA S.A.C.,2026-06-04,001/0018248,D8E728,24.0,ARENA,14,33.21,36.86,210.84,,,SAN LORENZO,MEIGGS,2026-07-01T09:20:50.314541Z
47026-0010018250,47026,VIRGEN DE ESTRELLA S.A.C.,2026-06-04,001/0018250,AJC805,30.0,ARENA,14,34.62,38.43,219.82,,,SAN LORENZO,MEIGGS,2026-07-01T09:20:50.314564Z
47026-0010018252,47026,VIRGEN DE ESTRELLA S.A.C.,2026-06-04,001/0018252,ABL875,26.0,ARENA,14,33.91,37.64,215.3,,,SAN LORENZO,MEIGGS,2026-07-01T09:20:50.314587Z
47026-0010018253,47026,VIRGEN DE ESTRELLA S.A.C.,2026-06-04,001/0018253,ABN852,27.0,ARENA,14,34.4,38.18,218.39,,,SAN LORENZO,MEIGGS,2026-07-01T09:20:50.314608Z
47026-0010018254,47026,VIRGEN DE ESTRELLA S.A.C.,2026-06-04,001/0018254,D8B795,22.0,ARENA,14,31.22,34.65,198.2,,,SAN LORENZO,MEIGGS,2026-07-01T09:20:50.314629Z
47026-0010018255,47026,VIRGEN DE ESTRELLA S.A.C.,2026-06-04,001/0018255,D8E728,24.0,ARENA,14,31.28,34.72,198.6,,,SAN LORENZO,MEIGGS,2026-07-01T09:20:50.314651Z
47026-0010018256,47026,VIRGEN DE ESTRELLA S.A.C.,2026-06-04,001/0018256,AWW845,34.0,ARENA,14,31.75,35.24,201.57,,,SAN LORENZO,MEIGGS,2026-07-01T09:20:50.314672Z
47026-0010018257,47026,VIRGEN DE ESTRELLA S.A.C.,2026-06-04,001/0018257,AKE789,31.0,ARENA,14,31.99,35.51,203.12,,,SAN LORENZO,MEIGGS,2026-07-01T09:20:50.314692Z
47026-0010018280,47026,VIRGEN DE ESTRELLA S.A.C.,2026-06-04,001/0018280,ABN852,27.0,ARENA,14,33.84,37.56,214.84,,,SAN LORENZO,MEIGGS,2026-07-01T09:20:50.314718Z
47026-0010018283,47026,VIRGEN DE ESTRELLA S.A.C.,2026-06-04,001/0018283,D8E728,24.0,ARENA,14,32.54,36.12,206.61,,,SAN LORENZO,MEIGGS,2026-07-01T09:20:50.314739Z
47026-0010018285,47026,VIRGEN DE ESTRELLA S.A.C.,2026-06-04,001/0018285,AJC805,30.0,ARENA,14,34.55,38.35,219.36,,,SAN LORENZO,MEIGGS,2026-07-01T09:20:50.314759Z
47026-0010018294,47026,VIRGEN DE ESTRELLA S.A.C.,2026-06-04,001/0018294,BFI758,37.0,ARENA,14,35.56,39.47,225.77,,,SAN LORENZO,MEIGGS,2026-07-01T09:20:50.314780Z
47026-0010018231,47026,VIRGEN DE ESTRELLA S.A.C.,2026-06-04,001/0018231,AJC805,30.0,PIEDRA,2,37.84,38.79,221.88,,,SAN LORENZO,MEIGGS,2026-07-01T09:20:50.315379Z
47026-0010018281,47026,VIRGEN DE ESTRELLA S.A.C.,2026-06-04,001/0018281,ABL875,26.0,PIEDRA,2,39.5,40.49,231.6,,,SAN LORENZO,MEIGGS,2026-07-01T09:20:50.315419Z
47026-0010018282,47026,VIRGEN DE ESTRELLA S.A.C.,2026-06-04,001/0018282,BFI758,37.0,PIEDRA,2,39.54,40.53,231.83,,,SAN LORENZO,MEIGGS,2026-07-01T09:20:50.315438Z
47026-0010018284,47026,VIRGEN DE ESTRELLA S.A.C.,2026-06-04,001/0018284,D8B795,22.0,PIEDRA,2,35.69,36.58,209.24,,,SAN LORENZO,MEIGGS,2026-07-01T09:20:50.315456Z
47026-0010018287,47026,VIRGEN DE ESTRELLA S.A.C.,2026-06-04,001/0018287,AKE789,31.0,PIEDRA,2,37.43,38.37,219.48,,,SAN LORENZO,MEIGGS,2026-07-01T09:20:50.315475Z
47026-0010018293,47026,VIRGEN DE ESTRELLA S.A.C.,2026-06-04,001/0018293,ABL875,26.0,PIEDRA,2,39.31,40.29,230.46,,,SAN LORENZO,MEIGGS,2026-07-01T09:20:50.315493Z
47026-0010018295,47026,VIRGEN DE ESTRELLA S.A.C.,2026-06-04,001/0018295,AKE789,31.0,PIEDRA,2,36.17,36.17,206.89,,,SAN LORENZO,MEIGGS,2026-07-01T09:20:50.315683Z
47043-1910583628,47043,VIRGEN DE ESTRELLA S.A.C.,2026-06-05,191/0583628,C9W737,21.0,PIEDRA,2,35.85,35.85,428.77,,,JICAMARCA,SAN JUAN,2026-06-30T22:25:56.836254Z
47043-1910583498,47043,VIRGEN DE ESTRELLA S.A.C.,2026-06-05,191/0583498,CAZ895,42.0,ARENA,14,32.98,37.26,370.01,,,JICAMARCA,ANCIETA,2026-06-30T22:25:56.836527Z
47043-1910583520,47043,VIRGEN DE ESTRELLA S.A.C.,2026-06-05,191/0583520,C9W737,21.0,ARENA,14,36.84,36.84,365.86,,,JICAMARCA,ANCIETA,2026-06-30T22:25:56.836577Z
47043-1910583537,47043,VIRGEN DE ESTRELLA S.A.C.,2026-06-05,191/0583537,CBA709,43.0,ARENA,14,33.3,37.63,373.71,,,JICAMARCA,ANCIETA,2026-06-30T22:25:56.836621Z
47043-1910583485,47043,VIRGEN DE ESTRELLA S.A.C.,2026-06-05,191/0583485,CHS718,45.0,PIEDRA,2,36.26,36.26,360.01,,,JICAMARCA,ANCIETA,2026-06-30T22:25:56.836663Z
47043-1910583492,47043,VIRGEN DE ESTRELLA S.A.C.,2026-06-05,191/0583492,CCL847,44.0,PIEDRA,2,36.58,36.58,363.24,,,JICAMARCA,ANCIETA,2026-06-30T22:25:56.836719Z
47043-1910583534,47043,VIRGEN DE ESTRELLA S.A.C.,2026-06-05,191/0583534,CHS718,45.0,PIEDRA,2,35.54,35.54,352.93,,,JICAMARCA,ANCIETA,2026-06-30T22:25:56.836759Z
47043-1910583557,47043,VIRGEN DE ESTRELLA S.A.C.,2026-06-05,191/0583557,C9W737,21.0,PIEDRA,2,32.63,32.8,469.31,,,JICAMARCA,EMBOLSADOS INS. Y SUM.,2026-06-30T22:25:56.836799Z
47043-1910583568,47043,VIRGEN DE ESTRELLA S.A.C.,2026-06-05,191/0583568,CHS718,45.0,PIEDRA,2,32.78,32.94,471.41,,,JICAMARCA,EMBOLSADOS INS. Y SUM.,2026-06-30T22:25:56.836843Z
47043-1910583570,47043,VIRGEN DE ESTRELLA S.A.C.,2026-06-05,191/0583570,CCL847,44.0,PIEDRA,2,33.89,34.06,487.4,,,JICAMARCA,EMBOLSADOS INS. Y SUM.,2026-06-30T22:25:56.836881Z
47043-1910583592,47043,VIRGEN DE ESTRELLA S.A.C.,2026-06-05,191/0583592,CAZ895,42.0,PIEDRA,2,32.76,32.93,471.2,,,JICAMARCA,EMBOLSADOS INS. Y SUM.,2026-06-30T22:25:56.836919Z
47043-1910583594,47043,VIRGEN DE ESTRELLA S.A.C.,2026-06-05,191/0583594,CBA709,43.0,PIEDRA,2,32.88,33.05,472.88,,,JICAMARCA,EMBOLSADOS INS. Y SUM.,2026-06-30T22:25:56.836958Z
47043-1950194287,47043,VIRGEN DE ESTRELLA S.A.C.,2026-06-05,195/0194287,CBR854,14.0,PIEDRA,2,42.96,42.96,650.84,,,YERBABUENA,MEIGGS,2026-06-30T22:25:56.837078Z
47043-1950194289,47043,VIRGEN DE ESTRELLA S.A.C.,2026-06-05,195/0194289,ATN880,5.0,PIEDRA,2,42.78,42.78,648.12,,,YERBABUENA,MEIGGS,2026-06-30T22:25:56.837116Z
47043-1950194286,47043,VIRGEN DE ESTRELLA S.A.C.,2026-06-05,195/0194286,BAE736,35.0,ARENA,14,38.9,39.68,601.15,,,YERBABUENA,MEIGGS,2026-06-30T22:25:56.837272Z
47043-1950194288,47043,VIRGEN DE ESTRELLA S.A.C.,2026-06-05,195/0194288,F3F817,1.0,ARENA,14,39.96,40.76,617.51,,,YERBABUENA,MEIGGS,2026-06-30T22:25:56.837309Z
47043-1950194290,47043,VIRGEN DE ESTRELLA S.A.C.,2026-06-05,195/0194290,AWW871,32.0,ARENA,14,38.66,39.43,597.36,,,YERBABUENA,MEIGGS,2026-06-30T22:25:56.837347Z
47043-1950194291,47043,VIRGEN DE ESTRELLA S.A.C.,2026-06-05,195/0194291,AWH708,33.0,ARENA,14,37.88,38.64,585.4,,,YERBABUENA,MEIGGS,2026-06-30T22:25:56.837388Z
47043-1950194294,47043,VIRGEN DE ESTRELLA S.A.C.,2026-06-05,195/0194294,BYP838,10.0,ARENA,14,40.24,40.24,609.64,,,YERBABUENA,MEIGGS,2026-06-30T22:25:56.837426Z
47043-0010018309,47043,VIRGEN DE ESTRELLA S.A.C.,2026-06-05,001/0018309,AJC805,30.0,PIEDRA,2,37.88,38.83,295.11,,,SAN LORENZO,COLLIQUE,2026-06-30T22:25:56.837738Z
47043-0010018323,47043,VIRGEN DE ESTRELLA S.A.C.,2026-06-05,001/0018323,AWW845,34.0,PIEDRA,2,38.69,39.66,301.42,,,SAN LORENZO,COLLIQUE,2026-06-30T22:25:56.837777Z
47043-0010018324,47043,VIRGEN DE ESTRELLA S.A.C.,2026-06-05,001/0018324,C9T788,20.0,PIEDRA,2,37.04,37.04,281.5,,,SAN LORENZO,COLLIQUE,2026-06-30T22:25:56.837808Z
47043-0010018328,47043,VIRGEN DE ESTRELLA S.A.C.,2026-06-05,001/0018328,ABL875,26.0,PIEDRA,2,38.56,39.52,300.35,,,SAN LORENZO,COLLIQUE,2026-06-30T22:25:56.837839Z
47043-0010018331,47043,VIRGEN DE ESTRELLA S.A.C.,2026-06-05,001/0018331,AKE789,31.0,PIEDRA,2,35.38,36.26,207.41,,,SAN LORENZO,MEIGGS,2026-06-30T22:25:56.838031Z
47026-1950194245,47026,VIRGEN DE ESTRELLA S.A.C.,2026-06-05,195/0194245,BAE736,35.0,PIEDRA,2,36.18,36.18,548.13,,,YERBABUENA,MEIGGS,2026-07-01T09:20:50.306946Z
47026-1950194232,47026,VIRGEN DE ESTRELLA S.A.C.,2026-06-05,195/0194232,CBR854,14.0,PIEDRA,2,40.38,40.38,611.76,,,YERBABUENA,MEIGGS,2026-07-01T09:20:50.307648Z
47026-1950194246,47026,VIRGEN DE ESTRELLA S.A.C.,2026-06-05,195/0194246,ATN880,5.0,PIEDRA,2,43.29,43.29,655.84,,,YERBABUENA,MEIGGS,2026-07-01T09:20:50.307672Z
47026-1950194247,47026,VIRGEN DE ESTRELLA S.A.C.,2026-06-05,195/0194247,C9T788,20.0,PIEDRA,2,32.9,32.9,498.44,,,YERBABUENA,MEIGGS,2026-07-01T09:20:50.307826Z
47026-1950194237,47026,VIRGEN DE ESTRELLA S.A.C.,2026-06-05,195/0194237,F3F817,1.0,ARENA,14,45.65,46.56,705.38,,,YERBABUENA,MEIGGS,2026-07-01T09:20:50.308923Z
47026-1950194244,47026,VIRGEN DE ESTRELLA S.A.C.,2026-06-05,195/0194244,AWH708,33.0,ARENA,14,38.12,38.88,589.03,,,YERBABUENA,MEIGGS,2026-07-01T09:20:50.308950Z
47026-1950194249,47026,VIRGEN DE ESTRELLA S.A.C.,2026-06-05,195/0194249,AWW871,32.0,ARENA,14,37.54,38.29,580.09,,,YERBABUENA,MEIGGS,2026-07-01T09:20:50.308977Z
47026-0010018296,47026,VIRGEN DE ESTRELLA S.A.C.,2026-06-05,001/0018296,ABN852,27.0,ARENA,14,37.06,41.88,275.15,,,SAN LORENZO,MATERIALES,2026-07-01T09:20:50.313675Z
47026-0010018297,47026,VIRGEN DE ESTRELLA S.A.C.,2026-06-05,001/0018297,AWW845,34.0,ARENA,14,33.42,37.77,248.15,,,SAN LORENZO,MATERIALES,2026-07-01T09:20:50.313698Z
47026-0010018298,47026,VIRGEN DE ESTRELLA S.A.C.,2026-06-05,001/0018298,D8B795,22.0,ARENA,14,31.46,35.55,233.56,,,SAN LORENZO,MATERIALES,2026-07-01T09:20:50.313725Z
47026-0010018300,47026,VIRGEN DE ESTRELLA S.A.C.,2026-06-05,001/0018300,AHJ786,28.0,ARENA,14,34.27,38.72,254.39,,,SAN LORENZO,MATERIALES,2026-07-01T09:20:50.313747Z
47026-0010018305,47026,VIRGEN DE ESTRELLA S.A.C.,2026-06-05,001/0018305,BZR752,38.0,ARENA,14,34.35,38.82,255.05,,,SAN LORENZO,MATERIALES,2026-07-01T09:20:50.313770Z
47026-0010018306,47026,VIRGEN DE ESTRELLA S.A.C.,2026-06-05,001/0018306,D8E728,24.0,ARENA,14,32.36,36.57,240.26,,,SAN LORENZO,MATERIALES,2026-07-01T09:20:50.313791Z
47026-0010018307,47026,VIRGEN DE ESTRELLA S.A.C.,2026-06-05,001/0018307,AKE789,31.0,ARENA,14,33.2,37.52,246.51,,,SAN LORENZO,MATERIALES,2026-07-01T09:20:50.313812Z
47026-0010018308,47026,VIRGEN DE ESTRELLA S.A.C.,2026-06-05,001/0018308,ABL875,26.0,ARENA,14,33.65,38.03,249.86,,,SAN LORENZO,MATERIALES,2026-07-01T09:20:50.313834Z
47026-0010018318,47026,VIRGEN DE ESTRELLA S.A.C.,2026-06-05,001/0018318,ABN852,27.0,PIEDRA,2,39.61,40.6,232.23,,,SAN LORENZO,MEIGGS,2026-07-01T09:20:50.315511Z
47026-0010018319,47026,VIRGEN DE ESTRELLA S.A.C.,2026-06-05,001/0018319,AHJ786,28.0,PIEDRA,2,38.13,39.08,223.54,,,SAN LORENZO,MEIGGS,2026-07-01T09:20:50.315529Z
47026-0010018320,47026,VIRGEN DE ESTRELLA S.A.C.,2026-06-05,001/0018320,D8B795,22.0,PIEDRA,2,35.42,36.31,207.69,,,SAN LORENZO,MEIGGS,2026-07-01T09:20:50.315550Z
47026-0010018321,47026,VIRGEN DE ESTRELLA S.A.C.,2026-06-05,001/0018321,BZR752,38.0,PIEDRA,2,37.69,38.63,220.96,,,SAN LORENZO,MEIGGS,2026-07-01T09:20:50.315568Z
47026-0010018326,47026,VIRGEN DE ESTRELLA S.A.C.,2026-06-05,001/0018326,D8E728,24.0,PIEDRA,2,36.43,37.34,213.58,,,SAN LORENZO,MEIGGS,2026-07-01T09:20:50.315586Z
47043-1910583683,47043,VIRGEN DE ESTRELLA S.A.C.,2026-06-06,191/0583683,C9W737,21.0,ARENA,14,31.85,35.67,426.61,,,JICAMARCA,SAN JUAN,2026-06-30T22:25:56.836365Z
47043-1910583745,47043,VIRGEN DE ESTRELLA S.A.C.,2026-06-06,191/0583745,CHS718,45.0,ARENA,14,32.24,36.11,431.88,,,JICAMARCA,SAN JUAN,2026-06-30T22:25:56.836428Z
47043-1910583751,47043,VIRGEN DE ESTRELLA S.A.C.,2026-06-06,191/0583751,CBA709,43.0,ARENA,14,31.95,35.78,427.93,,,JICAMARCA,SAN JUAN,2026-06-30T22:25:56.836482Z
47043-1910583725,47043,VIRGEN DE ESTRELLA S.A.C.,2026-06-06,191/0583725,CAZ895,42.0,PIEDRA,2,33.6,33.6,565.49,,,JICAMARCA,SAN ANTONIO,2026-06-30T22:25:56.837000Z
47043-1910583687,47043,VIRGEN DE ESTRELLA S.A.C.,2026-06-06,191/0583687,CHS718,45.0,PIEDRA,2,35.29,35.29,593.99,,,JICAMARCA,SAN ANTONIO,2026-06-30T22:25:56.837040Z
47043-1950194313,47043,VIRGEN DE ESTRELLA S.A.C.,2026-06-06,195/0194313,CBR854,14.0,PIEDRA,2,39.95,39.95,605.24,,,YERBABUENA,MEIGGS,2026-06-30T22:25:56.837150Z
47043-1950194321,47043,VIRGEN DE ESTRELLA S.A.C.,2026-06-06,195/0194321,F3F817,1.0,PIEDRA,2,41.39,41.39,627.06,,,YERBABUENA,MEIGGS,2026-06-30T22:25:56.837193Z
47043-1950194324,47043,VIRGEN DE ESTRELLA S.A.C.,2026-06-06,195/0194324,BYP838,10.0,PIEDRA,2,40.68,40.68,616.3,,,YERBABUENA,MEIGGS,2026-06-30T22:25:56.837231Z
47043-1950194311,47043,VIRGEN DE ESTRELLA S.A.C.,2026-06-06,195/0194311,BAE736,35.0,ARENA,14,38.36,39.13,592.82,,,YERBABUENA,MEIGGS,2026-06-30T22:25:56.837465Z
47043-1950194314,47043,VIRGEN DE ESTRELLA S.A.C.,2026-06-06,195/0194314,BFI758,37.0,ARENA,14,38.1,38.86,588.73,,,YERBABUENA,MEIGGS,2026-06-30T22:25:56.837502Z
47043-1950194318,47043,VIRGEN DE ESTRELLA S.A.C.,2026-06-06,195/0194318,BFI758,37.0,ARENA,14,38.06,38.82,588.12,,,YERBABUENA,MEIGGS,2026-06-30T22:25:56.837538Z
47043-1950194319,47043,VIRGEN DE ESTRELLA S.A.C.,2026-06-06,195/0194319,D8D861,23.0,ARENA,14,36.81,37.55,568.88,,,YERBABUENA,MEIGGS,2026-06-30T22:25:56.837574Z
47043-1950194320,47043,VIRGEN DE ESTRELLA S.A.C.,2026-06-06,195/0194320,AWW871,32.0,ARENA,14,36.74,37.47,567.67,,,YERBABUENA,MEIGGS,2026-06-30T22:25:56.837611Z
47043-1950194322,47043,VIRGEN DE ESTRELLA S.A.C.,2026-06-06,195/0194322,BFC837,36.0,ARENA,14,38.95,39.73,601.91,,,YERBABUENA,MEIGGS,2026-06-30T22:25:56.837653Z
47043-1950194323,47043,VIRGEN DE ESTRELLA S.A.C.,2026-06-06,195/0194323,ATN880,5.0,ARENA,14,40.99,41.81,633.42,,,YERBABUENA,MEIGGS,2026-06-30T22:25:56.837701Z
47043-0010018340,47043,VIRGEN DE ESTRELLA S.A.C.,2026-06-06,001/0018340,BAE736,35.0,PIEDRA,2,37.13,38.24,248.56,,,SAN LORENZO,OQUENDO,2026-06-30T22:25:56.837870Z
47043-0010018341,47043,VIRGEN DE ESTRELLA S.A.C.,2026-06-06,001/0018341,BFI758,37.0,PIEDRA,2,39.28,40.46,262.99,,,SAN LORENZO,OQUENDO,2026-06-30T22:25:56.837902Z
47043-0010018342,47043,VIRGEN DE ESTRELLA S.A.C.,2026-06-06,001/0018342,CBR854,14.0,PIEDRA,2,38.24,39.39,256.04,,,SAN LORENZO,OQUENDO,2026-06-30T22:25:56.837933Z
47043-0010018344,47043,VIRGEN DE ESTRELLA S.A.C.,2026-06-06,001/0018344,D8D861,23.0,PIEDRA,2,35.98,37.06,240.89,,,SAN LORENZO,OQUENDO,2026-06-30T22:25:56.837968Z
47043-0010018346,47043,VIRGEN DE ESTRELLA S.A.C.,2026-06-06,001/0018346,F3F817,1.0,PIEDRA,2,44.31,45.64,296.66,,,SAN LORENZO,OQUENDO,2026-06-30T22:25:56.838000Z
