Tipo Servicio,Red Uso,Placa,Fecha Tránsito,Punto de Servicio,Comprobante,Total del Servicio,Saldo Final
Recarga PEX,PEX,,2025-09-22,,TR006-000972792,2500.0,2500.0
Consumo,LIMA EXPRESA,VE-04,2025-09-22,Peaje de Priale Salida - P7,F400-00066822,-39.6,2460.4
Consumo,LIMA EXPRESA,VE-28,2025-09-22,Peaje de Priale Salida - P7,F400-00066822,-26.4,2434.0
Consumo,LIMA EXPRESA,VE-04,2025-09-23,Peaje de Priale Entrada - P6,F400-00067558,-39.6,2394.4
Consumo,LIMA EXPRESA,VE-35,2025-09-23,Peaje de Monterrico Entrada - P1,F400-00067558,-26.4,2368.0
Consumo,LIMA EXPRESA,VE-20,2025-09-23,Peaje de Monterrico Entrada - P1,F400-00067558,-26.4,2341.6
Consumo,LIMA EXPRESA,VE-12,2025-09-23,Peaje de Monterrico Entrada - P1,F400-00067558,-26.4,2315.2
Consumo,LIMA EXPRESA,VE-31,2025-09-23,Peaje de Monterrico Entrada - P1,F400-00067558,-26.4,2288.8
Consumo,LIMA EXPRESA,VE-30,2025-09-23,Peaje de Monterrico Entrada - P1,F400-00067558,-26.4,2262.4
Consumo,LIMA EXPRESA,VE-35,2025-09-23,Peaje de Monterrico Salida - P2,F400-00067558,-26.4,2236.0
Consumo,LIMA EXPRESA,VE-20,2025-09-23,Peaje de Monterrico Salida - P2,F400-00067558,-26.4,2209.6
Consumo,LIMA EXPRESA,VE-12,2025-09-23,Peaje de Monterrico Salida - P2,F400-00067558,-26.4,2183.2
Consumo,LIMA EXPRESA,VE-31,2025-09-23,Peaje de Monterrico Salida - P2,F400-00067558,-26.4,2156.8
Consumo,LIMA EXPRESA,VE-30,2025-09-23,Peaje de Monterrico Salida - P2,F400-00067558,-26.4,2130.4
Consumo,LIMA EXPRESA,VE-06,2025-09-23,Peaje de Monterrico Entrada - P1,F400-00067558,-39.6,2090.8
Consumo,LIMA EXPRESA,VE-05,2025-09-23,Peaje de Monterrico Entrada - P1,F400-00067558,-39.6,2051.2
Consumo,LIMA EXPRESA,VE-35,2025-09-23,Peaje de Monterrico Entrada - P1,F400-00067558,-26.4,2024.8
Consumo,LIMA EXPRESA,VE-20,2025-09-23,Peaje de Priale Entrada - P6,F400-00067558,-26.4,1998.4
Consumo,LIMA EXPRESA,VE-09,2025-09-23,Peaje de Priale Salida - P7,F400-00067558,-19.8,1978.6
Consumo,LIMA EXPRESA,VE-06,2025-09-23,Peaje de Monterrico Salida - P2,F400-00067558,-33.0,1945.6
Consumo,LIMA EXPRESA,VE-05,2025-09-23,Peaje de Monterrico Salida - P2,F400-00067558,-33.0,1912.6
Consumo,LIMA EXPRESA,VE-31,2025-09-23,Peaje de Monterrico Entrada - P1,F400-00067558,-26.4,1886.2
Consumo,LIMA EXPRESA,VE-12,2025-09-23,Peaje de Monterrico Entrada - P1,F400-00067558,-26.4,1859.8
Consumo,LIMA EXPRESA,VE-20,2025-09-23,Peaje de Priale Salida - P7,F400-00067558,-26.4,1833.4
Consumo,LIMA EXPRESA,VE-35,2025-09-23,Peaje de Monterrico Salida - P2,F400-00067558,-26.4,1807.0
Consumo,LIMA EXPRESA,VE-12,2025-09-23,Peaje de Monterrico Salida - P2,F400-00067558,-26.4,1780.6
Consumo,LIMA EXPRESA,VE-30,2025-09-23,Peaje de Monterrico Entrada - P1,F400-00067558,-26.4,1754.2
Consumo,LIMA EXPRESA,VE-30,2025-09-23,Peaje de Monterrico Salida - P2,F400-00067558,-26.4,1727.8
Consumo,LIMA EXPRESA,VE-05,2025-09-23,Peaje de Monterrico Entrada - P1,F400-00067558,-39.6,1688.2
Consumo,LIMA EXPRESA,VE-35,2025-09-23,Peaje de Priale Salida - P7,F400-00067558,-26.4,1661.8
Consumo,LIMA EXPRESA,VE-12,2025-09-23,Peaje de Monterrico Entrada - P1,F400-00067558,-26.4,1635.4
Consumo,LIMA EXPRESA,VE-30,2025-09-23,Peaje de Monterrico Entrada - P1,F400-00067558,-26.4,1609.0
Consumo,LIMA EXPRESA,VE-30,2025-09-23,Peaje de Monterrico Salida - P2,F400-00067558,-26.4,1582.6
Consumo,LIMA EXPRESA,VE-06,2025-09-23,Peaje de Monterrico Salida - P2,F400-00067558,-39.6,1543.0
Consumo,LIMA EXPRESA,VE-35,2025-09-24,Peaje de Monterrico Entrada - P1,F400-00067558,-26.4,1516.6
Consumo,LIMA EXPRESA,VE-20,2025-09-24,Peaje de Priale Entrada - P6,F400-00067558,-26.4,1490.2
Consumo,LIMA EXPRESA,VE-12,2025-09-24,Peaje de Monterrico Entrada - P1,F400-00067558,-26.4,1463.8
Consumo,LIMA EXPRESA,VE-31,2025-09-24,Peaje de Monterrico Entrada - P1,F400-00067558,-26.4,1437.4
Consumo,LIMA EXPRESA,VE-35,2025-09-24,Peaje de Monterrico Salida - P2,F400-00067558,-26.4,1411.0
Consumo,LIMA EXPRESA,D9Z911,2025-09-24,Peaje Estadio – P10   ,F400-00067558,-6.6,1404.4
Consumo,LIMA EXPRESA,VE-12,2025-09-24,Peaje de Monterrico Salida - P2,F400-00067558,-26.4,1378.0
Consumo,LIMA EXPRESA,VE-31,2025-09-24,Peaje de Monterrico Salida - P2,F400-00067558,-26.4,1351.6
Consumo,LIMA EXPRESA,VE-20,2025-09-24,Peaje de Priale Salida - P7,F400-00067558,-26.4,1325.2
Consumo,LIMA EXPRESA,VE-02,2025-09-24,Peaje Estadio – P10   ,F400-00067558,-39.6,1285.6
Consumo,LIMA EXPRESA,VE-02,2025-09-24,Peaje de Priale Salida - P7,F400-00067558,-39.6,1246.0
Consumo,LIMA EXPRESA,VE-35,2025-09-24,Peaje de Monterrico Entrada - P1,F400-00067558,-26.4,1219.6
Consumo,LIMA EXPRESA,VE-12,2025-09-24,Peaje de Monterrico Entrada - P1,F400-00067558,-26.4,1193.2
Consumo,LIMA EXPRESA,VE-09,2025-09-24,Peaje de Priale Entrada - P6,F400-00067558,-19.8,1173.4
Consumo,LIMA EXPRESA,VE-12,2025-09-24,Peaje de Monterrico Salida - P2,F400-00067558,-26.4,1147.0
Consumo,LIMA EXPRESA,VE-31,2025-09-24,Peaje de Monterrico Entrada - P1,F400-00067558,-26.4,1120.6
Consumo,LIMA EXPRESA,VE-05,2025-09-24,Peaje de Priale Entrada - P6,F400-00067558,-39.6,1081.0
Consumo,LIMA EXPRESA,VE-35,2025-09-24,Peaje de Monterrico Salida - P2,F400-00067558,-26.4,1054.6
Consumo,LIMA EXPRESA,D9Z911,2025-09-24,Peaje de El Pino - P5,F400-00067558,-6.6,1048.0
Consumo,LIMA EXPRESA,D9Z911,2025-09-24,Peaje Estadio – P10   ,F400-00067558,-6.6,1041.4
Consumo,LIMA EXPRESA,VE-30,2025-09-24,Peaje Estadio – P10   ,F400-00067558,-26.4,1015.0
Consumo,LIMA EXPRESA,VE-31,2025-09-24,Peaje de Monterrico Salida - P2,F400-00067558,-26.4,988.6
Consumo,LIMA EXPRESA,VE-30,2025-09-24,Peaje de Priale Salida - P7,F400-00067558,-26.4,962.2
Consumo,LIMA EXPRESA,D9Z911,2025-09-24,Peaje de El Pino - P5,F400-00067558,-6.6,955.6
Consumo,LIMA EXPRESA,D9Z911,2025-09-24,Peaje de Separadora Salida - P3,F400-00067558,-6.6,949.0
Consumo,LIMA EXPRESA,D9Z911,2025-09-24,Peaje Huánuco – P8   ,F400-00067558,-6.6,942.4
Consumo,LIMA EXPRESA,VE-06,2025-09-25,Peaje de Priale Entrada - P6,F400-00067558,-39.6,902.8
Consumo,LIMA EXPRESA,VE-02,2025-09-25,Peaje de Priale Entrada - P6,F400-00067558,-39.6,863.2
Consumo,LIMA EXPRESA,VE-35,2025-09-25,Peaje de Monterrico Entrada - P1,F400-00067558,-26.4,836.8
Consumo,LIMA EXPRESA,VE-20,2025-09-25,Peaje de Monterrico Entrada - P1,F400-00067558,-26.4,810.4
Consumo,LIMA EXPRESA,VE-02,2025-09-25,Peaje de Priale Salida - P7,F400-00067558,-39.6,770.8
Consumo,LIMA EXPRESA,VE-31,2025-09-25,Peaje de Monterrico Entrada - P1,F400-00067558,-26.4,744.4
Consumo,LIMA EXPRESA,VE-30,2025-09-25,Peaje de Monterrico Entrada - P1,F400-00067558,-26.4,718.0
Consumo,LIMA EXPRESA,VE-12,2025-09-25,Peaje de Monterrico Entrada - P1,F400-00067558,-26.4,691.6
Consumo,LIMA EXPRESA,VE-35,2025-09-25,Peaje de Monterrico Salida - P2,F400-00067558,-26.4,665.2
Consumo,LIMA EXPRESA,VE-20,2025-09-25,Peaje de Monterrico Salida - P2,F400-00067558,-26.4,638.8
Consumo,LIMA EXPRESA,VE-02,2025-09-25,Peaje de Monterrico Entrada - P1,F400-00067558,-39.6,599.2
Consumo,LIMA EXPRESA,VE-12,2025-09-25,Peaje de Monterrico Salida - P2,F400-00067558,-26.4,572.8
Consumo,LIMA EXPRESA,VE-30,2025-09-25,Peaje de Monterrico Salida - P2,F400-00067558,-26.4,546.4
Consumo,LIMA EXPRESA,VE-31,2025-09-25,Peaje de Monterrico Salida - P2,F400-00067558,-26.4,520.0
Consumo,LIMA EXPRESA,VE-05,2025-09-25,Peaje de Monterrico Entrada - P1,F400-00067558,-39.6,480.4
Consumo,LIMA EXPRESA,APF856,2025-09-25,Peaje Estadio – P10   ,F400-00067558,-6.6,473.8
Consumo,LIMA EXPRESA,VE-02,2025-09-25,Peaje de Monterrico Salida - P2,F400-00067558,-39.6,434.2
Consumo,LIMA EXPRESA,VE-06,2025-09-25,Peaje de Monterrico Entrada - P1,F400-00067558,-39.6,394.6
Consumo,LIMA EXPRESA,VE-05,2025-09-25,Peaje de Monterrico Salida - P2,F400-00067558,-39.6,355.0
Consumo,LIMA EXPRESA,VE-12,2025-09-25,Peaje de Monterrico Entrada - P1,F400-00067558,-26.4,328.6
Consumo,LIMA EXPRESA,VE-30,2025-09-25,Peaje de Priale Entrada - P6,F400-00067558,-26.4,302.2
Consumo,LIMA EXPRESA,VE-06,2025-09-25,Peaje de Monterrico Salida - P2,F400-00067558,-39.6,262.6
Consumo,LIMA EXPRESA,VE-30,2025-09-25,Peaje Huánuco – P8   ,F400-00067558,-26.4,236.2
Consumo,LIMA EXPRESA,APF856,2025-09-25,Peaje de Santa Anita - P4,F400-00067558,-6.6,229.6
Consumo,LIMA EXPRESA,VE-02,2025-09-25,Peaje de Monterrico Entrada - P1,F400-00067558,-39.6,190.0
Consumo,LIMA EXPRESA,APF856,2025-09-25,Peaje Huánuco – P8   ,F400-00067558,-6.6,183.4
Consumo,LIMA EXPRESA,VE-35,2025-09-25,Peaje de Monterrico Entrada - P1,F400-00067558,-26.4,157.0
Consumo,LIMA EXPRESA,VE-30,2025-09-25,Peaje Estadio – P10   ,F400-00067558,-26.4,130.6
Consumo,LIMA EXPRESA,VE-02,2025-09-25,Peaje de Monterrico Salida - P2,F400-00067558,-39.6,91.0
Consumo,LIMA EXPRESA,VE-30,2025-09-25,Peaje de Priale Salida - P7,F400-00067558,-26.4,64.6
Consumo,LIMA EXPRESA,VE-12,2025-09-25,Peaje de Monterrico Salida - P2,F400-00067558,-26.4,38.2
Consumo,LIMA EXPRESA,VE-20,2025-09-25,Peaje de Priale Entrada - P6,F400-00067558,-26.4,11.8
Consumo,LIMA EXPRESA,VE-20,2025-09-25,Peaje de Priale Salida - P7,F400-00067558,-26.4,-14.6
Consumo,LIMA EXPRESA,VE-12,2025-09-25,Peaje de Monterrico Entrada - P1,F400-00067558,-26.4,-41.0
Consumo,LIMA EXPRESA,VE-30,2025-09-26,Peaje de Priale Entrada - P6,F400-00067558,-26.4,-67.4
Consumo,LIMA EXPRESA,VE-02,2025-09-26,Peaje de Priale Entrada - P6,F400-00067558,-39.6,-107.0
Consumo,LIMA EXPRESA,VE-35,2025-09-26,Peaje de Monterrico Entrada - P1,F400-00067558,-26.4,-133.4
Consumo,LIMA EXPRESA,VE-30,2025-09-26,Peaje de Priale Salida - P7,F400-00067558,-26.4,-159.8
Consumo,LIMA EXPRESA,VE-31,2025-09-26,Peaje de Monterrico Entrada - P1,F400-00067558,-26.4,-186.2
Recarga PEX,PEX,,2025-09-26,,TR006-000975599,1500.0,1313.8
Consumo,LIMA EXPRESA,VE-02,2025-09-26,Peaje de Monterrico Entrada - P1,F400-00067558,-39.6,1274.2
Consumo,LIMA EXPRESA,VE-30,2025-09-26,Peaje de Monterrico Entrada - P1,F400-00067558,-26.4,1247.8
Consumo,LIMA EXPRESA,VE-06,2025-09-26,Peaje de Monterrico Entrada - P1,F400-00067558,-39.6,1208.2
Consumo,LIMA EXPRESA,VE-02,2025-09-26,Peaje de Monterrico Salida - P2,F400-00067558,-39.6,1168.6
Consumo,LIMA EXPRESA,VE-35,2025-09-26,Peaje de Monterrico Entrada - P1,F400-00067558,-26.4,1142.2
Consumo,LIMA EXPRESA,D9Z911,2025-09-26,Peaje Estadio – P10   ,F400-00067558,-6.6,1135.6
Consumo,LIMA EXPRESA,VE-06,2025-09-26,Peaje de Monterrico Salida - P2,F400-00067558,-33.0,1102.6
Consumo,LIMA EXPRESA,VE-05,2025-09-26,Peaje de Monterrico Salida - P2,F400-00067558,-33.0,1069.6
Consumo,LIMA EXPRESA,VE-30,2025-09-26,Peaje de Monterrico Salida - P2,F400-00067558,-26.4,1043.2
Consumo,LIMA EXPRESA,VE-35,2025-09-26,Peaje de Monterrico Salida - P2,F400-00067558,-26.4,1016.8
Consumo,LIMA EXPRESA,VE-31,2025-09-26,Peaje de Priale Entrada - P6,F400-00067558,-26.4,990.4
Consumo,LIMA EXPRESA,D9Z911,2025-09-26,Peaje Huánuco – P8   ,F400-00067558,-6.6,983.8
Recarga PEX,PEX,,2025-09-26,,TR006-000975953,1500.0,2483.8
Consumo,LIMA EXPRESA,VE-02,2025-09-27,Peaje de Priale Entrada - P6,F400-00067558,-39.6,2444.2
Consumo,LIMA EXPRESA,VE-30,2025-09-27,Peaje de Priale Entrada - P6,F400-00067558,-26.4,2417.8
Consumo,LIMA EXPRESA,VE-35,2025-09-27,Peaje de Priale Entrada - P6,F400-00067558,-26.4,2391.4
Consumo,LIMA EXPRESA,VE-35,2025-09-27,Peaje Huánuco – P8   ,F400-00067558,-26.4,2365.0
Consumo,LIMA EXPRESA,VE-30,2025-09-27,Peaje de Priale Salida - P7,F400-00067558,-26.4,2338.6
Consumo,LIMA EXPRESA,VE-02,2025-09-27,Peaje de Priale Salida - P7,F400-00067558,-39.6,2299.0
Consumo,LIMA EXPRESA,VE-31,2025-09-27,Peaje de Monterrico Entrada - P1,F400-00067558,-26.4,2272.6
Consumo,LIMA EXPRESA,VE-20,2025-09-27,Peaje de Monterrico Entrada - P1,F400-00067558,-26.4,2246.2
Consumo,LIMA EXPRESA,VE-12,2025-09-27,Peaje de Priale Entrada - P6,F400-00067558,-26.4,2219.8
Consumo,LIMA EXPRESA,VE-12,2025-09-27,Peaje de Priale Salida - P7,F400-00067558,-26.4,2193.4
Consumo,LIMA EXPRESA,VE-35,2025-09-27,Peaje Estadio – P10   ,F400-00067558,-26.4,2167.0
Consumo,LIMA EXPRESA,VE-35,2025-09-27,Peaje de Priale Salida - P7,F400-00067558,-26.4,2140.6
Consumo,LIMA EXPRESA,VE-20,2025-09-27,Peaje de Monterrico Salida - P2,F400-00067558,-26.4,2114.2
Consumo,LIMA EXPRESA,VE-31,2025-09-27,Peaje de Monterrico Salida - P2,F400-00067558,-26.4,2087.8
Consumo,LIMA EXPRESA,VE-06,2025-09-27,Peaje de Priale Entrada - P6,F400-00067558,-39.6,2048.2
Consumo,LIMA EXPRESA,VE-06,2025-09-27,Peaje Huánuco – P8   ,F400-00067558,-39.6,2008.6
Consumo,LIMA EXPRESA,VE-05,2025-09-27,Peaje de Priale Entrada - P6,F400-00067558,-39.6,1969.0
Consumo,LIMA EXPRESA,VE-12,2025-09-27,Peaje de Monterrico Entrada - P1,F400-00067558,-26.4,1942.6
Consumo,LIMA EXPRESA,VE-05,2025-09-27,Peaje Huánuco – P8   ,F400-00067558,-19.8,1922.8
Consumo,LIMA EXPRESA,VE-06,2025-09-27,Peaje Estadio – P10   ,F400-00067558,-39.6,1883.2
Consumo,LIMA EXPRESA,VE-06,2025-09-27,Peaje de Priale Salida - P7,F400-00067558,-39.6,1843.6
Consumo,LIMA EXPRESA,VE-02,2025-09-27,Peaje de Priale Entrada - P6,F400-00067558,-19.8,1823.8
Consumo,LIMA EXPRESA,VE-02,2025-09-27,Peaje Huánuco – P8   ,F400-00067558,-39.6,1784.2
Consumo,LIMA EXPRESA,VE-20,2025-09-27,Peaje de Monterrico Entrada - P1,F400-00067558,-26.4,1757.8
Consumo,LIMA EXPRESA,VE-05,2025-09-27,Peaje Estadio – P10   ,F400-00067558,-39.6,1718.2
Consumo,LIMA EXPRESA,VE-05,2025-09-27,Peaje de Priale Salida - P7,F400-00067558,-39.6,1678.6
Consumo,LIMA EXPRESA,VE-30,2025-09-27,Peaje de Monterrico Entrada - P1,F400-00067558,-26.4,1652.2
Consumo,LIMA EXPRESA,VE-20,2025-09-27,Peaje de Monterrico Salida - P2,F400-00067558,-26.4,1625.8
Consumo,LIMA EXPRESA,VE-12,2025-09-27,Peaje de Monterrico Salida - P2,F400-00067558,-26.4,1599.4
Consumo,LIMA EXPRESA,VE-30,2025-09-27,Peaje de Monterrico Salida - P2,F400-00067558,-26.4,1573.0
Consumo,LIMA EXPRESA,VE-31,2025-09-27,Peaje de Priale Entrada - P6,F400-00067558,-26.4,1546.6
Consumo,LIMA EXPRESA,VE-12,2025-09-27,Peaje de Monterrico Entrada - P1,F400-00067558,-26.4,1520.2
Consumo,LIMA EXPRESA,VE-08,2025-09-27,Peaje Huánuco – P8   ,F400-00067558,-19.8,1500.4
Consumo,LIMA EXPRESA,VE-30,2025-09-27,Peaje de Monterrico Entrada - P1,F400-00067558,-26.4,1474.0
Consumo,LIMA EXPRESA,VE-30,2025-09-29,Peaje de Priale Entrada - P6,F400-00067558,-26.4,1447.6
Consumo,LIMA EXPRESA,VE-35,2025-09-29,Peaje de Priale Entrada - P6,F400-00067558,-26.4,1421.2
Consumo,LIMA EXPRESA,VE-30,2025-09-29,Peaje Huánuco – P8   ,F400-00067558,-26.4,1394.8
Consumo,LIMA EXPRESA,VE-35,2025-09-29,Peaje Huánuco – P8   ,F400-00067558,-26.4,1368.4
Consumo,LIMA EXPRESA,VE-31,2025-09-29,Peaje de Monterrico Entrada - P1,F400-00067558,-26.4,1342.0
Consumo,LIMA EXPRESA,VE-12,2025-09-29,Peaje de Monterrico Entrada - P1,F400-00067558,-26.4,1315.6
Consumo,LIMA EXPRESA,VE-20,2025-09-29,Peaje de Priale Entrada - P6,F400-00067558,-26.4,1289.2
Consumo,LIMA EXPRESA,VE-30,2025-09-29,Peaje Estadio – P10   ,F400-00067558,-26.4,1262.8
Consumo,LIMA EXPRESA,VE-35,2025-09-29,Peaje Estadio – P10   ,F400-00067558,-26.4,1236.4
Consumo,LIMA EXPRESA,VE-30,2025-09-29,Peaje de Priale Salida - P7,F400-00067558,-26.4,1210.0
Consumo,LIMA EXPRESA,VE-35,2025-09-29,Peaje de Priale Salida - P7,F400-00067558,-26.4,1183.6
Consumo,LIMA EXPRESA,VE-20,2025-09-29,Peaje de Priale Salida - P7,F400-00067558,-26.4,1157.2
Consumo,LIMA EXPRESA,VE-12,2025-09-29,Peaje de Monterrico Salida - P2,F400-00067558,-26.4,1130.8
Consumo,LIMA EXPRESA,VE-31,2025-09-29,Peaje de Monterrico Salida - P2,F400-00067558,-26.4,1104.4
Consumo,LIMA EXPRESA,VE-20,2025-09-29,Peaje de Priale Entrada - P6,F400-00067558,-26.4,1078.0
Consumo,LIMA EXPRESA,VE-30,2025-09-29,Peaje de Monterrico Entrada - P1,F400-00067558,-26.4,1051.6
Consumo,LIMA EXPRESA,VE-20,2025-09-29,Peaje de Priale Salida - P7,F400-00067558,-26.4,1025.2
Consumo,LIMA EXPRESA,VE-35,2025-09-29,Peaje de Monterrico Entrada - P1,F400-00067558,-26.4,998.8
Consumo,LIMA EXPRESA,VE-35,2025-09-29,Peaje de Monterrico Salida - P2,F400-00067558,-26.4,972.4
Consumo,LIMA EXPRESA,VE-30,2025-09-29,Peaje de Monterrico Salida - P2,F400-00067558,-26.4,946.0
Consumo,LIMA EXPRESA,VE-02,2025-09-29,Peaje de Priale Salida - P7,F400-00067558,-39.6,906.4
Consumo,LIMA EXPRESA,VE-12,2025-09-29,Peaje de Priale Entrada - P6,F400-00067558,-26.4,880.0
Consumo,LIMA EXPRESA,VE-31,2025-09-29,Peaje de Priale Entrada - P6,F400-00067558,-26.4,853.6
Consumo,LIMA EXPRESA,VE-30,2025-09-30,Peaje de Priale Entrada - P6,F400-00067558,-26.4,827.2
Consumo,LIMA EXPRESA,VE-02,2025-09-30,Peaje de Priale Entrada - P6,F400-00067558,-39.6,787.6
Consumo,LIMA EXPRESA,VE-35,2025-09-30,Peaje de Priale Entrada - P6,F400-00067558,-26.4,761.2
Consumo,LIMA EXPRESA,VE-30,2025-09-30,Peaje de Priale Salida - P7,F400-00067558,-26.4,734.8
Consumo,LIMA EXPRESA,VE-02,2025-09-30,Peaje de Priale Salida - P7,F400-00067558,-39.6,695.2
Consumo,LIMA EXPRESA,VE-06,2025-09-30,Peaje de Priale Entrada - P6,F400-00067558,-19.8,675.4
Consumo,LIMA EXPRESA,VE-31,2025-09-30,Peaje de Monterrico Entrada - P1,F400-00067558,-26.4,649.0
Consumo,LIMA EXPRESA,VE-20,2025-09-30,Peaje de Priale Entrada - P6,F400-00067558,-26.4,622.6
Consumo,LIMA EXPRESA,VE-12,2025-09-30,Peaje de Monterrico Entrada - P1,F400-00067558,-26.4,596.2
Consumo,LIMA EXPRESA,VE-35,2025-09-30,Peaje de Priale Salida - P7,F400-00067558,-26.4,569.8
Consumo,LIMA EXPRESA,VE-20,2025-09-30,Peaje de Priale Salida - P7,F400-00067558,-26.4,543.4
Consumo,LIMA EXPRESA,VE-31,2025-09-30,Peaje de Monterrico Salida - P2,F400-00067558,-26.4,517.0
Consumo,LIMA EXPRESA,VE-02,2025-09-30,Peaje de Priale Entrada - P6,F400-00067558,-39.6,477.4
Consumo,LIMA EXPRESA,VE-30,2025-09-30,Peaje de Monterrico Entrada - P1,F400-00067558,-26.4,451.0
Consumo,LIMA EXPRESA,VE-02,2025-09-30,Peaje Huánuco – P8   ,F400-00067558,-19.8,431.2
Consumo,LIMA EXPRESA,VE-05,2025-09-30,Peaje de Monterrico Entrada - P1,F400-00067558,-39.6,391.6
Consumo,LIMA EXPRESA,VE-06,2025-09-30,Peaje de Priale Entrada - P6,F400-00067558,-39.6,352.0
Consumo,LIMA EXPRESA,VE-06,2025-09-30,Peaje Huánuco – P8   ,F400-00067558,-19.8,332.2
Consumo,LIMA EXPRESA,VE-06,2025-09-30,Peaje de Monterrico Salida - P2,F400-00067558,-26.4,305.8
Consumo,LIMA EXPRESA,VE-35,2025-09-30,Peaje de Monterrico Entrada - P1,F400-00067558,-26.4,279.4
Consumo,LIMA EXPRESA,VE-05,2025-09-30,Peaje de Monterrico Salida - P2,F400-00067558,-33.0,246.4
Consumo,LIMA EXPRESA,VE-20,2025-09-30,Peaje de Monterrico Entrada - P1,F400-00067558,-26.4,220.0
Recarga PEX,PEX,,2025-09-30,,TR006-000977791,5000.0,5220.0
Consumo,LIMA EXPRESA,VE-06,2025-09-30,Peaje Estadio – P10   ,F400-00067558,-39.6,5180.4
Consumo,LIMA EXPRESA,VE-02,2025-09-30,Peaje Estadio – P10   ,F400-00067558,-39.6,5140.8
Consumo,LIMA EXPRESA,VE-06,2025-09-30,Peaje de Priale Salida - P7,F400-00067558,-39.6,5101.2
Consumo,LIMA EXPRESA,VE-02,2025-09-30,Peaje de Priale Salida - P7,F400-00067558,-39.6,5061.6
Consumo,LIMA EXPRESA,VE-31,2025-09-30,Peaje de Monterrico Entrada - P1,F400-00067558,-26.4,5035.2
Consumo,LIMA EXPRESA,VE-35,2025-09-30,Peaje de Monterrico Salida - P2,F400-00067558,-26.4,5008.8
Consumo,LIMA EXPRESA,VE-20,2025-09-30,Peaje de Monterrico Salida - P2,F400-00067558,-26.4,4982.4
Consumo,LIMA EXPRESA,VE-05,2025-09-30,Peaje de Monterrico Entrada - P1,F400-00067558,-39.6,4942.8
Consumo,LIMA EXPRESA,VE-12,2025-09-30,Peaje de Priale Entrada - P6,F400-00067558,-26.4,4916.4
Consumo,LIMA EXPRESA,VE-02,2025-09-30,Peaje de Monterrico Entrada - P1,F400-00067558,-39.6,4876.8
Consumo,LIMA EXPRESA,VE-12,2025-09-30,Peaje de Priale Salida - P7,F400-00067558,-26.4,4850.4
Consumo,LIMA EXPRESA,VE-30,2025-09-30,Peaje de Priale Entrada - P6,F400-00067558,-26.4,4824.0
Consumo,LIMA EXPRESA,VE-30,2025-09-30,Peaje de Priale Salida - P7,F400-00067558,-26.4,4797.6
Consumo,LIMA EXPRESA,VE-30,2025-10-01,Peaje de Priale Entrada - P6,F400-00068292,-26.4,4771.2
Consumo,LIMA EXPRESA,VE-35,2025-10-01,Peaje de Priale Entrada - P6,F400-00068292,-26.4,4744.8
Consumo,LIMA EXPRESA,VE-02,2025-10-01,Peaje de Priale Entrada - P6,F400-00068292,-39.6,4705.2
Consumo,LIMA EXPRESA,VE-20,2025-10-01,Peaje de Monterrico Entrada - P1,F400-00068292,-26.4,4678.8
Consumo,LIMA EXPRESA,VE-31,2025-10-01,Peaje de Monterrico Entrada - P1,F400-00068292,-26.4,4652.4
Consumo,LIMA EXPRESA,VE-30,2025-10-01,Peaje de Priale Salida - P7,F400-00068292,-26.4,4626.0
Consumo,LIMA EXPRESA,VE-20,2025-10-01,Peaje de Monterrico Salida - P2,F400-00068292,-26.4,4599.6
Consumo,LIMA EXPRESA,VE-35,2025-10-01,Peaje de Priale Salida - P7,F400-00068292,-26.4,4573.2
Consumo,LIMA EXPRESA,VE-05,2025-10-01,Peaje de Priale Entrada - P6,F400-00068292,-19.8,4553.4
Consumo,LIMA EXPRESA,VE-20,2025-10-01,Peaje de Priale Salida - P7,F400-00068292,-26.4,4527.0
Consumo,LIMA EXPRESA,VE-05,2025-10-01,Peaje Huánuco – P8   ,F400-00068292,-19.8,4507.2
Consumo,LIMA EXPRESA,VE-31,2025-10-01,Peaje de Monterrico Salida - P2,F400-00068292,-26.4,4480.8
Consumo,LIMA EXPRESA,VE-35,2025-10-01,Peaje de Priale Entrada - P6,F400-00068292,-26.4,4454.4
Consumo,LIMA EXPRESA,VE-30,2025-10-01,Peaje de Monterrico Entrada - P1,F400-00068292,-26.4,4428.0
Consumo,LIMA EXPRESA,VE-05,2025-10-01,Peaje Estadio – P10   ,F400-00068292,-39.6,4388.4
Consumo,LIMA EXPRESA,VE-05,2025-10-01,Peaje de Priale Salida - P7,F400-00068292,-19.8,4368.6
Consumo,LIMA EXPRESA,VE-30,2025-10-01,Peaje de Monterrico Salida - P2,F400-00068292,-26.4,4342.2
Consumo,LIMA EXPRESA,VE-35,2025-10-01,Peaje de Priale Salida - P7,F400-00068292,-26.4,4315.8
Consumo,LIMA EXPRESA,VE-30,2025-10-01,Peaje de Monterrico Entrada - P1,F400-00068292,-26.4,4289.4
Consumo,LIMA EXPRESA,VE-31,2025-10-01,Peaje de Priale Entrada - P6,F400-00068292,-26.4,4263.0
Consumo,LIMA EXPRESA,VE-30,2025-10-01,Peaje de Monterrico Salida - P2,F400-00068292,-26.4,4236.6
Consumo,LIMA EXPRESA,VE-02,2025-10-01,Peaje de Priale Salida - P7,F400-00068292,-39.6,4197.0
Consumo,LIMA EXPRESA,VE-24,2025-10-01,Peaje Huánuco – P8   ,F400-00068292,-26.4,4170.6
Consumo,LIMA EXPRESA,VE-27,2025-10-02,Peaje de El Pino - P5,F400-00068292,-26.4,4144.2
Consumo,LIMA EXPRESA,VE-27,2025-10-02,Peaje de Separadora Salida - P3,F400-00068292,-26.4,4117.8
Consumo,LIMA EXPRESA,VE-35,2025-10-02,Peaje de Priale Entrada - P6,F400-00068292,-26.4,4091.4
Consumo,LIMA EXPRESA,VE-02,2025-10-02,Peaje de Priale Entrada - P6,F400-00068292,-39.6,4051.8
Consumo,LIMA EXPRESA,VE-30,2025-10-02,Peaje de Priale Entrada - P6,F400-00068292,-26.4,4025.4
Consumo,LIMA EXPRESA,VE-30,2025-10-02,Peaje de Priale Salida - P7,F400-00068292,-26.4,3999.0
Consumo,LIMA EXPRESA,VE-35,2025-10-02,Peaje de Priale Salida - P7,F400-00068292,-26.4,3972.6
Consumo,LIMA EXPRESA,VE-20,2025-10-02,Peaje de Priale Entrada - P6,F400-00068292,-26.4,3946.2
Consumo,LIMA EXPRESA,VE-12,2025-10-02,Peaje de Monterrico Entrada - P1,F400-00068292,-26.4,3919.8
Consumo,LIMA EXPRESA,VE-31,2025-10-02,Peaje de Monterrico Entrada - P1,F400-00068292,-26.4,3893.4
Consumo,LIMA EXPRESA,VE-06,2025-10-02,Peaje de Priale Entrada - P6,F400-00068292,-39.6,3853.8
Consumo,LIMA EXPRESA,VE-05,2025-10-02,Peaje de Monterrico Entrada - P1,F400-00068292,-39.6,3814.2
Consumo,LIMA EXPRESA,VE-20,2025-10-02,Peaje de Priale Salida - P7,F400-00068292,-26.4,3787.8
Consumo,LIMA EXPRESA,VE-30,2025-10-02,Peaje de Monterrico Entrada - P1,F400-00068292,-26.4,3761.4
Consumo,LIMA EXPRESA,VE-06,2025-10-02,Peaje de Priale Salida - P7,F400-00068292,-39.6,3721.8
Consumo,LIMA EXPRESA,VE-35,2025-10-02,Peaje de Monterrico Entrada - P1,F400-00068292,-26.4,3695.4
Consumo,LIMA EXPRESA,VE-12,2025-10-02,Peaje de Monterrico Salida - P2,F400-00068292,-26.4,3669.0
Consumo,LIMA EXPRESA,VE-31,2025-10-02,Peaje de Monterrico Salida - P2,F400-00068292,-26.4,3642.6
Consumo,LIMA EXPRESA,VE-05,2025-10-02,Peaje de Monterrico Salida - P2,F400-00068292,-33.0,3609.6
Consumo,LIMA EXPRESA,VE-30,2025-10-02,Peaje de Monterrico Salida - P2,F400-00068292,-26.4,3583.2
Consumo,LIMA EXPRESA,VE-28,2025-10-02,Peaje de Priale Entrada - P6,F400-00068292,-26.4,3556.8
Consumo,LIMA EXPRESA,VE-35,2025-10-02,Peaje de Monterrico Salida - P2,F400-00068292,-26.4,3530.4
Consumo,LIMA EXPRESA,VE-20,2025-10-02,Peaje de Monterrico Entrada - P1,F400-00068292,-26.4,3504.0
Consumo,LIMA EXPRESA,VE-05,2025-10-02,Peaje de Monterrico Entrada - P1,F400-00068292,-39.6,3464.4
Consumo,LIMA EXPRESA,VE-20,2025-10-02,Peaje de Monterrico Salida - P2,F400-00068292,-26.4,3438.0
Consumo,LIMA EXPRESA,VE-31,2025-10-02,Peaje de Monterrico Entrada - P1,F400-00068292,-26.4,3411.6
Consumo,LIMA EXPRESA,VE-12,2025-10-02,Peaje de Monterrico Entrada - P1,F400-00068292,-26.4,3385.2
Consumo,LIMA EXPRESA,VE-30,2025-10-02,Peaje de Monterrico Entrada - P1,F400-00068292,-26.4,3358.8
Consumo,LIMA EXPRESA,VE-28,2025-10-02,Peaje de El Pino - P5,F400-00068292,-26.4,3332.4
Consumo,LIMA EXPRESA,VE-05,2025-10-02,Peaje de Monterrico Salida - P2,F400-00068292,-39.6,3292.8
Consumo,LIMA EXPRESA,VE-30,2025-10-02,Peaje de Monterrico Salida - P2,F400-00068292,-26.4,3266.4
Consumo,LIMA EXPRESA,VE-28,2025-10-02,Peaje de Separadora Salida - P3,F400-00068292,-26.4,3240.0
Consumo,LIMA EXPRESA,VE-06,2025-10-03,Peaje de Priale Entrada - P6,F400-00068292,-19.8,3220.2
Consumo,LIMA EXPRESA,VE-30,2025-10-03,Peaje de Priale Entrada - P6,F400-00068292,-26.4,3193.8
Consumo,LIMA EXPRESA,VE-05,2025-10-03,Peaje de Priale Entrada - P6,F400-00068292,-39.6,3154.2
Consumo,LIMA EXPRESA,VE-35,2025-10-03,Peaje de Priale Entrada - P6,F400-00068292,-26.4,3127.8
Consumo,LIMA EXPRESA,VE-30,2025-10-03,Peaje de Priale Salida - P7,F400-00068292,-26.4,3101.4
Consumo,LIMA EXPRESA,VE-31,2025-10-03,Peaje de Monterrico Entrada - P1,F400-00068292,-26.4,3075.0
Consumo,LIMA EXPRESA,VE-02,2025-10-03,Peaje de Priale Salida - P7,F400-00068292,-39.6,3035.4
Consumo,LIMA EXPRESA,VE-20,2025-10-03,Peaje de Monterrico Entrada - P1,F400-00068292,-26.4,3009.0
Consumo,LIMA EXPRESA,VE-28,2025-10-03,Peaje de El Pino - P5,F400-00068292,-26.4,2982.6
Consumo,LIMA EXPRESA,VE-20,2025-10-03,Peaje de Monterrico Salida - P2,F400-00068292,-26.4,2956.2
Consumo,LIMA EXPRESA,VE-31,2025-10-03,Peaje de Monterrico Salida - P2,F400-00068292,-26.4,2929.8
Consumo,LIMA EXPRESA,VE-35,2025-10-03,Peaje de Priale Salida - P7,F400-00068292,-26.4,2903.4
Consumo,LIMA EXPRESA,VE-28,2025-10-03,Peaje de Separadora Salida - P3,F400-00068292,-26.4,2877.0
Consumo,LIMA EXPRESA,VE-06,2025-10-03,Peaje de Monterrico Entrada - P1,F400-00068292,-39.6,2837.4
Consumo,LIMA EXPRESA,VE-05,2025-10-03,Peaje de Monterrico Entrada - P1,F400-00068292,-19.8,2817.6
Consumo,LIMA EXPRESA,VE-06,2025-10-03,Peaje de Monterrico Salida - P2,F400-00068292,-19.8,2797.8
Consumo,LIMA EXPRESA,VE-30,2025-10-03,Peaje de Monterrico Entrada - P1,F400-00068292,-26.4,2771.4
Consumo,LIMA EXPRESA,VE-05,2025-10-03,Peaje de Monterrico Salida - P2,F400-00068292,-39.6,2731.8
Consumo,LIMA EXPRESA,VE-28,2025-10-03,Peaje de Separadora Salida - P3,F400-00068292,-26.4,2705.4
Consumo,LIMA EXPRESA,VE-30,2025-10-03,Peaje de Monterrico Salida - P2,F400-00068292,-26.4,2679.0
Consumo,LIMA EXPRESA,VE-02,2025-10-03,Peaje de Monterrico Entrada - P1,F400-00068292,-39.6,2639.4
Consumo,LIMA EXPRESA,VE-12,2025-10-03,Peaje de Monterrico Entrada - P1,F400-00068292,-26.4,2613.0
Consumo,LIMA EXPRESA,VE-28,2025-10-03,Peaje de El Pino - P5,F400-00068292,-26.4,2586.6
Consumo,LIMA EXPRESA,VE-28,2025-10-03,Peaje de Separadora Salida - P3,F400-00068292,-26.4,2560.2
Consumo,LIMA EXPRESA,VE-31,2025-10-03,Peaje de Monterrico Entrada - P1,F400-00068292,-26.4,2533.8
Consumo,LIMA EXPRESA,VE-02,2025-10-03,Peaje de Monterrico Salida - P2,F400-00068292,-39.6,2494.2
Consumo,LIMA EXPRESA,VE-30,2025-10-04,Peaje de Priale Entrada - P6,F400-00068292,-26.4,2467.8
Consumo,LIMA EXPRESA,VE-35,2025-10-04,Peaje de Priale Entrada - P6,F400-00068292,-26.4,2441.4
Consumo,LIMA EXPRESA,VE-02,2025-10-04,Peaje de Monterrico Entrada - P1,F400-00068292,-19.8,2421.6
Consumo,LIMA EXPRESA,VE-30,2025-10-04,Peaje de Priale Salida - P7,F400-00068292,-26.4,2395.2
Consumo,LIMA EXPRESA,VE-20,2025-10-04,Peaje de Monterrico Entrada - P1,F400-00068292,-26.4,2368.8
Consumo,LIMA EXPRESA,VE-31,2025-10-04,Peaje de Monterrico Entrada - P1,F400-00068292,-26.4,2342.4
Consumo,LIMA EXPRESA,VE-06,2025-10-04,Peaje de Priale Entrada - P6,F400-00068292,-19.8,2322.6
Consumo,LIMA EXPRESA,VE-05,2025-10-04,Peaje de Priale Entrada - P6,F400-00068292,-39.6,2283.0
Consumo,LIMA EXPRESA,VE-06,2025-10-04,Peaje de Priale Salida - P7,F400-00068292,-39.6,2243.4
Consumo,LIMA EXPRESA,VE-20,2025-10-04,Peaje de Monterrico Salida - P2,F400-00068292,-26.4,2217.0
Consumo,LIMA EXPRESA,VE-31,2025-10-04,Peaje de Monterrico Salida - P2,F400-00068292,-26.4,2190.6
Consumo,LIMA EXPRESA,VE-28,2025-10-04,Peaje de El Pino - P5,F400-00068292,-26.4,2164.2
Consumo,LIMA EXPRESA,VE-35,2025-10-04,Peaje de Priale Salida - P7,F400-00068292,-26.4,2137.8
Consumo,LIMA EXPRESA,VE-28,2025-10-04,Peaje de Separadora Salida - P3,F400-00068292,-26.4,2111.4
Consumo,LIMA EXPRESA,VE-12,2025-10-04,Peaje de Monterrico Entrada - P1,F400-00068292,-26.4,2085.0
Consumo,LIMA EXPRESA,VE-30,2025-10-04,Peaje de Monterrico Entrada - P1,F400-00068292,-26.4,2058.6
Consumo,LIMA EXPRESA,VE-20,2025-10-04,Peaje de Priale Entrada - P6,F400-00068292,-26.4,2032.2
Consumo,LIMA EXPRESA,VE-02,2025-10-04,Peaje de Monterrico Salida - P2,F400-00068292,-39.6,1992.6
Consumo,LIMA EXPRESA,VE-07,2025-10-04,Peaje de Priale Salida - P7,F400-00068292,-19.8,1972.8
Consumo,LIMA EXPRESA,VE-20,2025-10-04,Peaje de Priale Salida - P7,F400-00068292,-26.4,1946.4
Consumo,LIMA EXPRESA,VE-20,2025-10-04,Peaje de Priale Entrada - P6,F400-00068292,-26.4,1920.0
Consumo,LIMA EXPRESA,VE-31,2025-10-04,Peaje de Priale Entrada - P6,F400-00068292,-26.4,1893.6
Consumo,LIMA EXPRESA,VE-35,2025-10-04,Peaje de Priale Entrada - P6,F400-00068292,-26.4,1867.2
Consumo,LIMA EXPRESA,VE-30,2025-10-04,Peaje de Monterrico Salida - P2,F400-00068292,-26.4,1840.8
Consumo,LIMA EXPRESA,VE-12,2025-10-04,Peaje de Monterrico Salida - P2,F400-00068292,-26.4,1814.4
Consumo,LIMA EXPRESA,VE-31,2025-10-04,Peaje de Priale Salida - P7,F400-00068292,-26.4,1788.0
Consumo,LIMA EXPRESA,VE-28,2025-10-04,Peaje de El Pino - P5,F400-00068292,-26.4,1761.6
Consumo,LIMA EXPRESA,VE-35,2025-10-04,Peaje de Priale Salida - P7,F400-00068292,-26.4,1735.2
Consumo,LIMA EXPRESA,VE-28,2025-10-04,Peaje de Separadora Salida - P3,F400-00068292,-26.4,1708.8
Consumo,LIMA EXPRESA,VE-12,2025-10-04,Peaje de Monterrico Entrada - P1,F400-00068292,-26.4,1682.4
Consumo,LIMA EXPRESA,VE-20,2025-10-04,Peaje Estadio – P10   ,F400-00068292,-26.4,1656.0
Consumo,LIMA EXPRESA,VE-31,2025-10-04,Peaje de Monterrico Entrada - P1,F400-00068292,-26.4,1629.6
Consumo,LIMA EXPRESA,VE-20,2025-10-04,Peaje de Priale Salida - P7,F400-00068292,-26.4,1603.2
Consumo,LIMA EXPRESA,VE-02,2025-10-06,Peaje de Priale Salida - P7,F400-00068292,-19.8,1583.4
Consumo,LIMA EXPRESA,VE-05,2025-10-06,Peaje de Priale Entrada - P6,F400-00068292,-39.6,1543.8
Consumo,LIMA EXPRESA,VE-06,2025-10-06,Peaje de Priale Entrada - P6,F400-00068292,-39.6,1504.2
Consumo,LIMA EXPRESA,VE-30,2025-10-06,Peaje de Monterrico Entrada - P1,F400-00068292,-26.4,1477.8
Consumo,LIMA EXPRESA,VE-06,2025-10-06,Peaje de Priale Salida - P7,F400-00068292,-33.0,1444.8
Consumo,LIMA EXPRESA,VE-31,2025-10-06,Peaje de Priale Entrada - P6,F400-00068292,-26.4,1418.4
Consumo,LIMA EXPRESA,VE-12,2025-10-06,Peaje de Priale Entrada - P6,F400-00068292,-26.4,1392.0
Consumo,LIMA EXPRESA,APF856,2025-10-06,Peaje Estadio – P10   ,F400-00068292,-6.6,1385.4
Consumo,LIMA EXPRESA,VE-12,2025-10-06,Peaje de Priale Salida - P7,F400-00068292,-26.4,1359.0
Consumo,LIMA EXPRESA,VE-26,2025-10-06,Peaje de El Pino - P5,F400-00068292,-26.4,1332.6
Consumo,LIMA EXPRESA,APF856,2025-10-06,Peaje de El Pino - P5,F400-00068292,-6.6,1326.0
Consumo,LIMA EXPRESA,VE-35,2025-10-06,Peaje de Monterrico Entrada - P1,F400-00068292,-26.4,1299.6
Consumo,LIMA EXPRESA,VE-31,2025-10-06,Peaje de Priale Salida - P7,F400-00068292,-26.4,1273.2
Consumo,LIMA EXPRESA,VE-20,2025-10-06,Peaje de Monterrico Entrada - P1,F400-00068292,-26.4,1246.8
Consumo,LIMA EXPRESA,VE-26,2025-10-06,Peaje de Separadora Salida - P3,F400-00068292,-26.4,1220.4
Consumo,LIMA EXPRESA,VE-02,2025-10-06,Peaje de Priale Entrada - P6,F400-00068292,-39.6,1180.8
Consumo,LIMA EXPRESA,VE-02,2025-10-06,Peaje Huánuco – P8   ,F400-00068292,-39.6,1141.2
Consumo,LIMA EXPRESA,VE-30,2025-10-06,Peaje de Monterrico Salida - P2,F400-00068292,-26.4,1114.8
Consumo,LIMA EXPRESA,VE-20,2025-10-06,Peaje de Monterrico Salida - P2,F400-00068292,-26.4,1088.4
Consumo,LIMA EXPRESA,APF856,2025-10-06,Peaje de Santa Anita - P4,F400-00068292,-6.6,1081.8
Consumo,LIMA EXPRESA,VE-12,2025-10-06,Peaje de Monterrico Entrada - P1,F400-00068292,-26.4,1055.4
Consumo,LIMA EXPRESA,APF856,2025-10-06,Peaje Huánuco – P8   ,F400-00068292,-6.6,1048.8
Consumo,LIMA EXPRESA,VE-31,2025-10-06,Peaje de Monterrico Entrada - P1,F400-00068292,-26.4,1022.4
Consumo,LIMA EXPRESA,VE-35,2025-10-06,Peaje de Monterrico Salida - P2,F400-00068292,-26.4,996.0
Consumo,LIMA EXPRESA,VE-02,2025-10-06,Peaje Estadio – P10   ,F400-00068292,-39.6,956.4
Consumo,LIMA EXPRESA,VE-02,2025-10-06,Peaje de Priale Salida - P7,F400-00068292,-39.6,916.8
Consumo,LIMA EXPRESA,VE-12,2025-10-06,Peaje de Monterrico Salida - P2,F400-00068292,-26.4,890.4
Consumo,LIMA EXPRESA,VE-31,2025-10-06,Peaje de Monterrico Salida - P2,F400-00068292,-26.4,864.0
Consumo,LIMA EXPRESA,VE-30,2025-10-06,Peaje de Monterrico Entrada - P1,F400-00068292,-26.4,837.6
Consumo,LIMA EXPRESA,VE-12,2025-10-06,Peaje de Monterrico Entrada - P1,F400-00068292,-26.4,811.2
Consumo,LIMA EXPRESA,VE-30,2025-10-06,Peaje de Monterrico Salida - P2,F400-00068292,-26.4,784.8
Consumo,LIMA EXPRESA,VE-31,2025-10-06,Peaje de Monterrico Entrada - P1,F400-00068292,-26.4,758.4
Consumo,LIMA EXPRESA,VE-02,2025-10-07,Peaje de Priale Entrada - P6,F400-00068292,-39.6,718.8
Consumo,LIMA EXPRESA,VE-30,2025-10-07,Peaje de Priale Entrada - P6,F400-00068292,-26.4,692.4
Consumo,LIMA EXPRESA,VE-35,2025-10-07,Peaje de Monterrico Entrada - P1,F400-00068292,-26.4,666.0
Consumo,LIMA EXPRESA,VE-30,2025-10-07,Peaje de Priale Salida - P7,F400-00068292,-26.4,639.6
Consumo,LIMA EXPRESA,VE-12,2025-10-07,Peaje de Monterrico Entrada - P1,F400-00068292,-26.4,613.2
Consumo,LIMA EXPRESA,VE-35,2025-10-07,Peaje de Monterrico Salida - P2,F400-00068292,-26.4,586.8
Consumo,LIMA EXPRESA,VE-31,2025-10-07,Peaje de Monterrico Entrada - P1,F400-00068292,-26.4,560.4
Consumo,LIMA EXPRESA,VE-06,2025-10-07,Peaje de Priale Entrada - P6,F400-00068292,-39.6,520.8
Consumo,LIMA EXPRESA,VE-30,2025-10-07,Peaje de Monterrico Entrada - P1,F400-00068292,-26.4,494.4
Consumo,LIMA EXPRESA,VE-26,2025-10-07,Peaje de El Pino - P5,F400-00068292,-26.4,468.0
Consumo,LIMA EXPRESA,VE-31,2025-10-07,Peaje de Monterrico Salida - P2,F400-00068292,-26.4,441.6
Consumo,LIMA EXPRESA,VE-12,2025-10-07,Peaje de Monterrico Salida - P2,F400-00068292,-26.4,415.2
Consumo,LIMA EXPRESA,VE-30,2025-10-07,Peaje de Monterrico Salida - P2,F400-00068292,-26.4,388.8
Consumo,LIMA EXPRESA,VE-26,2025-10-07,Peaje de Separadora Salida - P3,F400-00068292,-26.4,362.4
Consumo,LIMA EXPRESA,VE-20,2025-10-07,Peaje de Priale Entrada - P6,F400-00068292,-26.4,336.0
Consumo,LIMA EXPRESA,VE-20,2025-10-07,Peaje de Priale Salida - P7,F400-00068292,-26.4,309.6
Consumo,LIMA EXPRESA,VE-30,2025-10-07,Peaje de Monterrico Entrada - P1,F400-00068292,-26.4,283.2
Recarga PEX,PEX,,2025-10-07,,TR006-000981940,2500.0,2783.2
Consumo,LIMA EXPRESA,VE-06,2025-10-07,Peaje de Priale Salida - P7,F400-00068292,-33.0,2750.2
Consumo,LIMA EXPRESA,VE-02,2025-10-07,Peaje Huánuco – P8   ,F400-00068292,-39.6,2710.6
Consumo,LIMA EXPRESA,VE-30,2025-10-07,Peaje de Monterrico Salida - P2,F400-00068292,-26.4,2684.2
Consumo,LIMA EXPRESA,VE-35,2025-10-07,Peaje de Monterrico Entrada - P1,F400-00068292,-26.4,2657.8
Consumo,LIMA EXPRESA,VE-35,2025-10-07,Peaje de Monterrico Salida - P2,F400-00068292,-26.4,2631.4
Consumo,LIMA EXPRESA,VE-04,2025-10-07,Peaje de Priale Salida - P7,F400-00068292,-19.8,2611.6
Consumo,LIMA EXPRESA,VE-20,2025-10-07,Peaje de Monterrico Entrada - P1,F400-00068292,-26.4,2585.2
Consumo,LIMA EXPRESA,VE-04,2025-10-07,Peaje de Priale Entrada - P6,F400-00068292,-39.6,2545.6
Consumo,LIMA EXPRESA,VE-20,2025-10-07,Peaje de Monterrico Salida - P2,F400-00068292,-26.4,2519.2
Consumo,LIMA EXPRESA,D9Z911,2025-10-07,Peaje de Priale Salida - P7,F400-00068292,-6.6,2512.6
Consumo,LIMA EXPRESA,VE-30,2025-10-07,Peaje de Monterrico Entrada - P1,F400-00068292,-26.4,2486.2
Consumo,LIMA EXPRESA,VE-31,2025-10-07,Peaje de Monterrico Entrada - P1,F400-00068292,-26.4,2459.8
Consumo,LIMA EXPRESA,VE-02,2025-10-07,Peaje Huánuco – P8   ,F400-00068292,-39.6,2420.2
Consumo,LIMA EXPRESA,D9Z911,2025-10-07,Peaje de Priale Entrada - P6,F400-00068292,-6.6,2413.6
Consumo,LIMA EXPRESA,VE-12,2025-10-07,Peaje de Priale Entrada - P6,F400-00068292,-26.4,2387.2
Consumo,LIMA EXPRESA,VE-30,2025-10-07,Peaje de Monterrico Salida - P2,F400-00068292,-26.4,2360.8
Consumo,LIMA EXPRESA,VE-27,2025-10-07,Peaje de Monterrico Salida - P2,F400-00068292,-26.4,2334.4
Consumo,LIMA EXPRESA,VE-26,2025-10-07,Peaje de Monterrico Salida - P2,F400-00069037,-26.4,2308.0
Consumo,LIMA EXPRESA,VE-19,2025-10-08,Peaje de Monterrico Entrada - P1,F400-00069037,-26.4,2281.6
Consumo,LIMA EXPRESA,VE-27,2025-10-08,Peaje de Monterrico Entrada - P1,F400-00069037,-26.4,2255.2
Consumo,LIMA EXPRESA,VE-27,2025-10-08,Peaje de Monterrico Salida - P2,F400-00069037,-26.4,2228.8
Consumo,LIMA EXPRESA,VE-27,2025-10-08,Peaje de Monterrico Entrada - P1,F400-00069037,-26.4,2202.4
Consumo,LIMA EXPRESA,VE-27,2025-10-08,Peaje de Monterrico Salida - P2,F400-00069037,-26.4,2176.0
Consumo,LIMA EXPRESA,APF856,2025-10-08,Peaje Estadio – P10   ,F400-00069037,-6.6,2169.4
Consumo,LIMA EXPRESA,APF856,2025-10-08,Peaje de El Pino - P5,F400-00069037,-6.6,2162.8
Consumo,LIMA EXPRESA,APF856,2025-10-08,Peaje de Santa Anita - P4,F400-00069037,-6.6,2156.2
Consumo,LIMA EXPRESA,VE-26,2025-10-08,Peaje de Monterrico Entrada - P1,F400-00069037,-26.4,2129.8
Consumo,LIMA EXPRESA,VE-30,2025-10-09,Peaje de Monterrico Entrada - P1,F400-00069037,-26.4,2103.4
Consumo,LIMA EXPRESA,VE-35,2025-10-09,Peaje de Monterrico Entrada - P1,F400-00069037,-26.4,2077.0
Consumo,LIMA EXPRESA,VE-12,2025-10-09,Peaje de Monterrico Entrada - P1,F400-00069037,-26.4,2050.6
Consumo,LIMA EXPRESA,VE-31,2025-10-09,Peaje de Monterrico Entrada - P1,F400-00069037,-26.4,2024.2
Consumo,LIMA EXPRESA,VE-20,2025-10-09,Peaje de Monterrico Entrada - P1,F400-00069037,-26.4,1997.8
Consumo,LIMA EXPRESA,VE-24,2025-10-09,Peaje Huánuco – P8   ,F400-00069037,-26.4,1971.4
Consumo,LIMA EXPRESA,VE-35,2025-10-09,Peaje de Monterrico Salida - P2,F400-00069037,-26.4,1945.0
Consumo,LIMA EXPRESA,VE-20,2025-10-09,Peaje de Monterrico Salida - P2,F400-00069037,-26.4,1918.6
Consumo,LIMA EXPRESA,VE-12,2025-10-09,Peaje de Monterrico Salida - P2,F400-00069037,-26.4,1892.2
Recarga PEX,PEX,,2025-10-09,,TR006-000983065,2500.0,4392.2
Consumo,LIMA EXPRESA,VE-12,2025-10-09,Peaje de Priale Entrada - P6,F400-00069037,-26.4,4365.8
Consumo,LIMA EXPRESA,VE-31,2025-10-09,Peaje de Priale Entrada - P6,F400-00069037,-26.4,4339.4
Consumo,LIMA EXPRESA,VE-30,2025-10-09,Peaje de Monterrico Salida - P2,F400-00069037,-26.4,4313.0
Consumo,LIMA EXPRESA,VE-26,2025-10-09,Peaje de Monterrico Entrada - P1,F400-00069037,-26.4,4286.6
Consumo,LIMA EXPRESA,VE-30,2025-10-10,Peaje de Monterrico Entrada - P1,F400-00069037,-26.4,4260.2
Consumo,LIMA EXPRESA,VE-35,2025-10-10,Peaje de Monterrico Entrada - P1,F400-00069037,-26.4,4233.8
Consumo,LIMA EXPRESA,VE-30,2025-10-10,Peaje de Monterrico Salida - P2,F400-00069037,-26.4,4207.4
Consumo,LIMA EXPRESA,VE-31,2025-10-10,Peaje de Monterrico Entrada - P1,F400-00069037,-26.4,4181.0
Consumo,LIMA EXPRESA,VE-26,2025-10-10,Peaje de Monterrico Salida - P2,F400-00069037,-26.4,4154.6
Consumo,LIMA EXPRESA,VE-35,2025-10-10,Peaje de Monterrico Salida - P2,F400-00069037,-26.4,4128.2
Consumo,LIMA EXPRESA,VE-20,2025-10-10,Peaje de Priale Entrada - P6,F400-00069037,-26.4,4101.8
Consumo,LIMA EXPRESA,VE-12,2025-10-10,Peaje de Monterrico Entrada - P1,F400-00069037,-26.4,4075.4
Consumo,LIMA EXPRESA,VE-20,2025-10-10,Peaje de Priale Salida - P7,F400-00069037,-26.4,4049.0
Consumo,LIMA EXPRESA,VE-31,2025-10-10,Peaje de Monterrico Salida - P2,F400-00069037,-26.4,4022.6
Consumo,LIMA EXPRESA,VE-12,2025-10-10,Peaje de Monterrico Salida - P2,F400-00069037,-26.4,3996.2
Consumo,LIMA EXPRESA,VE-05,2025-10-10,Peaje de Monterrico Entrada - P1,F400-00069037,-39.6,3956.6
Consumo,LIMA EXPRESA,VE-30,2025-10-10,Peaje de Monterrico Entrada - P1,F400-00069037,-26.4,3930.2
Consumo,LIMA EXPRESA,VE-06,2025-10-10,Peaje de Monterrico Entrada - P1,F400-00069037,-39.6,3890.6
Consumo,LIMA EXPRESA,VE-05,2025-10-10,Peaje de Monterrico Salida - P2,F400-00069037,-33.0,3857.6
Consumo,LIMA EXPRESA,VE-24,2025-10-10,Peaje Huánuco – P8   ,F400-00069037,-26.4,3831.2
Consumo,LIMA EXPRESA,VE-20,2025-10-10,Peaje de Monterrico Entrada - P1,F400-00069037,-26.4,3804.8
Consumo,LIMA EXPRESA,VE-06,2025-10-10,Peaje de Monterrico Salida - P2,F400-00069037,-33.0,3771.8
Consumo,LIMA EXPRESA,VE-35,2025-10-10,Peaje de Monterrico Entrada - P1,F400-00069037,-26.4,3745.4
Consumo,LIMA EXPRESA,VE-35,2025-10-10,Peaje de Monterrico Salida - P2,F400-00069037,-26.4,3719.0
Consumo,LIMA EXPRESA,VE-20,2025-10-10,Peaje de Monterrico Salida - P2,F400-00069037,-26.4,3692.6
Consumo,LIMA EXPRESA,VE-31,2025-10-10,Peaje de Monterrico Entrada - P1,F400-00069037,-26.4,3666.2
Consumo,LIMA EXPRESA,VE-30,2025-10-10,Peaje de Priale Entrada - P6,F400-00069037,-26.4,3639.8
Consumo,LIMA EXPRESA,VE-30,2025-10-10,Peaje de Priale Salida - P7,F400-00069037,-26.4,3613.4
Consumo,LIMA EXPRESA,VE-26,2025-10-10,Peaje de Monterrico Entrada - P1,F400-00069037,-26.4,3587.0
Consumo,LIMA EXPRESA,APF856,2025-10-10,Peaje Estadio – P10   ,F400-00069037,-6.6,3580.4
Consumo,LIMA EXPRESA,VE-19,2025-10-11,Peaje de Monterrico Entrada - P1,F400-00069037,-26.4,3554.0
Consumo,LIMA EXPRESA,VE-30,2025-10-11,Peaje de Priale Entrada - P6,F400-00069037,-26.4,3527.6
Consumo,LIMA EXPRESA,VE-35,2025-10-11,Peaje de Monterrico Entrada - P1,F400-00069037,-26.4,3501.2
Consumo,LIMA EXPRESA,VE-06,2025-10-11,Peaje de Priale Entrada - P6,F400-00069037,-39.6,3461.6
Consumo,LIMA EXPRESA,VE-30,2025-10-11,Peaje de Priale Salida - P7,F400-00069037,-26.4,3435.2
Consumo,LIMA EXPRESA,VE-17,2025-10-11,Peaje Huánuco – P8   ,F400-00069037,-26.4,3408.8
Consumo,LIMA EXPRESA,VE-20,2025-10-11,Peaje de Monterrico Entrada - P1,F400-00069037,-26.4,3382.4
Consumo,LIMA EXPRESA,VE-06,2025-10-11,Peaje de Monterrico Entrada - P1,F400-00069037,-33.0,3349.4
Consumo,LIMA EXPRESA,VE-30,2025-10-11,Peaje de Monterrico Entrada - P1,F400-00069037,-26.4,3323.0
Consumo,LIMA EXPRESA,VE-31,2025-10-11,Peaje de Monterrico Entrada - P1,F400-00069037,-26.4,3296.6
Consumo,LIMA EXPRESA,VE-19,2025-10-11,Peaje de Monterrico Salida - P2,F400-00069037,-26.4,3270.2
Consumo,LIMA EXPRESA,VE-05,2025-10-11,Peaje de Monterrico Entrada - P1,F400-00069037,-39.6,3230.6
Consumo,LIMA EXPRESA,VE-35,2025-10-11,Peaje de Monterrico Salida - P2,F400-00069037,-26.4,3204.2
Consumo,LIMA EXPRESA,VE-20,2025-10-11,Peaje de Monterrico Salida - P2,F400-00069037,-26.4,3177.8
Consumo,LIMA EXPRESA,VE-20,2025-10-11,Peaje de Priale Salida - P7,F400-00069037,-26.4,3151.4
Consumo,LIMA EXPRESA,VE-30,2025-10-11,Peaje de Monterrico Salida - P2,F400-00069037,-26.4,3125.0
Consumo,LIMA EXPRESA,VE-31,2025-10-11,Peaje de Monterrico Salida - P2,F400-00069037,-26.4,3098.6
Consumo,LIMA EXPRESA,VE-06,2025-10-11,Peaje de Monterrico Salida - P2,F400-00069037,-39.6,3059.0
Consumo,LIMA EXPRESA,VE-35,2025-10-11,Peaje de Monterrico Entrada - P1,F400-00069037,-26.4,3032.6
Consumo,LIMA EXPRESA,VE-20,2025-10-11,Peaje de Monterrico Entrada - P1,F400-00069037,-26.4,3006.2
Consumo,LIMA EXPRESA,VE-30,2025-10-11,Peaje de Monterrico Entrada - P1,F400-00069037,-26.4,2979.8
Consumo,LIMA EXPRESA,VE-05,2025-10-11,Peaje de Monterrico Salida - P2,F400-00069037,-33.0,2946.8
Consumo,LIMA EXPRESA,VE-20,2025-10-11,Peaje de Monterrico Salida - P2,F400-00069037,-26.4,2920.4
Consumo,LIMA EXPRESA,VE-35,2025-10-11,Peaje de Monterrico Salida - P2,F400-00069037,-26.4,2894.0
Consumo,LIMA EXPRESA,VE-31,2025-10-11,Peaje de Monterrico Entrada - P1,F400-00069037,-26.4,2867.6
Consumo,LIMA EXPRESA,VE-30,2025-10-11,Peaje de Monterrico Salida - P2,F400-00069037,-26.4,2841.2
Consumo,LIMA EXPRESA,VE-31,2025-10-11,Peaje de Monterrico Salida - P2,F400-00069037,-26.4,2814.8
Consumo,LIMA EXPRESA,VE-20,2025-10-11,Peaje de Priale Entrada - P6,F400-00069037,-26.4,2788.4
Consumo,LIMA EXPRESA,VE-30,2025-10-11,Peaje de Monterrico Entrada - P1,F400-00069037,-26.4,2762.0
Consumo,LIMA EXPRESA,VE-20,2025-10-11,Peaje de Priale Salida - P7,F400-00069037,-26.4,2735.6
Consumo,LIMA EXPRESA,VE-30,2025-10-11,Peaje de Monterrico Salida - P2,F400-00069037,-26.4,2709.2
Consumo,LIMA EXPRESA,VE-12,2025-10-13,Peaje de El Pino - P5,F400-00069037,-26.4,2682.8
Consumo,LIMA EXPRESA,VE-27,2025-10-13,Peaje de El Pino - P5,F400-00069037,-26.4,2656.4
Consumo,LIMA EXPRESA,VE-12,2025-10-13,Peaje de Separadora Salida - P3,F400-00069037,-26.4,2630.0
Consumo,LIMA EXPRESA,VE-27,2025-10-13,Peaje de Separadora Salida - P3,F400-00069037,-26.4,2603.6
Consumo,LIMA EXPRESA,VE-27,2025-10-13,Peaje Huánuco – P8   ,F400-00069037,-26.4,2577.2
Consumo,LIMA EXPRESA,VE-35,2025-10-13,Peaje de Monterrico Entrada - P1,F400-00069037,-26.4,2550.8
Consumo,LIMA EXPRESA,VE-31,2025-10-13,Peaje de Monterrico Entrada - P1,F400-00069037,-26.4,2524.4
Consumo,LIMA EXPRESA,VE-23,2025-10-13,Peaje Huánuco – P8   ,F400-00069037,-26.4,2498.0
Consumo,LIMA EXPRESA,VE-35,2025-10-13,Peaje de Monterrico Salida - P2,F400-00069037,-26.4,2471.6
Consumo,LIMA EXPRESA,VE-06,2025-10-13,Peaje de Priale Entrada - P6,F400-00069037,-39.6,2432.0
Consumo,LIMA EXPRESA,VE-30,2025-10-13,Peaje de Monterrico Entrada - P1,F400-00069037,-26.4,2405.6
Consumo,LIMA EXPRESA,VE-31,2025-10-13,Peaje de Monterrico Salida - P2,F400-00069037,-26.4,2379.2
Consumo,LIMA EXPRESA,VE-35,2025-10-13,Peaje de Monterrico Entrada - P1,F400-00069037,-26.4,2352.8
Consumo,LIMA EXPRESA,VE-30,2025-10-13,Peaje de Monterrico Salida - P2,F400-00069037,-26.4,2326.4
Consumo,LIMA EXPRESA,VE-04,2025-10-13,Peaje de Priale Salida - P7,F400-00069037,-39.6,2286.8
Consumo,LIMA EXPRESA,VE-31,2025-10-13,Peaje de Monterrico Entrada - P1,F400-00069037,-26.4,2260.4
Consumo,LIMA EXPRESA,VE-35,2025-10-13,Peaje de Monterrico Salida - P2,F400-00069037,-26.4,2234.0
Consumo,LIMA EXPRESA,VE-19,2025-10-13,Peaje de Monterrico Salida - P2,F400-00069037,-26.4,2207.6
Consumo,LIMA EXPRESA,VE-30,2025-10-14,Peaje de Priale Entrada - P6,F400-00069037,-26.4,2181.2
Consumo,LIMA EXPRESA,VE-27,2025-10-14,Peaje de El Pino - P5,F400-00069037,-26.4,2154.8
Consumo,LIMA EXPRESA,VE-27,2025-10-14,Peaje de Separadora Salida - P3,F400-00069037,-26.4,2128.4
Consumo,LIMA EXPRESA,VE-30,2025-10-14,Peaje de Priale Salida - P7,F400-00069037,-26.4,2102.0
Consumo,LIMA EXPRESA,VE-35,2025-10-14,Peaje de Monterrico Entrada - P1,F400-00069037,-26.4,2075.6
Consumo,LIMA EXPRESA,VE-20,2025-10-14,Peaje de Priale Entrada - P6,F400-00069037,-26.4,2049.2
Consumo,LIMA EXPRESA,VE-35,2025-10-14,Peaje de Monterrico Salida - P2,F400-00069037,-26.4,2022.8
Consumo,LIMA EXPRESA,VE-12,2025-10-14,Peaje de Monterrico Entrada - P1,F400-00069037,-26.4,1996.4
Consumo,LIMA EXPRESA,VE-30,2025-10-14,Peaje de Monterrico Entrada - P1,F400-00069037,-26.4,1970.0
Consumo,LIMA EXPRESA,VE-31,2025-10-14,Peaje de Monterrico Entrada - P1,F400-00069037,-26.4,1943.6
Consumo,LIMA EXPRESA,VE-20,2025-10-14,Peaje de Priale Salida - P7,F400-00069037,-26.4,1917.2
Consumo,LIMA EXPRESA,VE-12,2025-10-14,Peaje de Monterrico Salida - P2,F400-00069037,-26.4,1890.8
Consumo,LIMA EXPRESA,VE-30,2025-10-14,Peaje de Monterrico Salida - P2,F400-00069037,-26.4,1864.4
Consumo,LIMA EXPRESA,VE-31,2025-10-14,Peaje de Monterrico Salida - P2,F400-00069037,-26.4,1838.0
Consumo,LIMA EXPRESA,VE-05,2025-10-14,Peaje de Monterrico Entrada - P1,F400-00069037,-39.6,1798.4
Consumo,LIMA EXPRESA,VE-35,2025-10-14,Peaje de Monterrico Entrada - P1,F400-00069037,-26.4,1772.0
Consumo,LIMA EXPRESA,VE-20,2025-10-14,Peaje de Monterrico Entrada - P1,F400-00069037,-26.4,1745.6
Consumo,LIMA EXPRESA,VE-30,2025-10-14,Peaje de Monterrico Entrada - P1,F400-00069037,-26.4,1719.2
Consumo,LIMA EXPRESA,VE-05,2025-10-14,Peaje de Monterrico Salida - P2,F400-00069037,-33.0,1686.2
Consumo,LIMA EXPRESA,VE-12,2025-10-14,Peaje de Monterrico Entrada - P1,F400-00069037,-26.4,1659.8
Consumo,LIMA EXPRESA,VE-31,2025-10-14,Peaje de Priale Entrada - P6,F400-00069037,-26.4,1633.4
Consumo,LIMA EXPRESA,VE-35,2025-10-14,Peaje de Monterrico Salida - P2,F400-00069037,-26.4,1607.0
Consumo,LIMA EXPRESA,VE-20,2025-10-14,Peaje de Monterrico Salida - P2,F400-00069037,-26.4,1580.6
Consumo,LIMA EXPRESA,VE-12,2025-10-14,Peaje de Monterrico Salida - P2,F400-00069037,-26.4,1554.2
Consumo,LIMA EXPRESA,VE-30,2025-10-14,Peaje de Monterrico Salida - P2,F400-00069037,-26.4,1527.8
Consumo,LIMA EXPRESA,VE-07,2025-10-14,Peaje de Priale Entrada - P6,F400-00069037,-19.8,1508.0
Consumo,LIMA EXPRESA,VE-19,2025-10-14,Peaje Estadio – P10   ,F400-00069037,-26.4,1481.6
Consumo,LIMA EXPRESA,VE-19,2025-10-14,Peaje de Monterrico Entrada - P1,F400-00069037,-26.4,1455.2
Consumo,LIMA EXPRESA,VE-19,2025-10-15,Peaje de Monterrico Salida - P2,F400-00069037,-26.4,1428.8
Consumo,LIMA EXPRESA,VE-27,2025-10-15,Peaje de El Pino - P5,F400-00069037,-26.4,1402.4
Consumo,LIMA EXPRESA,VE-27,2025-10-15,Peaje de Separadora Salida - P3,F400-00069037,-26.4,1376.0
Consumo,LIMA EXPRESA,VE-30,2025-10-15,Peaje de Priale Entrada - P6,F400-00069037,-26.4,1349.6
Consumo,LIMA EXPRESA,VE-30,2025-10-15,Peaje de Priale Salida - P7,F400-00069037,-26.4,1323.2
Consumo,LIMA EXPRESA,CUC445,2025-10-15,Peaje Estadio – P10   ,F400-00069037,-6.6,1316.6
Consumo,LIMA EXPRESA,VE-20,2025-10-15,Peaje de Monterrico Entrada - P1,F400-00069037,-26.4,1290.2
Consumo,LIMA EXPRESA,CUC445,2025-10-15,Peaje de Monterrico Entrada - P1,F400-00069037,-6.6,1283.6
Consumo,LIMA EXPRESA,VE-12,2025-10-15,Peaje de Priale Entrada - P6,F400-00069037,-26.4,1257.2
Consumo,LIMA EXPRESA,VE-31,2025-10-15,Peaje de Priale Entrada - P6,F400-00069037,-26.4,1230.8
Consumo,LIMA EXPRESA,CUC445,2025-10-15,Peaje de Monterrico Salida - P2,F400-00069037,-6.6,1224.2
Consumo,LIMA EXPRESA,VE-12,2025-10-15,Peaje de Priale Salida - P7,F400-00069037,-26.4,1197.8
Consumo,LIMA EXPRESA,VE-31,2025-10-15,Peaje de Priale Salida - P7,F400-00069037,-26.4,1171.4
Consumo,LIMA EXPRESA,VE-20,2025-10-15,Peaje de Monterrico Salida - P2,F400-00069037,-26.4,1145.0
Consumo,LIMA EXPRESA,VE-35,2025-10-15,Peaje de Priale Salida - P7,F400-00069037,-26.4,1118.6
Consumo,LIMA EXPRESA,VE-30,2025-10-15,Peaje de Monterrico Entrada - P1,F400-00069037,-26.4,1092.2
Consumo,LIMA EXPRESA,APF856,2025-10-15,Peaje Estadio – P10   ,F400-00069037,-6.6,1085.6
Consumo,LIMA EXPRESA,VE-12,2025-10-15,Peaje de Monterrico Entrada - P1,F400-00069037,-26.4,1059.2
Consumo,LIMA EXPRESA,VE-31,2025-10-15,Peaje de Monterrico Entrada - P1,F400-00069037,-26.4,1032.8
Consumo,LIMA EXPRESA,VE-20,2025-10-15,Peaje de Priale Entrada - P6,F400-00069037,-26.4,1006.4
Consumo,LIMA EXPRESA,VE-30,2025-10-15,Peaje de Monterrico Salida - P2,F400-00069037,-26.4,980.0
Consumo,LIMA EXPRESA,VE-35,2025-10-15,Peaje de Priale Entrada - P6,F400-00069037,-26.4,953.6
Consumo,LIMA EXPRESA,VE-20,2025-10-15,Peaje de Priale Salida - P7,F400-00069037,-26.4,927.2
Consumo,LIMA EXPRESA,VE-12,2025-10-15,Peaje de Monterrico Salida - P2,F400-00069037,-26.4,900.8
Consumo,LIMA EXPRESA,APF856,2025-10-15,Peaje de Santa Anita - P4,F400-00069037,-6.6,894.2
Consumo,LIMA EXPRESA,VE-35,2025-10-15,Peaje de Priale Salida - P7,F400-00069037,-26.4,867.8
Consumo,LIMA EXPRESA,APF856,2025-10-15,Peaje Huánuco – P8   ,F400-00069037,-6.6,861.2
Consumo,LIMA EXPRESA,VE-31,2025-10-15,Peaje de Monterrico Salida - P2,F400-00069037,-26.4,834.8
Consumo,LIMA EXPRESA,VE-35,2025-10-15,Peaje de Monterrico Entrada - P1,F400-00069037,-26.4,808.4
Consumo,LIMA EXPRESA,VE-30,2025-10-15,Peaje de Monterrico Entrada - P1,F400-00069037,-26.4,782.0
Consumo,LIMA EXPRESA,VE-31,2025-10-15,Peaje de Monterrico Entrada - P1,F400-00069037,-26.4,755.6
Consumo,LIMA EXPRESA,VE-30,2025-10-15,Peaje de Monterrico Salida - P2,F400-00069037,-26.4,729.2
Recarga PEX,PEX,,2025-10-15,,TR006-000986726,2500.0,3229.2
Consumo,LIMA EXPRESA,VE-27,2025-10-16,Peaje de El Pino - P5,F400-00069786,-26.4,3202.8
Consumo,LIMA EXPRESA,VE-35,2025-10-16,Peaje de Priale Entrada - P6,F400-00069786,-26.4,3176.4
Consumo,LIMA EXPRESA,VE-30,2025-10-16,Peaje de Monterrico Entrada - P1,F400-00069786,-26.4,3150.0
Consumo,LIMA EXPRESA,VE-27,2025-10-16,Peaje de Separadora Salida - P3,F400-00069786,-26.4,3123.6
Consumo,LIMA EXPRESA,VE-05,2025-10-16,Peaje Huánuco – P8   ,F400-00069786,-39.6,3084.0
Consumo,LIMA EXPRESA,VE-20,2025-10-16,Peaje de Priale Entrada - P6,F400-00069786,-26.4,3057.6
Consumo,LIMA EXPRESA,VE-12,2025-10-16,Peaje de Priale Entrada - P6,F400-00069786,-26.4,3031.2
Consumo,LIMA EXPRESA,VE-06,2025-10-16,Peaje de Priale Entrada - P6,F400-00069786,-19.8,3011.4
Consumo,LIMA EXPRESA,VE-31,2025-10-16,Peaje de Priale Salida - P7,F400-00069786,-26.4,2985.0
Consumo,LIMA EXPRESA,VE-30,2025-10-16,Peaje de Monterrico Salida - P2,F400-00069786,-26.4,2958.6
Consumo,LIMA EXPRESA,VE-12,2025-10-16,Peaje de Priale Salida - P7,F400-00069786,-26.4,2932.2
Consumo,LIMA EXPRESA,VE-35,2025-10-16,Peaje de Priale Salida - P7,F400-00069786,-26.4,2905.8
Consumo,LIMA EXPRESA,VE-20,2025-10-16,Peaje de Priale Salida - P7,F400-00069786,-26.4,2879.4
Consumo,LIMA EXPRESA,VE-31,2025-10-16,Peaje de Monterrico Entrada - P1,F400-00069786,-26.4,2853.0
Consumo,LIMA EXPRESA,VE-12,2025-10-16,Peaje de Monterrico Entrada - P1,F400-00069786,-26.4,2826.6
Consumo,LIMA EXPRESA,VE-30,2025-10-16,Peaje de Monterrico Entrada - P1,F400-00069786,-26.4,2800.2
Consumo,LIMA EXPRESA,VE-35,2025-10-16,Peaje de Monterrico Entrada - P1,F400-00069786,-26.4,2773.8
Consumo,LIMA EXPRESA,VE-31,2025-10-16,Peaje de Monterrico Salida - P2,F400-00069786,-26.4,2747.4
Consumo,LIMA EXPRESA,VE-04,2025-10-16,Peaje Estadio – P10   ,F400-00069786,-39.6,2707.8
Consumo,LIMA EXPRESA,VE-12,2025-10-16,Peaje de Monterrico Salida - P2,F400-00069786,-26.4,2681.4
Consumo,LIMA EXPRESA,VE-30,2025-10-16,Peaje de Monterrico Salida - P2,F400-00069786,-26.4,2655.0
Consumo,LIMA EXPRESA,VE-06,2025-10-16,Peaje Huánuco – P8   ,F400-00069786,-39.6,2615.4
Consumo,LIMA EXPRESA,VE-35,2025-10-16,Peaje de Monterrico Salida - P2,F400-00069786,-26.4,2589.0
Consumo,LIMA EXPRESA,VE-20,2025-10-16,Peaje de Priale Entrada - P6,F400-00069786,-26.4,2562.6
Consumo,LIMA EXPRESA,VE-20,2025-10-16,Peaje de Priale Salida - P7,F400-00069786,-26.4,2536.2
Consumo,LIMA EXPRESA,VE-30,2025-10-16,Peaje de Priale Entrada - P6,F400-00069786,-26.4,2509.8
Consumo,LIMA EXPRESA,VE-12,2025-10-16,Peaje de Priale Entrada - P6,F400-00069786,-26.4,2483.4
Consumo,LIMA EXPRESA,VE-35,2025-10-16,Peaje de Monterrico Entrada - P1,F400-00069786,-26.4,2457.0
Consumo,LIMA EXPRESA,VE-30,2025-10-16,Peaje de Priale Salida - P7,F400-00069786,-26.4,2430.6
Consumo,LIMA EXPRESA,VE-35,2025-10-16,Peaje de Monterrico Salida - P2,F400-00069786,-26.4,2404.2
Consumo,LIMA EXPRESA,VE-31,2025-10-16,Peaje de Monterrico Entrada - P1,F400-00069786,-26.4,2377.8
Consumo,LIMA EXPRESA,VE-07,2025-10-16,Peaje Estadio – P10   ,F400-00069786,-39.6,2338.2
Consumo,LIMA EXPRESA,VE-04,2025-10-16,Peaje Huánuco – P8   ,F400-00069786,-19.8,2318.4
Consumo,LIMA EXPRESA,VE-07,2025-10-16,Peaje Huánuco – P8   ,F400-00069786,-19.8,2298.6
Consumo,LIMA EXPRESA,VE-06,2025-10-16,Peaje de Priale Salida - P7,F400-00069786,-39.6,2259.0
Consumo,LIMA EXPRESA,VE-27,2025-10-17,Peaje de El Pino - P5,F400-00069786,-26.4,2232.6
Consumo,LIMA EXPRESA,VE-27,2025-10-17,Peaje de Separadora Salida - P3,F400-00069786,-26.4,2206.2
Consumo,LIMA EXPRESA,VE-30,2025-10-17,Peaje de Priale Entrada - P6,F400-00069786,-26.4,2179.8
Consumo,LIMA EXPRESA,VE-30,2025-10-17,Peaje de Priale Salida - P7,F400-00069786,-26.4,2153.4
Consumo,LIMA EXPRESA,VE-05,2025-10-17,Peaje Huánuco – P8   ,F400-00069786,-39.6,2113.8
Consumo,LIMA EXPRESA,VE-12,2025-10-17,Peaje de Priale Entrada - P6,F400-00069786,-26.4,2087.4
Consumo,LIMA EXPRESA,VE-35,2025-10-17,Peaje de Monterrico Entrada - P1,F400-00069786,-26.4,2061.0
Consumo,LIMA EXPRESA,VE-12,2025-10-17,Peaje de Priale Salida - P7,F400-00069786,-26.4,2034.6
Consumo,LIMA EXPRESA,VE-20,2025-10-17,Peaje de Monterrico Entrada - P1,F400-00069786,-26.4,2008.2
Consumo,LIMA EXPRESA,VE-31,2025-10-17,Peaje de Monterrico Entrada - P1,F400-00069786,-26.4,1981.8
Consumo,LIMA EXPRESA,VE-35,2025-10-17,Peaje de Monterrico Salida - P2,F400-00069786,-26.4,1955.4
Consumo,LIMA EXPRESA,VE-20,2025-10-17,Peaje de Monterrico Salida - P2,F400-00069786,-39.6,1915.8
Consumo,LIMA EXPRESA,VE-31,2025-10-17,Peaje de Monterrico Salida - P2,F400-00069786,-26.4,1889.4
Consumo,LIMA EXPRESA,VE-30,2025-10-17,Peaje de Monterrico Entrada - P1,F400-00069786,-26.4,1863.0
Consumo,LIMA EXPRESA,VE-35,2025-10-17,Peaje de Monterrico Entrada - P1,F400-00069786,-26.4,1836.6
Consumo,LIMA EXPRESA,VE-12,2025-10-17,Peaje de Monterrico Entrada - P1,F400-00069786,-26.4,1810.2
Consumo,LIMA EXPRESA,VE-20,2025-10-17,Peaje de Monterrico Entrada - P1,F400-00069786,-26.4,1783.8
Consumo,LIMA EXPRESA,VE-30,2025-10-17,Peaje de Monterrico Salida - P2,F400-00069786,-26.4,1757.4
Consumo,LIMA EXPRESA,VE-31,2025-10-17,Peaje de Monterrico Entrada - P1,F400-00069786,-26.4,1731.0
Consumo,LIMA EXPRESA,VE-12,2025-10-17,Peaje de Monterrico Salida - P2,F400-00069786,-26.4,1704.6
Consumo,LIMA EXPRESA,VE-35,2025-10-17,Peaje de Monterrico Salida - P2,F400-00069786,-26.4,1678.2
Consumo,LIMA EXPRESA,ANQ212,2025-10-17,Peaje Estadio – P10   ,F400-00069786,-6.6,1671.6
Consumo,LIMA EXPRESA,ANQ212,2025-10-17,Peaje de Monterrico Entrada - P1,F400-00069786,-6.6,1665.0
Consumo,LIMA EXPRESA,VE-12,2025-10-17,Peaje de Monterrico Entrada - P1,F400-00069786,-26.4,1638.6
Consumo,LIMA EXPRESA,VE-31,2025-10-17,Peaje de Monterrico Salida - P2,F400-00069786,-26.4,1612.2
Consumo,LIMA EXPRESA,VE-23,2025-10-17,Peaje Estadio – P10   ,F400-00069786,-26.4,1585.8
Consumo,LIMA EXPRESA,VE-06,2025-10-17,Peaje de Priale Salida - P7,F400-00069786,-39.6,1546.2
Consumo,LIMA EXPRESA,VE-27,2025-10-17,Peaje de Priale Salida - P7,F400-00069786,-26.4,1519.8
Consumo,LIMA EXPRESA,VE-07,2025-10-17,Peaje Huánuco – P8   ,F400-00069786,-19.8,1500.0
Consumo,LIMA EXPRESA,VE-31,2025-10-17,Peaje de Priale Entrada - P6,F400-00069786,-26.4,1473.6
Consumo,LIMA EXPRESA,VE-31,2025-10-17,Peaje de El Pino - P5,F400-00069786,-26.4,1447.2
Consumo,LIMA EXPRESA,VE-27,2025-10-17,Peaje de Priale Entrada - P6,F400-00069786,-26.4,1420.8
Consumo,LIMA EXPRESA,VE-27,2025-10-17,Peaje Huánuco – P8   ,F400-00069786,-26.4,1394.4
Consumo,LIMA EXPRESA,VE-35,2025-10-18,Peaje de Monterrico Entrada - P1,F400-00069786,-26.4,1368.0
Consumo,LIMA EXPRESA,VE-06,2025-10-18,Peaje de Priale Entrada - P6,F400-00069786,-19.8,1348.2
Consumo,LIMA EXPRESA,VE-06,2025-10-18,Peaje de Priale Salida - P7,F400-00069786,-39.6,1308.6
Consumo,LIMA EXPRESA,VE-27,2025-10-18,Peaje de Priale Salida - P7,F400-00069786,-26.4,1282.2
Consumo,LIMA EXPRESA,VE-20,2025-10-18,Peaje de Priale Entrada - P6,F400-00069786,-26.4,1255.8
Consumo,LIMA EXPRESA,VE-12,2025-10-18,Peaje de Priale Entrada - P6,F400-00069786,-26.4,1229.4
Consumo,LIMA EXPRESA,VE-31,2025-10-18,Peaje de Monterrico Entrada - P1,F400-00069786,-26.4,1203.0
Consumo,LIMA EXPRESA,VE-20,2025-10-18,Peaje de Priale Salida - P7,F400-00069786,-26.4,1176.6
Consumo,LIMA EXPRESA,VE-12,2025-10-18,Peaje de Priale Salida - P7,F400-00069786,-26.4,1150.2
Consumo,LIMA EXPRESA,VE-31,2025-10-18,Peaje de Monterrico Salida - P2,F400-00069786,-26.4,1123.8
Consumo,LIMA EXPRESA,VE-12,2025-10-18,Peaje de Priale Entrada - P6,F400-00069786,-26.4,1097.4
Consumo,LIMA EXPRESA,VE-12,2025-10-18,Peaje de Priale Salida - P7,F400-00069786,-26.4,1071.0
Consumo,LIMA EXPRESA,VE-31,2025-10-18,Peaje de Monterrico Entrada - P1,F400-00069786,-26.4,1044.6
Recarga PEX,PEX,,2025-10-18,,TR006-000988483,2500.0,3544.6
Consumo,LIMA EXPRESA,VE-13,2025-10-18,Peaje Huánuco – P8   ,F400-00069786,-26.4,3518.2
Consumo,LIMA EXPRESA,D9Z911,2025-10-18,Peaje Estadio – P10   ,F400-00069786,-6.6,3511.6
Consumo,LIMA EXPRESA,D9Z911,2025-10-18,Peaje de Priale Salida - P7,F400-00069786,-6.6,3505.0
Consumo,LIMA EXPRESA,VE-12,2025-10-18,Peaje de Monterrico Entrada - P1,F400-00069786,-26.4,3478.6
Consumo,LIMA EXPRESA,D9Z911,2025-10-18,Peaje de Priale Entrada - P6,F400-00069786,-6.6,3472.0
Consumo,LIMA EXPRESA,VE-20,2025-10-18,Peaje de Monterrico Entrada - P1,F400-00069786,-26.4,3445.6
Consumo,LIMA EXPRESA,D9Z911,2025-10-18,Peaje Huánuco – P8   ,F400-00069786,-6.6,3439.0
Consumo,LIMA EXPRESA,VE-35,2025-10-18,Peaje de Santa Anita - P4,F400-00069786,-26.4,3412.6
Consumo,LIMA EXPRESA,VE-31,2025-10-18,Peaje de Monterrico Salida - P2,F400-00069786,-26.4,3386.2
Consumo,LIMA EXPRESA,VE-20,2025-10-18,Peaje de Monterrico Salida - P2,F400-00069786,-26.4,3359.8
Consumo,LIMA EXPRESA,VE-07,2025-10-18,Peaje Huánuco – P8   ,F400-00069786,-39.6,3320.2
Consumo,LIMA EXPRESA,VE-05,2025-10-20,Peaje de Priale Entrada - P6,F400-00069786,-39.6,3280.6
Consumo,LIMA EXPRESA,VE-06,2025-10-20,Peaje de Priale Entrada - P6,F400-00069786,-39.6,3241.0
Consumo,LIMA EXPRESA,VE-05,2025-10-20,Peaje Huánuco – P8   ,F400-00069786,-39.6,3201.4
Consumo,LIMA EXPRESA,VE-35,2025-10-20,Peaje de Monterrico Entrada - P1,F400-00069786,-26.4,3175.0
Consumo,LIMA EXPRESA,VE-30,2025-10-20,Peaje de Monterrico Entrada - P1,F400-00069786,-26.4,3148.6
Consumo,LIMA EXPRESA,VE-12,2025-10-20,Peaje de Monterrico Entrada - P1,F400-00069786,-26.4,3122.2
Consumo,LIMA EXPRESA,VE-31,2025-10-20,Peaje de Monterrico Entrada - P1,F400-00069786,-26.4,3095.8
Consumo,LIMA EXPRESA,VE-20,2025-10-20,Peaje de Monterrico Entrada - P1,F400-00069786,-26.4,3069.4
Consumo,LIMA EXPRESA,VE-35,2025-10-20,Peaje de Monterrico Salida - P2,F400-00069786,-26.4,3043.0
Consumo,LIMA EXPRESA,VE-31,2025-10-20,Peaje de Monterrico Salida - P2,F400-00069786,-26.4,3016.6
Consumo,LIMA EXPRESA,VE-20,2025-10-20,Peaje de Monterrico Salida - P2,F400-00069786,-26.4,2990.2
Consumo,LIMA EXPRESA,VE-30,2025-10-20,Peaje de Monterrico Salida - P2,F400-00069786,-26.4,2963.8
Consumo,LIMA EXPRESA,VE-04,2025-10-20,Peaje Huánuco – P8   ,F400-00069786,-39.6,2924.2
Consumo,LIMA EXPRESA,VE-12,2025-10-20,Peaje de Monterrico Salida - P2,F400-00069786,-26.4,2897.8
Consumo,LIMA EXPRESA,D9Z911,2025-10-20,Peaje Huánuco – P8   ,F400-00069786,-6.6,2891.2
Consumo,LIMA EXPRESA,VE-35,2025-10-20,Peaje de Monterrico Entrada - P1,F400-00069786,-26.4,2864.8
Consumo,LIMA EXPRESA,VE-30,2025-10-20,Peaje de Monterrico Entrada - P1,F400-00069786,-26.4,2838.4
Consumo,LIMA EXPRESA,VE-12,2025-10-20,Peaje de Monterrico Entrada - P1,F400-00069786,-26.4,2812.0
Consumo,LIMA EXPRESA,VE-35,2025-10-20,Peaje de Monterrico Salida - P2,F400-00069786,-26.4,2785.6
Consumo,LIMA EXPRESA,VE-30,2025-10-20,Peaje de Monterrico Salida - P2,F400-00069786,-26.4,2759.2
Consumo,LIMA EXPRESA,VE-01,2025-10-20,Peaje Estadio – P10   ,F400-00069786,-39.6,2719.6
Consumo,LIMA EXPRESA,VE-05,2025-10-20,Peaje de Priale Salida - P7,F400-00069786,-39.6,2680.0
Consumo,LIMA EXPRESA,VE-24,2025-10-20,Peaje Huánuco – P8   ,F400-00069786,-26.4,2653.6
Consumo,LIMA EXPRESA,VE-06,2025-10-20,Peaje de Priale Salida - P7,F400-00069786,-39.6,2614.0
Consumo,LIMA EXPRESA,VE-20,2025-10-20,Peaje Estadio – P10   ,F400-00069786,-26.4,2587.6
Consumo,LIMA EXPRESA,VE-20,2025-10-20,Peaje de Priale Salida - P7,F400-00069786,-26.4,2561.2
Consumo,LIMA EXPRESA,VE-30,2025-10-21,Peaje de Priale Entrada - P6,F400-00069786,-26.4,2534.8
Consumo,LIMA EXPRESA,VE-35,2025-10-21,Peaje de Monterrico Entrada - P1,F400-00069786,-26.4,2508.4
Consumo,LIMA EXPRESA,VE-30,2025-10-21,Peaje de Priale Salida - P7,F400-00069786,-26.4,2482.0
Consumo,LIMA EXPRESA,VE-12,2025-10-21,Peaje de Monterrico Entrada - P1,F400-00069786,-26.4,2455.6
Consumo,LIMA EXPRESA,VE-20,2025-10-21,Peaje de Monterrico Entrada - P1,F400-00069786,-26.4,2429.2
Consumo,LIMA EXPRESA,VE-31,2025-10-21,Peaje de Monterrico Entrada - P1,F400-00069786,-26.4,2402.8
Consumo,LIMA EXPRESA,CUC445,2025-10-21,Peaje Estadio – P10   ,F400-00069786,-6.6,2396.2
Consumo,LIMA EXPRESA,CUC445,2025-10-21,Peaje de Monterrico Entrada - P1,F400-00069786,-6.6,2389.6
Consumo,LIMA EXPRESA,VE-12,2025-10-21,Peaje de Monterrico Salida - P2,F400-00069786,-26.4,2363.2
Consumo,LIMA EXPRESA,VE-30,2025-10-21,Peaje de Monterrico Entrada - P1,F400-00069786,-26.4,2336.8
Consumo,LIMA EXPRESA,VE-05,2025-10-21,Peaje de Monterrico Entrada - P1,F400-00069786,-39.6,2297.2
Consumo,LIMA EXPRESA,VE-20,2025-10-21,Peaje de Monterrico Salida - P2,F400-00069786,-26.4,2270.8
Consumo,LIMA EXPRESA,VE-31,2025-10-21,Peaje de Monterrico Salida - P2,F400-00069786,-26.4,2244.4
Consumo,LIMA EXPRESA,VE-05,2025-10-21,Peaje de Monterrico Salida - P2,F400-00069786,-33.0,2211.4
Consumo,LIMA EXPRESA,VE-35,2025-10-21,Peaje de Monterrico Entrada - P1,F400-00069786,-26.4,2185.0
Consumo,LIMA EXPRESA,VE-12,2025-10-21,Peaje de Monterrico Entrada - P1,F400-00069786,-26.4,2158.6
Consumo,LIMA EXPRESA,VE-30,2025-10-21,Peaje de Monterrico Salida - P2,F400-00069786,-26.4,2132.2
Consumo,LIMA EXPRESA,VE-35,2025-10-21,Peaje de Monterrico Salida - P2,F400-00069786,-26.4,2105.8
Consumo,LIMA EXPRESA,VE-20,2025-10-21,Peaje de Monterrico Entrada - P1,F400-00069786,-26.4,2079.4
Consumo,LIMA EXPRESA,CUC445,2025-10-21,Peaje de Monterrico Salida - P2,F400-00069786,-6.6,2072.8
Consumo,LIMA EXPRESA,CUC445,2025-10-21,Peaje Huánuco – P8   ,F400-00069786,-6.6,2066.2
Consumo,LIMA EXPRESA,VE-31,2025-10-21,Peaje de Monterrico Entrada - P1,F400-00069786,-26.4,2039.8
Consumo,LIMA EXPRESA,VE-12,2025-10-21,Peaje de Monterrico Salida - P2,F400-00069786,-26.4,2013.4
Consumo,LIMA EXPRESA,VE-20,2025-10-21,Peaje de Monterrico Salida - P2,F400-00069786,-26.4,1987.0
Consumo,LIMA EXPRESA,VE-31,2025-10-21,Peaje de Monterrico Salida - P2,F400-00069786,-26.4,1960.6
Consumo,LIMA EXPRESA,VE-30,2025-10-21,Peaje de Monterrico Entrada - P1,F400-00069786,-26.4,1934.2
Consumo,LIMA EXPRESA,VE-35,2025-10-21,Peaje de Monterrico Entrada - P1,F400-00069786,-26.4,1907.8
Consumo,LIMA EXPRESA,VE-12,2025-10-21,Peaje de Monterrico Entrada - P1,F400-00069786,-26.4,1881.4
Consumo,LIMA EXPRESA,VE-35,2025-10-21,Peaje de Monterrico Salida - P2,F400-00069786,-26.4,1855.0
Consumo,LIMA EXPRESA,VE-31,2025-10-21,Peaje de Monterrico Entrada - P1,F400-00069786,-26.4,1828.6
Consumo,LIMA EXPRESA,VE-30,2025-10-22,Peaje de Priale Entrada - P6,F400-00069786,-26.4,1802.2
Consumo,LIMA EXPRESA,VE-35,2025-10-22,Peaje de Priale Entrada - P6,F400-00069786,-26.4,1775.8
Consumo,LIMA EXPRESA,VE-20,2025-10-22,Peaje de Priale Entrada - P6,F400-00069786,-26.4,1749.4
Consumo,LIMA EXPRESA,VE-12,2025-10-22,Peaje de Priale Entrada - P6,F400-00069786,-26.4,1723.0
Consumo,LIMA EXPRESA,VE-12,2025-10-22,Peaje de Priale Salida - P7,F400-00069786,-26.4,1696.6
Consumo,LIMA EXPRESA,VE-31,2025-10-22,Peaje de Priale Entrada - P6,F400-00069786,-26.4,1670.2
Consumo,LIMA EXPRESA,VE-30,2025-10-22,Peaje de Priale Salida - P7,F400-00069786,-26.4,1643.8
Consumo,LIMA EXPRESA,VE-35,2025-10-22,Peaje de Priale Salida - P7,F400-00069786,-26.4,1617.4
Consumo,LIMA EXPRESA,VE-20,2025-10-22,Peaje de Priale Salida - P7,F400-00069786,-26.4,1591.0
Consumo,LIMA EXPRESA,VE-12,2025-10-22,Peaje de Monterrico Entrada - P1,F400-00069786,-26.4,1564.6
Consumo,LIMA EXPRESA,VE-05,2025-10-22,Peaje de Monterrico Entrada - P1,F400-00069786,-39.6,1525.0
Consumo,LIMA EXPRESA,ANQ212,2025-10-22,Peaje de Monterrico Entrada - P1,F400-00069786,-6.6,1518.4
Consumo,LIMA EXPRESA,VE-31,2025-10-22,Peaje de Priale Salida - P7,F400-00069786,-26.4,1492.0
Consumo,LIMA EXPRESA,VE-05,2025-10-22,Peaje de Monterrico Salida - P2,F400-00070539,-39.6,1452.4
Consumo,LIMA EXPRESA,VE-30,2025-10-22,Peaje de Monterrico Entrada - P1,F400-00069786,-26.4,1426.0
Consumo,LIMA EXPRESA,VE-20,2025-10-22,Peaje de Monterrico Entrada - P1,F400-00069786,-26.4,1399.6
Consumo,LIMA EXPRESA,VE-35,2025-10-22,Peaje de Monterrico Entrada - P1,F400-00069786,-26.4,1373.2
Consumo,LIMA EXPRESA,VE-12,2025-10-22,Peaje de Monterrico Salida - P2,F400-00069786,-26.4,1346.8
Consumo,LIMA EXPRESA,VE-20,2025-10-22,Peaje de Monterrico Salida - P2,F400-00069786,-26.4,1320.4
Consumo,LIMA EXPRESA,VE-30,2025-10-22,Peaje de Monterrico Salida - P2,F400-00069786,-26.4,1294.0
Consumo,LIMA EXPRESA,VE-31,2025-10-22,Peaje de Monterrico Entrada - P1,F400-00069786,-26.4,1267.6
Consumo,LIMA EXPRESA,VE-05,2025-10-22,Peaje de Priale Entrada - P6,F400-00069786,-39.6,1228.0
Consumo,LIMA EXPRESA,VE-05,2025-10-22,Peaje Huánuco – P8   ,F400-00069786,-19.8,1208.2
Consumo,LIMA EXPRESA,VE-31,2025-10-22,Peaje de Monterrico Salida - P2,F400-00069786,-26.4,1181.8
Consumo,LIMA EXPRESA,VE-35,2025-10-22,Peaje de Monterrico Salida - P2,F400-00069786,-26.4,1155.4
Consumo,LIMA EXPRESA,VE-05,2025-10-22,Peaje Estadio – P10   ,F400-00070539,-39.6,1115.8
Consumo,LIMA EXPRESA,VE-05,2025-10-22,Peaje de Priale Salida - P7,F400-00069786,-39.6,1076.2
Consumo,LIMA EXPRESA,VE-12,2025-10-22,Peaje de Monterrico Entrada - P1,F400-00069786,-26.4,1049.8
Consumo,LIMA EXPRESA,VE-30,2025-10-22,Peaje de Monterrico Entrada - P1,F400-00069786,-26.4,1023.4
Consumo,LIMA EXPRESA,VE-31,2025-10-22,Peaje de Monterrico Entrada - P1,F400-00069786,-26.4,997.0
Consumo,LIMA EXPRESA,VE-30,2025-10-22,Peaje de Monterrico Salida - P2,F400-00069786,-26.4,970.6
Consumo,LIMA EXPRESA,VE-30,2025-10-23,Peaje de Priale Entrada - P6,F400-00070539,-26.4,944.2
Consumo,LIMA EXPRESA,VE-35,2025-10-23,Peaje de Priale Entrada - P6,F400-00070539,-26.4,917.8
Consumo,LIMA EXPRESA,VE-30,2025-10-23,Peaje de Priale Salida - P7,F400-00070539,-26.4,891.4
Consumo,LIMA EXPRESA,VE-20,2025-10-23,Peaje de Priale Entrada - P6,F400-00070539,-26.4,865.0
Consumo,LIMA EXPRESA,VE-12,2025-10-23,Peaje de Monterrico Entrada - P1,F400-00070539,-26.4,838.6
Consumo,LIMA EXPRESA,VE-31,2025-10-23,Peaje de Monterrico Entrada - P1,F400-00070539,-26.4,812.2
Consumo,LIMA EXPRESA,VE-06,2025-10-23,Peaje de Priale Entrada - P6,F400-00070539,-39.6,772.6
Consumo,LIMA EXPRESA,VE-05,2025-10-23,Peaje de Monterrico Entrada - P1,F400-00070539,-39.6,733.0
Consumo,LIMA EXPRESA,VE-20,2025-10-23,Peaje de Priale Salida - P7,F400-00070539,-26.4,706.6
Consumo,LIMA EXPRESA,VE-35,2025-10-23,Peaje de Priale Salida - P7,F400-00070539,-26.4,680.2
Consumo,LIMA EXPRESA,VE-30,2025-10-23,Peaje de Monterrico Entrada - P1,F400-00070539,-26.4,653.8
Consumo,LIMA EXPRESA,VE-31,2025-10-23,Peaje de Monterrico Salida - P2,F400-00070539,-26.4,627.4
Consumo,LIMA EXPRESA,VE-12,2025-10-23,Peaje de Monterrico Salida - P2,F400-00070539,-26.4,601.0
Consumo,LIMA EXPRESA,ANQ212,2025-10-23,Peaje de Monterrico Salida - P2,F400-00070539,-6.6,594.4
Recarga PEX,PEX,,2025-10-23,,TR006-000991267,2500.0,3094.4
Consumo,LIMA EXPRESA,ANQ212,2025-10-23,Peaje Huánuco – P8   ,F400-00070539,-6.6,3087.8
Consumo,LIMA EXPRESA,VE-05,2025-10-23,Peaje de Monterrico Salida - P2,F400-00070539,-39.6,3048.2
Consumo,LIMA EXPRESA,VE-06,2025-10-23,Peaje de Monterrico Entrada - P1,F400-00070539,-39.6,3008.6
Consumo,LIMA EXPRESA,VE-35,2025-10-23,Peaje de Priale Entrada - P6,F400-00070539,-26.4,2982.2
Consumo,LIMA EXPRESA,VE-30,2025-10-23,Peaje de Monterrico Salida - P2,F400-00070539,-26.4,2955.8
Consumo,LIMA EXPRESA,VE-20,2025-10-23,Peaje de Monterrico Entrada - P1,F400-00070539,-26.4,2929.4
Consumo,LIMA EXPRESA,VE-35,2025-10-23,Peaje de Priale Salida - P7,F400-00070539,-26.4,2903.0
Consumo,LIMA EXPRESA,VE-06,2025-10-23,Peaje de Monterrico Salida - P2,F400-00070539,-39.6,2863.4
Consumo,LIMA EXPRESA,VE-05,2025-10-23,Peaje de Monterrico Entrada - P1,F400-00070539,-19.8,2843.6
Consumo,LIMA EXPRESA,VE-12,2025-10-23,Peaje de Monterrico Entrada - P1,F400-00070539,-26.4,2817.2
Consumo,LIMA EXPRESA,VE-35,2025-10-23,Peaje de Priale Entrada - P6,F400-00070539,-26.4,2790.8
Consumo,LIMA EXPRESA,VE-30,2025-10-23,Peaje de Monterrico Entrada - P1,F400-00070539,-26.4,2764.4
Consumo,LIMA EXPRESA,VE-31,2025-10-23,Peaje de Monterrico Entrada - P1,F400-00070539,-26.4,2738.0
Consumo,LIMA EXPRESA,VE-05,2025-10-23,Peaje de Monterrico Salida - P2,F400-00070539,-39.6,2698.4
Consumo,LIMA EXPRESA,VE-20,2025-10-23,Peaje de Monterrico Salida - P2,F400-00070539,-26.4,2672.0
Consumo,LIMA EXPRESA,VE-30,2025-10-23,Peaje de Monterrico Salida - P2,F400-00070539,-26.4,2645.6
Consumo,LIMA EXPRESA,VE-31,2025-10-23,Peaje de Monterrico Salida - P2,F400-00070539,-26.4,2619.2
Consumo,LIMA EXPRESA,VE-35,2025-10-23,Peaje de Priale Salida - P7,F400-00070539,-26.4,2592.8
Consumo,LIMA EXPRESA,VE-30,2025-10-23,Peaje de Monterrico Entrada - P1,F400-00070539,-26.4,2566.4
Consumo,LIMA EXPRESA,VE-07,2025-10-23,Peaje Huánuco – P8   ,F400-00070539,-39.6,2526.8
Consumo,LIMA EXPRESA,VE-31,2025-10-23,Peaje de Monterrico Entrada - P1,F400-00070539,-26.4,2500.4
Consumo,LIMA EXPRESA,VE-30,2025-10-23,Peaje de Monterrico Salida - P2,F400-00070539,-26.4,2474.0
Consumo,LIMA EXPRESA,VE-30,2025-10-24,Peaje de Priale Entrada - P6,F400-00070539,-26.4,2447.6
Consumo,LIMA EXPRESA,VE-35,2025-10-24,Peaje de Priale Entrada - P6,F400-00070539,-26.4,2421.2
Consumo,LIMA EXPRESA,VE-30,2025-10-24,Peaje de Priale Salida - P7,F400-00070539,-26.4,2394.8
Consumo,LIMA EXPRESA,VE-35,2025-10-24,Peaje de Priale Salida - P7,F400-00070539,-26.4,2368.4
Consumo,LIMA EXPRESA,VE-31,2025-10-24,Peaje de Priale Entrada - P6,F400-00070539,-26.4,2342.0
Consumo,LIMA EXPRESA,VE-12,2025-10-24,Peaje de Monterrico Entrada - P1,F400-00070539,-26.4,2315.6
Consumo,LIMA EXPRESA,VE-31,2025-10-24,Peaje de Priale Salida - P7,F400-00070539,-26.4,2289.2
Consumo,LIMA EXPRESA,VE-30,2025-10-24,Peaje de Monterrico Entrada - P1,F400-00070539,-26.4,2262.8
Consumo,LIMA EXPRESA,VE-35,2025-10-24,Peaje de Monterrico Entrada - P1,F400-00070539,-26.4,2236.4
Consumo,LIMA EXPRESA,VE-31,2025-10-24,Peaje de Monterrico Entrada - P1,F400-00070539,-26.4,2210.0
Consumo,LIMA EXPRESA,VE-27,2025-10-24,Peaje de Priale Entrada - P6,F400-00070539,-26.4,2183.6
Consumo,LIMA EXPRESA,VE-27,2025-10-24,Peaje Huánuco – P8   ,F400-00070539,-26.4,2157.2
Consumo,LIMA EXPRESA,VE-16,2025-10-24,Peaje de Monterrico Entrada - P1,F400-00070539,-26.4,2130.8
Consumo,LIMA EXPRESA,VE-06,2025-10-24,Peaje de Monterrico Entrada - P1,F400-00070539,-39.6,2091.2
Consumo,LIMA EXPRESA,VE-05,2025-10-24,Peaje de Monterrico Entrada - P1,F400-00070539,-39.6,2051.6
Consumo,LIMA EXPRESA,VE-12,2025-10-24,Peaje de Monterrico Entrada - P1,F400-00070539,-26.4,2025.2
Consumo,LIMA EXPRESA,VE-30,2025-10-24,Peaje de Monterrico Entrada - P1,F400-00070539,-26.4,1998.8
Consumo,LIMA EXPRESA,VE-35,2025-10-24,Peaje de Monterrico Salida - P2,F400-00070539,-26.4,1972.4
Consumo,LIMA EXPRESA,VE-31,2025-10-24,Peaje de Monterrico Salida - P2,F400-00070539,-26.4,1946.0
Consumo,LIMA EXPRESA,VE-16,2025-10-24,Peaje de Monterrico Salida - P2,F400-00070539,-26.4,1919.6
Consumo,LIMA EXPRESA,VE-04,2025-10-24,Peaje Huánuco – P8   ,F400-00070539,-39.6,1880.0
Consumo,LIMA EXPRESA,VE-06,2025-10-24,Peaje de Monterrico Salida - P2,F400-00070539,-33.0,1847.0
Consumo,LIMA EXPRESA,VE-05,2025-10-24,Peaje de Monterrico Salida - P2,F400-00070539,-39.6,1807.4
Consumo,LIMA EXPRESA,VE-12,2025-10-24,Peaje de Monterrico Salida - P2,F400-00070539,-26.4,1781.0
Consumo,LIMA EXPRESA,VE-30,2025-10-24,Peaje de Monterrico Salida - P2,F400-00070539,-26.4,1754.6
Consumo,LIMA EXPRESA,VE-31,2025-10-24,Peaje de Monterrico Entrada - P1,F400-00070539,-26.4,1728.2
Consumo,LIMA EXPRESA,VE-12,2025-10-24,Peaje de Monterrico Entrada - P1,F400-00070539,-26.4,1701.8
Consumo,LIMA EXPRESA,VE-30,2025-10-24,Peaje de Monterrico Entrada - P1,F400-00070539,-26.4,1675.4
Consumo,LIMA EXPRESA,VE-19,2025-10-24,Peaje Estadio – P10   ,F400-00070539,-26.4,1649.0
Consumo,LIMA EXPRESA,VE-19,2025-10-24,Peaje de Monterrico Entrada - P1,F400-00070539,-26.4,1622.6
Consumo,LIMA EXPRESA,VE-30,2025-10-24,Peaje de Monterrico Salida - P2,F400-00070539,-26.4,1596.2
Consumo,LIMA EXPRESA,VE-19,2025-10-24,Peaje de Monterrico Salida - P2,F400-00070539,-26.4,1569.8
Consumo,LIMA EXPRESA,VE-19,2025-10-24,Peaje de Monterrico Entrada - P1,F400-00070539,-26.4,1543.4
Consumo,LIMA EXPRESA,VE-06,2025-10-25,Peaje de Priale Entrada - P6,F400-00070539,-39.6,1503.8
Consumo,LIMA EXPRESA,VE-35,2025-10-25,Peaje de Priale Entrada - P6,F400-00070539,-26.4,1477.4
Consumo,LIMA EXPRESA,VE-06,2025-10-25,Peaje de Priale Salida - P7,F400-00070539,-39.6,1437.8
Consumo,LIMA EXPRESA,VE-35,2025-10-25,Peaje de Priale Salida - P7,F400-00070539,-26.4,1411.4
Consumo,LIMA EXPRESA,VE-30,2025-10-25,Peaje de Priale Entrada - P6,F400-00070539,-26.4,1385.0
Consumo,LIMA EXPRESA,VE-30,2025-10-25,Peaje de Priale Salida - P7,F400-00070539,-26.4,1358.6
Consumo,LIMA EXPRESA,VE-20,2025-10-25,Peaje de Priale Entrada - P6,F400-00070539,-26.4,1332.2
Consumo,LIMA EXPRESA,VE-12,2025-10-25,Peaje de Priale Entrada - P6,F400-00070539,-26.4,1305.8
Consumo,LIMA EXPRESA,VE-28,2025-10-25,Peaje de Priale Salida - P7,F400-00070539,-26.4,1279.4
Consumo,LIMA EXPRESA,VE-20,2025-10-25,Peaje de Priale Salida - P7,F400-00070539,-26.4,1253.0
Consumo,LIMA EXPRESA,VE-12,2025-10-25,Peaje de Priale Salida - P7,F400-00070539,-26.4,1226.6
Consumo,LIMA EXPRESA,VE-31,2025-10-25,Peaje de Monterrico Entrada - P1,F400-00070539,-26.4,1200.2
Consumo,LIMA EXPRESA,VE-35,2025-10-25,Peaje de Monterrico Entrada - P1,F400-00070539,-26.4,1173.8
Consumo,LIMA EXPRESA,VE-31,2025-10-25,Peaje de Monterrico Salida - P2,F400-00070539,-26.4,1147.4
Consumo,LIMA EXPRESA,VE-30,2025-10-25,Peaje de Monterrico Entrada - P1,F400-00070539,-26.4,1121.0
Consumo,LIMA EXPRESA,VE-12,2025-10-25,Peaje de Monterrico Entrada - P1,F400-00070539,-26.4,1094.6
Consumo,LIMA EXPRESA,VE-20,2025-10-25,Peaje de Monterrico Entrada - P1,F400-00070539,-26.4,1068.2
Consumo,LIMA EXPRESA,VE-30,2025-10-25,Peaje de Monterrico Salida - P2,F400-00070539,-26.4,1041.8
Consumo,LIMA EXPRESA,VE-31,2025-10-25,Peaje de Priale Entrada - P6,F400-00070539,-26.4,1015.4
Consumo,LIMA EXPRESA,VE-20,2025-10-25,Peaje de Monterrico Salida - P2,F400-00070539,-26.4,989.0
Consumo,LIMA EXPRESA,VE-28,2025-10-25,Peaje de Priale Entrada - P6,F400-00070539,-26.4,962.6
Consumo,LIMA EXPRESA,VE-28,2025-10-25,Peaje Huánuco – P8   ,F400-00070539,-26.4,936.2
Consumo,LIMA EXPRESA,VE-20,2025-10-25,Peaje Estadio – P10   ,F400-00070539,-26.4,909.8
Consumo,LIMA EXPRESA,VE-20,2025-10-25,Peaje de Priale Salida - P7,F400-00070539,-26.4,883.4
Consumo,LIMA EXPRESA,VE-05,2025-10-27,Peaje de Priale Entrada - P6,F400-00070539,-39.6,843.8
Consumo,LIMA EXPRESA,VE-30,2025-10-27,Peaje de Monterrico Entrada - P1,F400-00070539,-26.4,817.4
Consumo,LIMA EXPRESA,VE-12,2025-10-27,Peaje de Monterrico Entrada - P1,F400-00070539,-26.4,791.0
Recarga PEX,PEX,,2025-10-27,,TR006-000993851,1500.0,2291.0
Consumo,LIMA EXPRESA,VE-20,2025-10-27,Peaje de Monterrico Entrada - P1,F400-00070539,-26.4,2264.6
Consumo,LIMA EXPRESA,VE-35,2025-10-27,Peaje de Monterrico Entrada - P1,F400-00070539,-26.4,2238.2
Consumo,LIMA EXPRESA,VE-31,2025-10-27,Peaje de Monterrico Entrada - P1,F400-00070539,-26.4,2211.8
Consumo,LIMA EXPRESA,APF856,2025-10-27,Peaje de El Pino - P5,F400-00070539,-6.6,2205.2
Consumo,LIMA EXPRESA,VE-12,2025-10-27,Peaje de Monterrico Salida - P2,F400-00070539,-26.4,2178.8
Consumo,LIMA EXPRESA,VE-20,2025-10-27,Peaje de Monterrico Salida - P2,F400-00070539,-26.4,2152.4
Consumo,LIMA EXPRESA,VE-30,2025-10-27,Peaje de Monterrico Salida - P2,F400-00070539,-26.4,2126.0
Consumo,LIMA EXPRESA,VE-35,2025-10-27,Peaje de Monterrico Salida - P2,F400-00070539,-26.4,2099.6
Consumo,LIMA EXPRESA,VE-31,2025-10-27,Peaje de Monterrico Salida - P2,F400-00070539,-26.4,2073.2
Consumo,LIMA EXPRESA,VE-05,2025-10-27,Peaje de Monterrico Entrada - P1,F400-00070539,-19.8,2053.4
Consumo,LIMA EXPRESA,APF856,2025-10-27,Peaje de Santa Anita - P4,F400-00070539,-6.6,2046.8
Consumo,LIMA EXPRESA,APF856,2025-10-27,Peaje Huánuco – P8   ,F400-00070539,-6.6,2040.2
Consumo,LIMA EXPRESA,VE-05,2025-10-27,Peaje de Monterrico Salida - P2,F400-00070539,-39.6,2000.6
Consumo,LIMA EXPRESA,VE-12,2025-10-27,Peaje de Monterrico Entrada - P1,F400-00070539,-26.4,1974.2
Consumo,LIMA EXPRESA,VE-20,2025-10-27,Peaje de Monterrico Entrada - P1,F400-00070539,-26.4,1947.8
Consumo,LIMA EXPRESA,VE-35,2025-10-27,Peaje de Monterrico Entrada - P1,F400-00070539,-26.4,1921.4
Consumo,LIMA EXPRESA,VE-30,2025-10-27,Peaje de Monterrico Entrada - P1,F400-00070539,-26.4,1895.0
Consumo,LIMA EXPRESA,VE-20,2025-10-27,Peaje de Monterrico Salida - P2,F400-00070539,-26.4,1868.6
Consumo,LIMA EXPRESA,VE-31,2025-10-27,Peaje de Monterrico Entrada - P1,F400-00070539,-26.4,1842.2
Consumo,LIMA EXPRESA,VE-35,2025-10-27,Peaje de Monterrico Salida - P2,F400-00070539,-26.4,1815.8
Consumo,LIMA EXPRESA,VE-30,2025-10-27,Peaje de Monterrico Salida - P2,F400-00070539,-26.4,1789.4
Consumo,LIMA EXPRESA,VE-19,2025-10-27,Peaje Estadio – P10   ,F400-00070539,-26.4,1763.0
Consumo,LIMA EXPRESA,VE-19,2025-10-27,Peaje de Monterrico Entrada - P1,F400-00070539,-26.4,1736.6
Consumo,LIMA EXPRESA,VE-19,2025-10-28,Peaje de Monterrico Salida - P2,F400-00070539,-26.4,1710.2
Consumo,LIMA EXPRESA,VE-35,2025-10-28,Peaje de Priale Entrada - P6,F400-00070539,-26.4,1683.8
Consumo,LIMA EXPRESA,VE-06,2025-10-28,Peaje de Priale Salida - P7,F400-00070539,-19.8,1664.0
Consumo,LIMA EXPRESA,VE-30,2025-10-28,Peaje de Priale Salida - P7,F400-00070539,-26.4,1637.6
Consumo,LIMA EXPRESA,APF856,2025-10-28,Peaje Estadio – P10   ,F400-00070539,-6.6,1631.0
Consumo,LIMA EXPRESA,APF856,2025-10-28,Peaje de Monterrico Entrada - P1,F400-00070539,-6.6,1624.4
Consumo,LIMA EXPRESA,VE-20,2025-10-28,Peaje de Priale Entrada - P6,F400-00070539,-26.4,1598.0
Consumo,LIMA EXPRESA,APF856,2025-10-28,Peaje de Monterrico Salida - P2,F400-00070539,-6.6,1591.4
Consumo,LIMA EXPRESA,APF856,2025-10-28,Peaje Huánuco – P8   ,F400-00070539,-6.6,1584.8
Consumo,LIMA EXPRESA,VE-12,2025-10-28,Peaje de Monterrico Entrada - P1,F400-00070539,-26.4,1558.4
Consumo,LIMA EXPRESA,VE-35,2025-10-28,Peaje de Priale Salida - P7,F400-00070539,-26.4,1532.0
Consumo,LIMA EXPRESA,VE-20,2025-10-28,Peaje de Priale Salida - P7,F400-00070539,-26.4,1505.6
Consumo,LIMA EXPRESA,VE-12,2025-10-28,Peaje de Monterrico Salida - P2,F400-00070539,-26.4,1479.2
Consumo,LIMA EXPRESA,VE-06,2025-10-28,Peaje de Priale Salida - P7,F400-00070539,-39.6,1439.6
Consumo,LIMA EXPRESA,VE-35,2025-10-28,Peaje de Monterrico Entrada - P1,F400-00070539,-26.4,1413.2
Consumo,LIMA EXPRESA,VE-20,2025-10-28,Peaje de Monterrico Entrada - P1,F400-00070539,-26.4,1386.8
Consumo,LIMA EXPRESA,VE-20,2025-10-28,Peaje de Monterrico Salida - P2,F400-00070539,-26.4,1360.4
Consumo,LIMA EXPRESA,VE-12,2025-10-28,Peaje de Monterrico Entrada - P1,F400-00070539,-26.4,1334.0
Consumo,LIMA EXPRESA,VE-35,2025-10-28,Peaje de Monterrico Entrada - P1,F400-00070539,-26.4,1307.6
Consumo,LIMA EXPRESA,VE-35,2025-10-28,Peaje de Monterrico Salida - P2,F400-00070539,-26.4,1281.2
Consumo,LIMA EXPRESA,VE-30,2025-10-29,Peaje de Priale Entrada - P6,F400-00070539,-26.4,1254.8
Consumo,LIMA EXPRESA,VE-35,2025-10-29,Peaje de Priale Entrada - P6,F400-00070539,-26.4,1228.4
Consumo,LIMA EXPRESA,VE-30,2025-10-29,Peaje de Priale Salida - P7,F400-00070539,-26.4,1202.0
Consumo,LIMA EXPRESA,VE-20,2025-10-29,Peaje de Priale Entrada - P6,F400-00070539,-26.4,1175.6
Consumo,LIMA EXPRESA,VE-12,2025-10-29,Peaje de Monterrico Entrada - P1,F400-00070539,-26.4,1149.2
Consumo,LIMA EXPRESA,VE-30,2025-10-29,Peaje de Monterrico Entrada - P1,F400-00070539,-26.4,1122.8
Consumo,LIMA EXPRESA,VE-12,2025-10-29,Peaje de Monterrico Salida - P2,F400-00070539,-26.4,1096.4
Consumo,LIMA EXPRESA,VE-35,2025-10-29,Peaje de Priale Salida - P7,F400-00070539,-26.4,1070.0
Consumo,LIMA EXPRESA,VE-30,2025-10-29,Peaje de Monterrico Salida - P2,F400-00070539,-26.4,1043.6
Consumo,LIMA EXPRESA,VE-20,2025-10-29,Peaje de Priale Salida - P7,F400-00070539,-26.4,1017.2
Consumo,LIMA EXPRESA,VE-31,2025-10-29,Peaje de Santa Anita - P4,F400-00070539,-26.4,990.8
Consumo,LIMA EXPRESA,VE-35,2025-10-29,Peaje de Monterrico Entrada - P1,F400-00070539,-26.4,964.4
Consumo,LIMA EXPRESA,VE-30,2025-10-29,Peaje de Monterrico Entrada - P1,F400-00070539,-26.4,938.0
Consumo,LIMA EXPRESA,VE-20,2025-10-29,Peaje de Monterrico Entrada - P1,F400-00070539,-26.4,911.6
Consumo,LIMA EXPRESA,VE-12,2025-10-29,Peaje de Monterrico Entrada - P1,F400-00070539,-26.4,885.2
Consumo,LIMA EXPRESA,VE-35,2025-10-29,Peaje de Monterrico Salida - P2,F400-00070539,-26.4,858.8
Consumo,LIMA EXPRESA,VE-30,2025-10-29,Peaje de Monterrico Salida - P2,F400-00070539,-26.4,832.4
Consumo,LIMA EXPRESA,VE-20,2025-10-29,Peaje de Monterrico Salida - P2,F400-00070539,-26.4,806.0
Consumo,LIMA EXPRESA,VE-12,2025-10-29,Peaje de Monterrico Salida - P2,F400-00070539,-26.4,779.6
Consumo,LIMA EXPRESA,VE-35,2025-10-29,Peaje de Monterrico Entrada - P1,F400-00070539,-26.4,753.2
Consumo,LIMA EXPRESA,VE-20,2025-10-29,Peaje de Priale Salida - P7,F400-00070539,-26.4,726.8
Consumo,LIMA EXPRESA,VE-35,2025-10-29,Peaje de Monterrico Salida - P2,F400-00070539,-26.4,700.4
Consumo,LIMA EXPRESA,VE-30,2025-10-29,Peaje de Monterrico Entrada - P1,F400-00070539,-26.4,674.0
Consumo,LIMA EXPRESA,VE-31,2025-10-29,Peaje de El Pino - P5,F400-00070539,-26.4,647.6
Consumo,LIMA EXPRESA,VE-35,2025-10-30,Peaje de Priale Entrada - P6,F400-00070539,-26.4,621.2
Consumo,LIMA EXPRESA,VE-30,2025-10-30,Peaje de Priale Entrada - P6,F400-00070539,-26.4,594.8
Consumo,LIMA EXPRESA,VE-30,2025-10-30,Peaje de Priale Salida - P7,F400-00070539,-26.4,568.4
Consumo,LIMA EXPRESA,VE-12,2025-10-30,Peaje de Priale Entrada - P6,F400-00070539,-26.4,542.0
Consumo,LIMA EXPRESA,VE-20,2025-10-30,Peaje de Monterrico Entrada - P1,F400-00070539,-26.4,515.6
Consumo,LIMA EXPRESA,VE-06,2025-10-30,Peaje de Priale Entrada - P6,F400-00070539,-39.6,476.0
Consumo,LIMA EXPRESA,VE-12,2025-10-30,Peaje de Priale Salida - P7,F400-00070539,-26.4,449.6
Consumo,LIMA EXPRESA,VE-31,2025-10-30,Peaje de Monterrico Entrada - P1,F400-00070539,-26.4,423.2
Consumo,LIMA EXPRESA,VE-05,2025-10-30,Peaje de Priale Entrada - P6,F400-00070539,-39.6,383.6
Consumo,LIMA EXPRESA,VE-20,2025-10-30,Peaje de Monterrico Salida - P2,F400-00070539,-26.4,357.2
Consumo,LIMA EXPRESA,VE-35,2025-10-30,Peaje de Priale Salida - P7,F400-00070539,-26.4,330.8
Consumo,LIMA EXPRESA,VE-31,2025-10-30,Peaje de Monterrico Salida - P2,F400-00070539,-26.4,304.4
Consumo,LIMA EXPRESA,VE-12,2025-10-30,Peaje de Monterrico Entrada - P1,F400-00070539,-26.4,278.0
Consumo,LIMA EXPRESA,VE-20,2025-10-30,Peaje de Monterrico Entrada - P1,F400-00070539,-26.4,251.6
Consumo,LIMA EXPRESA,VE-35,2025-10-30,Peaje de Monterrico Entrada - P1,F400-00070539,-26.4,225.2
Consumo,LIMA EXPRESA,VE-12,2025-10-30,Peaje de Monterrico Salida - P2,F400-00070539,-26.4,198.8
Consumo,LIMA EXPRESA,VE-05,2025-10-30,Peaje de Monterrico Entrada - P1,F400-00070539,-39.6,159.2
Consumo,LIMA EXPRESA,VE-31,2025-10-30,Peaje de Monterrico Entrada - P1,F400-00070539,-26.4,132.8
Consumo,LIMA EXPRESA,VE-35,2025-10-30,Peaje de Monterrico Salida - P2,F400-00070539,-26.4,106.4
Consumo,LIMA EXPRESA,VE-31,2025-10-30,Peaje de Monterrico Salida - P2,F400-00070539,-26.4,80.0
Consumo,LIMA EXPRESA,VE-20,2025-10-30,Peaje de Monterrico Salida - P2,F400-00070539,-26.4,53.6
Recarga PEX,PEX,,2025-10-30,,TR006-000996325,1000.0,1053.6
Consumo,LIMA EXPRESA,VE-12,2025-10-30,Peaje de Priale Entrada - P6,F400-00070539,-26.4,1027.2
Consumo,LIMA EXPRESA,VE-35,2025-10-31,Peaje de Priale Entrada - P6,F400-00070539,-26.4,1000.8
Consumo,LIMA EXPRESA,VE-20,2025-10-31,Peaje de Priale Entrada - P6,F400-00070539,-26.4,974.4
Consumo,LIMA EXPRESA,VE-06,2025-10-31,Peaje de Priale Salida - P7,F400-00070539,-39.6,934.8
Consumo,LIMA EXPRESA,VE-12,2025-10-31,Peaje de Priale Entrada - P6,F400-00070539,-26.4,908.4
Consumo,LIMA EXPRESA,VE-31,2025-10-31,Peaje de Monterrico Entrada - P1,F400-00070539,-26.4,882.0
Consumo,LIMA EXPRESA,VE-12,2025-10-31,Peaje de Priale Salida - P7,F400-00070539,-26.4,855.6
Consumo,LIMA EXPRESA,VE-35,2025-10-31,Peaje de Priale Salida - P7,F400-00070539,-26.4,829.2
Consumo,LIMA EXPRESA,VE-31,2025-10-31,Peaje de Monterrico Salida - P2,F400-00070539,-26.4,802.8
Consumo,LIMA EXPRESA,VE-20,2025-10-31,Peaje de Priale Salida - P7,F400-00070539,-26.4,776.4
Consumo,LIMA EXPRESA,VE-12,2025-10-31,Peaje de Monterrico Entrada - P1,F400-00070539,-26.4,750.0
Consumo,LIMA EXPRESA,VE-20,2025-10-31,Peaje de Monterrico Entrada - P1,F400-00070539,-26.4,723.6
Consumo,LIMA EXPRESA,VE-35,2025-10-31,Peaje de Monterrico Entrada - P1,F400-00070539,-26.4,697.2
Consumo,LIMA EXPRESA,VE-12,2025-10-31,Peaje de Monterrico Salida - P2,F400-00070539,-26.4,670.8
Consumo,LIMA EXPRESA,VE-20,2025-10-31,Peaje de Monterrico Salida - P2,F400-00070539,-26.4,644.4
Consumo,LIMA EXPRESA,VE-35,2025-10-31,Peaje de Monterrico Salida - P2,F400-00070539,-26.4,618.0
Consumo,LIMA EXPRESA,VE-12,2025-10-31,Peaje de Monterrico Entrada - P1,F400-00070539,-26.4,591.6
Consumo,LIMA EXPRESA,VE-05,2025-10-31,Peaje Estadio – P10   ,F400-00071301,-39.6,552.0
Consumo,LIMA EXPRESA,VE-05,2025-10-31,Peaje de Priale Salida - P7,F400-00070539,-39.6,512.4
Consumo,LIMA EXPRESA,VE-06,2025-11-03,Peaje de Priale Entrada - P6,F400-00071301,-19.8,492.6
Consumo,LIMA EXPRESA,VE-05,2025-11-03,Peaje de Priale Entrada - P6,F400-00071301,-39.6,453.0
Consumo,LIMA EXPRESA,VE-05,2025-11-03,Peaje Huánuco – P8   ,F400-00071301,-39.6,413.4
Consumo,LIMA EXPRESA,VE-35,2025-11-03,Peaje de Monterrico Entrada - P1,F400-00071301,-26.4,387.0
Consumo,LIMA EXPRESA,VE-31,2025-11-03,Peaje de Monterrico Entrada - P1,F400-00071301,-26.4,360.6
Consumo,LIMA EXPRESA,VE-20,2025-11-03,Peaje de Monterrico Entrada - P1,F400-00071301,-26.4,334.2
Recarga PEX,PEX,,2025-11-03,,TR006-000998117,4000.0,4334.2
Consumo,LIMA EXPRESA,VE-12,2025-11-03,Peaje de Monterrico Entrada - P1,F400-00071301,-26.4,4307.8
Consumo,LIMA EXPRESA,VE-30,2025-11-03,Peaje de Monterrico Entrada - P1,F400-00071301,-26.4,4281.4
Consumo,LIMA EXPRESA,VE-35,2025-11-03,Peaje de Monterrico Salida - P2,F400-00071301,-26.4,4255.0
Consumo,LIMA EXPRESA,VE-12,2025-11-03,Peaje de Monterrico Salida - P2,F400-00071301,-26.4,4228.6
Consumo,LIMA EXPRESA,VE-20,2025-11-03,Peaje de Monterrico Salida - P2,F400-00071301,-26.4,4202.2
Consumo,LIMA EXPRESA,VE-31,2025-11-03,Peaje de Monterrico Salida - P2,F400-00071301,-26.4,4175.8
Consumo,LIMA EXPRESA,VE-30,2025-11-03,Peaje de Monterrico Salida - P2,F400-00071301,-26.4,4149.4
Consumo,LIMA EXPRESA,VE-20,2025-11-03,Peaje de Priale Entrada - P6,F400-00071301,-26.4,4123.0
Consumo,LIMA EXPRESA,VE-20,2025-11-03,Peaje de Priale Salida - P7,F400-00071301,-26.4,4096.6
Consumo,LIMA EXPRESA,VE-35,2025-11-03,Peaje de Priale Entrada - P6,F400-00071301,-26.4,4070.2
Consumo,LIMA EXPRESA,VE-31,2025-11-03,Peaje de Priale Entrada - P6,F400-00071301,-26.4,4043.8
Consumo,LIMA EXPRESA,VE-05,2025-11-03,Peaje de Priale Salida - P7,F400-00071301,-39.6,4004.2
Consumo,LIMA EXPRESA,VE-35,2025-11-03,Peaje de Priale Salida - P7,F400-00071301,-26.4,3977.8
Consumo,LIMA EXPRESA,VE-31,2025-11-03,Peaje de Priale Salida - P7,F400-00071301,-26.4,3951.4
Consumo,LIMA EXPRESA,VE-12,2025-11-03,Peaje de Monterrico Entrada - P1,F400-00071301,-26.4,3925.0
Consumo,LIMA EXPRESA,VE-06,2025-11-03,Peaje de Priale Salida - P7,F400-00071301,-39.6,3885.4
Consumo,LIMA EXPRESA,VE-31,2025-11-03,Peaje de Priale Entrada - P6,F400-00071301,-26.4,3859.0
Consumo,LIMA EXPRESA,VE-30,2025-11-04,Peaje de Priale Entrada - P6,F400-00071301,-26.4,3832.6
Consumo,LIMA EXPRESA,VE-35,2025-11-04,Peaje de Priale Entrada - P6,F400-00071301,-26.4,3806.2
Consumo,LIMA EXPRESA,VE-12,2025-11-04,Peaje de Priale Entrada - P6,F400-00071301,-26.4,3779.8
Consumo,LIMA EXPRESA,VE-31,2025-11-04,Peaje de Priale Entrada - P6,F400-00071301,-26.4,3753.4
Consumo,LIMA EXPRESA,VE-30,2025-11-04,Peaje de Priale Salida - P7,F400-00071301,-26.4,3727.0
Consumo,LIMA EXPRESA,VE-12,2025-11-04,Peaje de Priale Salida - P7,F400-00071301,-26.4,3700.6
Consumo,LIMA EXPRESA,VE-20,2025-11-04,Peaje de Priale Entrada - P6,F400-00071301,-26.4,3674.2
Consumo,LIMA EXPRESA,VE-31,2025-11-04,Peaje de Priale Salida - P7,F400-00071301,-26.4,3647.8
Consumo,LIMA EXPRESA,VE-05,2025-11-04,Peaje de Priale Entrada - P6,F400-00071301,-39.6,3608.2
Consumo,LIMA EXPRESA,VE-30,2025-11-04,Peaje de Monterrico Entrada - P1,F400-00071301,-26.4,3581.8
Consumo,LIMA EXPRESA,VE-06,2025-11-04,Peaje de Priale Entrada - P6,F400-00071301,-39.6,3542.2
Consumo,LIMA EXPRESA,VE-12,2025-11-04,Peaje de Monterrico Entrada - P1,F400-00071301,-26.4,3515.8
Consumo,LIMA EXPRESA,VE-35,2025-11-04,Peaje de Priale Salida - P7,F400-00071301,-26.4,3489.4
Consumo,LIMA EXPRESA,VE-20,2025-11-04,Peaje de Priale Salida - P7,F400-00071301,-26.4,3463.0
Consumo,LIMA EXPRESA,VE-31,2025-11-04,Peaje de Monterrico Entrada - P1,F400-00071301,-26.4,3436.6
Consumo,LIMA EXPRESA,VE-30,2025-11-04,Peaje de Monterrico Salida - P2,F400-00071301,-26.4,3410.2
Consumo,LIMA EXPRESA,VE-35,2025-11-04,Peaje de Monterrico Entrada - P1,F400-00071301,-26.4,3383.8
Consumo,LIMA EXPRESA,VE-20,2025-11-04,Peaje de Monterrico Entrada - P1,F400-00071301,-26.4,3357.4
Consumo,LIMA EXPRESA,VE-12,2025-11-04,Peaje de Monterrico Salida - P2,F400-00071301,-26.4,3331.0
Consumo,LIMA EXPRESA,VE-31,2025-11-04,Peaje de Monterrico Salida - P2,F400-00071301,-26.4,3304.6
Consumo,LIMA EXPRESA,VE-30,2025-11-04,Peaje de Monterrico Entrada - P1,F400-00071301,-26.4,3278.2
Consumo,LIMA EXPRESA,VE-35,2025-11-04,Peaje de Monterrico Salida - P2,F400-00071301,-26.4,3251.8
Consumo,LIMA EXPRESA,VE-20,2025-11-04,Peaje de Monterrico Salida - P2,F400-00071301,-26.4,3225.4
Consumo,LIMA EXPRESA,VE-30,2025-11-04,Peaje de Monterrico Salida - P2,F400-00071301,-26.4,3199.0
Consumo,LIMA EXPRESA,VE-35,2025-11-04,Peaje de Monterrico Entrada - P1,F400-00071301,-26.4,3172.6
Consumo,LIMA EXPRESA,VE-12,2025-11-04,Peaje de Monterrico Entrada - P1,F400-00071301,-26.4,3146.2
Consumo,LIMA EXPRESA,VE-31,2025-11-04,Peaje de Monterrico Entrada - P1,F400-00071301,-26.4,3119.8
Consumo,LIMA EXPRESA,VE-35,2025-11-04,Peaje de Monterrico Salida - P2,F400-00071301,-26.4,3093.4
Consumo,LIMA EXPRESA,VE-30,2025-11-04,Peaje de Monterrico Entrada - P1,F400-00071301,-26.4,3067.0
Consumo,LIMA EXPRESA,CUC445,2025-11-04,Peaje Estadio – P10   ,F400-00071301,-6.6,3060.4
Consumo,LIMA EXPRESA,CUC445,2025-11-04,Peaje de Monterrico Entrada - P1,F400-00071301,-6.6,3053.8
Consumo,LIMA EXPRESA,VE-30,2025-11-04,Peaje de Monterrico Salida - P2,F400-00071301,-26.4,3027.4
Consumo,LIMA EXPRESA,CUC445,2025-11-04,Peaje de Monterrico Salida - P2,F400-00071301,-6.6,3020.8
Consumo,LIMA EXPRESA,VE-19,2025-11-05,Peaje de Monterrico Entrada - P1,F400-00071301,-26.4,2994.4
Consumo,LIMA EXPRESA,VE-19,2025-11-05,Peaje de Monterrico Entrada - P1,F400-00071301,-26.4,2968.0
Consumo,LIMA EXPRESA,VE-35,2025-11-05,Peaje de Priale Entrada - P6,F400-00071301,-26.4,2941.6
Consumo,LIMA EXPRESA,VE-30,2025-11-05,Peaje de Priale Entrada - P6,F400-00071301,-26.4,2915.2
Consumo,LIMA EXPRESA,VE-35,2025-11-05,Peaje de Priale Salida - P7,F400-00071301,-26.4,2888.8
Consumo,LIMA EXPRESA,VE-30,2025-11-05,Peaje de Priale Salida - P7,F400-00071301,-26.4,2862.4
Consumo,LIMA EXPRESA,VE-12,2025-11-05,Peaje de Priale Entrada - P6,F400-00071301,-26.4,2836.0
Consumo,LIMA EXPRESA,VE-20,2025-11-05,Peaje de Monterrico Entrada - P1,F400-00071301,-26.4,2809.6
Consumo,LIMA EXPRESA,VE-12,2025-11-05,Peaje de Priale Salida - P7,F400-00071301,-26.4,2783.2
Consumo,LIMA EXPRESA,VE-31,2025-11-05,Peaje de Monterrico Entrada - P1,F400-00071301,-26.4,2756.8
Consumo,LIMA EXPRESA,APF856,2025-11-05,Peaje Estadio – P10   ,F400-00071301,-6.6,2750.2
Consumo,LIMA EXPRESA,APF856,2025-11-05,Peaje de Priale Salida - P7,F400-00071301,-6.6,2743.6
Consumo,LIMA EXPRESA,VE-35,2025-11-05,Peaje de Monterrico Entrada - P1,F400-00071301,-26.4,2717.2
Consumo,LIMA EXPRESA,VE-30,2025-11-05,Peaje de Monterrico Entrada - P1,F400-00071301,-26.4,2690.8
Consumo,LIMA EXPRESA,VE-20,2025-11-05,Peaje de Monterrico Salida - P2,F400-00071301,-26.4,2664.4
Consumo,LIMA EXPRESA,VE-06,2025-11-05,Peaje de Priale Salida - P7,F400-00071301,-39.6,2624.8
Consumo,LIMA EXPRESA,VE-20,2025-11-05,Peaje de Priale Salida - P7,F400-00071301,-26.4,2598.4
Consumo,LIMA EXPRESA,APF856,2025-11-05,Peaje de Priale Entrada - P6,F400-00071301,-6.6,2591.8
Consumo,LIMA EXPRESA,APF856,2025-11-05,Peaje Huánuco – P8   ,F400-00071301,-6.6,2585.2
Consumo,LIMA EXPRESA,VE-31,2025-11-05,Peaje de Monterrico Salida - P2,F400-00071301,-26.4,2558.8
Consumo,LIMA EXPRESA,VE-35,2025-11-05,Peaje de Monterrico Salida - P2,F400-00071301,-26.4,2532.4
Consumo,LIMA EXPRESA,VE-12,2025-11-05,Peaje de Monterrico Entrada - P1,F400-00071301,-26.4,2506.0
Consumo,LIMA EXPRESA,VE-20,2025-11-05,Peaje de Monterrico Entrada - P1,F400-00071301,-26.4,2479.6
Consumo,LIMA EXPRESA,VE-31,2025-11-05,Peaje de Monterrico Entrada - P1,F400-00071301,-26.4,2453.2
Consumo,LIMA EXPRESA,VE-12,2025-11-05,Peaje de Monterrico Salida - P2,F400-00071301,-26.4,2426.8
Consumo,LIMA EXPRESA,VE-35,2025-11-05,Peaje de Monterrico Entrada - P1,F400-00071301,-26.4,2400.4
Consumo,LIMA EXPRESA,VE-20,2025-11-05,Peaje de Monterrico Salida - P2,F400-00071301,-26.4,2374.0
Consumo,LIMA EXPRESA,VE-31,2025-11-05,Peaje de Monterrico Salida - P2,F400-00071301,-26.4,2347.6
Consumo,LIMA EXPRESA,VE-35,2025-11-05,Peaje de Monterrico Salida - P2,F400-00071301,-26.4,2321.2
Consumo,LIMA EXPRESA,VE-12,2025-11-05,Peaje de Monterrico Entrada - P1,F400-00071301,-26.4,2294.8
Consumo,LIMA EXPRESA,VE-31,2025-11-05,Peaje de Monterrico Entrada - P1,F400-00071301,-26.4,2268.4
Consumo,LIMA EXPRESA,VE-29,2025-11-05,Peaje de Monterrico Entrada - P1,F400-00071301,-26.4,2242.0
Consumo,LIMA EXPRESA,VE-19,2025-11-05,Peaje de Monterrico Entrada - P1,F400-00071301,-26.4,2215.6
Consumo,LIMA EXPRESA,VE-29,2025-11-05,Peaje de Monterrico Salida - P2,F400-00071301,-26.4,2189.2
Consumo,LIMA EXPRESA,VE-29,2025-11-06,Peaje de Monterrico Entrada - P1,F400-00071301,-26.4,2162.8
Consumo,LIMA EXPRESA,VE-19,2025-11-06,Peaje de Monterrico Entrada - P1,F400-00071301,-26.4,2136.4
Consumo,LIMA EXPRESA,VE-19,2025-11-06,Peaje de Monterrico Salida - P2,F400-00071301,-26.4,2110.0
Consumo,LIMA EXPRESA,VE-29,2025-11-06,Peaje de Monterrico Salida - P2,F400-00071301,-26.4,2083.6
Consumo,LIMA EXPRESA,VE-30,2025-11-06,Peaje de Priale Entrada - P6,F400-00071301,-26.4,2057.2
Consumo,LIMA EXPRESA,VE-05,2025-11-06,Peaje de Priale Entrada - P6,F400-00071301,-39.6,2017.6
Consumo,LIMA EXPRESA,VE-35,2025-11-06,Peaje de Priale Entrada - P6,F400-00071301,-26.4,1991.2
Consumo,LIMA EXPRESA,VE-30,2025-11-06,Peaje de Priale Salida - P7,F400-00071301,-26.4,1964.8
Consumo,LIMA EXPRESA,VE-20,2025-11-06,Peaje de Monterrico Entrada - P1,F400-00071301,-26.4,1938.4
Consumo,LIMA EXPRESA,VE-30,2025-11-06,Peaje de Priale Entrada - P6,F400-00071301,-26.4,1912.0
Consumo,LIMA EXPRESA,VE-06,2025-11-06,Peaje de Priale Entrada - P6,F400-00071301,-19.8,1892.2
Consumo,LIMA EXPRESA,VE-30,2025-11-06,Peaje de Priale Salida - P7,F400-00071301,-26.4,1865.8
Consumo,LIMA EXPRESA,VE-20,2025-11-06,Peaje de Monterrico Salida - P2,F400-00071301,-26.4,1839.4
Consumo,LIMA EXPRESA,VE-35,2025-11-06,Peaje de Priale Salida - P7,F400-00071301,-26.4,1813.0
Consumo,LIMA EXPRESA,VE-31,2025-11-06,Peaje de Priale Entrada - P6,F400-00071301,-26.4,1786.6
Consumo,LIMA EXPRESA,VE-07,2025-11-06,Peaje de El Pino - P5,F400-00071301,-19.8,1766.8
Consumo,LIMA EXPRESA,VE-30,2025-11-06,Peaje de Monterrico Entrada - P1,F400-00071301,-26.4,1740.4
Consumo,LIMA EXPRESA,VE-06,2025-11-06,Peaje de Monterrico Entrada - P1,F400-00071301,-39.6,1700.8
Consumo,LIMA EXPRESA,VE-20,2025-11-06,Peaje de Monterrico Entrada - P1,F400-00071301,-26.4,1674.4
Consumo,LIMA EXPRESA,VE-07,2025-11-06,Peaje de Santa Anita - P4,F400-00071301,-19.8,1654.6
Consumo,LIMA EXPRESA,VE-07,2025-11-06,Peaje Huánuco – P8   ,F400-00071301,-19.8,1634.8
Consumo,LIMA EXPRESA,VE-35,2025-11-06,Peaje de Priale Entrada - P6,F400-00071301,-26.4,1608.4
Consumo,LIMA EXPRESA,VE-05,2025-11-06,Peaje de El Pino - P5,F400-00071301,-39.6,1568.8
Consumo,LIMA EXPRESA,VE-06,2025-11-06,Peaje de Monterrico Salida - P2,F400-00072061,-39.6,1529.2
Consumo,LIMA EXPRESA,VE-30,2025-11-06,Peaje de Monterrico Salida - P2,F400-00071301,-26.4,1502.8
Consumo,LIMA EXPRESA,VE-09,2025-11-06,Peaje de Monterrico Entrada - P1,F400-00071301,-33.0,1469.8
Consumo,LIMA EXPRESA,VE-05,2025-11-06,Peaje de Separadora Salida - P3,F400-00071301,-33.0,1436.8
Consumo,LIMA EXPRESA,VE-20,2025-11-06,Peaje de Monterrico Salida - P2,F400-00071301,-26.4,1410.4
Consumo,LIMA EXPRESA,VE-35,2025-11-06,Peaje de Priale Salida - P7,F400-00071301,-26.4,1384.0
Consumo,LIMA EXPRESA,VE-30,2025-11-06,Peaje de Monterrico Entrada - P1,F400-00071301,-26.4,1357.6
Consumo,LIMA EXPRESA,VE-09,2025-11-06,Peaje de Monterrico Salida - P2,F400-00072061,-39.6,1318.0
Consumo,LIMA EXPRESA,VE-30,2025-11-06,Peaje de Monterrico Salida - P2,F400-00071301,-26.4,1291.6
Consumo,LIMA EXPRESA,VE-29,2025-11-07,Peaje de Monterrico Entrada - P1,F400-00071301,-26.4,1265.2
Consumo,LIMA EXPRESA,VE-29,2025-11-07,Peaje de Monterrico Salida - P2,F400-00071301,-26.4,1238.8
Consumo,LIMA EXPRESA,VE-07,2025-11-07,Peaje de El Pino - P5,F400-00072061,-39.6,1199.2
Consumo,LIMA EXPRESA,VE-05,2025-11-07,Peaje de El Pino - P5,F400-00071301,-39.6,1159.6
Consumo,LIMA EXPRESA,VE-30,2025-11-07,Peaje de Priale Entrada - P6,F400-00071301,-26.4,1133.2
Consumo,LIMA EXPRESA,VE-35,2025-11-07,Peaje de Priale Entrada - P6,F400-00071301,-26.4,1106.8
Consumo,LIMA EXPRESA,VE-20,2025-11-07,Peaje de Priale Entrada - P6,F400-00071301,-26.4,1080.4
Consumo,LIMA EXPRESA,VE-30,2025-11-07,Peaje de Priale Salida - P7,F400-00071301,-26.4,1054.0
Consumo,LIMA EXPRESA,VE-07,2025-11-07,Peaje de Santa Anita - P4,F400-00071301,-19.8,1034.2
Consumo,LIMA EXPRESA,VE-05,2025-11-07,Peaje de Santa Anita - P4,F400-00071301,-19.8,1014.4
Consumo,LIMA EXPRESA,VE-12,2025-11-07,Peaje de Monterrico Entrada - P1,F400-00071301,-26.4,988.0
Consumo,LIMA EXPRESA,VE-06,2025-11-07,Peaje de Priale Entrada - P6,F400-00071301,-39.6,948.4
Consumo,LIMA EXPRESA,VE-30,2025-11-07,Peaje de Monterrico Entrada - P1,F400-00071301,-26.4,922.0
Consumo,LIMA EXPRESA,VE-12,2025-11-07,Peaje de Monterrico Salida - P2,F400-00071301,-26.4,895.6
Consumo,LIMA EXPRESA,VE-35,2025-11-07,Peaje de Priale Salida - P7,F400-00071301,-26.4,869.2
Consumo,LIMA EXPRESA,VE-20,2025-11-07,Peaje de Priale Salida - P7,F400-00071301,-26.4,842.8
Consumo,LIMA EXPRESA,VE-30,2025-11-07,Peaje de Monterrico Salida - P2,F400-00071301,-26.4,816.4
Consumo,LIMA EXPRESA,APF856,2025-11-07,Peaje Estadio – P10   ,F400-00071301,-6.6,809.8
Consumo,LIMA EXPRESA,APF856,2025-11-07,Peaje Huánuco – P8   ,F400-00071301,-6.6,803.2
Consumo,LIMA EXPRESA,VE-35,2025-11-07,Peaje de Monterrico Entrada - P1,F400-00071301,-26.4,776.8
Consumo,LIMA EXPRESA,VE-20,2025-11-07,Peaje de Monterrico Entrada - P1,F400-00071301,-26.4,750.4
Consumo,LIMA EXPRESA,VE-35,2025-11-07,Peaje de Monterrico Salida - P2,F400-00071301,-26.4,724.0
Consumo,LIMA EXPRESA,VE-20,2025-11-07,Peaje de Monterrico Salida - P2,F400-00071301,-26.4,697.6
Consumo,LIMA EXPRESA,VE-12,2025-11-07,Peaje de Monterrico Entrada - P1,F400-00072061,-26.4,671.2
Consumo,LIMA EXPRESA,VE-05,2025-11-07,Peaje de El Pino - P5,F400-00071301,-39.6,631.6
Consumo,LIMA EXPRESA,VE-05,2025-11-07,Peaje de Separadora Salida - P3,F400-00072061,-39.6,592.0
Consumo,LIMA EXPRESA,VE-07,2025-11-07,Peaje de El Pino - P5,F400-00071301,-39.6,552.4
Consumo,LIMA EXPRESA,VE-12,2025-11-07,Peaje de Monterrico Salida - P2,F400-00071301,-26.4,526.0
Consumo,LIMA EXPRESA,VE-30,2025-11-07,Peaje de Monterrico Entrada - P1,F400-00071301,-26.4,499.6
Consumo,LIMA EXPRESA,VE-07,2025-11-07,Peaje Huánuco – P8   ,F400-00071301,-39.6,460.0
Consumo,LIMA EXPRESA,VE-35,2025-11-07,Peaje de Monterrico Entrada - P1,F400-00071301,-26.4,433.6
Recarga PEX,PEX,,2025-11-07,,TR006-001001286,2500.0,2933.6
Consumo,LIMA EXPRESA,VE-30,2025-11-07,Peaje de Monterrico Salida - P2,F400-00071301,-26.4,2907.2
Consumo,LIMA EXPRESA,VE-12,2025-11-07,Peaje de Monterrico Entrada - P1,F400-00071301,-26.4,2880.8
Consumo,LIMA EXPRESA,VE-35,2025-11-07,Peaje de Monterrico Salida - P2,F400-00071301,-26.4,2854.4
Consumo,LIMA EXPRESA,VE-31,2025-11-07,Peaje de El Pino - P5,F400-00072061,-26.4,2828.0
Consumo,LIMA EXPRESA,VE-19,2025-11-07,Peaje Estadio – P10   ,F400-00072061,-26.4,2801.6
Consumo,LIMA EXPRESA,VE-29,2025-11-07,Peaje Estadio – P10   ,F400-00071301,-26.4,2775.2
Consumo,LIMA EXPRESA,VE-29,2025-11-07,Peaje de Monterrico Entrada - P1,F400-00071301,-26.4,2748.8
Consumo,LIMA EXPRESA,VE-19,2025-11-07,Peaje de Monterrico Salida - P2,F400-00071301,-26.4,2722.4
Consumo,LIMA EXPRESA,VE-29,2025-11-07,Peaje de Monterrico Salida - P2,F400-00071301,-26.4,2696.0
Consumo,LIMA EXPRESA,VE-29,2025-11-08,Peaje de Monterrico Entrada - P1,F400-00072061,-26.4,2669.6
Consumo,LIMA EXPRESA,VE-19,2025-11-08,Peaje de Monterrico Salida - P2,F400-00072061,-26.4,2643.2
Consumo,LIMA EXPRESA,VE-19,2025-11-08,Peaje de Monterrico Entrada - P1,F400-00072061,-26.4,2616.8
Consumo,LIMA EXPRESA,VE-29,2025-11-08,Peaje de Monterrico Salida - P2,F400-00072061,-26.4,2590.4
Consumo,LIMA EXPRESA,VE-19,2025-11-08,Peaje de Monterrico Salida - P2,F400-00072061,-26.4,2564.0
Consumo,LIMA EXPRESA,VE-35,2025-11-08,Peaje de Priale Entrada - P6,F400-00072061,-26.4,2537.6
Consumo,LIMA EXPRESA,VE-30,2025-11-08,Peaje de Priale Entrada - P6,F400-00072061,-26.4,2511.2
Consumo,LIMA EXPRESA,VE-35,2025-11-08,Peaje de Priale Salida - P7,F400-00072061,-26.4,2484.8
Consumo,LIMA EXPRESA,VE-30,2025-11-08,Peaje de Priale Salida - P7,F400-00072061,-26.4,2458.4
Consumo,LIMA EXPRESA,VE-07,2025-11-08,Peaje de El Pino - P5,F400-00072061,-39.6,2418.8
Consumo,LIMA EXPRESA,VE-07,2025-11-08,Peaje de Santa Anita - P4,F400-00072061,-39.6,2379.2
Consumo,LIMA EXPRESA,VE-12,2025-11-08,Peaje de Monterrico Entrada - P1,F400-00072061,-26.4,2352.8
Consumo,LIMA EXPRESA,VE-35,2025-11-08,Peaje de Monterrico Entrada - P1,F400-00072061,-26.4,2326.4
Consumo,LIMA EXPRESA,VE-20,2025-11-08,Peaje de Monterrico Entrada - P1,F400-00072061,-26.4,2300.0
Consumo,LIMA EXPRESA,VE-06,2025-11-08,Peaje de Priale Entrada - P6,F400-00072061,-39.6,2260.4
Consumo,LIMA EXPRESA,VE-31,2025-11-08,Peaje de Monterrico Salida - P2,F400-00072061,-26.4,2234.0
Consumo,LIMA EXPRESA,VE-06,2025-11-08,Peaje de Priale Salida - P7,F400-00072061,-19.8,2214.2
Consumo,LIMA EXPRESA,VE-20,2025-11-08,Peaje de Monterrico Salida - P2,F400-00072061,-26.4,2187.8
Consumo,LIMA EXPRESA,VE-35,2025-11-08,Peaje de Monterrico Salida - P2,F400-00072061,-26.4,2161.4
Consumo,LIMA EXPRESA,VE-12,2025-11-08,Peaje de Monterrico Salida - P2,F400-00072061,-26.4,2135.0
Consumo,LIMA EXPRESA,VE-31,2025-11-08,Peaje de Monterrico Entrada - P1,F400-00072061,-26.4,2108.6
Consumo,LIMA EXPRESA,VE-12,2025-11-08,Peaje de Monterrico Entrada - P1,F400-00072061,-26.4,2082.2
Consumo,LIMA EXPRESA,VE-31,2025-11-08,Peaje de Monterrico Salida - P2,F400-00072061,-26.4,2055.8
Consumo,LIMA EXPRESA,VE-20,2025-11-09,Peaje de Priale Entrada - P6,F400-00072061,-26.4,2029.4
Consumo,LIMA EXPRESA,VE-12,2025-11-09,Peaje de Priale Entrada - P6,F400-00072061,-26.4,2003.0
Consumo,LIMA EXPRESA,VE-20,2025-11-09,Peaje de Priale Salida - P7,F400-00072061,-26.4,1976.6
Consumo,LIMA EXPRESA,VE-31,2025-11-09,Peaje de Priale Entrada - P6,F400-00072061,-26.4,1950.2
Consumo,LIMA EXPRESA,VE-12,2025-11-09,Peaje de Priale Salida - P7,F400-00072061,-26.4,1923.8
Consumo,LIMA EXPRESA,VE-31,2025-11-09,Peaje de Priale Salida - P7,F400-00072061,-26.4,1897.4
Consumo,LIMA EXPRESA,VE-20,2025-11-09,Peaje de Monterrico Entrada - P1,F400-00072061,-26.4,1871.0
Consumo,LIMA EXPRESA,VE-31,2025-11-09,Peaje de Monterrico Entrada - P1,F400-00072061,-26.4,1844.6
Consumo,LIMA EXPRESA,VE-20,2025-11-09,Peaje de Monterrico Salida - P2,F400-00072061,-26.4,1818.2
Consumo,LIMA EXPRESA,VE-12,2025-11-09,Peaje de Monterrico Entrada - P1,F400-00072061,-26.4,1791.8
Consumo,LIMA EXPRESA,VE-31,2025-11-09,Peaje de Monterrico Salida - P2,F400-00072061,-26.4,1765.4
Consumo,LIMA EXPRESA,VE-20,2025-11-09,Peaje de Monterrico Entrada - P1,F400-00072061,-26.4,1739.0
Consumo,LIMA EXPRESA,VE-12,2025-11-09,Peaje de Monterrico Salida - P2,F400-00072061,-26.4,1712.6
Consumo,LIMA EXPRESA,VE-20,2025-11-09,Peaje de Monterrico Salida - P2,F400-00072061,-26.4,1686.2
Consumo,LIMA EXPRESA,VE-12,2025-11-09,Peaje de Monterrico Entrada - P1,F400-00072061,-26.4,1659.8
Consumo,LIMA EXPRESA,VE-31,2025-11-09,Peaje de Monterrico Entrada - P1,F400-00072061,-26.4,1633.4
Consumo,LIMA EXPRESA,CUC445,2025-11-09,Peaje de Monterrico Entrada - P1,F400-00072061,-6.6,1626.8
Consumo,LIMA EXPRESA,VE-30,2025-11-10,Peaje de Monterrico Entrada - P1,F400-00072061,-26.4,1600.4
Consumo,LIMA EXPRESA,VE-35,2025-11-10,Peaje de Monterrico Entrada - P1,F400-00072061,-26.4,1574.0
Consumo,LIMA EXPRESA,VE-07,2025-11-10,Peaje de El Pino - P5,F400-00072061,-39.6,1534.4
Consumo,LIMA EXPRESA,VE-31,2025-11-10,Peaje de Monterrico Entrada - P1,F400-00072061,-26.4,1508.0
Consumo,LIMA EXPRESA,VE-12,2025-11-10,Peaje de Monterrico Entrada - P1,F400-00072061,-26.4,1481.6
Consumo,LIMA EXPRESA,VE-07,2025-11-10,Peaje de Santa Anita - P4,F400-00072061,-19.8,1461.8
Consumo,LIMA EXPRESA,VE-07,2025-11-10,Peaje Huánuco – P8   ,F400-00072061,-19.8,1442.0
Consumo,LIMA EXPRESA,VE-35,2025-11-10,Peaje de Monterrico Salida - P2,F400-00072061,-26.4,1415.6
Consumo,LIMA EXPRESA,VE-30,2025-11-10,Peaje de Monterrico Salida - P2,F400-00072061,-26.4,1389.2
Consumo,LIMA EXPRESA,VE-05,2025-11-10,Peaje de Monterrico Entrada - P1,F400-00072061,-39.6,1349.6
Consumo,LIMA EXPRESA,VE-12,2025-11-10,Peaje de Monterrico Salida - P2,F400-00072061,-26.4,1323.2
Consumo,LIMA EXPRESA,ANQ212,2025-11-10,Peaje de Monterrico Entrada - P1,F400-00072061,-6.6,1316.6
Consumo,LIMA EXPRESA,VE-05,2025-11-10,Peaje de Monterrico Salida - P2,F400-00072061,-39.6,1277.0
Consumo,LIMA EXPRESA,VE-35,2025-11-10,Peaje de Monterrico Entrada - P1,F400-00072061,-26.4,1250.6
Consumo,LIMA EXPRESA,VE-31,2025-11-10,Peaje de Monterrico Salida - P2,F400-00072061,-26.4,1224.2
Consumo,LIMA EXPRESA,APF856,2025-11-10,Peaje Estadio – P10   ,F400-00072061,-6.6,1217.6
Consumo,LIMA EXPRESA,VE-30,2025-11-10,Peaje de Monterrico Entrada - P1,F400-00072061,-26.4,1191.2
Consumo,LIMA EXPRESA,VE-05,2025-11-10,Peaje de Priale Entrada - P6,F400-00072061,-39.6,1151.6
Consumo,LIMA EXPRESA,CUC445,2025-11-10,Peaje de Monterrico Salida - P2,F400-00072061,-6.6,1145.0
Consumo,LIMA EXPRESA,VE-07,2025-11-10,Peaje de El Pino - P5,F400-00072061,-39.6,1105.4
Consumo,LIMA EXPRESA,VE-12,2025-11-10,Peaje de Monterrico Entrada - P1,F400-00072061,-26.4,1079.0
Consumo,LIMA EXPRESA,VE-07,2025-11-10,Peaje de Santa Anita - P4,F400-00072061,-39.6,1039.4
Consumo,LIMA EXPRESA,VE-31,2025-11-10,Peaje de Monterrico Entrada - P1,F400-00072061,-26.4,1013.0
Consumo,LIMA EXPRESA,VE-30,2025-11-10,Peaje de Monterrico Salida - P2,F400-00072061,-26.4,986.6
Consumo,LIMA EXPRESA,VE-05,2025-11-10,Peaje de Priale Salida - P7,F400-00072061,-39.6,947.0
Consumo,LIMA EXPRESA,VE-30,2025-11-11,Peaje de Priale Entrada - P6,F400-00072061,-26.4,920.6
Consumo,LIMA EXPRESA,VE-35,2025-11-11,Peaje de Priale Entrada - P6,F400-00072061,-26.4,894.2
Consumo,LIMA EXPRESA,VE-30,2025-11-11,Peaje de Priale Salida - P7,F400-00072061,-26.4,867.8
Consumo,LIMA EXPRESA,VE-12,2025-11-11,Peaje de Priale Entrada - P6,F400-00072061,-26.4,841.4
Consumo,LIMA EXPRESA,VE-31,2025-11-11,Peaje de Monterrico Entrada - P1,F400-00072061,-26.4,815.0
Consumo,LIMA EXPRESA,VE-20,2025-11-11,Peaje de Monterrico Entrada - P1,F400-00072061,-26.4,788.6
Consumo,LIMA EXPRESA,VE-06,2025-11-11,Peaje de Priale Entrada - P6,F400-00072061,-19.8,768.8
Consumo,LIMA EXPRESA,VE-12,2025-11-11,Peaje de Priale Salida - P7,F400-00072061,-26.4,742.4
Consumo,LIMA EXPRESA,VE-30,2025-11-11,Peaje de Monterrico Entrada - P1,F400-00072061,-26.4,716.0
Consumo,LIMA EXPRESA,CUC445,2025-11-11,Peaje Estadio – P10   ,F400-00072061,-6.6,709.4
Consumo,LIMA EXPRESA,CUC445,2025-11-11,Peaje de Monterrico Entrada - P1,F400-00072061,-6.6,702.8
Consumo,LIMA EXPRESA,VE-20,2025-11-11,Peaje de Monterrico Salida - P2,F400-00072061,-26.4,676.4
Consumo,LIMA EXPRESA,VE-35,2025-11-11,Peaje de Priale Salida - P7,F400-00072061,-26.4,650.0
Consumo,LIMA EXPRESA,VE-31,2025-11-11,Peaje de Monterrico Salida - P2,F400-00072061,-26.4,623.6
Consumo,LIMA EXPRESA,VE-07,2025-11-11,Peaje de El Pino - P5,F400-00072061,-39.6,584.0
Consumo,LIMA EXPRESA,VE-30,2025-11-11,Peaje de Monterrico Salida - P2,F400-00072061,-26.4,557.6
Consumo,LIMA EXPRESA,VE-10,2025-11-11,Peaje de El Pino - P5,F400-00072061,-39.6,518.0
Consumo,LIMA EXPRESA,VE-09,2025-11-11,Peaje de El Pino - P5,F400-00072061,-39.6,478.4
Consumo,LIMA EXPRESA,VE-12,2025-11-11,Peaje de Monterrico Entrada - P1,F400-00072061,-26.4,452.0
Recarga PEX,PEX,,2025-11-11,,TR006-001003247,2500.0,2952.0
Consumo,LIMA EXPRESA,VE-10,2025-11-11,Peaje de Separadora Salida - P3,F400-00072061,-33.0,2919.0
Consumo,LIMA EXPRESA,VE-09,2025-11-11,Peaje de Santa Anita - P4,F400-00072061,-39.6,2879.4
Consumo,LIMA EXPRESA,VE-07,2025-11-11,Peaje de Santa Anita - P4,F400-00072061,-39.6,2839.8
Consumo,LIMA EXPRESA,VE-35,2025-11-11,Peaje de Monterrico Entrada - P1,F400-00072061,-26.4,2813.4
Consumo,LIMA EXPRESA,ANQ212,2025-11-11,Peaje de Monterrico Salida - P2,F400-00072061,-6.6,2806.8
Consumo,LIMA EXPRESA,VE-12,2025-11-11,Peaje de Monterrico Salida - P2,F400-00072061,-26.4,2780.4
Consumo,LIMA EXPRESA,VE-20,2025-11-11,Peaje de Monterrico Entrada - P1,F400-00072061,-26.4,2754.0
Consumo,LIMA EXPRESA,ANQ212,2025-11-11,Peaje Huánuco – P8   ,F400-00072061,-6.6,2747.4
Consumo,LIMA EXPRESA,VE-20,2025-11-11,Peaje de Monterrico Salida - P2,F400-00072061,-26.4,2721.0
Consumo,LIMA EXPRESA,VE-31,2025-11-11,Peaje de Monterrico Entrada - P1,F400-00072061,-26.4,2694.6
Consumo,LIMA EXPRESA,VE-12,2025-11-11,Peaje de Monterrico Entrada - P1,F400-00072061,-26.4,2668.2
Consumo,LIMA EXPRESA,VE-09,2025-11-12,Peaje de El Pino - P5,F400-00072061,-39.6,2628.6
Consumo,LIMA EXPRESA,VE-10,2025-11-12,Peaje de El Pino - P5,F400-00072061,-39.6,2589.0
Consumo,LIMA EXPRESA,VE-35,2025-11-12,Peaje de Priale Entrada - P6,F400-00072061,-26.4,2562.6
Consumo,LIMA EXPRESA,VE-12,2025-11-12,Peaje de Monterrico Entrada - P1,F400-00072061,-26.4,2536.2
Consumo,LIMA EXPRESA,VE-20,2025-11-12,Peaje de Monterrico Entrada - P1,F400-00072061,-26.4,2509.8
Consumo,LIMA EXPRESA,VE-09,2025-11-12,Peaje de Separadora Salida - P3,F400-00072061,-39.6,2470.2
Consumo,LIMA EXPRESA,VE-31,2025-11-12,Peaje de Monterrico Entrada - P1,F400-00072061,-26.4,2443.8
Consumo,LIMA EXPRESA,VE-10,2025-11-12,Peaje de Separadora Salida - P3,F400-00072061,-33.0,2410.8
Consumo,LIMA EXPRESA,VE-06,2025-11-12,Peaje de Priale Entrada - P6,F400-00072061,-39.6,2371.2
Consumo,LIMA EXPRESA,VE-20,2025-11-12,Peaje de Monterrico Salida - P2,F400-00072061,-26.4,2344.8
Consumo,LIMA EXPRESA,VE-35,2025-11-12,Peaje de Priale Salida - P7,F400-00072061,-26.4,2318.4
Consumo,LIMA EXPRESA,VE-20,2025-11-12,Peaje de Priale Salida - P7,F400-00072061,-26.4,2292.0
Consumo,LIMA EXPRESA,VE-12,2025-11-12,Peaje de Monterrico Salida - P2,F400-00072061,-26.4,2265.6
Consumo,LIMA EXPRESA,VE-07,2025-11-12,Peaje de El Pino - P5,F400-00072061,-39.6,2226.0
Consumo,LIMA EXPRESA,VE-31,2025-11-12,Peaje de Monterrico Salida - P2,F400-00072061,-26.4,2199.6
Consumo,LIMA EXPRESA,VE-07,2025-11-12,Peaje de Santa Anita - P4,F400-00072061,-39.6,2160.0
Consumo,LIMA EXPRESA,VE-35,2025-11-12,Peaje de Priale Entrada - P6,F400-00072061,-26.4,2133.6
Consumo,LIMA EXPRESA,VE-20,2025-11-12,Peaje de Priale Entrada - P6,F400-00072061,-26.4,2107.2
Consumo,LIMA EXPRESA,VE-12,2025-11-12,Peaje de Monterrico Entrada - P1,F400-00072061,-19.8,2087.4
Consumo,LIMA EXPRESA,VE-31,2025-11-12,Peaje de Monterrico Entrada - P1,F400-00072061,-26.4,2061.0
Consumo,LIMA EXPRESA,VE-12,2025-11-12,Peaje de Monterrico Salida - P2,F400-00072061,-26.4,2034.6
Consumo,LIMA EXPRESA,VE-05,2025-11-12,Peaje de Monterrico Entrada - P1,F400-00072061,-39.6,1995.0
Consumo,LIMA EXPRESA,VE-31,2025-11-12,Peaje de Monterrico Salida - P2,F400-00072061,-26.4,1968.6
Consumo,LIMA EXPRESA,VE-35,2025-11-12,Peaje de Priale Salida - P7,F400-00072061,-26.4,1942.2
Consumo,LIMA EXPRESA,VE-20,2025-11-12,Peaje de Priale Salida - P7,F400-00072061,-26.4,1915.8
Consumo,LIMA EXPRESA,ANQ212,2025-11-12,Peaje Estadio – P10   ,F400-00072061,-6.6,1909.2
Consumo,LIMA EXPRESA,VE-31,2025-11-12,Peaje de Monterrico Entrada - P1,F400-00072061,-26.4,1882.8
Consumo,LIMA EXPRESA,ANQ212,2025-11-12,Peaje de Monterrico Entrada - P1,F400-00072061,-6.6,1876.2
Consumo,LIMA EXPRESA,VE-07,2025-11-12,Peaje de Monterrico Entrada - P1,F400-00072061,-39.6,1836.6
Consumo,LIMA EXPRESA,D9Z911,2025-11-12,Peaje Estadio – P10   ,F400-00072061,-6.6,1830.0
Consumo,LIMA EXPRESA,CUC445,2025-11-12,Peaje de Monterrico Salida - P2,F400-00072061,-6.6,1823.4
Consumo,LIMA EXPRESA,CUC445,2025-11-12,Peaje Huánuco – P8   ,F400-00072061,-6.6,1816.8
Consumo,LIMA EXPRESA,VE-12,2025-11-12,Peaje de Monterrico Entrada - P1,F400-00072061,-26.4,1790.4
Consumo,LIMA EXPRESA,D9Z911,2025-11-12,Peaje de El Pino - P5,F400-00072061,-6.6,1783.8
Consumo,LIMA EXPRESA,D9Z911,2025-11-12,Peaje de Santa Anita - P4,F400-00072061,-6.6,1777.2
Consumo,LIMA EXPRESA,D9Z911,2025-11-12,Peaje Huánuco – P8   ,F400-00072061,-6.6,1770.6
Consumo,LIMA EXPRESA,VE-19,2025-11-12,Peaje Estadio – P10   ,F400-00072061,-26.4,1744.2
Consumo,LIMA EXPRESA,VE-07,2025-11-12,Peaje de Monterrico Salida - P2,F400-00072061,-39.6,1704.6
Consumo,LIMA EXPRESA,VE-19,2025-11-12,Peaje de Monterrico Entrada - P1,F400-00072061,-26.4,1678.2
Consumo,LIMA EXPRESA,VE-29,2025-11-12,Peaje Estadio – P10   ,F400-00072061,-26.4,1651.8
Consumo,LIMA EXPRESA,VE-29,2025-11-12,Peaje de Monterrico Entrada - P1,F400-00072061,-26.4,1625.4
Consumo,LIMA EXPRESA,VE-29,2025-11-12,Peaje de Monterrico Salida - P2,F400-00072061,-26.4,1599.0
Consumo,LIMA EXPRESA,VE-19,2025-11-12,Peaje de Monterrico Entrada - P1,F400-00072061,-26.4,1572.6
Consumo,LIMA EXPRESA,VE-19,2025-11-13,Peaje de Monterrico Salida - P2,F400-00072061,-26.4,1546.2
Consumo,LIMA EXPRESA,VE-29,2025-11-13,Peaje de Monterrico Entrada - P1,F400-00072061,-26.4,1519.8
Consumo,LIMA EXPRESA,VE-29,2025-11-13,Peaje de Monterrico Salida - P2,F400-00072061,-26.4,1493.4
Consumo,LIMA EXPRESA,VE-19,2025-11-13,Peaje de Monterrico Entrada - P1,F400-00072061,-26.4,1467.0
Consumo,LIMA EXPRESA,VE-19,2025-11-13,Peaje de Monterrico Salida - P2,F400-00072061,-26.4,1440.6
Consumo,LIMA EXPRESA,VE-30,2025-11-13,Peaje de Priale Entrada - P6,F400-00072061,-26.4,1414.2
Consumo,LIMA EXPRESA,VE-35,2025-11-13,Peaje de Priale Entrada - P6,F400-00072061,-26.4,1387.8
Consumo,LIMA EXPRESA,VE-30,2025-11-13,Peaje de Priale Salida - P7,F400-00072061,-26.4,1361.4
Consumo,LIMA EXPRESA,VE-12,2025-11-13,Peaje de Priale Entrada - P6,F400-00072061,-26.4,1335.0
Consumo,LIMA EXPRESA,VE-31,2025-11-13,Peaje de Priale Entrada - P6,F400-00072061,-26.4,1308.6
Consumo,LIMA EXPRESA,VE-12,2025-11-13,Peaje de Priale Salida - P7,F400-00072061,-26.4,1282.2
Consumo,LIMA EXPRESA,VE-31,2025-11-13,Peaje de Priale Salida - P7,F400-00072061,-26.4,1255.8
Consumo,LIMA EXPRESA,VE-06,2025-11-13,Peaje de Priale Entrada - P6,F400-00072061,-39.6,1216.2
Consumo,LIMA EXPRESA,VE-20,2025-11-13,Peaje de Monterrico Entrada - P1,F400-00072061,-26.4,1189.8
Consumo,LIMA EXPRESA,VE-35,2025-11-13,Peaje de Priale Salida - P7,F400-00072061,-26.4,1163.4
Consumo,LIMA EXPRESA,VE-20,2025-11-13,Peaje de Monterrico Salida - P2,F400-00072061,-26.4,1137.0
Consumo,LIMA EXPRESA,VE-30,2025-11-13,Peaje de Monterrico Entrada - P1,F400-00072061,-26.4,1110.6
Consumo,LIMA EXPRESA,D9Z911,2025-11-13,Peaje Estadio – P10   ,F400-00072061,-6.6,1104.0
Consumo,LIMA EXPRESA,D9Z911,2025-11-13,Peaje de Monterrico Entrada - P1,F400-00072061,-6.6,1097.4
Consumo,LIMA EXPRESA,D9Z911,2025-11-13,Peaje de Monterrico Salida - P2,F400-00072061,-6.6,1090.8
Consumo,LIMA EXPRESA,D9Z911,2025-11-13,Peaje Huánuco – P8   ,F400-00072061,-6.6,1084.2
Consumo,LIMA EXPRESA,VE-31,2025-11-13,Peaje de Monterrico Entrada - P1,F400-00072061,-26.4,1057.8
Consumo,LIMA EXPRESA,VE-30,2025-11-13,Peaje de Monterrico Salida - P2,F400-00072061,-26.4,1031.4
Consumo,LIMA EXPRESA,VE-12,2025-11-13,Peaje de Monterrico Entrada - P1,F400-00072061,-26.4,1005.0
Consumo,LIMA EXPRESA,VE-35,2025-11-13,Peaje de Monterrico Entrada - P1,F400-00072061,-26.4,978.6
Consumo,LIMA EXPRESA,CUC445,2025-11-13,Peaje de Monterrico Entrada - P1,F400-00072061,-6.6,972.0
Consumo,LIMA EXPRESA,VE-19,2025-11-13,Peaje Estadio – P10   ,F400-00072061,-26.4,945.6
Consumo,LIMA EXPRESA,VE-35,2025-11-13,Peaje de Monterrico Salida - P2,F400-00072061,-26.4,919.2
Consumo,LIMA EXPRESA,VE-19,2025-11-13,Peaje de Monterrico Entrada - P1,F400-00072061,-26.4,892.8
Consumo,LIMA EXPRESA,ANQ212,2025-11-13,Peaje de Monterrico Salida - P2,F400-00072061,-6.6,886.2
Consumo,LIMA EXPRESA,ANQ212,2025-11-13,Peaje Huánuco – P8   ,F400-00072061,-6.6,879.6
Consumo,LIMA EXPRESA,VE-19,2025-11-13,Peaje de Monterrico Salida - P2,F400-00072061,-26.4,853.2
Consumo,LIMA EXPRESA,VE-27,2025-11-13,Peaje Estadio – P10   ,F400-00072061,-26.4,826.8
Consumo,LIMA EXPRESA,VE-27,2025-11-13,Peaje de Monterrico Entrada - P1,F400-00072061,-26.4,800.4
Consumo,LIMA EXPRESA,VE-27,2025-11-13,Peaje de Monterrico Salida - P2,F400-00072061,-26.4,774.0
Consumo,LIMA EXPRESA,VE-27,2025-11-14,Peaje de Monterrico Entrada - P1,F400-00072061,-26.4,747.6
Consumo,LIMA EXPRESA,VE-27,2025-11-14,Peaje de Monterrico Salida - P2,F400-00072061,-26.4,721.2
Consumo,LIMA EXPRESA,VE-35,2025-11-14,Peaje de Priale Entrada - P6,F400-00072061,-26.4,694.8
Consumo,LIMA EXPRESA,VE-35,2025-11-14,Peaje de Priale Salida - P7,F400-00072061,-26.4,668.4
Consumo,LIMA EXPRESA,VE-20,2025-11-14,Peaje de Monterrico Entrada - P1,F400-00072061,-26.4,642.0
Consumo,LIMA EXPRESA,VE-31,2025-11-14,Peaje de Monterrico Entrada - P1,F400-00072061,-26.4,615.6
Consumo,LIMA EXPRESA,VE-12,2025-11-14,Peaje de Monterrico Entrada - P1,F400-00072061,-26.4,589.2
Consumo,LIMA EXPRESA,VE-05,2025-11-14,Peaje de Priale Entrada - P6,F400-00072061,-39.6,549.6
Consumo,LIMA EXPRESA,VE-35,2025-11-14,Peaje de Monterrico Entrada - P1,F400-00072061,-26.4,523.2
Consumo,LIMA EXPRESA,VE-20,2025-11-14,Peaje de Monterrico Salida - P2,F400-00072061,-26.4,496.8
Consumo,LIMA EXPRESA,VE-31,2025-11-14,Peaje de Monterrico Salida - P2,F400-00072061,-26.4,470.4
Consumo,LIMA EXPRESA,VE-07,2025-11-14,Peaje de El Pino - P5,F400-00072061,-39.6,430.8
Recarga PEX,PEX,,2025-11-14,,TR006-001005335,2500.0,2930.8
Consumo,LIMA EXPRESA,VE-12,2025-11-14,Peaje de Monterrico Salida - P2,F400-00072061,-26.4,2904.4
Consumo,LIMA EXPRESA,VE-07,2025-11-14,Peaje de Santa Anita - P4,F400-00072061,-39.6,2864.8
Consumo,LIMA EXPRESA,VE-35,2025-11-14,Peaje de Monterrico Salida - P2,F400-00072061,-26.4,2838.4
Consumo,LIMA EXPRESA,VE-20,2025-11-14,Peaje de Priale Entrada - P6,F400-00072061,-26.4,2812.0
Consumo,LIMA EXPRESA,VE-20,2025-11-14,Peaje de Priale Salida - P7,F400-00072061,-26.4,2785.6
Consumo,LIMA EXPRESA,VE-12,2025-11-14,Peaje de Monterrico Entrada - P1,F400-00072061,-26.4,2759.2
Consumo,LIMA EXPRESA,VE-12,2025-11-14,Peaje de Monterrico Salida - P2,F400-00072061,-26.4,2732.8
Consumo,LIMA EXPRESA,VE-35,2025-11-14,Peaje de Monterrico Entrada - P1,F400-00072061,-26.4,2706.4
Consumo,LIMA EXPRESA,VE-05,2025-11-14,Peaje de El Pino - P5,F400-00072061,-39.6,2666.8
Consumo,LIMA EXPRESA,VE-20,2025-11-14,Peaje de Monterrico Entrada - P1,F400-00072061,-26.4,2640.4
Consumo,LIMA EXPRESA,VE-05,2025-11-14,Peaje de Separadora Salida - P3,F400-00072061,-39.6,2600.8
Consumo,LIMA EXPRESA,VE-07,2025-11-14,Peaje de El Pino - P5,F400-00072061,-39.6,2561.2
Consumo,LIMA EXPRESA,VE-31,2025-11-14,Peaje de Monterrico Entrada - P1,F400-00072061,-26.4,2534.8
Consumo,LIMA EXPRESA,VE-35,2025-11-14,Peaje de Monterrico Salida - P2,F400-00072061,-26.4,2508.4
Consumo,LIMA EXPRESA,VE-12,2025-11-14,Peaje de Monterrico Entrada - P1,F400-00072061,-26.4,2482.0
Consumo,LIMA EXPRESA,VE-20,2025-11-14,Peaje de Monterrico Salida - P2,F400-00072061,-26.4,2455.6
Consumo,LIMA EXPRESA,VE-07,2025-11-14,Peaje de Santa Anita - P4,F400-00072061,-33.0,2422.6
Consumo,LIMA EXPRESA,VE-30,2025-11-15,Peaje de Priale Entrada - P6,F400-00072061,-26.4,2396.2
Consumo,LIMA EXPRESA,VE-30,2025-11-15,Peaje de Priale Salida - P7,F400-00072061,-26.4,2369.8
Consumo,LIMA EXPRESA,VE-35,2025-11-15,Peaje de Priale Entrada - P6,F400-00072061,-26.4,2343.4
Consumo,LIMA EXPRESA,VE-05,2025-11-15,Peaje de Priale Salida - P7,F400-00072061,-39.6,2303.8
Consumo,LIMA EXPRESA,VE-35,2025-11-15,Peaje de Priale Salida - P7,F400-00072061,-26.4,2277.4
Consumo,LIMA EXPRESA,VE-31,2025-11-15,Peaje de Priale Entrada - P6,F400-00072061,-26.4,2251.0
Consumo,LIMA EXPRESA,VE-12,2025-11-15,Peaje de Priale Entrada - P6,F400-00072061,-26.4,2224.6
Consumo,LIMA EXPRESA,VE-20,2025-11-15,Peaje de Priale Entrada - P6,F400-00072061,-26.4,2198.2
Consumo,LIMA EXPRESA,VE-31,2025-11-15,Peaje de Priale Salida - P7,F400-00072061,-26.4,2171.8
Consumo,LIMA EXPRESA,VE-12,2025-11-15,Peaje de Priale Salida - P7,F400-00072061,-26.4,2145.4
Consumo,LIMA EXPRESA,VE-35,2025-11-15,Peaje de Monterrico Entrada - P1,F400-00072061,-26.4,2119.0
Consumo,LIMA EXPRESA,VE-35,2025-11-15,Peaje de Monterrico Salida - P2,F400-00072061,-26.4,2092.6
Consumo,LIMA EXPRESA,VE-10,2025-11-15,Peaje de El Pino - P5,F400-00072061,-39.6,2053.0
Consumo,LIMA EXPRESA,VE-20,2025-11-15,Peaje de Priale Salida - P7,F400-00072061,-26.4,2026.6
Consumo,LIMA EXPRESA,VE-31,2025-11-15,Peaje de Monterrico Entrada - P1,F400-00072061,-26.4,2000.2
Consumo,LIMA EXPRESA,VE-07,2025-11-15,Peaje de El Pino - P5,F400-00072061,-39.6,1960.6
Consumo,LIMA EXPRESA,VE-09,2025-11-15,Peaje de El Pino - P5,F400-00072061,-39.6,1921.0
Consumo,LIMA EXPRESA,VE-10,2025-11-15,Peaje de Separadora Salida - P3,F400-00072833,-39.6,1881.4
Consumo,LIMA EXPRESA,VE-09,2025-11-15,Peaje de Separadora Salida - P3,F400-00072833,-39.6,1841.8
Consumo,LIMA EXPRESA,APF856,2025-11-15,Peaje Estadio – P10   ,F400-00072061,-6.6,1835.2
Consumo,LIMA EXPRESA,APF856,2025-11-15,Peaje de El Pino - P5,F400-00072061,-6.6,1828.6
Consumo,LIMA EXPRESA,VE-07,2025-11-15,Peaje de Santa Anita - P4,F400-00072061,-39.6,1789.0
Consumo,LIMA EXPRESA,VE-35,2025-11-15,Peaje de Priale Entrada - P6,F400-00072061,-26.4,1762.6
Consumo,LIMA EXPRESA,VE-07,2025-11-15,Peaje Huánuco – P8   ,F400-00072061,-39.6,1723.0
Consumo,LIMA EXPRESA,APF856,2025-11-15,Peaje de Santa Anita - P4,F400-00072061,-6.6,1716.4
Consumo,LIMA EXPRESA,VE-20,2025-11-15,Peaje de Priale Entrada - P6,F400-00072061,-26.4,1690.0
Consumo,LIMA EXPRESA,VE-35,2025-11-15,Peaje de Priale Salida - P7,F400-00072061,-26.4,1663.6
Consumo,LIMA EXPRESA,APF856,2025-11-15,Peaje Huánuco – P8   ,F400-00072061,-6.6,1657.0
Consumo,LIMA EXPRESA,VE-20,2025-11-15,Peaje de Priale Salida - P7,F400-00072061,-26.4,1630.6
Consumo,LIMA EXPRESA,VE-35,2025-11-17,Peaje de Priale Entrada - P6,F400-00072833,-26.4,1604.2
Consumo,LIMA EXPRESA,VE-05,2025-11-17,Peaje de Priale Entrada - P6,F400-00072833,-39.6,1564.6
Consumo,LIMA EXPRESA,VE-12,2025-11-17,Peaje de Priale Entrada - P6,F400-00072833,-26.4,1538.2
Consumo,LIMA EXPRESA,APF856,2025-11-17,Peaje Estadio – P10   ,F400-00072833,-6.6,1531.6
Consumo,LIMA EXPRESA,VE-31,2025-11-17,Peaje de Monterrico Entrada - P1,F400-00072833,-26.4,1505.2
Consumo,LIMA EXPRESA,APF856,2025-11-17,Peaje de Monterrico Entrada - P1,F400-00072833,-6.6,1498.6
Consumo,LIMA EXPRESA,VE-12,2025-11-17,Peaje de Priale Salida - P7,F400-00072833,-26.4,1472.2
Consumo,LIMA EXPRESA,VE-33,2025-11-17,Peaje de Monterrico Entrada - P1,F400-00072833,-26.4,1445.8
Consumo,LIMA EXPRESA,VE-20,2025-11-17,Peaje de Priale Entrada - P6,F400-00072833,-26.4,1419.4
Consumo,LIMA EXPRESA,APF856,2025-11-17,Peaje de Monterrico Salida - P2,F400-00072833,-6.6,1412.8
Consumo,LIMA EXPRESA,VE-20,2025-11-17,Peaje de Priale Salida - P7,F400-00072833,-26.4,1386.4
Consumo,LIMA EXPRESA,VE-31,2025-11-17,Peaje de Monterrico Salida - P2,F400-00072833,-26.4,1360.0
Consumo,LIMA EXPRESA,VE-35,2025-11-17,Peaje de Priale Salida - P7,F400-00072833,-26.4,1333.6
Consumo,LIMA EXPRESA,VE-30,2025-11-17,Peaje Huánuco – P8   ,F400-00072833,-26.4,1307.2
Consumo,LIMA EXPRESA,VE-12,2025-11-17,Peaje de Monterrico Entrada - P1,F400-00072833,-26.4,1280.8
Consumo,LIMA EXPRESA,VE-33,2025-11-17,Peaje de Monterrico Salida - P2,F400-00072833,-26.4,1254.4
Consumo,LIMA EXPRESA,VE-20,2025-11-17,Peaje de Monterrico Entrada - P1,F400-00072833,-26.4,1228.0
Consumo,LIMA EXPRESA,VE-35,2025-11-17,Peaje de Monterrico Entrada - P1,F400-00072833,-26.4,1201.6
Consumo,LIMA EXPRESA,VE-20,2025-11-17,Peaje de Monterrico Salida - P2,F400-00072833,-26.4,1175.2
Consumo,LIMA EXPRESA,VE-31,2025-11-17,Peaje de Monterrico Entrada - P1,F400-00072833,-26.4,1148.8
Consumo,LIMA EXPRESA,VE-35,2025-11-17,Peaje de Monterrico Salida - P2,F400-00072833,-26.4,1122.4
Consumo,LIMA EXPRESA,VE-05,2025-11-17,Peaje de El Pino - P5,F400-00072833,-39.6,1082.8
Consumo,LIMA EXPRESA,VE-05,2025-11-17,Peaje de Monterrico Entrada - P1,F400-00072833,-39.6,1043.2
Consumo,LIMA EXPRESA,APF856,2025-11-17,Peaje Estadio – P10   ,F400-00072833,-6.6,1036.6
Consumo,LIMA EXPRESA,VE-31,2025-11-17,Peaje de Monterrico Salida - P2,F400-00072833,-26.4,1010.2
Consumo,LIMA EXPRESA,VE-06,2025-11-17,Peaje de Priale Entrada - P6,F400-00072833,-39.6,970.6
Consumo,LIMA EXPRESA,APF856,2025-11-17,Peaje de El Pino - P5,F400-00072833,-6.6,964.0
Consumo,LIMA EXPRESA,VE-35,2025-11-17,Peaje de Monterrico Entrada - P1,F400-00072833,-26.4,937.6
Consumo,LIMA EXPRESA,VE-12,2025-11-17,Peaje de Monterrico Entrada - P1,F400-00072833,-26.4,911.2
Consumo,LIMA EXPRESA,APF856,2025-11-17,Peaje de Monterrico Salida - P2,F400-00072833,-6.6,904.6
Consumo,LIMA EXPRESA,APF856,2025-11-17,Peaje Huánuco – P8   ,F400-00072833,-6.6,898.0
Consumo,LIMA EXPRESA,VE-35,2025-11-17,Peaje de Monterrico Salida - P2,F400-00072833,-26.4,871.6
Consumo,LIMA EXPRESA,VE-31,2025-11-17,Peaje de Monterrico Entrada - P1,F400-00072833,-26.4,845.2
Consumo,LIMA EXPRESA,VE-05,2025-11-17,Peaje de Monterrico Salida - P2,F400-00072833,-39.6,805.6
Consumo,LIMA EXPRESA,VE-19,2025-11-17,Peaje Estadio – P10   ,F400-00072833,-26.4,779.2
Consumo,LIMA EXPRESA,VE-29,2025-11-17,Peaje Estadio – P10   ,F400-00072833,-26.4,752.8
Consumo,LIMA EXPRESA,VE-19,2025-11-17,Peaje de Monterrico Entrada - P1,F400-00072833,-26.4,726.4
Consumo,LIMA EXPRESA,VE-29,2025-11-17,Peaje de Monterrico Entrada - P1,F400-00072833,-26.4,700.0
Consumo,LIMA EXPRESA,VE-19,2025-11-17,Peaje de Monterrico Salida - P2,F400-00072833,-26.4,673.6
Consumo,LIMA EXPRESA,VE-29,2025-11-17,Peaje de Monterrico Salida - P2,F400-00072833,-26.4,647.2
Consumo,LIMA EXPRESA,VE-29,2025-11-18,Peaje de Monterrico Entrada - P1,F400-00072833,-26.4,620.8
Consumo,LIMA EXPRESA,VE-19,2025-11-18,Peaje de Monterrico Salida - P2,F400-00072833,-26.4,594.4
Consumo,LIMA EXPRESA,VE-29,2025-11-18,Peaje de Monterrico Salida - P2,F400-00072833,-26.4,568.0
Consumo,LIMA EXPRESA,VE-35,2025-11-18,Peaje de Priale Entrada - P6,F400-00072833,-26.4,541.6
Consumo,LIMA EXPRESA,VE-35,2025-11-18,Peaje de Priale Salida - P7,F400-00072833,-26.4,515.2
Consumo,LIMA EXPRESA,VE-12,2025-11-18,Peaje de Priale Entrada - P6,F400-00072833,-26.4,488.8
Consumo,LIMA EXPRESA,VE-20,2025-11-18,Peaje de Monterrico Entrada - P1,F400-00072833,-26.4,462.4
Consumo,LIMA EXPRESA,VE-31,2025-11-18,Peaje de Monterrico Entrada - P1,F400-00072833,-26.4,436.0
Consumo,LIMA EXPRESA,VE-05,2025-11-18,Peaje de Priale Entrada - P6,F400-00072833,-39.6,396.4
Consumo,LIMA EXPRESA,VE-12,2025-11-18,Peaje de Priale Salida - P7,F400-00072833,-26.4,370.0
Consumo,LIMA EXPRESA,VE-35,2025-11-18,Peaje de Monterrico Entrada - P1,F400-00072833,-26.4,343.6
Consumo,LIMA EXPRESA,CUC445,2025-11-18,Peaje Estadio – P10   ,F400-00072833,-6.6,337.0
Consumo,LIMA EXPRESA,VE-20,2025-11-18,Peaje de Monterrico Salida - P2,F400-00072833,-26.4,310.6
Consumo,LIMA EXPRESA,CUC445,2025-11-18,Peaje de Monterrico Entrada - P1,F400-00072833,-6.6,304.0
Consumo,LIMA EXPRESA,VE-31,2025-11-18,Peaje de Monterrico Salida - P2,F400-00072833,-26.4,277.6
Consumo,LIMA EXPRESA,VE-35,2025-11-18,Peaje de Monterrico Salida - P2,F400-00072833,-26.4,251.2
Consumo,LIMA EXPRESA,VE-12,2025-11-18,Peaje de Monterrico Entrada - P1,F400-00072833,-26.4,224.8
Consumo,LIMA EXPRESA,VE-06,2025-11-18,Peaje de El Pino - P5,F400-00072833,-39.6,185.2
Consumo,LIMA EXPRESA,VE-07,2025-11-18,Peaje de El Pino - P5,F400-00072833,-19.8,165.4
Consumo,LIMA EXPRESA,VE-20,2025-11-18,Peaje de Monterrico Entrada - P1,F400-00072833,-26.4,139.0
Consumo,LIMA EXPRESA,VE-09,2025-11-18,Peaje de El Pino - P5,F400-00072833,-39.6,99.4
Consumo,LIMA EXPRESA,VE-10,2025-11-18,Peaje de El Pino - P5,F400-00072833,-39.6,59.8
Consumo,LIMA EXPRESA,VE-07,2025-11-18,Peaje de Santa Anita - P4,F400-00072833,-19.8,40.0
Consumo,LIMA EXPRESA,VE-06,2025-11-18,Peaje de Santa Anita - P4,F400-00072833,-39.6,0.4
Consumo,LIMA EXPRESA,VE-09,2025-11-18,Peaje de Separadora Salida - P3,F400-00072833,-19.8,-19.4
Consumo,LIMA EXPRESA,VE-10,2025-11-18,Peaje de Separadora Salida - P3,F400-00072833,-39.6,-59.0
Consumo,LIMA EXPRESA,VE-35,2025-11-18,Peaje de Monterrico Entrada - P1,F400-00072833,-26.4,-85.4
Consumo,LIMA EXPRESA,VE-31,2025-11-18,Peaje de Monterrico Entrada - P1,F400-00072833,-26.4,-111.8
Consumo,LIMA EXPRESA,VE-12,2025-11-18,Peaje de Monterrico Salida - P2,F400-00072833,-26.4,-138.2
Consumo,LIMA EXPRESA,VE-20,2025-11-18,Peaje de Monterrico Salida - P2,F400-00072833,-26.4,-164.6
Consumo,LIMA EXPRESA,VE-35,2025-11-18,Peaje de Monterrico Salida - P2,F400-00072833,-26.4,-191.0
Consumo,LIMA EXPRESA,VE-31,2025-11-18,Peaje de Monterrico Salida - P2,F400-00072833,-26.4,-217.4
Recarga PEX,PEX,,2025-11-18,,TR006-001007689,1000.0,782.6
Consumo,LIMA EXPRESA,VE-31,2025-11-18,Peaje de Monterrico Entrada - P1,F400-00072833,-26.4,756.2
Consumo,LIMA EXPRESA,CUC445,2025-11-18,Peaje de Monterrico Salida - P2,F400-00072833,-6.6,749.6
Consumo,LIMA EXPRESA,CUC445,2025-11-18,Peaje Huánuco – P8   ,F400-00072833,-6.6,743.0
Consumo,LIMA EXPRESA,VE-07,2025-11-19,Peaje de El Pino - P5,F400-00072833,-39.6,703.4
Consumo,LIMA EXPRESA,VE-10,2025-11-19,Peaje de El Pino - P5,F400-00072833,-39.6,663.8
Consumo,LIMA EXPRESA,VE-09,2025-11-19,Peaje de El Pino - P5,F400-00072833,-39.6,624.2
Consumo,LIMA EXPRESA,VE-06,2025-11-19,Peaje de El Pino - P5,F400-00072833,-39.6,584.6
Consumo,LIMA EXPRESA,VE-35,2025-11-19,Peaje de Priale Entrada - P6,F400-00072833,-26.4,558.2
Consumo,LIMA EXPRESA,VE-35,2025-11-19,Peaje de Priale Salida - P7,F400-00072833,-26.4,531.8
Consumo,LIMA EXPRESA,VE-20,2025-11-19,Peaje de Monterrico Entrada - P1,F400-00072833,-26.4,505.4
Consumo,LIMA EXPRESA,VE-07,2025-11-19,Peaje de Santa Anita - P4,F400-00072833,-39.6,465.8
Consumo,LIMA EXPRESA,VE-10,2025-11-19,Peaje de Separadora Salida - P3,F400-00072833,-39.6,426.2
Consumo,LIMA EXPRESA,VE-09,2025-11-19,Peaje de Separadora Salida - P3,F400-00072833,-39.6,386.6
Consumo,LIMA EXPRESA,VE-06,2025-11-19,Peaje de Santa Anita - P4,F400-00072833,-39.6,347.0
Consumo,LIMA EXPRESA,CUC445,2025-11-19,Peaje Estadio – P10   ,F400-00072833,-6.6,340.4
Consumo,LIMA EXPRESA,CUC445,2025-11-19,Peaje de Monterrico Entrada - P1,F400-00072833,-6.6,333.8
Consumo,LIMA EXPRESA,VE-12,2025-11-19,Peaje de Priale Entrada - P6,F400-00072833,-26.4,307.4
Consumo,LIMA EXPRESA,VE-31,2025-11-19,Peaje de Priale Entrada - P6,F400-00072833,-26.4,281.0
Consumo,LIMA EXPRESA,VE-31,2025-11-19,Peaje de Priale Salida - P7,F400-00072833,-26.4,254.6
Consumo,LIMA EXPRESA,VE-12,2025-11-19,Peaje de Priale Salida - P7,F400-00072833,-26.4,228.2
Consumo,LIMA EXPRESA,VE-20,2025-11-19,Peaje de Monterrico Salida - P2,F400-00072833,-26.4,201.8
Consumo,LIMA EXPRESA,VE-35,2025-11-19,Peaje de Monterrico Entrada - P1,F400-00072833,-26.4,175.4
Consumo,LIMA EXPRESA,VE-05,2025-11-19,Peaje Huánuco – P8   ,F400-00072833,-19.8,155.6
Consumo,LIMA EXPRESA,VE-31,2025-11-19,Peaje de Monterrico Entrada - P1,F400-00072833,-26.4,129.2
Consumo,LIMA EXPRESA,VE-20,2025-11-19,Peaje de Monterrico Entrada - P1,F400-00072833,-26.4,102.8
Consumo,LIMA EXPRESA,VE-07,2025-11-19,Peaje de El Pino - P5,F400-00072833,-39.6,63.2
Consumo,LIMA EXPRESA,VE-35,2025-11-19,Peaje de Monterrico Salida - P2,F400-00072833,-26.4,36.8
Consumo,LIMA EXPRESA,VE-09,2025-11-19,Peaje de El Pino - P5,F400-00072833,-39.6,-2.8
Consumo,LIMA EXPRESA,VE-07,2025-11-19,Peaje de Santa Anita - P4,F400-00072833,-39.6,-42.4
Consumo,LIMA EXPRESA,VE-06,2025-11-19,Peaje de El Pino - P5,F400-00072833,-39.6,-82.0
Consumo,LIMA EXPRESA,VE-09,2025-11-19,Peaje de Separadora Salida - P3,F400-00072833,-39.6,-121.6
Consumo,LIMA EXPRESA,VE-06,2025-11-19,Peaje de Santa Anita - P4,F400-00072833,-39.6,-161.2
Consumo,LIMA EXPRESA,VE-20,2025-11-19,Peaje de Monterrico Salida - P2,F400-00072833,-26.4,-187.6
Recarga PEX,PEX,,2025-11-19,,TR006-001008399,2500.0,2312.4
Consumo,LIMA EXPRESA,CUC445,2025-11-19,Peaje de Monterrico Salida - P2,F400-00072833,-6.6,2305.8
Consumo,LIMA EXPRESA,CUC445,2025-11-19,Peaje Huánuco – P8   ,F400-00072833,-6.6,2299.2
Consumo,LIMA EXPRESA,VE-05,2025-11-19,Peaje de Monterrico Salida - P2,F400-00072833,-39.6,2259.6
Consumo,LIMA EXPRESA,VE-07,2025-11-20,Peaje de El Pino - P5,F400-00072833,-39.6,2220.0
Consumo,LIMA EXPRESA,VE-06,2025-11-20,Peaje de El Pino - P5,F400-00072833,-39.6,2180.4
Consumo,LIMA EXPRESA,VE-35,2025-11-20,Peaje de Priale Entrada - P6,F400-00072833,-26.4,2154.0
Consumo,LIMA EXPRESA,VE-35,2025-11-20,Peaje Huánuco – P8   ,F400-00072833,-26.4,2127.6
Consumo,LIMA EXPRESA,VE-05,2025-11-20,Peaje de Priale Salida - P7,F400-00072833,-19.8,2107.8
Consumo,LIMA EXPRESA,VE-12,2025-11-20,Peaje de Priale Entrada - P6,F400-00072833,-26.4,2081.4
Consumo,LIMA EXPRESA,VE-31,2025-11-20,Peaje de Monterrico Entrada - P1,F400-00072833,-26.4,2055.0
Consumo,LIMA EXPRESA,VE-27,2025-11-20,Peaje de El Pino - P5,F400-00072833,-26.4,2028.6
Consumo,LIMA EXPRESA,VE-30,2025-11-20,Peaje de El Pino - P5,F400-00072833,-26.4,2002.2
Consumo,LIMA EXPRESA,VE-20,2025-11-20,Peaje de Monterrico Entrada - P1,F400-00072833,-26.4,1975.8
Consumo,LIMA EXPRESA,CUC445,2025-11-20,Peaje Estadio – P10   ,F400-00072833,-6.6,1969.2
Consumo,LIMA EXPRESA,VE-12,2025-11-20,Peaje de Priale Salida - P7,F400-00072833,-26.4,1942.8
Consumo,LIMA EXPRESA,CUC445,2025-11-20,Peaje de Monterrico Entrada - P1,F400-00072833,-6.6,1936.2
Consumo,LIMA EXPRESA,VE-06,2025-11-20,Peaje de Santa Anita - P4,F400-00072833,-39.6,1896.6
Consumo,LIMA EXPRESA,VE-07,2025-11-20,Peaje de Santa Anita - P4,F400-00072833,-39.6,1857.0
Consumo,LIMA EXPRESA,VE-35,2025-11-20,Peaje Estadio – P10   ,F400-00072833,-26.4,1830.6
Consumo,LIMA EXPRESA,VE-35,2025-11-20,Peaje de Priale Salida - P7,F400-00072833,-26.4,1804.2
Consumo,LIMA EXPRESA,VE-06,2025-11-20,Peaje Huánuco – P8   ,F400-00072833,-19.8,1784.4
Consumo,LIMA EXPRESA,VE-07,2025-11-20,Peaje Huánuco – P8   ,F400-00072833,-19.8,1764.6
Consumo,LIMA EXPRESA,VE-20,2025-11-20,Peaje de Monterrico Salida - P2,F400-00072833,-26.4,1738.2
Consumo,LIMA EXPRESA,VE-31,2025-11-20,Peaje de Monterrico Salida - P2,F400-00072833,-26.4,1711.8
Consumo,LIMA EXPRESA,VE-12,2025-11-20,Peaje de Monterrico Entrada - P1,F400-00072833,-26.4,1685.4
Consumo,LIMA EXPRESA,VE-20,2025-11-20,Peaje de Monterrico Entrada - P1,F400-00072833,-26.4,1659.0
Consumo,LIMA EXPRESA,VE-35,2025-11-20,Peaje de Priale Entrada - P6,F400-00072833,-26.4,1632.6
Consumo,LIMA EXPRESA,VE-35,2025-11-20,Peaje Huánuco – P8   ,F400-00072833,-26.4,1606.2
Consumo,LIMA EXPRESA,VE-31,2025-11-20,Peaje de Monterrico Entrada - P1,F400-00072833,-26.4,1579.8
Consumo,LIMA EXPRESA,VE-12,2025-11-20,Peaje de Monterrico Salida - P2,F400-00072833,-26.4,1553.4
Consumo,LIMA EXPRESA,VE-20,2025-11-20,Peaje de Monterrico Salida - P2,F400-00072833,-26.4,1527.0
Consumo,LIMA EXPRESA,VE-35,2025-11-20,Peaje Estadio – P10   ,F400-00072833,-26.4,1500.6
Consumo,LIMA EXPRESA,VE-35,2025-11-20,Peaje de Priale Salida - P7,F400-00072833,-26.4,1474.2
Consumo,LIMA EXPRESA,VE-31,2025-11-20,Peaje de Monterrico Salida - P2,F400-00072833,-26.4,1447.8
Consumo,LIMA EXPRESA,CUC445,2025-11-20,Peaje de Monterrico Salida - P2,F400-00072833,-6.6,1441.2
Consumo,LIMA EXPRESA,ANQ212,2025-11-20,Peaje de Monterrico Salida - P2,F400-00072833,-6.6,1434.6
Consumo,LIMA EXPRESA,ANQ212,2025-11-20,Peaje Huánuco – P8   ,F400-00072833,-6.6,1428.0
Consumo,LIMA EXPRESA,VE-35,2025-11-21,Peaje de Priale Entrada - P6,F400-00072833,-26.4,1401.6
Consumo,LIMA EXPRESA,VE-05,2025-11-21,Peaje de Priale Entrada - P6,F400-00072833,-39.6,1362.0
Consumo,LIMA EXPRESA,VE-20,2025-11-21,Peaje de Priale Entrada - P6,F400-00072833,-26.4,1335.6
Consumo,LIMA EXPRESA,VE-31,2025-11-21,Peaje de Priale Entrada - P6,F400-00072833,-26.4,1309.2
Consumo,LIMA EXPRESA,VE-12,2025-11-21,Peaje de Priale Entrada - P6,F400-00072833,-26.4,1282.8
Consumo,LIMA EXPRESA,VE-31,2025-11-21,Peaje de Priale Salida - P7,F400-00072833,-26.4,1256.4
Consumo,LIMA EXPRESA,VE-12,2025-11-21,Peaje de Priale Salida - P7,F400-00072833,-26.4,1230.0
Consumo,LIMA EXPRESA,VE-07,2025-11-21,Peaje de El Pino - P5,F400-00072833,-39.6,1190.4
Consumo,LIMA EXPRESA,VE-35,2025-11-21,Peaje de Priale Salida - P7,F400-00072833,-26.4,1164.0
Consumo,LIMA EXPRESA,VE-20,2025-11-21,Peaje de Priale Salida - P7,F400-00072833,-26.4,1137.6
Consumo,LIMA EXPRESA,VE-07,2025-11-21,Peaje de Santa Anita - P4,F400-00072833,-39.6,1098.0
Consumo,LIMA EXPRESA,VE-31,2025-11-21,Peaje de Monterrico Entrada - P1,F400-00072833,-26.4,1071.6
Consumo,LIMA EXPRESA,VE-07,2025-11-21,Peaje Huánuco – P8   ,F400-00072833,-19.8,1051.8
Consumo,LIMA EXPRESA,VE-12,2025-11-21,Peaje de Monterrico Entrada - P1,F400-00072833,-26.4,1025.4
Consumo,LIMA EXPRESA,VE-35,2025-11-21,Peaje de Priale Entrada - P6,F400-00072833,-26.4,999.0
Consumo,LIMA EXPRESA,VE-20,2025-11-21,Peaje de Monterrico Entrada - P1,F400-00072833,-26.4,972.6
Consumo,LIMA EXPRESA,VE-12,2025-11-21,Peaje de Monterrico Salida - P2,F400-00072833,-26.4,946.2
Consumo,LIMA EXPRESA,VE-31,2025-11-21,Peaje de Monterrico Salida - P2,F400-00072833,-26.4,919.8
Consumo,LIMA EXPRESA,VE-35,2025-11-21,Peaje de Priale Salida - P7,F400-00072833,-26.4,893.4
Consumo,LIMA EXPRESA,VE-07,2025-11-21,Peaje de El Pino - P5,F400-00072833,-39.6,853.8
Consumo,LIMA EXPRESA,VE-07,2025-11-21,Peaje de Santa Anita - P4,F400-00072833,-39.6,814.2
Consumo,LIMA EXPRESA,VE-29,2025-11-21,Peaje de Monterrico Entrada - P1,F400-00072833,-26.4,787.8
Consumo,LIMA EXPRESA,VE-29,2025-11-21,Peaje de Monterrico Salida - P2,F400-00072833,-26.4,761.4
Consumo,LIMA EXPRESA,VE-19,2025-11-21,Peaje de Monterrico Salida - P2,F400-00072833,-26.4,735.0
Consumo,LIMA EXPRESA,VE-35,2025-11-22,Peaje de Priale Entrada - P6,F400-00072833,-26.4,708.6
Consumo,LIMA EXPRESA,VE-20,2025-11-22,Peaje de Monterrico Entrada - P1,F400-00072833,-26.4,682.2
Consumo,LIMA EXPRESA,VE-35,2025-11-22,Peaje de Priale Salida - P7,F400-00072833,-26.4,655.8
Consumo,LIMA EXPRESA,VE-31,2025-11-22,Peaje de Monterrico Entrada - P1,F400-00072833,-26.4,629.4
Consumo,LIMA EXPRESA,VE-20,2025-11-22,Peaje de Monterrico Salida - P2,F400-00072833,-26.4,603.0
Consumo,LIMA EXPRESA,VE-12,2025-11-22,Peaje de Monterrico Entrada - P1,F400-00072833,-26.4,576.6
Consumo,LIMA EXPRESA,VE-35,2025-11-22,Peaje de Monterrico Entrada - P1,F400-00072833,-26.4,550.2
Consumo,LIMA EXPRESA,CUC445,2025-11-22,Peaje Estadio – P10   ,F400-00072833,-6.6,543.6
Consumo,LIMA EXPRESA,CUC445,2025-11-22,Peaje de Monterrico Entrada - P1,F400-00072833,-6.6,537.0
Consumo,LIMA EXPRESA,VE-31,2025-11-22,Peaje de Monterrico Salida - P2,F400-00072833,-26.4,510.6
Consumo,LIMA EXPRESA,VE-06,2025-11-22,Peaje de El Pino - P5,F400-00072833,-39.6,471.0
Consumo,LIMA EXPRESA,VE-06,2025-11-22,Peaje de Santa Anita - P4,F400-00072833,-39.6,431.4
Consumo,LIMA EXPRESA,VE-35,2025-11-22,Peaje de Monterrico Salida - P2,F400-00072833,-26.4,405.0
Consumo,LIMA EXPRESA,CUC445,2025-11-22,Peaje de Monterrico Salida - P2,F400-00072833,-6.6,398.4
Consumo,LIMA EXPRESA,CUC445,2025-11-22,Peaje Huánuco – P8   ,F400-00072833,-6.6,391.8
Consumo,LIMA EXPRESA,VE-12,2025-11-22,Peaje de Monterrico Salida - P2,F400-00072833,-26.4,365.4
Consumo,LIMA EXPRESA,VE-20,2025-11-22,Peaje de Priale Entrada - P6,F400-00072833,-26.4,339.0
Consumo,LIMA EXPRESA,VE-20,2025-11-22,Peaje de Priale Salida - P7,F400-00072833,-26.4,312.6
Recarga PEX,PEX,,2025-11-22,,TR006-001010368,2500.0,2812.6
Consumo,LIMA EXPRESA,VE-12,2025-11-22,Peaje de Monterrico Entrada - P1,F400-00073602,-26.4,2786.2
Consumo,LIMA EXPRESA,VE-35,2025-11-22,Peaje de Monterrico Entrada - P1,F400-00072833,-26.4,2759.8
Consumo,LIMA EXPRESA,VE-31,2025-11-22,Peaje de Monterrico Entrada - P1,F400-00072833,-26.4,2733.4
Consumo,LIMA EXPRESA,VE-27,2025-11-22,Peaje de Separadora Salida - P3,F400-00072833,-26.4,2707.0
Consumo,LIMA EXPRESA,VE-35,2025-11-22,Peaje de Monterrico Salida - P2,F400-00072833,-26.4,2680.6
Consumo,LIMA EXPRESA,VE-27,2025-11-22,Peaje Huánuco – P8   ,F400-00072833,-26.4,2654.2
Consumo,LIMA EXPRESA,VE-30,2025-11-22,Peaje de Separadora Salida - P3,F400-00072833,-26.4,2627.8
Consumo,LIMA EXPRESA,CUC445,2025-11-22,Peaje Estadio – P10   ,F400-00072833,-6.6,2621.2
Consumo,LIMA EXPRESA,CUC445,2025-11-22,Peaje de Monterrico Entrada - P1,F400-00072833,-6.6,2614.6
Consumo,LIMA EXPRESA,CUC445,2025-11-22,Peaje de Monterrico Salida - P2,F400-00072833,-6.6,2608.0
Consumo,LIMA EXPRESA,VE-05,2025-11-24,Peaje de Priale Entrada - P6,F400-00073602,-39.6,2568.4
Consumo,LIMA EXPRESA,VE-35,2025-11-24,Peaje de Priale Entrada - P6,F400-00073602,-26.4,2542.0
Consumo,LIMA EXPRESA,VE-35,2025-11-24,Peaje de Priale Salida - P7,F400-00073602,-26.4,2515.6
Consumo,LIMA EXPRESA,VE-31,2025-11-24,Peaje de Priale Entrada - P6,F400-00073602,-26.4,2489.2
Consumo,LIMA EXPRESA,VE-12,2025-11-24,Peaje de Priale Entrada - P6,F400-00073602,-26.4,2462.8
Consumo,LIMA EXPRESA,VE-20,2025-11-24,Peaje de Priale Entrada - P6,F400-00073602,-26.4,2436.4
Consumo,LIMA EXPRESA,VE-31,2025-11-24,Peaje de Priale Salida - P7,F400-00073602,-26.4,2410.0
Consumo,LIMA EXPRESA,VE-12,2025-11-24,Peaje de Priale Salida - P7,F400-00073602,-26.4,2383.6
Consumo,LIMA EXPRESA,VE-35,2025-11-24,Peaje de Monterrico Entrada - P1,F400-00073602,-26.4,2357.2
Consumo,LIMA EXPRESA,VE-20,2025-11-24,Peaje de Priale Salida - P7,F400-00073602,-26.4,2330.8
Consumo,LIMA EXPRESA,VE-06,2025-11-24,Peaje de El Pino - P5,F400-00073602,-39.6,2291.2
Consumo,LIMA EXPRESA,VE-07,2025-11-24,Peaje de El Pino - P5,F400-00073602,-39.6,2251.6
Consumo,LIMA EXPRESA,VE-06,2025-11-24,Peaje de Santa Anita - P4,F400-00073602,-39.6,2212.0
Consumo,LIMA EXPRESA,VE-07,2025-11-24,Peaje de Santa Anita - P4,F400-00073602,-39.6,2172.4
Consumo,LIMA EXPRESA,VE-35,2025-11-24,Peaje de Monterrico Salida - P2,F400-00073602,-26.4,2146.0
Consumo,LIMA EXPRESA,VE-07,2025-11-24,Peaje Huánuco – P8   ,F400-00073602,-19.8,2126.2
Consumo,LIMA EXPRESA,VE-31,2025-11-24,Peaje de Monterrico Entrada - P1,F400-00073602,-26.4,2099.8
Consumo,LIMA EXPRESA,VE-20,2025-11-24,Peaje de Monterrico Entrada - P1,F400-00073602,-26.4,2073.4
Consumo,LIMA EXPRESA,VE-12,2025-11-24,Peaje de Monterrico Entrada - P1,F400-00073602,-26.4,2047.0
Consumo,LIMA EXPRESA,VE-05,2025-11-24,Peaje de Monterrico Entrada - P1,F400-00073602,-39.6,2007.4
Consumo,LIMA EXPRESA,VE-35,2025-11-24,Peaje de Priale Entrada - P6,F400-00073602,-26.4,1981.0
Consumo,LIMA EXPRESA,VE-35,2025-11-24,Peaje Huánuco – P8   ,F400-00073602,-26.4,1954.6
Consumo,LIMA EXPRESA,VE-12,2025-11-24,Peaje de Monterrico Salida - P2,F400-00073602,-26.4,1928.2
Consumo,LIMA EXPRESA,VE-31,2025-11-24,Peaje de Monterrico Salida - P2,F400-00073602,-26.4,1901.8
Consumo,LIMA EXPRESA,VE-23,2025-11-24,Peaje de Monterrico Entrada - P1,F400-00073602,-26.4,1875.4
Consumo,LIMA EXPRESA,VE-20,2025-11-24,Peaje de Monterrico Salida - P2,F400-00073602,-26.4,1849.0
Consumo,LIMA EXPRESA,VE-05,2025-11-24,Peaje de Monterrico Salida - P2,F400-00073602,-19.8,1829.2
Consumo,LIMA EXPRESA,VE-35,2025-11-24,Peaje Estadio – P10   ,F400-00073602,-26.4,1802.8
Consumo,LIMA EXPRESA,VE-06,2025-11-24,Peaje de El Pino - P5,F400-00073602,-39.6,1763.2
Consumo,LIMA EXPRESA,VE-35,2025-11-24,Peaje de Priale Salida - P7,F400-00073602,-26.4,1736.8
Consumo,LIMA EXPRESA,VE-06,2025-11-24,Peaje de Santa Anita - P4,F400-00073602,-39.6,1697.2
Consumo,LIMA EXPRESA,VE-07,2025-11-24,Peaje de El Pino - P5,F400-00073602,-39.6,1657.6
Consumo,LIMA EXPRESA,VE-07,2025-11-24,Peaje de Santa Anita - P4,F400-00073602,-39.6,1618.0
Consumo,LIMA EXPRESA,VE-23,2025-11-24,Peaje de Monterrico Salida - P2,F400-00073602,-26.4,1591.6
Consumo,LIMA EXPRESA,VE-29,2025-11-24,Peaje de Monterrico Entrada - P1,F400-00073602,-26.4,1565.2
Consumo,LIMA EXPRESA,VE-31,2025-11-24,Peaje de Priale Entrada - P6,F400-00073602,-26.4,1538.8
Consumo,LIMA EXPRESA,VE-12,2025-11-24,Peaje de Priale Entrada - P6,F400-00073602,-26.4,1512.4
Consumo,LIMA EXPRESA,VE-29,2025-11-24,Peaje de Monterrico Salida - P2,F400-00073602,-26.4,1486.0
Consumo,LIMA EXPRESA,VE-35,2025-11-25,Peaje de Priale Entrada - P6,F400-00073602,-26.4,1459.6
Consumo,LIMA EXPRESA,VE-31,2025-11-25,Peaje de Monterrico Entrada - P1,F400-00073602,-26.4,1433.2
Consumo,LIMA EXPRESA,VE-20,2025-11-25,Peaje de Monterrico Entrada - P1,F400-00073602,-26.4,1406.8
Consumo,LIMA EXPRESA,VE-05,2025-11-25,Peaje de Priale Entrada - P6,F400-00073602,-39.6,1367.2
Consumo,LIMA EXPRESA,VE-31,2025-11-25,Peaje de Monterrico Salida - P2,F400-00073602,-26.4,1340.8
Consumo,LIMA EXPRESA,VE-06,2025-11-25,Peaje de El Pino - P5,F400-00073602,-39.6,1301.2
Consumo,LIMA EXPRESA,VE-07,2025-11-25,Peaje de El Pino - P5,F400-00073602,-39.6,1261.6
Consumo,LIMA EXPRESA,VE-06,2025-11-25,Peaje de Santa Anita - P4,F400-00073602,-39.6,1222.0
Consumo,LIMA EXPRESA,VE-07,2025-11-25,Peaje de Santa Anita - P4,F400-00073602,-33.0,1189.0
Consumo,LIMA EXPRESA,VE-20,2025-11-25,Peaje de Monterrico Salida - P2,F400-00073602,-26.4,1162.6
Consumo,LIMA EXPRESA,VE-35,2025-11-25,Peaje de Priale Salida - P7,F400-00073602,-26.4,1136.2
Consumo,LIMA EXPRESA,VE-31,2025-11-25,Peaje de Monterrico Entrada - P1,F400-00073602,-26.4,1109.8
Consumo,LIMA EXPRESA,VE-12,2025-11-25,Peaje de Monterrico Entrada - P1,F400-00073602,-26.4,1083.4
Consumo,LIMA EXPRESA,VE-35,2025-11-25,Peaje de Monterrico Entrada - P1,F400-00073602,-26.4,1057.0
Consumo,LIMA EXPRESA,VE-20,2025-11-25,Peaje de Monterrico Entrada - P1,F400-00073602,-26.4,1030.6
Consumo,LIMA EXPRESA,VE-31,2025-11-25,Peaje de Monterrico Salida - P2,F400-00073602,-26.4,1004.2
Consumo,LIMA EXPRESA,VE-20,2025-11-25,Peaje de Monterrico Salida - P2,F400-00073602,-26.4,977.8
Consumo,LIMA EXPRESA,VE-35,2025-11-25,Peaje de Monterrico Salida - P2,F400-00073602,-26.4,951.4
Consumo,LIMA EXPRESA,VE-12,2025-11-25,Peaje de Monterrico Salida - P2,F400-00073602,-26.4,925.0
Consumo,LIMA EXPRESA,VE-06,2025-11-25,Peaje de El Pino - P5,F400-00073602,-39.6,885.4
Consumo,LIMA EXPRESA,VE-07,2025-11-25,Peaje de El Pino - P5,F400-00073602,-39.6,845.8
Consumo,LIMA EXPRESA,VE-06,2025-11-25,Peaje de Santa Anita - P4,F400-00073602,-39.6,806.2
Consumo,LIMA EXPRESA,VE-07,2025-11-25,Peaje de Santa Anita - P4,F400-00073602,-39.6,766.6
Consumo,LIMA EXPRESA,VE-31,2025-11-25,Peaje de Monterrico Entrada - P1,F400-00073602,-26.4,740.2
Consumo,LIMA EXPRESA,VE-19,2025-11-25,Peaje de Monterrico Entrada - P1,F400-00073602,-26.4,713.8
Consumo,LIMA EXPRESA,VE-29,2025-11-25,Peaje de Monterrico Entrada - P1,F400-00073602,-26.4,687.4
Consumo,LIMA EXPRESA,VE-29,2025-11-26,Peaje de Monterrico Salida - P2,F400-00073602,-26.4,661.0
Consumo,LIMA EXPRESA,VE-19,2025-11-26,Peaje de Monterrico Entrada - P1,F400-00073602,-26.4,634.6
Consumo,LIMA EXPRESA,VE-35,2025-11-26,Peaje de Priale Entrada - P6,F400-00073602,-26.4,608.2
Consumo,LIMA EXPRESA,VE-10,2025-11-26,Peaje de El Pino - P5,F400-00073602,-39.6,568.6
Consumo,LIMA EXPRESA,VE-35,2025-11-26,Peaje de Priale Salida - P7,F400-00073602,-26.4,542.2
Consumo,LIMA EXPRESA,VE-20,2025-11-26,Peaje de Priale Entrada - P6,F400-00073602,-26.4,515.8
Consumo,LIMA EXPRESA,VE-09,2025-11-26,Peaje de El Pino - P5,F400-00073602,-19.8,496.0
Consumo,LIMA EXPRESA,VE-20,2025-11-26,Peaje de Priale Salida - P7,F400-00073602,-26.4,469.6
Consumo,LIMA EXPRESA,VE-10,2025-11-26,Peaje de Separadora Salida - P3,F400-00073602,-33.0,436.6
Consumo,LIMA EXPRESA,VE-31,2025-11-26,Peaje de Monterrico Entrada - P1,F400-00073602,-26.4,410.2
Consumo,LIMA EXPRESA,VE-09,2025-11-26,Peaje de Separadora Salida - P3,F400-00073602,-39.6,370.6
Consumo,LIMA EXPRESA,VE-35,2025-11-26,Peaje de Priale Entrada - P6,F400-00073602,-26.4,344.2
Consumo,LIMA EXPRESA,VE-35,2025-11-26,Peaje Huánuco – P8   ,F400-00073602,-26.4,317.8
Consumo,LIMA EXPRESA,CUC445,2025-11-26,Peaje Estadio – P10   ,F400-00073602,-6.6,311.2
Consumo,LIMA EXPRESA,CUC445,2025-11-26,Peaje de Monterrico Entrada - P1,F400-00073602,-6.6,304.6
Consumo,LIMA EXPRESA,VE-35,2025-11-26,Peaje Estadio – P10   ,F400-00073602,-26.4,278.2
Consumo,LIMA EXPRESA,VE-35,2025-11-26,Peaje de Priale Salida - P7,F400-00073602,-26.4,251.8
Consumo,LIMA EXPRESA,VE-07,2025-11-26,Peaje de El Pino - P5,F400-00073602,-39.6,212.2
Consumo,LIMA EXPRESA,VE-06,2025-11-26,Peaje de El Pino - P5,F400-00073602,-39.6,172.6
Consumo,LIMA EXPRESA,VE-19,2025-11-26,Peaje de Monterrico Salida - P2,F400-00073602,-26.4,146.2
Consumo,LIMA EXPRESA,VE-31,2025-11-26,Peaje de Monterrico Salida - P2,F400-00073602,-26.4,119.8
Consumo,LIMA EXPRESA,VE-20,2025-11-26,Peaje de Monterrico Entrada - P1,F400-00073602,-26.4,93.4
Consumo,LIMA EXPRESA,VE-07,2025-11-26,Peaje de Santa Anita - P4,F400-00073602,-19.8,73.6
Consumo,LIMA EXPRESA,VE-06,2025-11-26,Peaje de Santa Anita - P4,F400-00073602,-39.6,34.0
Recarga PEX,PEX,,2025-11-26,,TR006-001012648,2500.0,2534.0
Consumo,LIMA EXPRESA,CUC445,2025-11-26,Peaje de Monterrico Salida - P2,F400-00073602,-6.6,2527.4
Consumo,LIMA EXPRESA,VE-35,2025-11-26,Peaje de Monterrico Entrada - P1,F400-00073602,-26.4,2501.0
Consumo,LIMA EXPRESA,VE-05,2025-11-26,Peaje Huánuco – P8   ,F400-00073602,-39.6,2461.4
Consumo,LIMA EXPRESA,CUC445,2025-11-26,Peaje Huánuco – P8   ,F400-00073602,-6.6,2454.8
Consumo,LIMA EXPRESA,VE-31,2025-11-26,Peaje de Monterrico Entrada - P1,F400-00073602,-26.4,2428.4
Consumo,LIMA EXPRESA,VE-20,2025-11-26,Peaje de Monterrico Salida - P2,F400-00073602,-26.4,2402.0
Consumo,LIMA EXPRESA,VE-35,2025-11-26,Peaje de Monterrico Salida - P2,F400-00073602,-26.4,2375.6
Consumo,LIMA EXPRESA,VE-10,2025-11-26,Peaje de El Pino - P5,F400-00073602,-39.6,2336.0
Consumo,LIMA EXPRESA,VE-35,2025-11-26,Peaje de Priale Entrada - P6,F400-00073602,-26.4,2309.6
Consumo,LIMA EXPRESA,VE-09,2025-11-26,Peaje de El Pino - P5,F400-00073602,-39.6,2270.0
Consumo,LIMA EXPRESA,VE-35,2025-11-26,Peaje Huánuco – P8   ,F400-00073602,-26.4,2243.6
Consumo,LIMA EXPRESA,VE-09,2025-11-26,Peaje de Separadora Salida - P3,F400-00073602,-39.6,2204.0
Consumo,LIMA EXPRESA,VE-10,2025-11-26,Peaje de Separadora Salida - P3,F400-00073602,-39.6,2164.4
Consumo,LIMA EXPRESA,VE-31,2025-11-26,Peaje de Monterrico Salida - P2,F400-00073602,-26.4,2138.0
Consumo,LIMA EXPRESA,CUC445,2025-11-26,Peaje Estadio – P10   ,F400-00073602,-6.6,2131.4
Consumo,LIMA EXPRESA,CUC445,2025-11-26,Peaje de Monterrico Entrada - P1,F400-00073602,-6.6,2124.8
Consumo,LIMA EXPRESA,VE-35,2025-11-26,Peaje de Priale Salida - P7,F400-00073602,-26.4,2098.4
Consumo,LIMA EXPRESA,VE-31,2025-11-26,Peaje de Priale Entrada - P6,F400-00073602,-26.4,2072.0
Consumo,LIMA EXPRESA,VE-19,2025-11-26,Peaje Estadio – P10   ,F400-00073602,-26.4,2045.6
Consumo,LIMA EXPRESA,VE-19,2025-11-26,Peaje de Monterrico Entrada - P1,F400-00073602,-26.4,2019.2
Consumo,LIMA EXPRESA,VE-29,2025-11-26,Peaje Estadio – P10   ,F400-00073602,-26.4,1992.8
Consumo,LIMA EXPRESA,VE-29,2025-11-26,Peaje de Monterrico Entrada - P1,F400-00073602,-26.4,1966.4
Consumo,LIMA EXPRESA,VE-19,2025-11-26,Peaje de Monterrico Salida - P2,F400-00073602,-26.4,1940.0
Consumo,LIMA EXPRESA,VE-29,2025-11-27,Peaje de Monterrico Salida - P2,F400-00073602,-26.4,1913.6
Consumo,LIMA EXPRESA,VE-19,2025-11-27,Peaje de Monterrico Entrada - P1,F400-00073602,-26.4,1887.2
Consumo,LIMA EXPRESA,VE-29,2025-11-27,Peaje de Monterrico Entrada - P1,F400-00073602,-26.4,1860.8
Consumo,LIMA EXPRESA,VE-29,2025-11-27,Peaje de Monterrico Salida - P2,F400-00073602,-26.4,1834.4
Consumo,LIMA EXPRESA,VE-35,2025-11-27,Peaje de Priale Entrada - P6,F400-00073602,-26.4,1808.0
Consumo,LIMA EXPRESA,VE-35,2025-11-27,Peaje Huánuco – P8   ,F400-00073602,-26.4,1781.6
Consumo,LIMA EXPRESA,VE-07,2025-11-27,Peaje de El Pino - P5,F400-00073602,-39.6,1742.0
Consumo,LIMA EXPRESA,VE-12,2025-11-27,Peaje de Priale Entrada - P6,F400-00073602,-26.4,1715.6
Consumo,LIMA EXPRESA,VE-20,2025-11-27,Peaje de Monterrico Entrada - P1,F400-00073602,-26.4,1689.2
Consumo,LIMA EXPRESA,VE-12,2025-11-27,Peaje de Priale Salida - P7,F400-00073602,-26.4,1662.8
Consumo,LIMA EXPRESA,VE-35,2025-11-27,Peaje Estadio – P10   ,F400-00073602,-26.4,1636.4
Consumo,LIMA EXPRESA,VE-35,2025-11-27,Peaje de Priale Salida - P7,F400-00073602,-26.4,1610.0
Consumo,LIMA EXPRESA,VE-07,2025-11-27,Peaje de Santa Anita - P4,F400-00073602,-39.6,1570.4
Consumo,LIMA EXPRESA,VE-20,2025-11-27,Peaje de Monterrico Salida - P2,F400-00073602,-26.4,1544.0
Consumo,LIMA EXPRESA,VE-12,2025-11-27,Peaje de Monterrico Entrada - P1,F400-00073602,-26.4,1517.6
Consumo,LIMA EXPRESA,VE-35,2025-11-27,Peaje de Monterrico Entrada - P1,F400-00073602,-26.4,1491.2
Consumo,LIMA EXPRESA,VE-31,2025-11-27,Peaje de Monterrico Entrada - P1,F400-00073602,-26.4,1464.8
Consumo,LIMA EXPRESA,VE-07,2025-11-27,Peaje de Priale Entrada - P6,F400-00073602,-39.6,1425.2
Consumo,LIMA EXPRESA,VE-07,2025-11-27,Peaje Huánuco – P8   ,F400-00073602,-39.6,1385.6
Consumo,LIMA EXPRESA,VE-20,2025-11-27,Peaje de Monterrico Entrada - P1,F400-00073602,-26.4,1359.2
Consumo,LIMA EXPRESA,VE-35,2025-11-27,Peaje de Monterrico Salida - P2,F400-00073602,-26.4,1332.8
Consumo,LIMA EXPRESA,VE-20,2025-11-27,Peaje de Monterrico Salida - P2,F400-00073602,-26.4,1306.4
Consumo,LIMA EXPRESA,VE-31,2025-11-27,Peaje de Monterrico Salida - P2,F400-00073602,-26.4,1280.0
Consumo,LIMA EXPRESA,VE-12,2025-11-27,Peaje de Monterrico Salida - P2,F400-00073602,-26.4,1253.6
Consumo,LIMA EXPRESA,VE-19,2025-11-27,Peaje de Monterrico Entrada - P1,F400-00073602,-26.4,1227.2
Consumo,LIMA EXPRESA,VE-12,2025-11-27,Peaje de Priale Entrada - P6,F400-00073602,-26.4,1200.8
Consumo,LIMA EXPRESA,VE-06,2025-11-27,Peaje de El Pino - P5,F400-00073602,-39.6,1161.2
Consumo,LIMA EXPRESA,VE-19,2025-11-27,Peaje de Monterrico Salida - P2,F400-00073602,-26.4,1134.8
Consumo,LIMA EXPRESA,VE-31,2025-11-27,Peaje de Monterrico Entrada - P1,F400-00073602,-26.4,1108.4
Consumo,LIMA EXPRESA,VE-06,2025-11-27,Peaje de Santa Anita - P4,F400-00073602,-39.6,1068.8
Consumo,LIMA EXPRESA,VE-29,2025-11-27,Peaje de Monterrico Entrada - P1,F400-00073602,-26.4,1042.4
Consumo,LIMA EXPRESA,VE-29,2025-11-27,Peaje de Monterrico Salida - P2,F400-00073602,-26.4,1016.0
Consumo,LIMA EXPRESA,VE-29,2025-11-27,Peaje de Monterrico Entrada - P1,F400-00073602,-26.4,989.6
Consumo,LIMA EXPRESA,VE-29,2025-11-28,Peaje de Monterrico Salida - P2,F400-00073602,-26.4,963.2
Consumo,LIMA EXPRESA,VE-07,2025-11-28,Peaje de El Pino - P5,F400-00073602,-39.6,923.6
Consumo,LIMA EXPRESA,VE-35,2025-11-28,Peaje de Priale Entrada - P6,F400-00073602,-26.4,897.2
Consumo,LIMA EXPRESA,VE-35,2025-11-28,Peaje de Priale Salida - P7,F400-00073602,-26.4,870.8
Consumo,LIMA EXPRESA,VE-20,2025-11-28,Peaje de Monterrico Entrada - P1,F400-00073602,-26.4,844.4
Consumo,LIMA EXPRESA,VE-12,2025-11-28,Peaje de Priale Entrada - P6,F400-00073602,-26.4,818.0
Consumo,LIMA EXPRESA,VE-31,2025-11-28,Peaje de Monterrico Entrada - P1,F400-00073602,-26.4,791.6
Consumo,LIMA EXPRESA,VE-12,2025-11-28,Peaje de Priale Salida - P7,F400-00073602,-26.4,765.2
Consumo,LIMA EXPRESA,VE-20,2025-11-28,Peaje de Monterrico Salida - P2,F400-00073602,-26.4,738.8
Consumo,LIMA EXPRESA,VE-31,2025-11-28,Peaje de Monterrico Salida - P2,F400-00073602,-26.4,712.4
Consumo,LIMA EXPRESA,VE-07,2025-11-28,Peaje de Santa Anita - P4,F400-00073602,-39.6,672.8
Consumo,LIMA EXPRESA,VE-07,2025-11-28,Peaje Huánuco – P8   ,F400-00073602,-39.6,633.2
Consumo,LIMA EXPRESA,VE-35,2025-11-28,Peaje de Monterrico Entrada - P1,F400-00073602,-26.4,606.8
Consumo,LIMA EXPRESA,VE-12,2025-11-28,Peaje de Monterrico Entrada - P1,F400-00073602,-26.4,580.4
Recarga PEX,PEX,,2025-11-28,,TR006-001014185,5000.0,5580.4
Consumo,LIMA EXPRESA,VE-20,2025-11-28,Peaje de Priale Entrada - P6,F400-00073602,-26.4,5554.0
Consumo,LIMA EXPRESA,VE-35,2025-11-28,Peaje de Monterrico Salida - P2,F400-00073602,-26.4,5527.6
Consumo,LIMA EXPRESA,VE-20,2025-11-28,Peaje de Priale Salida - P7,F400-00073602,-26.4,5501.2
Consumo,LIMA EXPRESA,VE-31,2025-11-28,Peaje de Monterrico Entrada - P1,F400-00073602,-26.4,5474.8
Consumo,LIMA EXPRESA,VE-12,2025-11-28,Peaje de Monterrico Salida - P2,F400-00073602,-26.4,5448.4
Consumo,LIMA EXPRESA,VE-12,2025-11-28,Peaje de Monterrico Entrada - P1,F400-00073602,-26.4,5422.0
Consumo,LIMA EXPRESA,VE-35,2025-11-29,Peaje de Monterrico Entrada - P1,F400-00073602,-26.4,5395.6
Consumo,LIMA EXPRESA,VE-20,2025-11-29,Peaje de Monterrico Entrada - P1,F400-00073602,-26.4,5369.2
Consumo,LIMA EXPRESA,VE-31,2025-11-29,Peaje de Monterrico Entrada - P1,F400-00073602,-26.4,5342.8
Consumo,LIMA EXPRESA,VE-12,2025-11-29,Peaje de Monterrico Entrada - P1,F400-00073602,-26.4,5316.4
Consumo,LIMA EXPRESA,VE-35,2025-11-29,Peaje de Monterrico Salida - P2,F400-00073602,-26.4,5290.0
Consumo,LIMA EXPRESA,VE-31,2025-11-29,Peaje de Monterrico Salida - P2,F400-00073602,-26.4,5263.6
Consumo,LIMA EXPRESA,VE-35,2025-11-29,Peaje de Monterrico Entrada - P1,F400-00073602,-26.4,5237.2
Consumo,LIMA EXPRESA,VE-35,2025-11-29,Peaje de Monterrico Salida - P2,F400-00073602,-26.4,5210.8
Consumo,LIMA EXPRESA,CUC445,2025-11-30,Peaje Estadio – P10   ,F400-00073602,-6.6,5204.2
Consumo,LIMA EXPRESA,CUC445,2025-11-30,Peaje de Monterrico Entrada - P1,F400-00073602,-6.6,5197.6
Consumo,LIMA EXPRESA,CUC445,2025-11-30,Peaje de Monterrico Salida - P2,F400-00073602,-6.6,5191.0
Consumo,LIMA EXPRESA,VE-20,2025-12-01,Peaje de Monterrico Entrada - P1,F400-00074371,-26.4,5164.6
Consumo,LIMA EXPRESA,VE-35,2025-12-01,Peaje de Monterrico Entrada - P1,F400-00074371,-26.4,5138.2
Consumo,LIMA EXPRESA,VE-27,2025-12-01,Peaje de El Pino - P5,F400-00074371,-26.4,5111.8
Consumo,LIMA EXPRESA,VE-30,2025-12-01,Peaje de El Pino - P5,F400-00074371,-26.4,5085.4
Consumo,LIMA EXPRESA,VE-31,2025-12-01,Peaje de Monterrico Entrada - P1,F400-00074371,-26.4,5059.0
Consumo,LIMA EXPRESA,VE-20,2025-12-01,Peaje de Monterrico Salida - P2,F400-00074371,-26.4,5032.6
Consumo,LIMA EXPRESA,VE-35,2025-12-01,Peaje de Monterrico Salida - P2,F400-00074371,-26.4,5006.2
Consumo,LIMA EXPRESA,APF856,2025-12-01,Peaje Estadio – P10   ,F400-00074371,-6.6,4999.6
Consumo,LIMA EXPRESA,VE-06,2025-12-01,Peaje de El Pino - P5,F400-00074371,-39.6,4960.0
Consumo,LIMA EXPRESA,VE-20,2025-12-01,Peaje de Priale Entrada - P6,F400-00074371,-26.4,4933.6
Consumo,LIMA EXPRESA,VE-35,2025-12-01,Peaje de Priale Entrada - P6,F400-00074371,-26.4,4907.2
Consumo,LIMA EXPRESA,APF856,2025-12-01,Peaje Huánuco – P8   ,F400-00074371,-6.6,4900.6
Consumo,LIMA EXPRESA,VE-06,2025-12-01,Peaje de Santa Anita - P4,F400-00074371,-39.6,4861.0
Consumo,LIMA EXPRESA,VE-31,2025-12-01,Peaje de Monterrico Salida - P2,F400-00074371,-26.4,4834.6
Consumo,LIMA EXPRESA,VE-20,2025-12-01,Peaje de Priale Salida - P7,F400-00074371,-26.4,4808.2
Consumo,LIMA EXPRESA,VE-05,2025-12-01,Peaje de Priale Entrada - P6,F400-00074371,-39.6,4768.6
Consumo,LIMA EXPRESA,VE-35,2025-12-01,Peaje de Priale Salida - P7,F400-00074371,-26.4,4742.2
Consumo,LIMA EXPRESA,VE-31,2025-12-01,Peaje de Monterrico Entrada - P1,F400-00074371,-26.4,4715.8
Consumo,LIMA EXPRESA,VE-07,2025-12-01,Peaje de El Pino - P5,F400-00074371,-39.6,4676.2
Consumo,LIMA EXPRESA,VE-07,2025-12-01,Peaje de Santa Anita - P4,F400-00074371,-19.8,4656.4
Consumo,LIMA EXPRESA,VE-05,2025-12-01,Peaje de Priale Entrada - P6,F400-00074371,-19.8,4636.6
Consumo,LIMA EXPRESA,VE-05,2025-12-01,Peaje Huánuco – P8   ,F400-00074371,-39.6,4597.0
Consumo,LIMA EXPRESA,VE-05,2025-12-01,Peaje Estadio – P10   ,F400-00074371,-39.6,4557.4
Consumo,LIMA EXPRESA,VE-05,2025-12-01,Peaje de Priale Salida - P7,F400-00074371,-39.6,4517.8
Consumo,LIMA EXPRESA,VE-35,2025-12-02,Peaje de Monterrico Entrada - P1,F400-00074371,-26.4,4491.4
Consumo,LIMA EXPRESA,CUC445,2025-12-02,Peaje Estadio – P10   ,F400-00074371,-6.6,4484.8
Consumo,LIMA EXPRESA,VE-20,2025-12-02,Peaje de Monterrico Entrada - P1,F400-00074371,-26.4,4458.4
Consumo,LIMA EXPRESA,CUC445,2025-12-02,Peaje de Monterrico Entrada - P1,F400-00074371,-6.6,4451.8
Consumo,LIMA EXPRESA,VE-31,2025-12-02,Peaje de Monterrico Entrada - P1,F400-00074371,-26.4,4425.4
Consumo,LIMA EXPRESA,VE-12,2025-12-02,Peaje de Priale Entrada - P6,F400-00074371,-26.4,4399.0
Consumo,LIMA EXPRESA,CUC445,2025-12-02,Peaje de Monterrico Salida - P2,F400-00074371,-6.6,4392.4
Consumo,LIMA EXPRESA,VE-12,2025-12-02,Peaje de Priale Salida - P7,F400-00074371,-26.4,4366.0
Consumo,LIMA EXPRESA,VE-05,2025-12-02,Peaje de Priale Entrada - P6,F400-00074371,-39.6,4326.4
Consumo,LIMA EXPRESA,VE-20,2025-12-02,Peaje de Monterrico Salida - P2,F400-00074371,-26.4,4300.0
Consumo,LIMA EXPRESA,VE-35,2025-12-02,Peaje de Monterrico Salida - P2,F400-00074371,-26.4,4273.6
Consumo,LIMA EXPRESA,VE-31,2025-12-02,Peaje de Monterrico Salida - P2,F400-00074371,-26.4,4247.2
Consumo,LIMA EXPRESA,VE-12,2025-12-02,Peaje de Monterrico Entrada - P1,F400-00074371,-26.4,4220.8
Consumo,LIMA EXPRESA,VE-20,2025-12-02,Peaje de Priale Entrada - P6,F400-00074371,-26.4,4194.4
Consumo,LIMA EXPRESA,VE-35,2025-12-02,Peaje de Priale Entrada - P6,F400-00074371,-26.4,4168.0
Consumo,LIMA EXPRESA,VE-20,2025-12-02,Peaje de Priale Salida - P7,F400-00074371,-26.4,4141.6
Consumo,LIMA EXPRESA,VE-31,2025-12-02,Peaje de Priale Entrada - P6,F400-00074371,-26.4,4115.2
Consumo,LIMA EXPRESA,VE-12,2025-12-02,Peaje de Monterrico Salida - P2,F400-00074371,-26.4,4088.8
Consumo,LIMA EXPRESA,VE-31,2025-12-02,Peaje de Priale Salida - P7,F400-00074371,-26.4,4062.4
Consumo,LIMA EXPRESA,VE-35,2025-12-02,Peaje de Priale Salida - P7,F400-00074371,-26.4,4036.0
Consumo,LIMA EXPRESA,VE-20,2025-12-02,Peaje de Priale Entrada - P6,F400-00074371,-26.4,4009.6
Consumo,LIMA EXPRESA,VE-35,2025-12-02,Peaje de Priale Entrada - P6,F400-00074371,-26.4,3983.2
Consumo,LIMA EXPRESA,VE-20,2025-12-02,Peaje de Priale Salida - P7,F400-00074371,-26.4,3956.8
Consumo,LIMA EXPRESA,VE-31,2025-12-02,Peaje de Monterrico Entrada - P1,F400-00074371,-26.4,3930.4
Consumo,LIMA EXPRESA,VE-12,2025-12-02,Peaje de Monterrico Entrada - P1,F400-00074371,-26.4,3904.0
Consumo,LIMA EXPRESA,VE-27,2025-12-02,Peaje de Santa Anita - P4,F400-00074371,-26.4,3877.6
Consumo,LIMA EXPRESA,VE-35,2025-12-02,Peaje de Priale Salida - P7,F400-00074371,-26.4,3851.2
Consumo,LIMA EXPRESA,VE-35,2025-12-03,Peaje de Monterrico Entrada - P1,F400-00074371,-26.4,3824.8
Consumo,LIMA EXPRESA,VE-20,2025-12-03,Peaje de Monterrico Entrada - P1,F400-00074371,-26.4,3798.4
Consumo,LIMA EXPRESA,VE-12,2025-12-03,Peaje de Priale Entrada - P6,F400-00074371,-26.4,3772.0
Consumo,LIMA EXPRESA,VE-31,2025-12-03,Peaje de Monterrico Entrada - P1,F400-00074371,-26.4,3745.6
Consumo,LIMA EXPRESA,VE-12,2025-12-03,Peaje de Priale Salida - P7,F400-00074371,-26.4,3719.2
Consumo,LIMA EXPRESA,VE-35,2025-12-03,Peaje de Monterrico Salida - P2,F400-00074371,-26.4,3692.8
Consumo,LIMA EXPRESA,VE-31,2025-12-03,Peaje de Monterrico Salida - P2,F400-00074371,-26.4,3666.4
Consumo,LIMA EXPRESA,VE-20,2025-12-03,Peaje de Monterrico Salida - P2,F400-00074371,-26.4,3640.0
Consumo,LIMA EXPRESA,VE-12,2025-12-03,Peaje de Monterrico Entrada - P1,F400-00074371,-26.4,3613.6
Consumo,LIMA EXPRESA,VE-35,2025-12-03,Peaje de Monterrico Entrada - P1,F400-00074371,-26.4,3587.2
Consumo,LIMA EXPRESA,VE-20,2025-12-03,Peaje de Monterrico Entrada - P1,F400-00074371,-26.4,3560.8
Consumo,LIMA EXPRESA,VE-31,2025-12-03,Peaje de Monterrico Entrada - P1,F400-00074371,-26.4,3534.4
Consumo,LIMA EXPRESA,VE-12,2025-12-03,Peaje de Monterrico Salida - P2,F400-00074371,-26.4,3508.0
Consumo,LIMA EXPRESA,VE-35,2025-12-03,Peaje de Monterrico Salida - P2,F400-00074371,-26.4,3481.6
Consumo,LIMA EXPRESA,VE-05,2025-12-03,Peaje de Monterrico Entrada - P1,F400-00074371,-39.6,3442.0
Consumo,LIMA EXPRESA,VE-20,2025-12-03,Peaje de Monterrico Salida - P2,F400-00074371,-26.4,3415.6
Consumo,LIMA EXPRESA,VE-05,2025-12-03,Peaje de Monterrico Salida - P2,F400-00074371,-39.6,3376.0
Consumo,LIMA EXPRESA,VE-31,2025-12-03,Peaje de Monterrico Salida - P2,F400-00074371,-26.4,3349.6
Consumo,LIMA EXPRESA,VE-35,2025-12-03,Peaje de Priale Entrada - P6,F400-00074371,-26.4,3323.2
Consumo,LIMA EXPRESA,VE-12,2025-12-03,Peaje de Monterrico Entrada - P1,F400-00074371,-26.4,3296.8
Consumo,LIMA EXPRESA,VE-35,2025-12-03,Peaje de Priale Salida - P7,F400-00074371,-26.4,3270.4
Consumo,LIMA EXPRESA,VE-05,2025-12-04,Peaje de Priale Entrada - P6,F400-00074371,-19.8,3250.6
Consumo,LIMA EXPRESA,VE-35,2025-12-04,Peaje de Priale Entrada - P6,F400-00074371,-26.4,3224.2
Consumo,LIMA EXPRESA,VE-35,2025-12-04,Peaje de Priale Salida - P7,F400-00074371,-26.4,3197.8
Consumo,LIMA EXPRESA,VE-12,2025-12-04,Peaje de Priale Entrada - P6,F400-00074371,-26.4,3171.4
Consumo,LIMA EXPRESA,VE-31,2025-12-04,Peaje de Monterrico Entrada - P1,F400-00074371,-26.4,3145.0
Consumo,LIMA EXPRESA,VE-12,2025-12-04,Peaje de Priale Salida - P7,F400-00074371,-26.4,3118.6
Consumo,LIMA EXPRESA,VE-35,2025-12-04,Peaje de Priale Entrada - P6,F400-00074371,-26.4,3092.2
Consumo,LIMA EXPRESA,VE-35,2025-12-04,Peaje Huánuco – P8   ,F400-00074371,-26.4,3065.8
Consumo,LIMA EXPRESA,VE-31,2025-12-04,Peaje de Monterrico Salida - P2,F400-00074371,-26.4,3039.4
Consumo,LIMA EXPRESA,VE-35,2025-12-04,Peaje Estadio – P10   ,F400-00074371,-26.4,3013.0
Consumo,LIMA EXPRESA,VE-35,2025-12-04,Peaje de Priale Salida - P7,F400-00075151,-26.4,2986.6
Consumo,LIMA EXPRESA,VE-12,2025-12-04,Peaje de Monterrico Entrada - P1,F400-00074371,-26.4,2960.2
Consumo,LIMA EXPRESA,D9Z911,2025-12-04,Peaje Estadio – P10   ,F400-00074371,-6.6,2953.6
Consumo,LIMA EXPRESA,D9Z911,2025-12-04,Peaje de Priale Salida - P7,F400-00074371,-6.6,2947.0
Consumo,LIMA EXPRESA,D9Z911,2025-12-04,Peaje de Priale Entrada - P6,F400-00075151,-6.6,2940.4
Consumo,LIMA EXPRESA,VE-31,2025-12-04,Peaje de Monterrico Entrada - P1,F400-00074371,-26.4,2914.0
Consumo,LIMA EXPRESA,VE-35,2025-12-04,Peaje de Monterrico Entrada - P1,F400-00074371,-26.4,2887.6
Consumo,LIMA EXPRESA,CUC445,2025-12-04,Peaje Estadio – P10   ,F400-00075151,-6.6,2881.0
Consumo,LIMA EXPRESA,CUC445,2025-12-04,Peaje de Monterrico Entrada - P1,F400-00074371,-6.6,2874.4
Consumo,LIMA EXPRESA,VE-12,2025-12-04,Peaje de Monterrico Salida - P2,F400-00074371,-26.4,2848.0
Consumo,LIMA EXPRESA,VE-31,2025-12-04,Peaje de Monterrico Salida - P2,F400-00074371,-26.4,2821.6
Consumo,LIMA EXPRESA,VE-35,2025-12-04,Peaje de Monterrico Salida - P2,F400-00074371,-26.4,2795.2
Consumo,LIMA EXPRESA,CUC445,2025-12-04,Peaje Huánuco – P8   ,F400-00075151,-6.6,2788.6
Consumo,LIMA EXPRESA,VE-35,2025-12-05,Peaje de Priale Entrada - P6,F400-00075151,-26.4,2762.2
Consumo,LIMA EXPRESA,VE-20,2025-12-05,Peaje de Priale Entrada - P6,F400-00075151,-26.4,2735.8
Consumo,LIMA EXPRESA,VE-12,2025-12-05,Peaje de Priale Entrada - P6,F400-00075151,-26.4,2709.4
Consumo,LIMA EXPRESA,VE-20,2025-12-05,Peaje de Priale Salida - P7,F400-00075151,-26.4,2683.0
Consumo,LIMA EXPRESA,VE-35,2025-12-05,Peaje de Priale Salida - P7,F400-00075151,-26.4,2656.6
Consumo,LIMA EXPRESA,VE-31,2025-12-05,Peaje de Monterrico Entrada - P1,F400-00074371,-26.4,2630.2
Consumo,LIMA EXPRESA,VE-35,2025-12-05,Peaje de Priale Entrada - P6,F400-00075151,-26.4,2603.8
Consumo,LIMA EXPRESA,VE-31,2025-12-05,Peaje de Monterrico Salida - P2,F400-00074371,-26.4,2577.4
Consumo,LIMA EXPRESA,VE-05,2025-12-05,Peaje Huánuco – P8   ,F400-00075151,-19.8,2557.6
Consumo,LIMA EXPRESA,VE-20,2025-12-05,Peaje de Monterrico Entrada - P1,F400-00074371,-26.4,2531.2
Consumo,LIMA EXPRESA,VE-35,2025-12-05,Peaje de Priale Salida - P7,F400-00075151,-26.4,2504.8
Consumo,LIMA EXPRESA,VE-12,2025-12-05,Peaje de Priale Salida - P7,F400-00075151,-26.4,2478.4
Consumo,LIMA EXPRESA,VE-31,2025-12-05,Peaje de Monterrico Entrada - P1,F400-00074371,-26.4,2452.0
Consumo,LIMA EXPRESA,VE-12,2025-12-05,Peaje de Monterrico Entrada - P1,F400-00074371,-26.4,2425.6
Consumo,LIMA EXPRESA,VE-35,2025-12-05,Peaje de Monterrico Entrada - P1,F400-00074371,-26.4,2399.2
Consumo,LIMA EXPRESA,VE-12,2025-12-05,Peaje de Monterrico Salida - P2,F400-00074371,-26.4,2372.8
Consumo,LIMA EXPRESA,VE-31,2025-12-05,Peaje de Monterrico Salida - P2,F400-00074371,-26.4,2346.4
Consumo,LIMA EXPRESA,VE-35,2025-12-05,Peaje de Monterrico Salida - P2,F400-00074371,-26.4,2320.0
Consumo,LIMA EXPRESA,VE-35,2025-12-06,Peaje de Monterrico Entrada - P1,F400-00074371,-26.4,2293.6
Consumo,LIMA EXPRESA,VE-12,2025-12-06,Peaje de Monterrico Entrada - P1,F400-00074371,-26.4,2267.2
Consumo,LIMA EXPRESA,VE-31,2025-12-06,Peaje de Priale Entrada - P6,F400-00075151,-26.4,2240.8
Consumo,LIMA EXPRESA,VE-31,2025-12-06,Peaje Huánuco – P8   ,F400-00075151,-26.4,2214.4
Consumo,LIMA EXPRESA,VE-35,2025-12-06,Peaje de Monterrico Salida - P2,F400-00074371,-26.4,2188.0
Consumo,LIMA EXPRESA,VE-12,2025-12-06,Peaje de Monterrico Salida - P2,F400-00074371,-26.4,2161.6
Consumo,LIMA EXPRESA,VE-20,2025-12-06,Peaje de Monterrico Entrada - P1,F400-00074371,-26.4,2135.2
Consumo,LIMA EXPRESA,VE-31,2025-12-06,Peaje Estadio – P10   ,F400-00075151,-26.4,2108.8
Consumo,LIMA EXPRESA,VE-31,2025-12-06,Peaje de Priale Salida - P7,F400-00075151,-26.4,2082.4
Consumo,LIMA EXPRESA,VE-20,2025-12-06,Peaje de Monterrico Salida - P2,F400-00074371,-26.4,2056.0
Consumo,LIMA EXPRESA,VE-35,2025-12-06,Peaje de Monterrico Entrada - P1,F400-00074371,-26.4,2029.6
Consumo,LIMA EXPRESA,VE-12,2025-12-06,Peaje de Monterrico Entrada - P1,F400-00074371,-26.4,2003.2
Consumo,LIMA EXPRESA,VE-35,2025-12-06,Peaje de Monterrico Salida - P2,F400-00074371,-26.4,1976.8
Consumo,LIMA EXPRESA,VE-31,2025-12-06,Peaje de Monterrico Entrada - P1,F400-00074371,-26.4,1950.4
Consumo,LIMA EXPRESA,VE-12,2025-12-06,Peaje de Monterrico Salida - P2,F400-00074371,-26.4,1924.0
Consumo,LIMA EXPRESA,VE-12,2025-12-06,Peaje de Monterrico Entrada - P1,F400-00074371,-26.4,1897.6
Consumo,LIMA EXPRESA,ANQ212,2025-12-07,Peaje de Monterrico Entrada - P1,F400-00074371,-6.6,1891.0
Consumo,LIMA EXPRESA,VE-20,2025-12-08,Peaje de Separadora Salida - P3,F400-00075151,-26.4,1864.6
Consumo,LIMA EXPRESA,ANQ212,2025-12-09,Peaje de Monterrico Salida - P2,F400-00075151,-6.6,1858.0
Consumo,LIMA EXPRESA,VE-35,2025-12-10,Peaje de Monterrico Entrada - P1,F400-00075151,-26.4,1831.6
Consumo,LIMA EXPRESA,VE-12,2025-12-10,Peaje de Priale Entrada - P6,F400-00075151,-26.4,1805.2
Consumo,LIMA EXPRESA,VE-20,2025-12-10,Peaje de Monterrico Entrada - P1,F400-00075151,-26.4,1778.8
Consumo,LIMA EXPRESA,VE-12,2025-12-10,Peaje de Priale Salida - P7,F400-00075151,-26.4,1752.4
Consumo,LIMA EXPRESA,VE-35,2025-12-10,Peaje de Monterrico Salida - P2,F400-00075151,-26.4,1726.0
Consumo,LIMA EXPRESA,VE-20,2025-12-10,Peaje de Monterrico Salida - P2,F400-00075151,-26.4,1699.6
Consumo,LIMA EXPRESA,VE-06,2025-12-10,Peaje de El Pino - P5,F400-00075151,-39.6,1660.0
Consumo,LIMA EXPRESA,VE-12,2025-12-10,Peaje de Monterrico Entrada - P1,F400-00075151,-26.4,1633.6
Consumo,LIMA EXPRESA,VE-06,2025-12-10,Peaje de Santa Anita - P4,F400-00075151,-39.6,1594.0
Consumo,LIMA EXPRESA,APF856,2025-12-10,Peaje Estadio – P10   ,F400-00075151,-6.6,1587.4
Consumo,LIMA EXPRESA,VE-35,2025-12-10,Peaje de Monterrico Entrada - P1,F400-00075151,-26.4,1561.0
Consumo,LIMA EXPRESA,APF856,2025-12-10,Peaje de El Pino - P5,F400-00075151,-6.6,1554.4
Consumo,LIMA EXPRESA,VE-20,2025-12-10,Peaje de Priale Entrada - P6,F400-00075151,-26.4,1528.0
Consumo,LIMA EXPRESA,APF856,2025-12-10,Peaje Huánuco – P8   ,F400-00075151,-6.6,1521.4
Consumo,LIMA EXPRESA,VE-12,2025-12-10,Peaje de Monterrico Salida - P2,F400-00075151,-26.4,1495.0
Consumo,LIMA EXPRESA,VE-35,2025-12-10,Peaje de Monterrico Salida - P2,F400-00075151,-26.4,1468.6
Consumo,LIMA EXPRESA,VE-20,2025-12-10,Peaje de Priale Salida - P7,F400-00075151,-26.4,1442.2
Consumo,LIMA EXPRESA,VE-12,2025-12-10,Peaje de Monterrico Entrada - P1,F400-00075151,-26.4,1415.8
Consumo,LIMA EXPRESA,VE-35,2025-12-10,Peaje de Priale Entrada - P6,F400-00075151,-26.4,1389.4
Consumo,LIMA EXPRESA,VE-35,2025-12-10,Peaje de Priale Salida - P7,F400-00075151,-26.4,1363.0
Consumo,LIMA EXPRESA,VE-06,2025-12-10,Peaje de El Pino - P5,F400-00075151,-39.6,1323.4
Consumo,LIMA EXPRESA,VE-06,2025-12-10,Peaje de Santa Anita - P4,F400-00075151,-39.6,1283.8
Consumo,LIMA EXPRESA,VE-35,2025-12-11,Peaje de Priale Entrada - P6,F400-00075151,-26.4,1257.4
Consumo,LIMA EXPRESA,VE-35,2025-12-11,Peaje de Priale Salida - P7,F400-00075151,-26.4,1231.0
Consumo,LIMA EXPRESA,VE-31,2025-12-11,Peaje de Monterrico Entrada - P1,F400-00075151,-26.4,1204.6
Consumo,LIMA EXPRESA,VE-12,2025-12-11,Peaje de Priale Entrada - P6,F400-00075151,-26.4,1178.2
Consumo,LIMA EXPRESA,VE-12,2025-12-11,Peaje de Priale Salida - P7,F400-00075151,-26.4,1151.8
Consumo,LIMA EXPRESA,VE-35,2025-12-11,Peaje de Priale Entrada - P6,F400-00075151,-26.4,1125.4
Consumo,LIMA EXPRESA,VE-35,2025-12-11,Peaje Huánuco – P8   ,F400-00075151,-26.4,1099.0
Consumo,LIMA EXPRESA,VE-20,2025-12-11,Peaje de Priale Entrada - P6,F400-00075151,-26.4,1072.6
Consumo,LIMA EXPRESA,VE-06,2025-12-11,Peaje de El Pino - P5,F400-00075151,-39.6,1033.0
Consumo,LIMA EXPRESA,VE-35,2025-12-11,Peaje Estadio – P10   ,F400-00075151,-26.4,1006.6
Consumo,LIMA EXPRESA,VE-35,2025-12-11,Peaje de Priale Salida - P7,F400-00075151,-26.4,980.2
Consumo,LIMA EXPRESA,VE-20,2025-12-11,Peaje de Priale Salida - P7,F400-00075151,-26.4,953.8
Consumo,LIMA EXPRESA,VE-06,2025-12-11,Peaje de Santa Anita - P4,F400-00075151,-19.8,934.0
Recarga PEX,PEX,,2025-12-11,,TR006-001021347,5000.0,5934.0
Consumo,LIMA EXPRESA,VE-35,2025-12-11,Peaje de Monterrico Entrada - P1,F400-00075151,-26.4,5907.6
Consumo,LIMA EXPRESA,VE-12,2025-12-11,Peaje de Monterrico Entrada - P1,F400-00075151,-26.4,5881.2
Consumo,LIMA EXPRESA,VE-35,2025-12-11,Peaje de Monterrico Salida - P2,F400-00075151,-26.4,5854.8
Consumo,LIMA EXPRESA,VE-31,2025-12-11,Peaje de Monterrico Entrada - P1,F400-00075151,-26.4,5828.4
Consumo,LIMA EXPRESA,VE-06,2025-12-11,Peaje de El Pino - P5,F400-00075151,-39.6,5788.8
Consumo,LIMA EXPRESA,VE-06,2025-12-11,Peaje de Santa Anita - P4,F400-00075151,-39.6,5749.2
Consumo,LIMA EXPRESA,VE-07,2025-12-11,Peaje de El Pino - P5,F400-00075151,-39.6,5709.6
Consumo,LIMA EXPRESA,VE-07,2025-12-11,Peaje de Santa Anita - P4,F400-00075151,-19.8,5689.8
Consumo,LIMA EXPRESA,VE-07,2025-12-11,Peaje Huánuco – P8   ,F400-00075151,-19.8,5670.0
Consumo,LIMA EXPRESA,VE-20,2025-12-12,Peaje de Monterrico Entrada - P1,F400-00075151,-26.4,5643.6
Consumo,LIMA EXPRESA,VE-12,2025-12-12,Peaje de Priale Entrada - P6,F400-00075151,-26.4,5617.2
Consumo,LIMA EXPRESA,VE-12,2025-12-12,Peaje de Priale Salida - P7,F400-00075151,-26.4,5590.8
Consumo,LIMA EXPRESA,ANQ212,2025-12-12,Peaje Estadio – P10   ,F400-00075151,-6.6,5584.2
Consumo,LIMA EXPRESA,VE-20,2025-12-12,Peaje de Monterrico Salida - P2,F400-00075151,-26.4,5557.8
Consumo,LIMA EXPRESA,VE-07,2025-12-12,Peaje de El Pino - P5,F400-00075151,-39.6,5518.2
Consumo,LIMA EXPRESA,VE-07,2025-12-12,Peaje de Santa Anita - P4,F400-00075151,-19.8,5498.4
Consumo,LIMA EXPRESA,VE-12,2025-12-12,Peaje de Monterrico Entrada - P1,F400-00075151,-26.4,5472.0
Consumo,LIMA EXPRESA,VE-31,2025-12-12,Peaje de Monterrico Entrada - P1,F400-00075151,-26.4,5445.6
Consumo,LIMA EXPRESA,VE-06,2025-12-12,Peaje de El Pino - P5,F400-00075151,-39.6,5406.0
Consumo,LIMA EXPRESA,VE-20,2025-12-12,Peaje de Monterrico Entrada - P1,F400-00075151,-26.4,5379.6
Consumo,LIMA EXPRESA,APF856,2025-12-12,Peaje de Monterrico Entrada - P1,F400-00075151,-6.6,5373.0
Consumo,LIMA EXPRESA,VE-31,2025-12-12,Peaje de Monterrico Salida - P2,F400-00075151,-26.4,5346.6
Consumo,LIMA EXPRESA,VE-12,2025-12-12,Peaje de Monterrico Salida - P2,F400-00075151,-26.4,5320.2
Consumo,LIMA EXPRESA,VE-20,2025-12-12,Peaje de Monterrico Salida - P2,F400-00075151,-26.4,5293.8
Consumo,LIMA EXPRESA,VE-31,2025-12-12,Peaje de Monterrico Entrada - P1,F400-00075151,-26.4,5267.4
Consumo,LIMA EXPRESA,VE-35,2025-12-13,Peaje de Priale Entrada - P6,F400-00075151,-26.4,5241.0
Consumo,LIMA EXPRESA,VE-35,2025-12-13,Peaje Huánuco – P8   ,F400-00075151,-26.4,5214.6
Consumo,LIMA EXPRESA,VE-06,2025-12-13,Peaje de El Pino - P5,F400-00075151,-39.6,5175.0
Consumo,LIMA EXPRESA,VE-20,2025-12-13,Peaje de Monterrico Entrada - P1,F400-00075151,-26.4,5148.6
Consumo,LIMA EXPRESA,VE-12,2025-12-13,Peaje de Priale Entrada - P6,F400-00075151,-26.4,5122.2
Consumo,LIMA EXPRESA,VE-12,2025-12-13,Peaje Huánuco – P8   ,F400-00075151,-26.4,5095.8
Consumo,LIMA EXPRESA,VE-31,2025-12-13,Peaje de Monterrico Entrada - P1,F400-00075151,-26.4,5069.4
Consumo,LIMA EXPRESA,VE-06,2025-12-13,Peaje de Santa Anita - P4,F400-00075151,-19.8,5049.6
Consumo,LIMA EXPRESA,VE-20,2025-12-13,Peaje de Monterrico Salida - P2,F400-00075151,-26.4,5023.2
Consumo,LIMA EXPRESA,VE-35,2025-12-13,Peaje Estadio – P10   ,F400-00075151,-26.4,4996.8
Consumo,LIMA EXPRESA,VE-35,2025-12-13,Peaje de Priale Salida - P7,F400-00075151,-26.4,4970.4
Consumo,LIMA EXPRESA,VE-31,2025-12-13,Peaje de Monterrico Salida - P2,F400-00075151,-26.4,4944.0
Consumo,LIMA EXPRESA,VE-12,2025-12-13,Peaje de Priale Salida - P7,F400-00075151,-26.4,4917.6
Consumo,LIMA EXPRESA,ANQ212,2025-12-13,Peaje de Monterrico Salida - P2,F400-00075151,-6.6,4911.0
Consumo,LIMA EXPRESA,VE-20,2025-12-13,Peaje de Monterrico Entrada - P1,F400-00075151,-26.4,4884.6
Consumo,LIMA EXPRESA,ANQ212,2025-12-13,Peaje Huánuco – P8   ,F400-00075151,-6.6,4878.0
Consumo,LIMA EXPRESA,VE-35,2025-12-13,Peaje de Monterrico Entrada - P1,F400-00075151,-26.4,4851.6
Consumo,LIMA EXPRESA,VE-31,2025-12-13,Peaje de Monterrico Entrada - P1,F400-00075151,-26.4,4825.2
Consumo,LIMA EXPRESA,VE-20,2025-12-13,Peaje de Monterrico Salida - P2,F400-00075151,-26.4,4798.8
Consumo,LIMA EXPRESA,VE-35,2025-12-13,Peaje de Monterrico Salida - P2,F400-00075151,-26.4,4772.4
Consumo,LIMA EXPRESA,CUC445,2025-12-14,Peaje Estadio – P10   ,F400-00075151,-6.6,4765.8
Consumo,LIMA EXPRESA,CUC445,2025-12-14,Peaje de Monterrico Entrada - P1,F400-00075151,-6.6,4759.2
Consumo,LIMA EXPRESA,VE-07,2025-12-15,Peaje de El Pino - P5,F400-00075151,-19.8,4739.4
Consumo,LIMA EXPRESA,VE-06,2025-12-15,Peaje de El Pino - P5,F400-00075151,-39.6,4699.8
Consumo,LIMA EXPRESA,VE-35,2025-12-15,Peaje de Monterrico Entrada - P1,F400-00075151,-26.4,4673.4
Consumo,LIMA EXPRESA,VE-31,2025-12-15,Peaje de Monterrico Entrada - P1,F400-00075151,-26.4,4647.0
Consumo,LIMA EXPRESA,VE-12,2025-12-15,Peaje de Monterrico Entrada - P1,F400-00075151,-26.4,4620.6
Consumo,LIMA EXPRESA,VE-35,2025-12-15,Peaje de Monterrico Salida - P2,F400-00075151,-26.4,4594.2
Consumo,LIMA EXPRESA,VE-31,2025-12-15,Peaje de Monterrico Salida - P2,F400-00075151,-26.4,4567.8
Consumo,LIMA EXPRESA,VE-07,2025-12-15,Peaje de Santa Anita - P4,F400-00075151,-19.8,4548.0
Consumo,LIMA EXPRESA,VE-06,2025-12-15,Peaje de Santa Anita - P4,F400-00075151,-39.6,4508.4
Consumo,LIMA EXPRESA,VE-35,2025-12-15,Peaje de Monterrico Entrada - P1,F400-00075151,-26.4,4482.0
Consumo,LIMA EXPRESA,VE-12,2025-12-15,Peaje de Monterrico Entrada - P1,F400-00075151,-26.4,4455.6
Consumo,LIMA EXPRESA,VE-31,2025-12-15,Peaje de Monterrico Entrada - P1,F400-00075151,-26.4,4429.2
Consumo,LIMA EXPRESA,VE-35,2025-12-15,Peaje de Monterrico Salida - P2,F400-00075151,-26.4,4402.8
Consumo,LIMA EXPRESA,VE-27,2025-12-15,Peaje de El Pino - P5,F400-00075937,-26.4,4376.4
Consumo,LIMA EXPRESA,VE-30,2025-12-15,Peaje de El Pino - P5,F400-00075937,-26.4,4350.0
Consumo,LIMA EXPRESA,VE-35,2025-12-16,Peaje de Priale Entrada - P6,F400-00075937,-26.4,4323.6
Consumo,LIMA EXPRESA,VE-20,2025-12-16,Peaje de Monterrico Entrada - P1,F400-00075937,-26.4,4297.2
Consumo,LIMA EXPRESA,VE-35,2025-12-16,Peaje de Priale Salida - P7,F400-00075937,-26.4,4270.8
Consumo,LIMA EXPRESA,VE-31,2025-12-16,Peaje de Monterrico Entrada - P1,F400-00075937,-26.4,4244.4
Consumo,LIMA EXPRESA,VE-20,2025-12-16,Peaje de Monterrico Salida - P2,F400-00075937,-26.4,4218.0
Consumo,LIMA EXPRESA,VE-35,2025-12-16,Peaje de Monterrico Entrada - P1,F400-00075937,-26.4,4191.6
Consumo,LIMA EXPRESA,VE-31,2025-12-16,Peaje de Monterrico Salida - P2,F400-00075937,-26.4,4165.2
Consumo,LIMA EXPRESA,VE-35,2025-12-16,Peaje de Monterrico Salida - P2,F400-00075937,-26.4,4138.8
Consumo,LIMA EXPRESA,VE-20,2025-12-16,Peaje de Monterrico Entrada - P1,F400-00075937,-26.4,4112.4
Consumo,LIMA EXPRESA,VE-35,2025-12-16,Peaje de Monterrico Entrada - P1,F400-00075937,-26.4,4086.0
Consumo,LIMA EXPRESA,VE-31,2025-12-16,Peaje de Monterrico Entrada - P1,F400-00075937,-26.4,4059.6
Consumo,LIMA EXPRESA,VE-20,2025-12-16,Peaje de Monterrico Salida - P2,F400-00075937,-26.4,4033.2
Consumo,LIMA EXPRESA,VE-35,2025-12-16,Peaje de Monterrico Salida - P2,F400-00075937,-26.4,4006.8
Consumo,LIMA EXPRESA,CUC445,2025-12-16,Peaje Estadio – P10   ,F400-00075937,-6.6,4000.2
Consumo,LIMA EXPRESA,CUC445,2025-12-16,Peaje de Monterrico Entrada - P1,F400-00075937,-6.6,3993.6
Consumo,LIMA EXPRESA,VE-31,2025-12-16,Peaje de Monterrico Salida - P2,F400-00075937,-26.4,3967.2
Consumo,LIMA EXPRESA,CUC445,2025-12-16,Peaje de Monterrico Salida - P2,F400-00075937,-6.6,3960.6
Consumo,LIMA EXPRESA,CUC445,2025-12-16,Peaje Huánuco – P8   ,F400-00075937,-6.6,3954.0
Consumo,LIMA EXPRESA,VE-31,2025-12-16,Peaje de Priale Entrada - P6,F400-00075937,-26.4,3927.6
Consumo,LIMA EXPRESA,VE-35,2025-12-17,Peaje de Priale Entrada - P6,F400-00075937,-26.4,3901.2
Consumo,LIMA EXPRESA,VE-35,2025-12-17,Peaje de Priale Salida - P7,F400-00075937,-26.4,3874.8
Consumo,LIMA EXPRESA,VE-20,2025-12-17,Peaje de Monterrico Entrada - P1,F400-00075937,-26.4,3848.4
Consumo,LIMA EXPRESA,VE-12,2025-12-17,Peaje de Monterrico Entrada - P1,F400-00075937,-26.4,3822.0
Consumo,LIMA EXPRESA,VE-31,2025-12-17,Peaje de Monterrico Entrada - P1,F400-00075937,-26.4,3795.6
Consumo,LIMA EXPRESA,VE-35,2025-12-17,Peaje de Monterrico Entrada - P1,F400-00075937,-26.4,3769.2
Consumo,LIMA EXPRESA,VE-20,2025-12-17,Peaje de Monterrico Salida - P2,F400-00075937,-26.4,3742.8
Consumo,LIMA EXPRESA,VE-12,2025-12-17,Peaje de Monterrico Salida - P2,F400-00075937,-26.4,3716.4
Consumo,LIMA EXPRESA,VE-31,2025-12-17,Peaje de Monterrico Salida - P2,F400-00075937,-26.4,3690.0
Consumo,LIMA EXPRESA,VE-35,2025-12-17,Peaje de Monterrico Salida - P2,F400-00075937,-26.4,3663.6
Consumo,LIMA EXPRESA,VE-20,2025-12-17,Peaje de Monterrico Entrada - P1,F400-00075937,-26.4,3637.2
Consumo,LIMA EXPRESA,VE-12,2025-12-17,Peaje de Monterrico Entrada - P1,F400-00075937,-26.4,3610.8
Consumo,LIMA EXPRESA,VE-35,2025-12-17,Peaje de Monterrico Entrada - P1,F400-00075937,-26.4,3584.4
Consumo,LIMA EXPRESA,VE-31,2025-12-17,Peaje de Monterrico Entrada - P1,F400-00075937,-26.4,3558.0
Consumo,LIMA EXPRESA,VE-20,2025-12-17,Peaje de Monterrico Salida - P2,F400-00075937,-26.4,3531.6
Consumo,LIMA EXPRESA,VE-12,2025-12-17,Peaje de Monterrico Salida - P2,F400-00075937,-26.4,3505.2
Consumo,LIMA EXPRESA,VE-35,2025-12-17,Peaje de Monterrico Salida - P2,F400-00075937,-26.4,3478.8
Consumo,LIMA EXPRESA,VE-31,2025-12-17,Peaje de Monterrico Salida - P2,F400-00075937,-26.4,3452.4
Consumo,LIMA EXPRESA,VE-12,2025-12-17,Peaje de Monterrico Entrada - P1,F400-00075937,-26.4,3426.0
Consumo,LIMA EXPRESA,VE-27,2025-12-17,Peaje de Separadora Salida - P3,F400-00075937,-26.4,3399.6
Consumo,LIMA EXPRESA,VE-30,2025-12-17,Peaje de Separadora Salida - P3,F400-00075937,-26.4,3373.2
Consumo,LIMA EXPRESA,VE-35,2025-12-18,Peaje de Priale Entrada - P6,F400-00075937,-26.4,3346.8
Consumo,LIMA EXPRESA,VE-35,2025-12-18,Peaje de Priale Salida - P7,F400-00075937,-26.4,3320.4
Consumo,LIMA EXPRESA,VE-20,2025-12-18,Peaje de Monterrico Entrada - P1,F400-00075937,-26.4,3294.0
Consumo,LIMA EXPRESA,VE-12,2025-12-18,Peaje de Monterrico Entrada - P1,F400-00075937,-26.4,3267.6
Consumo,LIMA EXPRESA,VE-21,2025-12-18,Peaje de Priale Salida - P7,F400-00075937,-26.4,3241.2
Consumo,LIMA EXPRESA,VE-31,2025-12-18,Peaje de Monterrico Entrada - P1,F400-00075937,-26.4,3214.8
Consumo,LIMA EXPRESA,VE-35,2025-12-18,Peaje de Priale Entrada - P6,F400-00075937,-26.4,3188.4
Consumo,LIMA EXPRESA,VE-20,2025-12-18,Peaje de Monterrico Salida - P2,F400-00075937,-26.4,3162.0
Consumo,LIMA EXPRESA,VE-12,2025-12-18,Peaje de Monterrico Salida - P2,F400-00075937,-26.4,3135.6
Consumo,LIMA EXPRESA,VE-20,2025-12-18,Peaje de Monterrico Entrada - P1,F400-00075937,-26.4,3109.2
Consumo,LIMA EXPRESA,VE-12,2025-12-18,Peaje de Priale Entrada - P6,F400-00075937,-26.4,3082.8
Consumo,LIMA EXPRESA,VE-31,2025-12-18,Peaje de Monterrico Salida - P2,F400-00075937,-26.4,3056.4
Consumo,LIMA EXPRESA,VE-20,2025-12-18,Peaje de Monterrico Salida - P2,F400-00075937,-26.4,3030.0
Consumo,LIMA EXPRESA,VE-35,2025-12-18,Peaje de Priale Entrada - P6,F400-00075937,-26.4,3003.6
Consumo,LIMA EXPRESA,VE-31,2025-12-18,Peaje de Monterrico Entrada - P1,F400-00075937,-26.4,2977.2
Consumo,LIMA EXPRESA,D1C790,2025-12-18,Peaje de Monterrico Entrada - P1,F400-00075937,-26.4,2950.8
Consumo,LIMA EXPRESA,VE-35,2025-12-19,Peaje de Priale Entrada - P6,F400-00075937,-26.4,2924.4
Consumo,LIMA EXPRESA,VE-20,2025-12-19,Peaje de Priale Entrada - P6,F400-00075937,-26.4,2898.0
Consumo,LIMA EXPRESA,VE-20,2025-12-19,Peaje de Priale Salida - P7,F400-00075937,-26.4,2871.6
Consumo,LIMA EXPRESA,VE-12,2025-12-19,Peaje de Priale Entrada - P6,F400-00075937,-26.4,2845.2
Consumo,LIMA EXPRESA,VE-31,2025-12-19,Peaje de Priale Entrada - P6,F400-00075937,-26.4,2818.8
Consumo,LIMA EXPRESA,VE-31,2025-12-19,Peaje de Monterrico Entrada - P1,F400-00075937,-26.4,2792.4
Consumo,LIMA EXPRESA,VE-35,2025-12-19,Peaje de Monterrico Entrada - P1,F400-00075937,-26.4,2766.0
Consumo,LIMA EXPRESA,VE-12,2025-12-19,Peaje de Priale Entrada - P6,F400-00075937,-26.4,2739.6
Consumo,LIMA EXPRESA,VE-20,2025-12-19,Peaje de Priale Entrada - P6,F400-00075937,-26.4,2713.2
Consumo,LIMA EXPRESA,VE-05,2025-12-19,Peaje de El Pino - P5,F400-00075937,-39.6,2673.6
Consumo,LIMA EXPRESA,VE-20,2025-12-19,Peaje de Priale Salida - P7,F400-00075937,-26.4,2647.2
Consumo,LIMA EXPRESA,VE-05,2025-12-19,Peaje de Separadora Salida - P3,F400-00075937,-39.6,2607.6
Consumo,LIMA EXPRESA,VE-05,2025-12-19,Peaje Huánuco – P8   ,F400-00075937,-39.6,2568.0
Consumo,LIMA EXPRESA,VE-35,2025-12-19,Peaje de Monterrico Salida - P2,F400-00075937,-26.4,2541.6
Consumo,LIMA EXPRESA,VE-12,2025-12-19,Peaje de Monterrico Entrada - P1,F400-00075937,-26.4,2515.2
Consumo,LIMA EXPRESA,VE-31,2025-12-19,Peaje de Monterrico Entrada - P1,F400-00075937,-26.4,2488.8
Consumo,LIMA EXPRESA,VE-35,2025-12-20,Peaje de Priale Entrada - P6,F400-00075937,-26.4,2462.4
Consumo,LIMA EXPRESA,VE-20,2025-12-20,Peaje de Priale Entrada - P6,F400-00075937,-26.4,2436.0
Consumo,LIMA EXPRESA,VE-07,2025-12-20,Peaje de El Pino - P5,F400-00075937,-39.6,2396.4
Consumo,LIMA EXPRESA,VE-12,2025-12-20,Peaje de Priale Entrada - P6,F400-00075937,-26.4,2370.0
Consumo,LIMA EXPRESA,VE-05,2025-12-20,Peaje de Monterrico Entrada - P1,F400-00075937,-39.6,2330.4
Consumo,LIMA EXPRESA,VE-31,2025-12-20,Peaje de Monterrico Entrada - P1,F400-00075937,-26.4,2304.0
Consumo,LIMA EXPRESA,VE-07,2025-12-20,Peaje de Santa Anita - P4,F400-00075937,-39.6,2264.4
Consumo,LIMA EXPRESA,VE-31,2025-12-20,Peaje de Monterrico Salida - P2,F400-00075937,-26.4,2238.0
Consumo,LIMA EXPRESA,VE-05,2025-12-20,Peaje de Monterrico Salida - P2,F400-00075937,-39.6,2198.4
Consumo,LIMA EXPRESA,VE-05,2025-12-20,Peaje Huánuco – P8   ,F400-00075937,-19.8,2178.6
Consumo,LIMA EXPRESA,VE-20,2025-12-20,Peaje de Monterrico Entrada - P1,F400-00075937,-26.4,2152.2
Consumo,LIMA EXPRESA,VE-12,2025-12-20,Peaje de Monterrico Entrada - P1,F400-00075937,-26.4,2125.8
Consumo,LIMA EXPRESA,VE-35,2025-12-20,Peaje de Priale Entrada - P6,F400-00075937,-26.4,2099.4
Consumo,LIMA EXPRESA,VE-20,2025-12-20,Peaje de Monterrico Salida - P2,F400-00075937,-26.4,2073.0
Consumo,LIMA EXPRESA,VE-12,2025-12-20,Peaje de Monterrico Salida - P2,F400-00075937,-26.4,2046.6
Consumo,LIMA EXPRESA,VE-31,2025-12-20,Peaje de Priale Entrada - P6,F400-00075937,-26.4,2020.2
Consumo,LIMA EXPRESA,VE-35,2025-12-22,Peaje de Priale Entrada - P6,F400-00075937,-26.4,1993.8
Consumo,LIMA EXPRESA,VE-12,2025-12-22,Peaje de Priale Entrada - P6,F400-00075937,-26.4,1967.4
Consumo,LIMA EXPRESA,VE-31,2025-12-22,Peaje de Priale Entrada - P6,F400-00075937,-26.4,1941.0
Consumo,LIMA EXPRESA,VE-20,2025-12-22,Peaje de Priale Entrada - P6,F400-00075937,-26.4,1914.6
Consumo,LIMA EXPRESA,VE-12,2025-12-22,Peaje de Priale Entrada - P6,F400-00075937,-26.4,1888.2
Consumo,LIMA EXPRESA,VE-35,2025-12-22,Peaje de Priale Entrada - P6,F400-00075937,-26.4,1861.8
Consumo,LIMA EXPRESA,VE-31,2025-12-22,Peaje de Priale Entrada - P6,F400-00075937,-26.4,1835.4
Consumo,LIMA EXPRESA,VE-35,2025-12-22,Peaje de Priale Entrada - P6,F400-00075937,-26.4,1809.0
Consumo,LIMA EXPRESA,VE-12,2025-12-22,Peaje de Priale Entrada - P6,F400-00075937,-26.4,1782.6
Consumo,LIMA EXPRESA,VE-12,2025-12-22,Peaje de Priale Entrada - P6,F400-00075937,-26.4,1756.2
Consumo,LIMA EXPRESA,ANQ212,2025-12-22,Peaje Estadio – P10   ,F400-00075937,-6.6,1749.6
Consumo,LIMA EXPRESA,ANQ212,2025-12-22,Peaje de Monterrico Entrada - P1,F400-00075937,-6.6,1743.0
Consumo,LIMA EXPRESA,VE-07,2025-12-23,Peaje de El Pino - P5,F400-00076695,-39.6,1703.4
Consumo,LIMA EXPRESA,VE-35,2025-12-23,Peaje de Priale Entrada - P6,F400-00076695,-26.4,1677.0
Consumo,LIMA EXPRESA,VE-31,2025-12-23,Peaje de Monterrico Entrada - P1,F400-00076695,-26.4,1650.6
Consumo,LIMA EXPRESA,APF856,2025-12-23,Peaje Estadio – P10   ,F400-00076695,-6.6,1644.0
Consumo,LIMA EXPRESA,APF856,2025-12-23,Peaje de Priale Salida - P7,F400-00076695,-6.6,1637.4
Consumo,LIMA EXPRESA,D9Z911,2025-12-23,Peaje Estadio – P10   ,F400-00076695,-6.6,1630.8
Consumo,LIMA EXPRESA,VE-12,2025-12-23,Peaje de Priale Entrada - P6,F400-00076695,-26.4,1604.4
Consumo,LIMA EXPRESA,D9Z911,2025-12-23,Peaje de Priale Salida - P7,F400-00076695,-6.6,1597.8
Consumo,LIMA EXPRESA,VE-07,2025-12-23,Peaje de Santa Anita - P4,F400-00076695,-39.6,1558.2
Consumo,LIMA EXPRESA,VE-31,2025-12-23,Peaje de Monterrico Salida - P2,F400-00076695,-26.4,1531.8
Consumo,LIMA EXPRESA,APF856,2025-12-23,Peaje de Priale Entrada - P6,F400-00076695,-6.6,1525.2
Consumo,LIMA EXPRESA,APF856,2025-12-23,Peaje Huánuco – P8   ,F400-00076695,-6.6,1518.6
Consumo,LIMA EXPRESA,VE-35,2025-12-23,Peaje de Priale Entrada - P6,F400-00076695,-26.4,1492.2
Consumo,LIMA EXPRESA,D9Z911,2025-12-23,Peaje de Priale Entrada - P6,F400-00076695,-6.6,1485.6
Consumo,LIMA EXPRESA,VE-05,2025-12-23,Peaje de El Pino - P5,F400-00076695,-39.6,1446.0
Consumo,LIMA EXPRESA,D9Z911,2025-12-23,Peaje Huánuco – P8   ,F400-00076695,-6.6,1439.4
Consumo,LIMA EXPRESA,VE-10,2025-12-23,Peaje de El Pino - P5,F400-00076695,-39.6,1399.8
Consumo,LIMA EXPRESA,VE-09,2025-12-23,Peaje de El Pino - P5,F400-00076695,-39.6,1360.2
Consumo,LIMA EXPRESA,VE-05,2025-12-23,Peaje de Separadora Salida - P3,F400-00076695,-39.6,1320.6
Consumo,LIMA EXPRESA,VE-12,2025-12-23,Peaje de Priale Entrada - P6,F400-00076695,-26.4,1294.2
Consumo,LIMA EXPRESA,VE-10,2025-12-23,Peaje de Separadora Salida - P3,F400-00076695,-39.6,1254.6
Consumo,LIMA EXPRESA,VE-09,2025-12-23,Peaje de Separadora Salida - P3,F400-00076695,-39.6,1215.0
Consumo,LIMA EXPRESA,VE-31,2025-12-23,Peaje de Monterrico Entrada - P1,F400-00076695,-26.4,1188.6
Consumo,LIMA EXPRESA,ANQ212,2025-12-23,Peaje de Monterrico Salida - P2,F400-00076695,-6.6,1182.0
Consumo,LIMA EXPRESA,VE-35,2025-12-23,Peaje de Monterrico Entrada - P1,F400-00076695,-26.4,1155.6
Consumo,LIMA EXPRESA,VE-31,2025-12-23,Peaje de Monterrico Salida - P2,F400-00076695,-26.4,1129.2
Consumo,LIMA EXPRESA,VE-07,2025-12-23,Peaje de El Pino - P5,F400-00076695,-39.6,1089.6
Consumo,LIMA EXPRESA,VE-35,2025-12-23,Peaje de Monterrico Salida - P2,F400-00076695,-26.4,1063.2
Consumo,LIMA EXPRESA,VE-07,2025-12-23,Peaje de Santa Anita - P4,F400-00076695,-33.0,1030.2
Consumo,LIMA EXPRESA,APF856,2025-12-24,Peaje Estadio – P10   ,F400-00076695,-6.6,1023.6
Consumo,LIMA EXPRESA,APF856,2025-12-24,Peaje de Priale Salida - P7,F400-00076695,-6.6,1017.0
Consumo,LIMA EXPRESA,VE-07,2025-12-24,Peaje de El Pino - P5,F400-00076695,-39.6,977.4
Consumo,LIMA EXPRESA,APF856,2025-12-24,Peaje de Priale Entrada - P6,F400-00076695,-6.6,970.8
Consumo,LIMA EXPRESA,APF856,2025-12-24,Peaje Huánuco – P8   ,F400-00076695,-6.6,964.2
Consumo,LIMA EXPRESA,VE-21,2025-12-24,Peaje de Priale Entrada - P6,F400-00076695,-26.4,937.8
Consumo,LIMA EXPRESA,VE-07,2025-12-24,Peaje de Santa Anita - P4,F400-00076695,-39.6,898.2
Consumo,LIMA EXPRESA,VE-31,2025-12-24,Peaje de Santa Anita - P4,F400-00076695,-26.4,871.8
Consumo,LIMA EXPRESA,VE-31,2025-12-24,Peaje de El Pino - P5,F400-00076695,-26.4,845.4
Consumo,LIMA EXPRESA,VE-35,2025-12-26,Peaje de Monterrico Entrada - P1,F400-00076695,-26.4,819.0
Consumo,LIMA EXPRESA,VE-31,2025-12-26,Peaje de Monterrico Entrada - P1,F400-00076695,-26.4,792.6
Recarga PEX,PEX,,2025-12-26,,TR006-001030193,2500.0,3292.6
Consumo,LIMA EXPRESA,VE-35,2025-12-26,Peaje de Monterrico Salida - P2,F400-00076695,-26.4,3266.2
Consumo,LIMA EXPRESA,APF856,2025-12-26,Peaje Estadio – P10   ,F400-00076695,-6.6,3259.6
Consumo,LIMA EXPRESA,APF856,2025-12-26,Peaje de Monterrico Entrada - P1,F400-00076695,-6.6,3253.0
Consumo,LIMA EXPRESA,VE-31,2025-12-26,Peaje de Monterrico Salida - P2,F400-00076695,-26.4,3226.6
Consumo,LIMA EXPRESA,APF856,2025-12-26,Peaje de Santa Anita - P4,F400-00076695,-6.6,3220.0
Consumo,LIMA EXPRESA,APF856,2025-12-26,Peaje Huánuco – P8   ,F400-00076695,-6.6,3213.4
Consumo,LIMA EXPRESA,VE-35,2025-12-26,Peaje de Monterrico Entrada - P1,F400-00076695,-26.4,3187.0
Consumo,LIMA EXPRESA,VE-31,2025-12-26,Peaje de Monterrico Entrada - P1,F400-00076695,-26.4,3160.6
Consumo,LIMA EXPRESA,VE-35,2025-12-26,Peaje de Monterrico Salida - P2,F400-00076695,-26.4,3134.2
Consumo,LIMA EXPRESA,VE-20,2025-12-27,Peaje de El Pino - P5,F400-00076695,-39.6,3094.6
Consumo,LIMA EXPRESA,VE-12,2025-12-27,Peaje de Priale Entrada - P6,F400-00076695,-26.4,3068.2
Consumo,LIMA EXPRESA,VE-31,2025-12-27,Peaje de Priale Entrada - P6,F400-00076695,-26.4,3041.8
Consumo,LIMA EXPRESA,ANQ212,2025-12-27,Peaje de Monterrico Salida - P2,F400-00076695,-6.6,3035.2
Consumo,LIMA EXPRESA,ANQ212,2025-12-27,Peaje Huánuco – P8   ,F400-00076695,-6.6,3028.6
Consumo,LIMA EXPRESA,VE-12,2025-12-27,Peaje de Priale Entrada - P6,F400-00076695,-26.4,3002.2
Consumo,LIMA EXPRESA,VE-31,2025-12-27,Peaje de Priale Entrada - P6,F400-00076695,-26.4,2975.8
Consumo,LIMA EXPRESA,VE-12,2025-12-27,Peaje de Monterrico Entrada - P1,F400-00076695,-26.4,2949.4
Consumo,LIMA EXPRESA,VE-19,2025-12-27,Peaje de Monterrico Entrada - P1,F400-00076695,-26.4,2923.0
Consumo,LIMA EXPRESA,VE-31,2025-12-27,Peaje de Priale Entrada - P6,F400-00076695,-26.4,2896.6
Consumo,LIMA EXPRESA,VE-29,2025-12-27,Peaje de Monterrico Entrada - P1,F400-00076695,-26.4,2870.2
Consumo,LIMA EXPRESA,VE-19,2025-12-27,Peaje de Monterrico Salida - P2,F400-00076695,-26.4,2843.8
Consumo,LIMA EXPRESA,VE-29,2025-12-27,Peaje de Monterrico Salida - P2,F400-00076695,-26.4,2817.4
Consumo,LIMA EXPRESA,VE-19,2025-12-27,Peaje de Monterrico Entrada - P1,F400-00076695,-26.4,2791.0
Consumo,LIMA EXPRESA,VE-29,2025-12-27,Peaje de Monterrico Entrada - P1,F400-00076695,-26.4,2764.6
Consumo,LIMA EXPRESA,VE-29,2025-12-27,Peaje de Monterrico Salida - P2,F400-00076695,-26.4,2738.2
Consumo,LIMA EXPRESA,VE-19,2025-12-28,Peaje de Monterrico Entrada - P1,F400-00076695,-26.4,2711.8
Consumo,LIMA EXPRESA,VE-29,2025-12-28,Peaje de Monterrico Entrada - P1,F400-00076695,-26.4,2685.4
Consumo,LIMA EXPRESA,VE-29,2025-12-28,Peaje de Monterrico Salida - P2,F400-00076695,-26.4,2659.0
Consumo,LIMA EXPRESA,VE-19,2025-12-28,Peaje de Monterrico Entrada - P1,F400-00076695,-26.4,2632.6
Consumo,LIMA EXPRESA,VE-05,2025-12-28,Peaje de Priale Salida - P7,F400-00076695,-39.6,2593.0
Consumo,LIMA EXPRESA,VE-12,2025-12-28,Peaje de Priale Entrada - P6,F400-00076695,-26.4,2566.6
Consumo,LIMA EXPRESA,VE-05,2025-12-28,Peaje de Priale Entrada - P6,F400-00076695,-39.6,2527.0
Consumo,LIMA EXPRESA,VE-12,2025-12-28,Peaje de Priale Salida - P7,F400-00076695,-26.4,2500.6
Consumo,LIMA EXPRESA,VE-31,2025-12-28,Peaje de Priale Entrada - P6,F400-00076695,-26.4,2474.2
Consumo,LIMA EXPRESA,VE-31,2025-12-28,Peaje de Priale Salida - P7,F400-00076695,-26.4,2447.8
Consumo,LIMA EXPRESA,VE-12,2025-12-28,Peaje de Monterrico Entrada - P1,F400-00076695,-26.4,2421.4
Consumo,LIMA EXPRESA,VE-31,2025-12-28,Peaje de Monterrico Entrada - P1,F400-00076695,-26.4,2395.0
Consumo,LIMA EXPRESA,VE-12,2025-12-28,Peaje de Monterrico Salida - P2,F400-00076695,-26.4,2368.6
Consumo,LIMA EXPRESA,VE-31,2025-12-28,Peaje de Monterrico Salida - P2,F400-00076695,-26.4,2342.2
Consumo,LIMA EXPRESA,VE-12,2025-12-28,Peaje de Monterrico Entrada - P1,F400-00076695,-26.4,2315.8
Consumo,LIMA EXPRESA,VE-29,2025-12-28,Peaje de Monterrico Entrada - P1,F400-00076695,-26.4,2289.4
Consumo,LIMA EXPRESA,VE-31,2025-12-28,Peaje de Monterrico Entrada - P1,F400-00076695,-26.4,2263.0
Consumo,LIMA EXPRESA,VE-19,2025-12-28,Peaje de Monterrico Entrada - P1,F400-00076695,-26.4,2236.6
Consumo,LIMA EXPRESA,VE-29,2025-12-28,Peaje de Monterrico Salida - P2,F400-00076695,-26.4,2210.2
Consumo,LIMA EXPRESA,VE-19,2025-12-28,Peaje de Monterrico Salida - P2,F400-00076695,-26.4,2183.8
Consumo,LIMA EXPRESA,VE-29,2025-12-28,Peaje de Monterrico Entrada - P1,F400-00076695,-26.4,2157.4
Consumo,LIMA EXPRESA,VE-19,2025-12-28,Peaje de Monterrico Entrada - P1,F400-00076695,-26.4,2131.0
Consumo,LIMA EXPRESA,VE-29,2025-12-28,Peaje de Monterrico Salida - P2,F400-00076695,-26.4,2104.6
Consumo,LIMA EXPRESA,VE-29,2025-12-28,Peaje de Monterrico Entrada - P1,F400-00076695,-26.4,2078.2
Consumo,LIMA EXPRESA,VE-29,2025-12-29,Peaje de Monterrico Salida - P2,F400-00076695,-26.4,2051.8
Consumo,LIMA EXPRESA,VE-35,2025-12-29,Peaje de Priale Entrada - P6,F400-00076695,-26.4,2025.4
Consumo,LIMA EXPRESA,VE-12,2025-12-29,Peaje de Priale Entrada - P6,F400-00076695,-26.4,1999.0
Consumo,LIMA EXPRESA,VE-31,2025-12-29,Peaje de Priale Entrada - P6,F400-00076695,-26.4,1972.6
Consumo,LIMA EXPRESA,VE-35,2025-12-29,Peaje de Monterrico Entrada - P1,F400-00076695,-26.4,1946.2
Consumo,LIMA EXPRESA,VE-31,2025-12-29,Peaje de Monterrico Entrada - P1,F400-00076695,-26.4,1919.8
Consumo,LIMA EXPRESA,VE-12,2025-12-29,Peaje de Monterrico Entrada - P1,F400-00076695,-26.4,1893.4
Consumo,LIMA EXPRESA,VE-35,2025-12-29,Peaje de Monterrico Salida - P2,F400-00076695,-26.4,1867.0
Consumo,LIMA EXPRESA,VE-29,2025-12-29,Peaje Estadio – P10   ,F400-00076695,-26.4,1840.6
Consumo,LIMA EXPRESA,VE-29,2025-12-29,Peaje de Monterrico Entrada - P1,F400-00076695,-26.4,1814.2
Consumo,LIMA EXPRESA,VE-19,2025-12-29,Peaje Estadio – P10   ,F400-00076695,-26.4,1787.8
Consumo,LIMA EXPRESA,VE-19,2025-12-29,Peaje de Monterrico Entrada - P1,F400-00076695,-26.4,1761.4
Consumo,LIMA EXPRESA,VE-29,2025-12-29,Peaje de Monterrico Salida - P2,F400-00076695,-26.4,1735.0
Consumo,LIMA EXPRESA,VE-35,2025-12-30,Peaje de Priale Entrada - P6,F400-00076695,-26.4,1708.6
Consumo,LIMA EXPRESA,APF856,2025-12-30,Peaje Estadio – P10   ,F400-00076695,-6.6,1702.0
Consumo,LIMA EXPRESA,APF856,2025-12-30,Peaje de Monterrico Entrada - P1,F400-00076695,-6.6,1695.4
Consumo,LIMA EXPRESA,APF856,2025-12-30,Peaje de Monterrico Salida - P2,F400-00076695,-6.6,1688.8
Consumo,LIMA EXPRESA,VE-27,2025-12-30,Peaje de El Pino - P5,F400-00076695,-26.4,1662.4
Consumo,LIMA EXPRESA,VE-30,2025-12-30,Peaje de El Pino - P5,F400-00076695,-26.4,1636.0
Consumo,LIMA EXPRESA,VE-12,2025-12-30,Peaje de Priale Entrada - P6,F400-00076695,-26.4,1609.6
Consumo,LIMA EXPRESA,APF856,2025-12-30,Peaje Huánuco – P8   ,F400-00076695,-6.6,1603.0
Consumo,LIMA EXPRESA,VE-31,2025-12-30,Peaje de Priale Entrada - P6,F400-00076695,-26.4,1576.6
Consumo,LIMA EXPRESA,VE-07,2025-12-30,Peaje de El Pino - P5,F400-00076695,-39.6,1537.0
Consumo,LIMA EXPRESA,VE-07,2025-12-30,Peaje de Santa Anita - P4,F400-00076695,-33.0,1504.0
Consumo,LIMA EXPRESA,VE-05,2025-12-30,Peaje de El Pino - P5,F400-00076695,-39.6,1464.4
Consumo,LIMA EXPRESA,VE-05,2025-12-30,Peaje de Separadora Salida - P3,F400-00076695,-33.0,1431.4
Consumo,LIMA EXPRESA,VE-12,2025-12-30,Peaje de Monterrico Entrada - P1,F400-00076695,-26.4,1405.0
Consumo,LIMA EXPRESA,VE-31,2025-12-30,Peaje de Monterrico Entrada - P1,F400-00076695,-26.4,1378.6
Consumo,LIMA EXPRESA,VE-12,2025-12-30,Peaje de Monterrico Salida - P2,F400-00076695,-26.4,1352.2
Consumo,LIMA EXPRESA,VE-12,2025-12-30,Peaje Huánuco – P8   ,F400-00076695,-26.4,1325.8
Consumo,LIMA EXPRESA,VE-07,2025-12-30,Peaje de El Pino - P5,F400-00076695,-39.6,1286.2
Consumo,LIMA EXPRESA,VE-07,2025-12-30,Peaje de Santa Anita - P4,F400-00076695,-33.0,1253.2
Consumo,LIMA EXPRESA,VE-19,2025-12-30,Peaje Estadio – P10   ,F400-00076695,-26.4,1226.8
Consumo,LIMA EXPRESA,VE-29,2025-12-30,Peaje Estadio – P10   ,F400-00076695,-26.4,1200.4
Consumo,LIMA EXPRESA,VE-29,2025-12-30,Peaje de Monterrico Entrada - P1,F400-00076695,-26.4,1174.0
Consumo,LIMA EXPRESA,VE-19,2025-12-30,Peaje de Monterrico Salida - P2,F400-00076695,-26.4,1147.6
Consumo,LIMA EXPRESA,VE-29,2025-12-30,Peaje de Monterrico Salida - P2,F400-00076695,-26.4,1121.2
Consumo,LIMA EXPRESA,VE-19,2025-12-31,Peaje Estadio – P10   ,F400-00076695,-26.4,1094.8
Consumo,LIMA EXPRESA,VE-29,2025-12-31,Peaje Estadio – P10   ,F400-00076695,-26.4,1068.4
Consumo,LIMA EXPRESA,VE-19,2025-12-31,Peaje de Monterrico Entrada - P1,F400-00076695,-26.4,1042.0
Consumo,LIMA EXPRESA,VE-29,2025-12-31,Peaje de Monterrico Entrada - P1,F400-00076695,-26.4,1015.6
Consumo,LIMA EXPRESA,VE-29,2025-12-31,Peaje de Monterrico Salida - P2,F400-00076695,-26.4,989.2
Consumo,LIMA EXPRESA,VE-27,2025-12-31,Peaje de Separadora Salida - P3,F400-00076695,-26.4,962.8
Consumo,LIMA EXPRESA,VE-30,2025-12-31,Peaje de Separadora Salida - P3,F400-00076695,-26.4,936.4
Consumo,LIMA EXPRESA,CUC445,2026-01-01,Peaje de Monterrico Entrada - P1,F400-00077455,-6.6,929.8
Consumo,LIMA EXPRESA,VE-12,2026-01-02,Peaje de Priale Entrada - P6,F400-00077455,-26.4,903.4
Consumo,LIMA EXPRESA,VE-31,2026-01-02,Peaje de Monterrico Entrada - P1,F400-00077455,-26.4,877.0
Consumo,LIMA EXPRESA,VE-12,2026-01-02,Peaje de Monterrico Entrada - P1,F400-00077455,-26.4,850.6
Consumo,LIMA EXPRESA,VE-31,2026-01-02,Peaje de Monterrico Salida - P2,F400-00077455,-26.4,824.2
Consumo,LIMA EXPRESA,VE-35,2026-01-02,Peaje de Monterrico Entrada - P1,F400-00077455,-26.4,797.8
Consumo,LIMA EXPRESA,VE-12,2026-01-02,Peaje de Monterrico Salida - P2,F400-00077455,-26.4,771.4
Consumo,LIMA EXPRESA,VE-35,2026-01-02,Peaje de Monterrico Salida - P2,F400-00077455,-26.4,745.0
Consumo,LIMA EXPRESA,VE-31,2026-01-02,Peaje de Priale Entrada - P6,F400-00077455,-26.4,718.6
Consumo,LIMA EXPRESA,VE-12,2026-01-02,Peaje de Monterrico Entrada - P1,F400-00077455,-26.4,692.2
Consumo,LIMA EXPRESA,VE-35,2026-01-03,Peaje de Priale Entrada - P6,F400-00077455,-26.4,665.8
Consumo,LIMA EXPRESA,VE-12,2026-01-03,Peaje de Priale Entrada - P6,F400-00077455,-26.4,639.4
Consumo,LIMA EXPRESA,VE-31,2026-01-03,Peaje de Priale Entrada - P6,F400-00077455,-26.4,613.0
Consumo,LIMA EXPRESA,ANQ212,2026-01-03,Peaje de Monterrico Entrada - P1,F400-00077455,-6.6,606.4
Consumo,LIMA EXPRESA,VE-35,2026-01-03,Peaje de Monterrico Entrada - P1,F400-00077455,-26.4,580.0
Consumo,LIMA EXPRESA,VE-12,2026-01-03,Peaje de Monterrico Entrada - P1,F400-00077455,-26.4,553.6
Consumo,LIMA EXPRESA,VE-31,2026-01-03,Peaje de Monterrico Entrada - P1,F400-00077455,-26.4,527.2
Consumo,LIMA EXPRESA,VE-35,2026-01-03,Peaje de Monterrico Salida - P2,F400-00077455,-26.4,500.8
Recarga PEX,PEX,,2026-01-03,,TR006-001034141,1500.0,2000.8
Consumo,LIMA EXPRESA,VE-12,2026-01-03,Peaje de Monterrico Salida - P2,F400-00077455,-26.4,1974.4
Consumo,LIMA EXPRESA,VE-31,2026-01-03,Peaje de Monterrico Salida - P2,F400-00077455,-26.4,1948.0
Consumo,LIMA EXPRESA,VE-12,2026-01-03,Peaje de Priale Entrada - P6,F400-00077455,-26.4,1921.6
Consumo,LIMA EXPRESA,ANQ212,2026-01-03,Peaje de Monterrico Salida - P2,F400-00077455,-6.6,1915.0
Consumo,LIMA EXPRESA,ANQ212,2026-01-03,Peaje Huánuco – P8   ,F400-00077455,-6.6,1908.4
Consumo,LIMA EXPRESA,VE-35,2026-01-05,Peaje de Priale Entrada - P6,F400-00077455,-26.4,1882.0
Consumo,LIMA EXPRESA,VE-31,2026-01-05,Peaje de Priale Entrada - P6,F400-00077455,-26.4,1855.6
Consumo,LIMA EXPRESA,VE-35,2026-01-05,Peaje de Monterrico Entrada - P1,F400-00077455,-26.4,1829.2
Consumo,LIMA EXPRESA,VE-35,2026-01-05,Peaje de Monterrico Salida - P2,F400-00077455,-26.4,1802.8
Consumo,LIMA EXPRESA,VE-31,2026-01-05,Peaje de Monterrico Entrada - P1,F400-00077455,-26.4,1776.4
Consumo,LIMA EXPRESA,VE-12,2026-01-05,Peaje de Priale Entrada - P6,F400-00077455,-26.4,1750.0
Consumo,LIMA EXPRESA,VE-12,2026-01-06,Peaje de Priale Entrada - P6,F400-00077455,-26.4,1723.6
Consumo,LIMA EXPRESA,VE-31,2026-01-06,Peaje de Priale Entrada - P6,F400-00077455,-26.4,1697.2
Consumo,LIMA EXPRESA,VE-35,2026-01-06,Peaje de Priale Entrada - P6,F400-00077455,-26.4,1670.8
Consumo,LIMA EXPRESA,VE-12,2026-01-06,Peaje de Priale Entrada - P6,F400-00077455,-26.4,1644.4
Consumo,LIMA EXPRESA,VE-35,2026-01-06,Peaje de Monterrico Entrada - P1,F400-00077455,-26.4,1618.0
Consumo,LIMA EXPRESA,VE-36,2026-01-06,Peaje de Monterrico Entrada - P1,F172-7455104,-26.4,1591.6
Consumo,LIMA EXPRESA,CUC445,2026-01-06,Peaje de Monterrico Salida - P2,F400-00077455,-6.6,1585.0
Consumo,LIMA EXPRESA,VE-35,2026-01-06,Peaje de Monterrico Salida - P2,F400-00077455,-26.4,1558.6
Consumo,LIMA EXPRESA,CUC445,2026-01-06,Peaje Huánuco – P8   ,F400-00077455,-6.6,1552.0
Consumo,LIMA EXPRESA,VE-36,2026-01-06,Peaje de Monterrico Salida - P2,F272-6125472,-26.4,1525.6
Consumo,LIMA EXPRESA,ANQ212,2026-01-06,Peaje de Monterrico Entrada - P1,F400-00077455,-6.6,1519.0
Consumo,LIMA EXPRESA,VE-12,2026-01-06,Peaje de Priale Entrada - P6,F400-00077455,-26.4,1492.6
Consumo,LIMA EXPRESA,VE-35,2026-01-07,Peaje de Priale Entrada - P6,F400-00077455,-26.4,1466.2
Consumo,LIMA EXPRESA,VE-12,2026-01-07,Peaje de Priale Entrada - P6,F400-00077455,-26.4,1439.8
Consumo,LIMA EXPRESA,VE-36,2026-01-07,Peaje de Priale Entrada - P6,F601-2189621,-26.4,1413.4
Consumo,LIMA EXPRESA,VE-35,2026-01-07,Peaje de Priale Entrada - P6,F400-00077455,-26.4,1387.0
Consumo,LIMA EXPRESA,VE-12,2026-01-07,Peaje de Priale Entrada - P6,F400-00077455,-26.4,1360.6
Consumo,LIMA EXPRESA,VE-36,2026-01-07,Peaje de Priale Entrada - P6,F603-2242652,-26.4,1334.2
Consumo,LIMA EXPRESA,VE-12,2026-01-07,Peaje de Priale Salida - P7,F400-00077455,-26.4,1307.8
Consumo,LIMA EXPRESA,VE-36,2026-01-07,Peaje de Priale Salida - P7,F703-2010628,-26.4,1281.4
Consumo,LIMA EXPRESA,VE-36,2026-01-07,Peaje de Priale Entrada - P6,F603-2242654,-26.4,1255.0
Consumo,LIMA EXPRESA,VE-35,2026-01-07,Peaje de Priale Salida - P7,F400-00077455,-26.4,1228.6
Consumo,LIMA EXPRESA,VE-12,2026-01-07,Peaje de Priale Entrada - P6,F400-00077455,-26.4,1202.2
Consumo,LIMA EXPRESA,VE-12,2026-01-07,Peaje de Priale Salida - P7,F400-00077455,-26.4,1175.8
Consumo,LIMA EXPRESA,VE-36,2026-01-07,Peaje de Priale Salida - P7,F400-00078212,-26.4,1149.4
Consumo,LIMA EXPRESA,VE-12,2026-01-07,Peaje de Priale Entrada - P6,F400-00078212,-26.4,1123.0
Consumo,LIMA EXPRESA,VE-35,2026-01-08,Peaje de Priale Entrada - P6,F400-00078212,-26.4,1096.6
Consumo,LIMA EXPRESA,VE-30,2026-01-08,Peaje de Monterrico Entrada - P1,F400-00078212,-26.4,1070.2
Consumo,LIMA EXPRESA,VE-12,2026-01-08,Peaje de Priale Entrada - P6,F400-00078212,-26.4,1043.8
Consumo,LIMA EXPRESA,VE-27,2026-01-08,Peaje Estadio – P10   ,F400-00078212,-26.4,1017.4
Consumo,LIMA EXPRESA,VE-27,2026-01-08,Peaje de Monterrico Entrada - P1,F400-00078212,-26.4,991.0
Consumo,LIMA EXPRESA,VE-36,2026-01-08,Peaje de Priale Entrada - P6,F400-00078212,-26.4,964.6
Consumo,LIMA EXPRESA,VE-36,2026-01-08,Peaje de Priale Entrada - P6,F400-00078212,-26.4,938.2
Consumo,LIMA EXPRESA,VE-12,2026-01-08,Peaje de Monterrico Entrada - P1,F400-00078212,-26.4,911.8
Consumo,LIMA EXPRESA,VE-35,2026-01-08,Peaje de Monterrico Entrada - P1,F400-00078212,-26.4,885.4
Consumo,LIMA EXPRESA,VE-36,2026-01-08,Peaje de Priale Salida - P7,F400-00078212,-26.4,859.0
Consumo,LIMA EXPRESA,VE-36,2026-01-08,Peaje de Monterrico Entrada - P1,F400-00078212,-26.4,832.6
Consumo,LIMA EXPRESA,VE-12,2026-01-08,Peaje de Monterrico Salida - P2,F400-00078212,-26.4,806.2
Consumo,LIMA EXPRESA,VE-35,2026-01-08,Peaje de Monterrico Salida - P2,F400-00078212,-26.4,779.8
Consumo,LIMA EXPRESA,VE-36,2026-01-08,Peaje de Monterrico Salida - P2,F400-00078212,-26.4,753.4
Consumo,LIMA EXPRESA,VE-12,2026-01-08,Peaje de Priale Entrada - P6,F400-00078212,-26.4,727.0
Consumo,LIMA EXPRESA,APF856,2026-01-09,Peaje Estadio – P10   ,F400-00078212,-6.6,720.4
Consumo,LIMA EXPRESA,VE-35,2026-01-09,Peaje de Priale Entrada - P6,F400-00078212,-26.4,694.0
Consumo,LIMA EXPRESA,APF856,2026-01-09,Peaje de Monterrico Entrada - P1,F400-00078212,-6.6,687.4
Consumo,LIMA EXPRESA,VE-12,2026-01-09,Peaje de Priale Entrada - P6,F400-00078212,-26.4,661.0
Consumo,LIMA EXPRESA,VE-36,2026-01-09,Peaje de Priale Entrada - P6,F400-00078212,-26.4,634.6
Consumo,LIMA EXPRESA,CUC445,2026-01-09,Peaje Estadio – P10   ,F400-00078212,-6.6,628.0
Consumo,LIMA EXPRESA,APF856,2026-01-09,Peaje de Monterrico Salida - P2,F400-00078212,-6.6,621.4
Consumo,LIMA EXPRESA,APF856,2026-01-09,Peaje Huánuco – P8   ,F400-00078212,-6.6,614.8
Consumo,LIMA EXPRESA,VE-36,2026-01-09,Peaje de Priale Entrada - P6,F400-00078212,-26.4,588.4
Consumo,LIMA EXPRESA,VE-35,2026-01-09,Peaje de Priale Entrada - P6,F400-00078212,-26.4,562.0
Consumo,LIMA EXPRESA,CUC445,2026-01-09,Peaje de Santa Anita - P4,F400-00078212,-6.6,555.4
Consumo,LIMA EXPRESA,CUC445,2026-01-09,Peaje Huánuco – P8   ,F400-00078212,-6.6,548.8
Consumo,LIMA EXPRESA,VE-12,2026-01-09,Peaje de Priale Entrada - P6,F400-00078212,-26.4,522.4
Consumo,LIMA EXPRESA,VE-12,2026-01-09,Peaje de Priale Entrada - P6,F400-00078212,-26.4,496.0
Consumo,LIMA EXPRESA,VE-36,2026-01-09,Peaje de Priale Entrada - P6,F400-00078212,-26.4,469.6
Consumo,LIMA EXPRESA,VE-35,2026-01-10,Peaje de Priale Entrada - P6,F400-00078212,-26.4,443.2
Consumo,LIMA EXPRESA,VE-12,2026-01-10,Peaje de Priale Entrada - P6,F400-00078212,-26.4,416.8
Consumo,LIMA EXPRESA,VE-36,2026-01-10,Peaje de Priale Entrada - P6,F400-00078212,-26.4,390.4
Recarga PEX,PEX,,2026-01-10,,TR006-001038164,4000.0,4390.4
Consumo,LIMA EXPRESA,VE-12,2026-01-10,Peaje de Priale Entrada - P6,F400-00078212,-26.4,4364.0
Consumo,LIMA EXPRESA,VE-27,2026-01-10,Peaje de Monterrico Salida - P2,F400-00078212,-26.4,4337.6
Consumo,LIMA EXPRESA,VE-27,2026-01-10,Peaje Huánuco – P8   ,F400-00078212,-26.4,4311.2
Consumo,LIMA EXPRESA,APF856,2026-01-10,Peaje Huánuco – P8   ,F400-00078212,-6.6,4304.6
Consumo,LIMA EXPRESA,VE-27,2026-01-12,Peaje Estadio – P10   ,F400-00078212,-26.4,4278.2
Consumo,LIMA EXPRESA,VE-27,2026-01-12,Peaje de Monterrico Entrada - P1,F400-00078212,-26.4,4251.8
Consumo,LIMA EXPRESA,VE-26,2026-01-12,Peaje de El Pino - P5,F400-00078212,-26.4,4225.4
Consumo,LIMA EXPRESA,ANQ212,2026-01-12,Peaje Estadio – P10   ,F400-00078212,-6.6,4218.8
Consumo,LIMA EXPRESA,VE-35,2026-01-12,Peaje de Monterrico Entrada - P1,F400-00078212,-26.4,4192.4
Consumo,LIMA EXPRESA,VE-35,2026-01-12,Peaje de Monterrico Salida - P2,F400-00078212,-26.4,4166.0
Consumo,LIMA EXPRESA,D9Z911,2026-01-12,Peaje Estadio – P10   ,F400-00078212,-6.6,4159.4
Consumo,LIMA EXPRESA,D9Z911,2026-01-12,Peaje de Priale Salida - P7,F400-00078212,-6.6,4152.8
Consumo,LIMA EXPRESA,VE-35,2026-01-12,Peaje de Monterrico Entrada - P1,F400-00078212,-26.4,4126.4
Consumo,LIMA EXPRESA,VE-35,2026-01-12,Peaje de Monterrico Salida - P2,F400-00078212,-26.4,4100.0
Consumo,LIMA EXPRESA,D9Z911,2026-01-12,Peaje de Priale Entrada - P6,F400-00078212,-6.6,4093.4
Consumo,LIMA EXPRESA,D9Z911,2026-01-12,Peaje Huánuco – P8   ,F400-00078212,-6.6,4086.8
Consumo,LIMA EXPRESA,VE-12,2026-01-12,Peaje de Priale Entrada - P6,F400-00078212,-26.4,4060.4
Consumo,LIMA EXPRESA,VE-35,2026-01-13,Peaje de Monterrico Entrada - P1,F400-00078212,-26.4,4034.0
Consumo,LIMA EXPRESA,VE-36,2026-01-13,Peaje de Priale Entrada - P6,F400-00078212,-26.4,4007.6
Consumo,LIMA EXPRESA,VE-12,2026-01-13,Peaje de Monterrico Entrada - P1,F400-00078212,-26.4,3981.2
Consumo,LIMA EXPRESA,VE-25,2026-01-13,Peaje de Monterrico Entrada - P1,F400-00078212,-26.4,3954.8
Consumo,LIMA EXPRESA,VE-35,2026-01-13,Peaje de Monterrico Salida - P2,F400-00078212,-26.4,3928.4
Consumo,LIMA EXPRESA,VE-12,2026-01-13,Peaje de Monterrico Salida - P2,F400-00078212,-26.4,3902.0
Consumo,LIMA EXPRESA,VE-26,2026-01-13,Peaje de Santa Anita - P4,F400-00078212,-26.4,3875.6
Consumo,LIMA EXPRESA,VE-35,2026-01-13,Peaje de Monterrico Entrada - P1,F400-00078212,-26.4,3849.2
Consumo,LIMA EXPRESA,VE-12,2026-01-13,Peaje de Monterrico Entrada - P1,F400-00078212,-26.4,3822.8
Consumo,LIMA EXPRESA,VE-35,2026-01-13,Peaje de Monterrico Salida - P2,F400-00078212,-26.4,3796.4
Consumo,LIMA EXPRESA,APF856,2026-01-13,Peaje Estadio – P10   ,F400-00078212,-6.6,3789.8
Consumo,LIMA EXPRESA,VE-36,2026-01-13,Peaje de Priale Entrada - P6,F400-00078212,-26.4,3763.4
Consumo,LIMA EXPRESA,APF856,2026-01-13,Peaje de Monterrico Entrada - P1,F400-00078212,-6.6,3756.8
Consumo,LIMA EXPRESA,VE-35,2026-01-13,Peaje de Priale Entrada - P6,F400-00078212,-26.4,3730.4
Consumo,LIMA EXPRESA,VE-29,2026-01-13,Peaje de Monterrico Entrada - P1,F400-00078212,-26.4,3704.0
Consumo,LIMA EXPRESA,VE-19,2026-01-13,Peaje Estadio – P10   ,F400-00078212,-26.4,3677.6
Consumo,LIMA EXPRESA,VE-19,2026-01-13,Peaje de Monterrico Entrada - P1,F400-00078212,-26.4,3651.2
Consumo,LIMA EXPRESA,VE-29,2026-01-13,Peaje de Monterrico Salida - P2,F400-00078212,-26.4,3624.8
Consumo,LIMA EXPRESA,VE-19,2026-01-13,Peaje Huánuco – P8   ,F400-00078212,-26.4,3598.4
Consumo,LIMA EXPRESA,APF856,2026-01-13,Peaje Estadio – P10   ,F400-00078212,-6.6,3591.8
Consumo,LIMA EXPRESA,APF856,2026-01-13,Peaje de Monterrico Salida - P2,F400-00078212,-6.6,3585.2
Consumo,LIMA EXPRESA,VE-29,2026-01-13,Peaje de Monterrico Entrada - P1,F400-00078212,-26.4,3558.8
Consumo,LIMA EXPRESA,VE-19,2026-01-13,Peaje de Monterrico Entrada - P1,F400-00078212,-26.4,3532.4
Consumo,LIMA EXPRESA,VE-29,2026-01-13,Peaje de Monterrico Salida - P2,F400-00078212,-26.4,3506.0
Consumo,LIMA EXPRESA,VE-19,2026-01-14,Peaje de Monterrico Entrada - P1,F400-00078212,-26.4,3479.6
Consumo,LIMA EXPRESA,VE-35,2026-01-14,Peaje de Priale Entrada - P6,F400-00078212,-26.4,3453.2
Consumo,LIMA EXPRESA,VE-36,2026-01-14,Peaje de Priale Entrada - P6,F400-00078212,-26.4,3426.8
Consumo,LIMA EXPRESA,ANQ212,2026-01-14,Peaje de Monterrico Salida - P2,F400-00078212,-6.6,3420.2
Consumo,LIMA EXPRESA,VE-35,2026-01-14,Peaje de Priale Entrada - P6,F400-00078212,-26.4,3393.8
Consumo,LIMA EXPRESA,VE-36,2026-01-14,Peaje de Priale Entrada - P6,F400-00078212,-26.4,3367.4
Consumo,LIMA EXPRESA,VE-12,2026-01-14,Peaje de Priale Entrada - P6,F400-00078212,-26.4,3341.0
Consumo,LIMA EXPRESA,ANQ212,2026-01-14,Peaje Huánuco – P8   ,F400-00078212,-6.6,3334.4
Consumo,LIMA EXPRESA,VE-36,2026-01-14,Peaje de Priale Entrada - P6,F400-00078212,-26.4,3308.0
Consumo,LIMA EXPRESA,VE-35,2026-01-14,Peaje de Priale Entrada - P6,F400-00078212,-26.4,3281.6
Consumo,LIMA EXPRESA,VE-12,2026-01-14,Peaje de Priale Entrada - P6,F400-00078212,-26.4,3255.2
Consumo,LIMA EXPRESA,VE-19,2026-01-14,Peaje Estadio – P10   ,F400-00078212,-26.4,3228.8
Consumo,LIMA EXPRESA,VE-29,2026-01-14,Peaje Estadio – P10   ,F400-00078212,-26.4,3202.4
Consumo,LIMA EXPRESA,VE-19,2026-01-14,Peaje de Monterrico Entrada - P1,F400-00078212,-26.4,3176.0
Consumo,LIMA EXPRESA,VE-29,2026-01-14,Peaje de Monterrico Entrada - P1,F400-00078212,-26.4,3149.6
Consumo,LIMA EXPRESA,VE-19,2026-01-14,Peaje de Monterrico Salida - P2,F400-00078212,-26.4,3123.2
Consumo,LIMA EXPRESA,VE-29,2026-01-14,Peaje de Monterrico Salida - P2,F400-00078212,-26.4,3096.8
Consumo,LIMA EXPRESA,VE-29,2026-01-14,Peaje de Monterrico Entrada - P1,F400-00078212,-26.4,3070.4
Consumo,LIMA EXPRESA,VE-19,2026-01-14,Peaje de Monterrico Entrada - P1,F400-00078212,-26.4,3044.0
Consumo,LIMA EXPRESA,VE-19,2026-01-15,Peaje de Monterrico Salida - P2,F400-00078212,-26.4,3017.6
Consumo,LIMA EXPRESA,VE-29,2026-01-15,Peaje de Monterrico Salida - P2,F400-00078212,-26.4,2991.2
Consumo,LIMA EXPRESA,VE-35,2026-01-15,Peaje de Priale Entrada - P6,F400-00078212,-26.4,2964.8
Consumo,LIMA EXPRESA,VE-12,2026-01-15,Peaje de Priale Entrada - P6,F400-00078212,-26.4,2938.4
Consumo,LIMA EXPRESA,VE-36,2026-01-15,Peaje de Priale Entrada - P6,F400-00078212,-26.4,2912.0
Consumo,LIMA EXPRESA,VE-12,2026-01-15,Peaje de Priale Entrada - P6,F400-00078212,-26.4,2885.6
Consumo,LIMA EXPRESA,VE-35,2026-01-15,Peaje de Priale Entrada - P6,F400-00078212,-26.4,2859.2
Consumo,LIMA EXPRESA,VE-29,2026-01-15,Peaje Estadio – P10   ,F400-00078212,-26.4,2832.8
Consumo,LIMA EXPRESA,VE-29,2026-01-15,Peaje de Monterrico Entrada - P1,F400-00078212,-26.4,2806.4
Consumo,LIMA EXPRESA,VE-17,2026-01-15,Peaje de Monterrico Salida - P2,F400-00078212,-26.4,2780.0
Consumo,LIMA EXPRESA,VE-25,2026-01-15,Peaje de Monterrico Salida - P2,F400-00078212,-26.4,2753.6
Consumo,LIMA EXPRESA,VE-29,2026-01-15,Peaje de Monterrico Salida - P2,F400-00078212,-26.4,2727.2
Consumo,LIMA EXPRESA,VE-31,2026-01-15,Peaje de El Pino - P5,F400-00078212,-26.4,2700.8
Consumo,LIMA EXPRESA,VE-35,2026-01-16,Peaje de Priale Entrada - P6,F400-00078994,-26.4,2674.4
Consumo,LIMA EXPRESA,VE-12,2026-01-16,Peaje de Priale Entrada - P6,F400-00078994,-26.4,2648.0
Consumo,LIMA EXPRESA,VE-31,2026-01-16,Peaje de Priale Entrada - P6,F400-00078994,-26.4,2621.6
Consumo,LIMA EXPRESA,VE-36,2026-01-16,Peaje de Priale Entrada - P6,F400-00078994,-26.4,2595.2
Consumo,LIMA EXPRESA,VE-12,2026-01-16,Peaje de Priale Entrada - P6,F400-00078994,-26.4,2568.8
Consumo,LIMA EXPRESA,VE-31,2026-01-16,Peaje de Priale Entrada - P6,F400-00078994,-26.4,2542.4
Consumo,LIMA EXPRESA,VE-29,2026-01-16,Peaje de Monterrico Entrada - P1,F400-00078994,-26.4,2516.0
Consumo,LIMA EXPRESA,VE-19,2026-01-16,Peaje Estadio – P10   ,F400-00078994,-26.4,2489.6
Consumo,LIMA EXPRESA,VE-19,2026-01-16,Peaje de Monterrico Entrada - P1,F400-00078994,-26.4,2463.2
Consumo,LIMA EXPRESA,VE-36,2026-01-16,Peaje de Priale Entrada - P6,F400-00078994,-26.4,2436.8
Consumo,LIMA EXPRESA,VE-35,2026-01-16,Peaje de Priale Entrada - P6,F400-00078994,-26.4,2410.4
Consumo,LIMA EXPRESA,VE-19,2026-01-16,Peaje de Monterrico Salida - P2,F400-00078994,-26.4,2384.0
Consumo,LIMA EXPRESA,VE-29,2026-01-16,Peaje de Monterrico Salida - P2,F400-00078994,-26.4,2357.6
Consumo,LIMA EXPRESA,VE-12,2026-01-16,Peaje de Priale Entrada - P6,F400-00078994,-26.4,2331.2
Consumo,LIMA EXPRESA,VE-31,2026-01-16,Peaje de Priale Entrada - P6,F400-00078994,-26.4,2304.8
Consumo,LIMA EXPRESA,VE-19,2026-01-16,Peaje Estadio – P10   ,F400-00078994,-26.4,2278.4
Consumo,LIMA EXPRESA,VE-29,2026-01-16,Peaje Estadio – P10   ,F400-00078994,-26.4,2252.0
Consumo,LIMA EXPRESA,VE-19,2026-01-16,Peaje de Monterrico Entrada - P1,F400-00078994,-26.4,2225.6
Consumo,LIMA EXPRESA,VE-29,2026-01-16,Peaje de Monterrico Entrada - P1,F400-00078994,-26.4,2199.2
Consumo,LIMA EXPRESA,VE-29,2026-01-16,Peaje de Monterrico Salida - P2,F400-00078994,-26.4,2172.8
Consumo,LIMA EXPRESA,VE-19,2026-01-16,Peaje de Monterrico Entrada - P1,F400-00078994,-26.4,2146.4
Consumo,LIMA EXPRESA,VE-29,2026-01-16,Peaje de Monterrico Entrada - P1,F400-00078994,-26.4,2120.0
Consumo,LIMA EXPRESA,VE-19,2026-01-17,Peaje de Monterrico Salida - P2,F400-00078994,-26.4,2093.6
Consumo,LIMA EXPRESA,VE-29,2026-01-17,Peaje de Monterrico Salida - P2,F400-00078994,-26.4,2067.2
Consumo,LIMA EXPRESA,VE-35,2026-01-17,Peaje de Priale Entrada - P6,F400-00078994,-26.4,2040.8
Consumo,LIMA EXPRESA,VE-36,2026-01-17,Peaje de Priale Entrada - P6,F400-00078994,-26.4,2014.4
Consumo,LIMA EXPRESA,VE-12,2026-01-17,Peaje de Priale Entrada - P6,F400-00078994,-26.4,1988.0
Consumo,LIMA EXPRESA,VE-31,2026-01-17,Peaje de Priale Entrada - P6,F400-00078994,-26.4,1961.6
Consumo,LIMA EXPRESA,VE-27,2026-01-17,Peaje de Monterrico Salida - P2,F400-00078994,-26.4,1935.2
Consumo,LIMA EXPRESA,VE-27,2026-01-17,Peaje Huánuco – P8   ,F400-00078994,-26.4,1908.8
Consumo,LIMA EXPRESA,VE-19,2026-01-18,Peaje de Monterrico Entrada - P1,F400-00078994,-26.4,1882.4
Consumo,LIMA EXPRESA,VE-19,2026-01-18,Peaje de Monterrico Salida - P2,F400-00078994,-26.4,1856.0
Consumo,LIMA EXPRESA,ANQ212,2026-01-18,Peaje de Monterrico Salida - P2,F400-00078994,-6.6,1849.4
Consumo,LIMA EXPRESA,VE-17,2026-01-19,Peaje de Monterrico Entrada - P1,F400-00078994,-26.4,1823.0
Consumo,LIMA EXPRESA,VE-27,2026-01-19,Peaje de Monterrico Entrada - P1,F400-00078994,-26.4,1796.6
Consumo,LIMA EXPRESA,APF856,2026-01-19,Peaje Estadio – P10   ,F400-00078994,-6.6,1790.0
Consumo,LIMA EXPRESA,APF856,2026-01-19,Peaje de Priale Salida - P7,F400-00078994,-6.6,1783.4
Consumo,LIMA EXPRESA,VE-31,2026-01-19,Peaje de Priale Entrada - P6,F400-00078994,-26.4,1757.0
Consumo,LIMA EXPRESA,APF856,2026-01-19,Peaje de Priale Entrada - P6,F400-00078994,-6.6,1750.4
Consumo,LIMA EXPRESA,APF856,2026-01-19,Peaje Huánuco – P8   ,F400-00078994,-6.6,1743.8
Consumo,LIMA EXPRESA,VE-36,2026-01-19,Peaje de Priale Entrada - P6,F400-00078994,-26.4,1717.4
Consumo,LIMA EXPRESA,VE-31,2026-01-19,Peaje de Priale Entrada - P6,F400-00078994,-26.4,1691.0
Consumo,LIMA EXPRESA,VE-19,2026-01-19,Peaje Estadio – P10   ,F400-00078994,-26.4,1664.6
Consumo,LIMA EXPRESA,VE-19,2026-01-19,Peaje de Monterrico Entrada - P1,F400-00078994,-26.4,1638.2
Consumo,LIMA EXPRESA,VE-29,2026-01-19,Peaje Estadio – P10   ,F400-00078994,-26.4,1611.8
Consumo,LIMA EXPRESA,VE-29,2026-01-19,Peaje de Monterrico Entrada - P1,F400-00078994,-26.4,1585.4
Consumo,LIMA EXPRESA,VE-29,2026-01-19,Peaje de Monterrico Salida - P2,F400-00078994,-26.4,1559.0
Consumo,LIMA EXPRESA,VE-19,2026-01-19,Peaje Huánuco – P8   ,F400-00078994,-26.4,1532.6
Consumo,LIMA EXPRESA,VE-19,2026-01-19,Peaje de Monterrico Entrada - P1,F400-00078994,-26.4,1506.2
Consumo,LIMA EXPRESA,VE-29,2026-01-19,Peaje de Monterrico Entrada - P1,F400-00078994,-26.4,1479.8
Consumo,LIMA EXPRESA,VE-19,2026-01-20,Peaje de Monterrico Salida - P2,F400-00078994,-26.4,1453.4
Consumo,LIMA EXPRESA,VE-29,2026-01-20,Peaje de Monterrico Salida - P2,F400-00078994,-26.4,1427.0
Consumo,LIMA EXPRESA,CUC445,2026-01-20,Peaje de Monterrico Entrada - P1,F400-00078994,-6.6,1420.4
Consumo,LIMA EXPRESA,CUC445,2026-01-20,Peaje de Monterrico Salida - P2,F400-00078994,-6.6,1413.8
Consumo,LIMA EXPRESA,VE-35,2026-01-20,Peaje de Priale Entrada - P6,F400-00078994,-26.4,1387.4
Consumo,LIMA EXPRESA,VE-36,2026-01-20,Peaje de Priale Entrada - P6,F400-00078994,-26.4,1361.0
Consumo,LIMA EXPRESA,CUC445,2026-01-20,Peaje Huánuco – P8   ,F400-00078994,-6.6,1354.4
Consumo,LIMA EXPRESA,VE-12,2026-01-20,Peaje de Priale Entrada - P6,F400-00078994,-26.4,1328.0
Consumo,LIMA EXPRESA,VE-31,2026-01-20,Peaje de Priale Entrada - P6,F400-00078994,-26.4,1301.6
Consumo,LIMA EXPRESA,VE-31,2026-01-20,Peaje de Priale Entrada - P6,F400-00078994,-26.4,1275.2
Consumo,LIMA EXPRESA,VE-12,2026-01-20,Peaje de Priale Entrada - P6,F400-00078994,-26.4,1248.8
Consumo,LIMA EXPRESA,VE-36,2026-01-20,Peaje de Priale Entrada - P6,F400-00078994,-26.4,1222.4
Consumo,LIMA EXPRESA,VE-12,2026-01-20,Peaje de Priale Entrada - P6,F400-00078994,-26.4,1196.0
Consumo,LIMA EXPRESA,VE-31,2026-01-20,Peaje de Priale Entrada - P6,F400-00078994,-26.4,1169.6
Consumo,LIMA EXPRESA,VE-36,2026-01-20,Peaje de Priale Entrada - P6,F400-00078994,-26.4,1143.2
Consumo,LIMA EXPRESA,VE-35,2026-01-21,Peaje de Priale Entrada - P6,F400-00078994,-26.4,1116.8
Consumo,LIMA EXPRESA,VE-31,2026-01-21,Peaje de Priale Entrada - P6,F400-00078994,-26.4,1090.4
Consumo,LIMA EXPRESA,VE-12,2026-01-21,Peaje de Priale Entrada - P6,F400-00078994,-26.4,1064.0
Consumo,LIMA EXPRESA,VE-36,2026-01-21,Peaje de Priale Entrada - P6,F400-00078994,-26.4,1037.6
Consumo,LIMA EXPRESA,VE-36,2026-01-21,Peaje de Monterrico Entrada - P1,F400-00078994,-26.4,1011.2
Consumo,LIMA EXPRESA,VE-12,2026-01-21,Peaje de Monterrico Entrada - P1,F400-00078994,-26.4,984.8
Consumo,LIMA EXPRESA,VE-35,2026-01-21,Peaje de Monterrico Entrada - P1,F400-00078994,-26.4,958.4
Consumo,LIMA EXPRESA,VE-36,2026-01-21,Peaje de Monterrico Salida - P2,F400-00078994,-26.4,932.0
Consumo,LIMA EXPRESA,VE-31,2026-01-21,Peaje de Monterrico Entrada - P1,F400-00078994,-26.4,905.6
Consumo,LIMA EXPRESA,VE-12,2026-01-21,Peaje de Monterrico Salida - P2,F400-00078994,-26.4,879.2
Consumo,LIMA EXPRESA,APF856,2026-01-21,Peaje de Priale Salida - P7,F400-00078994,-6.6,872.6
Consumo,LIMA EXPRESA,VE-35,2026-01-21,Peaje de Monterrico Salida - P2,F400-00078994,-26.4,846.2
Consumo,LIMA EXPRESA,APF856,2026-01-21,Peaje de Priale Entrada - P6,F400-00078994,-6.6,839.6
Consumo,LIMA EXPRESA,APF856,2026-01-21,Peaje Huánuco – P8   ,F400-00078994,-6.6,833.0
Consumo,LIMA EXPRESA,VE-31,2026-01-21,Peaje de Monterrico Salida - P2,F400-00078994,-26.4,806.6
Consumo,LIMA EXPRESA,ANQ212,2026-01-21,Peaje Estadio – P10   ,F400-00078994,-6.6,800.0
Consumo,LIMA EXPRESA,ANQ212,2026-01-21,Peaje de Monterrico Entrada - P1,F400-00078994,-6.6,793.4
Consumo,LIMA EXPRESA,VE-30,2026-01-21,Peaje de Monterrico Salida - P2,F400-00078994,-26.4,767.0
Consumo,LIMA EXPRESA,VE-29,2026-01-21,Peaje de Monterrico Entrada - P1,F400-00078994,-26.4,740.6
Consumo,LIMA EXPRESA,VE-19,2026-01-21,Peaje de Monterrico Entrada - P1,F400-00078994,-26.4,714.2
Consumo,LIMA EXPRESA,VE-29,2026-01-21,Peaje de Monterrico Salida - P2,F400-00078994,-26.4,687.8
Consumo,LIMA EXPRESA,VE-19,2026-01-22,Peaje de Monterrico Entrada - P1,F400-00078994,-26.4,661.4
Consumo,LIMA EXPRESA,VE-19,2026-01-22,Peaje de Monterrico Salida - P2,F400-00078994,-26.4,635.0
Consumo,LIMA EXPRESA,VE-35,2026-01-22,Peaje de Priale Entrada - P6,F400-00078994,-26.4,608.6
Consumo,LIMA EXPRESA,VE-36,2026-01-22,Peaje de Priale Entrada - P6,F400-00078994,-26.4,582.2
Consumo,LIMA EXPRESA,VE-12,2026-01-22,Peaje de Priale Entrada - P6,F400-00078994,-26.4,555.8
Consumo,LIMA EXPRESA,VE-31,2026-01-22,Peaje de Priale Entrada - P6,F400-00078994,-26.4,529.4
Consumo,LIMA EXPRESA,VE-35,2026-01-22,Peaje de Priale Entrada - P6,F400-00078994,-26.4,503.0
Consumo,LIMA EXPRESA,VE-12,2026-01-22,Peaje de Priale Entrada - P6,F400-00078994,-26.4,476.6
Recarga PEX,PEX,,2026-01-22,,TR006-001045233,2500.0,2976.6
Consumo,LIMA EXPRESA,APF856,2026-01-22,Peaje Estadio – P10   ,F400-00078994,-6.6,2970.0
Consumo,LIMA EXPRESA,APF856,2026-01-22,Peaje de Priale Salida - P7,F400-00078994,-6.6,2963.4
Consumo,LIMA EXPRESA,VE-31,2026-01-22,Peaje de Priale Entrada - P6,F400-00078994,-26.4,2937.0
Consumo,LIMA EXPRESA,APF856,2026-01-22,Peaje de Priale Entrada - P6,F400-00078994,-6.6,2930.4
Consumo,LIMA EXPRESA,APF856,2026-01-22,Peaje Huánuco – P8   ,F400-00078994,-6.6,2923.8
Consumo,LIMA EXPRESA,VE-35,2026-01-22,Peaje de Priale Entrada - P6,F400-00078994,-26.4,2897.4
Consumo,LIMA EXPRESA,VE-12,2026-01-22,Peaje de Priale Entrada - P6,F400-00078994,-26.4,2871.0
Consumo,LIMA EXPRESA,VE-29,2026-01-22,Peaje Estadio – P10   ,F400-00078994,-26.4,2844.6
Consumo,LIMA EXPRESA,VE-29,2026-01-22,Peaje de Monterrico Entrada - P1,F400-00078994,-26.4,2818.2
Consumo,LIMA EXPRESA,VE-29,2026-01-22,Peaje de Monterrico Salida - P2,F400-00078994,-26.4,2791.8
Consumo,LIMA EXPRESA,VE-29,2026-01-23,Peaje de Monterrico Entrada - P1,F400-00079785,-26.4,2765.4
Consumo,LIMA EXPRESA,VE-29,2026-01-23,Peaje de Monterrico Salida - P2,F400-00079785,-26.4,2739.0
Consumo,LIMA EXPRESA,VE-19,2026-01-23,Peaje de Monterrico Entrada - P1,F400-00079785,-26.4,2712.6
Consumo,LIMA EXPRESA,VE-29,2026-01-23,Peaje de Monterrico Entrada - P1,F400-00079785,-26.4,2686.2
Consumo,LIMA EXPRESA,VE-19,2026-01-23,Peaje de Monterrico Salida - P2,F400-00079785,-26.4,2659.8
Consumo,LIMA EXPRESA,VE-29,2026-01-23,Peaje de Monterrico Salida - P2,F400-00079785,-26.4,2633.4
Consumo,LIMA EXPRESA,VE-35,2026-01-23,Peaje de Monterrico Entrada - P1,F400-00079785,-26.4,2607.0
Consumo,LIMA EXPRESA,VE-36,2026-01-23,Peaje de Monterrico Entrada - P1,F171-2701343,-26.4,2580.6
Consumo,LIMA EXPRESA,VE-31,2026-01-23,Peaje de Monterrico Entrada - P1,F400-00079785,-26.4,2554.2
Consumo,LIMA EXPRESA,VE-19,2026-01-23,Peaje de Monterrico Salida - P2,F400-00079785,-26.4,2527.8
Consumo,LIMA EXPRESA,VE-12,2026-01-23,Peaje de Monterrico Entrada - P1,F400-00079785,-26.4,2501.4
Consumo,LIMA EXPRESA,VE-36,2026-01-23,Peaje de Monterrico Salida - P2,F272-6125536,-26.4,2475.0
Consumo,LIMA EXPRESA,VE-35,2026-01-23,Peaje de Monterrico Salida - P2,F400-00079785,-26.4,2448.6
Consumo,LIMA EXPRESA,VE-31,2026-01-23,Peaje de Monterrico Salida - P2,F400-00079785,-26.4,2422.2
Consumo,LIMA EXPRESA,VE-35,2026-01-23,Peaje de Priale Entrada - P6,F400-00079785,-26.4,2395.8
Consumo,LIMA EXPRESA,VE-29,2026-01-23,Peaje Estadio – P10   ,F400-00079785,-26.4,2369.4
Consumo,LIMA EXPRESA,VE-31,2026-01-23,Peaje de Priale Entrada - P6,F400-00079785,-26.4,2343.0
Consumo,LIMA EXPRESA,VE-12,2026-01-23,Peaje de Monterrico Entrada - P1,F400-00079785,-26.4,2316.6
Consumo,LIMA EXPRESA,VE-29,2026-01-23,Peaje de Monterrico Entrada - P1,F400-00079785,-26.4,2290.2
Consumo,LIMA EXPRESA,VE-29,2026-01-23,Peaje de Monterrico Salida - P2,F400-00079785,-26.4,2263.8
Consumo,LIMA EXPRESA,VE-19,2026-01-23,Peaje Estadio – P10   ,F400-00079785,-26.4,2237.4
Consumo,LIMA EXPRESA,VE-19,2026-01-23,Peaje de Monterrico Entrada - P1,F400-00079785,-26.4,2211.0
Consumo,LIMA EXPRESA,VE-29,2026-01-23,Peaje Estadio – P10   ,F400-00079785,-26.4,2184.6
Consumo,LIMA EXPRESA,VE-29,2026-01-23,Peaje de Monterrico Entrada - P1,F400-00079785,-26.4,2158.2
Consumo,LIMA EXPRESA,VE-19,2026-01-23,Peaje Huánuco – P8   ,F400-00079785,-26.4,2131.8
Consumo,LIMA EXPRESA,VE-19,2026-01-23,Peaje de Monterrico Entrada - P1,F400-00079785,-26.4,2105.4
Consumo,LIMA EXPRESA,VE-29,2026-01-23,Peaje de Monterrico Salida - P2,F400-00079785,-26.4,2079.0
Consumo,LIMA EXPRESA,VE-29,2026-01-24,Peaje de Monterrico Entrada - P1,F400-00079785,-26.4,2052.6
Consumo,LIMA EXPRESA,VE-29,2026-01-24,Peaje de Monterrico Salida - P2,F400-00079785,-26.4,2026.2
Consumo,LIMA EXPRESA,VE-35,2026-01-24,Peaje de Priale Entrada - P6,F400-00079785,-26.4,1999.8
Consumo,LIMA EXPRESA,VE-12,2026-01-24,Peaje de Priale Entrada - P6,F400-00079785,-26.4,1973.4
Consumo,LIMA EXPRESA,VE-31,2026-01-24,Peaje de Priale Entrada - P6,F400-00079785,-26.4,1947.0
Consumo,LIMA EXPRESA,VE-12,2026-01-24,Peaje de Priale Entrada - P6,F400-00079785,-26.4,1920.6
Consumo,LIMA EXPRESA,VE-31,2026-01-24,Peaje de Priale Entrada - P6,F400-00079785,-26.4,1894.2
Consumo,LIMA EXPRESA,VE-19,2026-01-24,Peaje de Monterrico Entrada - P1,F400-00079785,-26.4,1867.8
Consumo,LIMA EXPRESA,VE-29,2026-01-24,Peaje de Monterrico Entrada - P1,F400-00079785,-26.4,1841.4
Consumo,LIMA EXPRESA,VE-25,2026-01-24,Peaje de Monterrico Salida - P2,F400-00079785,-26.4,1815.0
Consumo,LIMA EXPRESA,VE-12,2026-01-24,Peaje de Priale Entrada - P6,F400-00079785,-26.4,1788.6
Consumo,LIMA EXPRESA,VE-19,2026-01-24,Peaje de Monterrico Salida - P2,F400-00079785,-26.4,1762.2
Consumo,LIMA EXPRESA,VE-29,2026-01-24,Peaje de Monterrico Salida - P2,F400-00079785,-26.4,1735.8
Consumo,LIMA EXPRESA,VE-12,2026-01-24,Peaje de Priale Entrada - P6,F400-00079785,-26.4,1709.4
Consumo,LIMA EXPRESA,VE-29,2026-01-26,Peaje de Monterrico Entrada - P1,F400-00079785,-26.4,1683.0
Consumo,LIMA EXPRESA,VE-30,2026-01-26,Peaje de Monterrico Entrada - P1,F400-00079785,-26.4,1656.6
Consumo,LIMA EXPRESA,VE-25,2026-01-26,Peaje de Monterrico Entrada - P1,F400-00079785,-26.4,1630.2
Consumo,LIMA EXPRESA,VE-29,2026-01-26,Peaje de Monterrico Salida - P2,F400-00079785,-26.4,1603.8
Consumo,LIMA EXPRESA,VE-31,2026-01-26,Peaje de Priale Entrada - P6,F400-00079785,-26.4,1577.4
Consumo,LIMA EXPRESA,VE-36,2026-01-26,Peaje de Priale Entrada - P6,F604-2248901,-26.4,1551.0
Consumo,LIMA EXPRESA,VE-12,2026-01-26,Peaje de Priale Entrada - P6,F400-00079785,-26.4,1524.6
Consumo,LIMA EXPRESA,VE-25,2026-01-26,Peaje de Monterrico Salida - P2,F400-00079785,-26.4,1498.2
Consumo,LIMA EXPRESA,VE-31,2026-01-26,Peaje de Monterrico Entrada - P1,F400-00079785,-26.4,1471.8
Consumo,LIMA EXPRESA,VE-31,2026-01-26,Peaje de Monterrico Salida - P2,F400-00079785,-26.4,1445.4
Consumo,LIMA EXPRESA,VE-35,2026-01-27,Peaje de Priale Entrada - P6,F400-00079785,-26.4,1419.0
Consumo,LIMA EXPRESA,VE-12,2026-01-27,Peaje de Priale Entrada - P6,F400-00079785,-26.4,1392.6
Consumo,LIMA EXPRESA,VE-31,2026-01-27,Peaje de Priale Entrada - P6,F400-00079785,-26.4,1366.2
Consumo,LIMA EXPRESA,VE-36,2026-01-27,Peaje de Priale Entrada - P6,F601-2189633,-26.4,1339.8
Consumo,LIMA EXPRESA,VE-36,2026-01-27,Peaje de Priale Entrada - P6,F603-2242661,-26.4,1313.4
Consumo,LIMA EXPRESA,VE-31,2026-01-27,Peaje de Monterrico Entrada - P1,F400-00079785,-26.4,1287.0
Consumo,LIMA EXPRESA,VE-24,2026-01-27,Peaje Estadio – P10   ,F400-00079785,-26.4,1260.6
Consumo,LIMA EXPRESA,VE-24,2026-01-27,Peaje de Monterrico Entrada - P1,F400-00079785,-26.4,1234.2
Consumo,LIMA EXPRESA,VE-35,2026-01-27,Peaje de Priale Entrada - P6,F400-00079785,-26.4,1207.8
Consumo,LIMA EXPRESA,VE-31,2026-01-27,Peaje de Monterrico Salida - P2,F400-00079785,-26.4,1181.4
Consumo,LIMA EXPRESA,VE-24,2026-01-27,Peaje de Monterrico Salida - P2,F400-00079785,-26.4,1155.0
Consumo,LIMA EXPRESA,VE-30,2026-01-27,Peaje de Monterrico Salida - P2,F400-00079785,-26.4,1128.6
Consumo,LIMA EXPRESA,VE-35,2026-01-28,Peaje de Priale Entrada - P6,F400-00079785,-26.4,1102.2
Consumo,LIMA EXPRESA,VE-12,2026-01-28,Peaje de Priale Entrada - P6,F400-00079785,-26.4,1075.8
Consumo,LIMA EXPRESA,VE-36,2026-01-28,Peaje de Priale Entrada - P6,F601-2189634,-26.4,1049.4
Consumo,LIMA EXPRESA,VE-31,2026-01-28,Peaje de Priale Entrada - P6,F400-00079785,-26.4,1023.0
Consumo,LIMA EXPRESA,VE-12,2026-01-28,Peaje de Priale Entrada - P6,F400-00079785,-26.4,996.6
Recarga PEX,PEX,,2026-01-28,,TR006-001048758,2500.0,3496.6
Consumo,LIMA EXPRESA,APF856,2026-01-28,Peaje Estadio – P10   ,F400-00079785,-6.6,3490.0
Consumo,LIMA EXPRESA,APF856,2026-01-28,Peaje de Monterrico Entrada - P1,F400-00079785,-6.6,3483.4
Consumo,LIMA EXPRESA,VE-31,2026-01-28,Peaje de Priale Entrada - P6,F400-00079785,-26.4,3457.0
Consumo,LIMA EXPRESA,VE-35,2026-01-28,Peaje de Priale Entrada - P6,F400-00079785,-26.4,3430.6
Consumo,LIMA EXPRESA,VE-36,2026-01-28,Peaje de Priale Entrada - P6,F604-2248903,-26.4,3404.2
Consumo,LIMA EXPRESA,APF856,2026-01-28,Peaje de Monterrico Salida - P2,F400-00079785,-6.6,3397.6
Consumo,LIMA EXPRESA,APF856,2026-01-28,Peaje de Priale Entrada - P6,F400-00079785,-6.6,3391.0
Consumo,LIMA EXPRESA,APF856,2026-01-28,Peaje Huánuco – P8   ,F400-00079785,-6.6,3384.4
Consumo,LIMA EXPRESA,ANQ212,2026-01-28,Peaje Huánuco – P8   ,F400-00079785,-6.6,3377.8
Consumo,LIMA EXPRESA,VE-35,2026-01-29,Peaje de Priale Entrada - P6,F400-00079785,-26.4,3351.4
Consumo,LIMA EXPRESA,VE-30,2026-01-29,Peaje de Monterrico Entrada - P1,F400-00079785,-26.4,3325.0
Consumo,LIMA EXPRESA,VE-37,2026-01-29,Peaje de Monterrico Entrada - P1,F400-00079785,-26.4,3298.6
Consumo,LIMA EXPRESA,VE-31,2026-01-29,Peaje de Priale Entrada - P6,F400-00079785,-26.4,3272.2
Consumo,LIMA EXPRESA,VE-31,2026-01-29,Peaje de Priale Entrada - P6,F400-00079785,-26.4,3245.8
Consumo,LIMA EXPRESA,VE-31,2026-01-30,Peaje de Priale Entrada - P6,F400-00079785,-26.4,3219.4
Consumo,LIMA EXPRESA,VE-12,2026-01-30,Peaje de Priale Entrada - P6,F400-00079785,-26.4,3193.0
Consumo,LIMA EXPRESA,VE-12,2026-01-30,Peaje de Priale Entrada - P6,F400-00079785,-26.4,3166.6
Consumo,LIMA EXPRESA,VE-31,2026-01-30,Peaje de Priale Entrada - P6,F400-00079785,-26.4,3140.2
Consumo,LIMA EXPRESA,VE-12,2026-01-30,Peaje de Priale Entrada - P6,F400-00079785,-26.4,3113.8
Consumo,LIMA EXPRESA,VE-31,2026-01-30,Peaje de Priale Entrada - P6,F400-00079785,-26.4,3087.4
Consumo,LIMA EXPRESA,VE-35,2026-01-31,Peaje de Priale Entrada - P6,F400-00079785,-26.4,3061.0
Consumo,LIMA EXPRESA,VE-36,2026-01-31,Peaje de Priale Entrada - P6,F400-00079785,-26.4,3034.6
Consumo,LIMA EXPRESA,VE-12,2026-01-31,Peaje de Priale Entrada - P6,F400-00079785,-26.4,3008.2
Consumo,LIMA EXPRESA,VE-31,2026-01-31,Peaje de Priale Entrada - P6,F400-00079785,-26.4,2981.8
Consumo,LIMA EXPRESA,VE-12,2026-01-31,Peaje de Priale Entrada - P6,F400-00079785,-26.4,2955.4
Consumo,LIMA EXPRESA,VE-31,2026-01-31,Peaje de Priale Entrada - P6,F400-00079785,-26.4,2929.0
Consumo,LIMA EXPRESA,VE-27,2026-01-31,Peaje de Monterrico Salida - P2,F400-00079785,-26.4,2902.6
Consumo,LIMA EXPRESA,VE-30,2026-01-31,Peaje de Monterrico Salida - P2,F400-00079785,-26.4,2876.2
Consumo,LIMA EXPRESA,ANQ212,2026-02-01,Peaje de Monterrico Salida - P2,F400-00080605,-6.6,2869.6
Consumo,LIMA EXPRESA,VE-30,2026-02-02,Peaje de Monterrico Entrada - P1,F400-00080605,-26.4,2843.2
Consumo,LIMA EXPRESA,VE-31,2026-02-02,Peaje de Priale Entrada - P6,F400-00080605,-26.4,2816.8
Consumo,LIMA EXPRESA,VE-12,2026-02-02,Peaje de Priale Entrada - P6,F400-00080605,-26.4,2790.4
Consumo,LIMA EXPRESA,VE-36,2026-02-02,Peaje de Monterrico Entrada - P1,F400-00080605,-26.4,2764.0
Consumo,LIMA EXPRESA,VE-35,2026-02-02,Peaje de Monterrico Entrada - P1,F400-00080605,-26.4,2737.6
Consumo,LIMA EXPRESA,VE-36,2026-02-02,Peaje de Monterrico Salida - P2,F400-00080605,-26.4,2711.2
Consumo,LIMA EXPRESA,VE-12,2026-02-02,Peaje de Monterrico Entrada - P1,F400-00080605,-26.4,2684.8
Consumo,LIMA EXPRESA,VE-31,2026-02-02,Peaje de Monterrico Entrada - P1,F400-00080605,-26.4,2658.4
Consumo,LIMA EXPRESA,VE-35,2026-02-02,Peaje de Monterrico Salida - P2,F400-00080605,-26.4,2632.0
Consumo,LIMA EXPRESA,VE-35,2026-02-03,Peaje de Priale Entrada - P6,F400-00080605,-25.2,2606.8
Consumo,LIMA EXPRESA,CUC445,2026-02-03,Peaje de Monterrico Entrada - P1,F400-00080605,-6.3,2600.5
Consumo,LIMA EXPRESA,VE-36,2026-02-03,Peaje de Priale Entrada - P6,F400-00080605,-25.2,2575.3
Consumo,LIMA EXPRESA,VE-31,2026-02-03,Peaje de Priale Entrada - P6,F400-00080605,-25.2,2550.1
Consumo,LIMA EXPRESA,CUC445,2026-02-03,Peaje de Monterrico Salida - P2,F400-00080605,-6.3,2543.8
Consumo,LIMA EXPRESA,VE-12,2026-02-03,Peaje de Priale Entrada - P6,F400-00080605,-25.2,2518.6
Consumo,LIMA EXPRESA,VE-31,2026-02-03,Peaje de Priale Entrada - P6,F400-00080605,-25.2,2493.4
Consumo,LIMA EXPRESA,VE-12,2026-02-03,Peaje de Priale Entrada - P6,F400-00080605,-25.2,2468.2
Consumo,LIMA EXPRESA,VE-31,2026-02-03,Peaje de Monterrico Entrada - P1,F400-00080605,-25.2,2443.0
Consumo,LIMA EXPRESA,VE-36,2026-02-04,Peaje de Monterrico Entrada - P1,F400-00080605,-25.2,2417.8
Consumo,LIMA EXPRESA,VE-35,2026-02-04,Peaje de Priale Entrada - P6,F400-00080605,-25.2,2392.6
Consumo,LIMA EXPRESA,VE-12,2026-02-04,Peaje de Monterrico Entrada - P1,F400-00080605,-25.2,2367.4
Consumo,LIMA EXPRESA,VE-35,2026-02-04,Peaje Huánuco – P8   ,F400-00080605,-25.2,2342.2
Consumo,LIMA EXPRESA,VE-36,2026-02-04,Peaje de Monterrico Salida - P2,F400-00080605,-25.2,2317.0
Consumo,LIMA EXPRESA,APF856,2026-02-04,Peaje Estadio – P10   ,F400-00080605,-6.3,2310.7
Consumo,LIMA EXPRESA,APF856,2026-02-04,Peaje de Monterrico Entrada - P1,F400-00080605,-6.3,2304.4
Consumo,LIMA EXPRESA,APF856,2026-02-04,Peaje de Monterrico Salida - P2,F400-00080605,-6.3,2298.1
Consumo,LIMA EXPRESA,VE-31,2026-02-04,Peaje de Monterrico Entrada - P1,F400-00080605,-25.2,2272.9
Consumo,LIMA EXPRESA,VE-12,2026-02-04,Peaje de Monterrico Salida - P2,F400-00080605,-25.2,2247.7
Consumo,LIMA EXPRESA,APF856,2026-02-04,Peaje Huánuco – P8   ,F400-00080605,-6.3,2241.4
Consumo,LIMA EXPRESA,VE-36,2026-02-04,Peaje de Monterrico Entrada - P1,F400-00080605,-25.2,2216.2
Consumo,LIMA EXPRESA,VE-31,2026-02-04,Peaje de Monterrico Salida - P2,F400-00080605,-25.2,2191.0
Consumo,LIMA EXPRESA,VE-12,2026-02-04,Peaje de Monterrico Entrada - P1,F400-00080605,-25.2,2165.8
Consumo,LIMA EXPRESA,VE-36,2026-02-04,Peaje de Monterrico Salida - P2,F400-00080605,-25.2,2140.6
Consumo,LIMA EXPRESA,VE-31,2026-02-04,Peaje de Monterrico Entrada - P1,F400-00080605,-25.2,2115.4
Consumo,LIMA EXPRESA,VE-35,2026-02-04,Peaje Estadio – P10   ,F400-00080605,-25.2,2090.2
Consumo,LIMA EXPRESA,VE-35,2026-02-04,Peaje de Priale Salida - P7,F400-00080605,-25.2,2065.0
Consumo,LIMA EXPRESA,VE-19,2026-02-04,Peaje de Monterrico Entrada - P1,F400-00080605,-25.2,2039.8
Consumo,LIMA EXPRESA,VE-29,2026-02-04,Peaje de Monterrico Entrada - P1,F400-00080605,-25.2,2014.6
Consumo,LIMA EXPRESA,VE-29,2026-02-04,Peaje de Monterrico Salida - P2,F400-00080605,-25.2,1989.4
Consumo,LIMA EXPRESA,VE-19,2026-02-05,Peaje de Monterrico Entrada - P1,F400-00080605,-25.2,1964.2
Consumo,LIMA EXPRESA,VE-29,2026-02-05,Peaje de Monterrico Entrada - P1,F400-00080605,-25.2,1939.0
Consumo,LIMA EXPRESA,VE-19,2026-02-05,Peaje de Monterrico Salida - P2,F400-00080605,-25.2,1913.8
Consumo,LIMA EXPRESA,VE-29,2026-02-05,Peaje de Monterrico Salida - P2,F400-00080605,-25.2,1888.6
Consumo,LIMA EXPRESA,VE-36,2026-02-05,Peaje de Priale Entrada - P6,F400-00080605,-25.2,1863.4
Consumo,LIMA EXPRESA,VE-35,2026-02-05,Peaje de Priale Entrada - P6,F400-00080605,-25.2,1838.2
Consumo,LIMA EXPRESA,VE-31,2026-02-05,Peaje de Priale Entrada - P6,F400-00080605,-25.2,1813.0
Consumo,LIMA EXPRESA,VE-12,2026-02-05,Peaje de Priale Entrada - P6,F400-00080605,-25.2,1787.8
Consumo,LIMA EXPRESA,VE-12,2026-02-05,Peaje de Priale Entrada - P6,F400-00080605,-25.2,1762.6
Consumo,LIMA EXPRESA,VE-36,2026-02-05,Peaje de Priale Entrada - P6,F400-00080605,-25.2,1737.4
Consumo,LIMA EXPRESA,VE-12,2026-02-05,Peaje de Priale Entrada - P6,F400-00080605,-25.2,1712.2
Consumo,LIMA EXPRESA,VE-31,2026-02-05,Peaje de Priale Entrada - P6,F400-00080605,-25.2,1687.0
Consumo,LIMA EXPRESA,APF856,2026-02-05,Peaje de Monterrico Salida - P2,F400-00080605,-6.3,1680.7
Consumo,LIMA EXPRESA,VE-19,2026-02-05,Peaje de Monterrico Entrada - P1,F400-00080605,-25.2,1655.5
Consumo,LIMA EXPRESA,VE-29,2026-02-05,Peaje Estadio – P10   ,F400-00080605,-25.2,1630.3
Consumo,LIMA EXPRESA,VE-29,2026-02-05,Peaje de Monterrico Entrada - P1,F400-00080605,-25.2,1605.1
Consumo,LIMA EXPRESA,VE-31,2026-02-05,Peaje de El Pino - P5,F400-00080605,-25.2,1579.9
Consumo,LIMA EXPRESA,VE-29,2026-02-05,Peaje de Monterrico Salida - P2,F400-00080605,-25.2,1554.7
Consumo,LIMA EXPRESA,VE-35,2026-02-06,Peaje de Priale Entrada - P6,F400-00080605,-25.2,1529.5
Consumo,LIMA EXPRESA,VE-12,2026-02-06,Peaje de Priale Entrada - P6,F400-00080605,-25.2,1504.3
Consumo,LIMA EXPRESA,VE-31,2026-02-06,Peaje de Priale Entrada - P6,F400-00080605,-25.2,1479.1
Consumo,LIMA EXPRESA,VE-36,2026-02-06,Peaje de Priale Entrada - P6,F400-00080605,-25.2,1453.9
Consumo,LIMA EXPRESA,VE-19,2026-02-06,Peaje Estadio – P10   ,F400-00080605,-25.2,1428.7
Consumo,LIMA EXPRESA,VE-29,2026-02-06,Peaje Estadio – P10   ,F400-00080605,-25.2,1403.5
Consumo,LIMA EXPRESA,VE-12,2026-02-06,Peaje de Priale Entrada - P6,F400-00080605,-25.2,1378.3
Consumo,LIMA EXPRESA,VE-35,2026-02-06,Peaje de Priale Entrada - P6,F400-00080605,-25.2,1353.1
Consumo,LIMA EXPRESA,VE-19,2026-02-06,Peaje de Monterrico Entrada - P1,F400-00080605,-25.2,1327.9
Consumo,LIMA EXPRESA,VE-29,2026-02-06,Peaje de Monterrico Entrada - P1,F400-00080605,-25.2,1302.7
Consumo,LIMA EXPRESA,VE-36,2026-02-06,Peaje de Priale Entrada - P6,F400-00080605,-25.2,1277.5
Consumo,LIMA EXPRESA,VE-31,2026-02-06,Peaje de Priale Entrada - P6,F400-00080605,-25.2,1252.3
Consumo,LIMA EXPRESA,VE-19,2026-02-06,Peaje de Monterrico Salida - P2,F400-00080605,-25.2,1227.1
Consumo,LIMA EXPRESA,VE-29,2026-02-06,Peaje de Monterrico Salida - P2,F400-00080605,-25.2,1201.9
Consumo,LIMA EXPRESA,VE-31,2026-02-06,Peaje de El Pino - P5,F400-00080605,-25.2,1176.7
Consumo,LIMA EXPRESA,VE-17,2026-02-06,Peaje de Monterrico Salida - P2,F400-00080605,-25.2,1151.5
Consumo,LIMA EXPRESA,VE-19,2026-02-06,Peaje Estadio – P10   ,F400-00080605,-25.2,1126.3
Consumo,LIMA EXPRESA,VE-29,2026-02-06,Peaje Estadio – P10   ,F400-00080605,-25.2,1101.1
Consumo,LIMA EXPRESA,VE-19,2026-02-06,Peaje de Monterrico Entrada - P1,F400-00080605,-25.2,1075.9
Consumo,LIMA EXPRESA,VE-29,2026-02-06,Peaje de Monterrico Entrada - P1,F400-00080605,-25.2,1050.7
Consumo,LIMA EXPRESA,VE-19,2026-02-06,Peaje de Monterrico Salida - P2,F400-00080605,-25.2,1025.5
Consumo,LIMA EXPRESA,VE-29,2026-02-06,Peaje de Monterrico Salida - P2,F400-00080605,-25.2,1000.3
Consumo,LIMA EXPRESA,VE-19,2026-02-07,Peaje de Monterrico Salida - P2,F400-00081424,-25.2,975.1
Consumo,LIMA EXPRESA,VE-19,2026-02-07,Peaje de Monterrico Entrada - P1,F400-00080605,-25.2,949.9
Consumo,LIMA EXPRESA,VE-35,2026-02-07,Peaje de Priale Entrada - P6,F400-00080605,-25.2,924.7
Consumo,LIMA EXPRESA,VE-36,2026-02-07,Peaje de Monterrico Entrada - P1,F400-00080605,-25.2,899.5
Consumo,LIMA EXPRESA,VE-12,2026-02-07,Peaje de Priale Entrada - P6,F400-00080605,-25.2,874.3
Consumo,LIMA EXPRESA,VE-31,2026-02-07,Peaje de Monterrico Entrada - P1,F400-00080605,-25.2,849.1
Consumo,LIMA EXPRESA,VE-36,2026-02-07,Peaje de Monterrico Salida - P2,F400-00080605,-25.2,823.9
Consumo,LIMA EXPRESA,VE-36,2026-02-07,Peaje de Monterrico Entrada - P1,F400-00080605,-25.2,798.7
Consumo,LIMA EXPRESA,VE-12,2026-02-07,Peaje de Monterrico Entrada - P1,F400-00080605,-25.2,773.5
Consumo,LIMA EXPRESA,VE-31,2026-02-07,Peaje de Monterrico Salida - P2,F400-00080605,-25.2,748.3
Consumo,LIMA EXPRESA,VE-36,2026-02-07,Peaje de Monterrico Salida - P2,F400-00080605,-25.2,723.1
Recarga PEX,PEX,,2026-02-07,,TR006-001055255,2500.0,3223.1
Consumo,LIMA EXPRESA,VE-25,2026-02-07,Peaje de Monterrico Salida - P2,F400-00080605,-25.2,3197.9
Consumo,LIMA EXPRESA,VE-37,2026-02-07,Peaje de Monterrico Salida - P2,F400-00080605,-25.2,3172.7
Consumo,LIMA EXPRESA,VE-30,2026-02-07,Peaje de Monterrico Salida - P2,F400-00080605,-25.2,3147.5
Consumo,LIMA EXPRESA,VE-19,2026-02-07,Peaje de Monterrico Entrada - P1,F400-00080605,-25.2,3122.3
Consumo,LIMA EXPRESA,VE-29,2026-02-07,Peaje de Monterrico Entrada - P1,F400-00080605,-25.2,3097.1
Consumo,LIMA EXPRESA,VE-19,2026-02-07,Peaje de Monterrico Salida - P2,F400-00081424,-25.2,3071.9
Consumo,LIMA EXPRESA,VE-29,2026-02-07,Peaje de Monterrico Salida - P2,F400-00080605,-25.2,3046.7
Consumo,LIMA EXPRESA,VE-17,2026-02-09,Peaje de Monterrico Entrada - P1,F400-00081424,-25.2,3021.5
Consumo,LIMA EXPRESA,VE-25,2026-02-09,Peaje de Monterrico Entrada - P1,F400-00081424,-25.2,2996.3
Consumo,LIMA EXPRESA,VE-30,2026-02-09,Peaje de Monterrico Entrada - P1,F400-00081424,-25.2,2971.1
Consumo,LIMA EXPRESA,VE-27,2026-02-09,Peaje de Monterrico Entrada - P1,F400-00081424,-25.2,2945.9
Consumo,LIMA EXPRESA,VE-12,2026-02-09,Peaje de Monterrico Entrada - P1,F400-00081424,-25.2,2920.7
Consumo,LIMA EXPRESA,VE-31,2026-02-09,Peaje de Monterrico Entrada - P1,F400-00081424,-25.2,2895.5
Consumo,LIMA EXPRESA,VE-12,2026-02-09,Peaje de Monterrico Salida - P2,F400-00081424,-25.2,2870.3
Consumo,LIMA EXPRESA,VE-31,2026-02-09,Peaje de Monterrico Salida - P2,F400-00081424,-25.2,2845.1
Consumo,LIMA EXPRESA,VE-36,2026-02-09,Peaje de Monterrico Entrada - P1,F400-00081424,-25.2,2819.9
Consumo,LIMA EXPRESA,VE-36,2026-02-09,Peaje de Monterrico Salida - P2,F400-00081424,-25.2,2794.7
Consumo,LIMA EXPRESA,VE-12,2026-02-09,Peaje de Monterrico Entrada - P1,F400-00081424,-25.2,2769.5
Consumo,LIMA EXPRESA,VE-31,2026-02-09,Peaje de Monterrico Entrada - P1,F400-00081424,-25.2,2744.3
Consumo,LIMA EXPRESA,VE-27,2026-02-09,Peaje de Monterrico Salida - P2,F400-00081424,-25.2,2719.1
Consumo,LIMA EXPRESA,VE-35,2026-02-10,Peaje de Priale Entrada - P6,F400-00081424,-25.2,2693.9
Consumo,LIMA EXPRESA,VE-36,2026-02-10,Peaje de Priale Entrada - P6,F400-00081424,-25.2,2668.7
Consumo,LIMA EXPRESA,VE-31,2026-02-10,Peaje de Priale Entrada - P6,F400-00081424,-25.2,2643.5
Consumo,LIMA EXPRESA,VE-05,2026-02-10,Peaje Estadio – P10   ,F400-00081424,-18.9,2624.6
Consumo,LIMA EXPRESA,VE-05,2026-02-10,Peaje de Priale Salida - P7,F400-00081424,-37.8,2586.8
Consumo,LIMA EXPRESA,VE-37,2026-02-10,Peaje de El Pino - P5,F400-00081424,-25.2,2561.6
Consumo,LIMA EXPRESA,VE-12,2026-02-10,Peaje de Priale Entrada - P6,F400-00081424,-25.2,2536.4
Consumo,LIMA EXPRESA,VE-12,2026-02-10,Peaje Huánuco – P8   ,F400-00081424,-25.2,2511.2
Consumo,LIMA EXPRESA,VE-35,2026-02-10,Peaje de Priale Entrada - P6,F400-00081424,-25.2,2486.0
Consumo,LIMA EXPRESA,VE-05,2026-02-10,Peaje de Monterrico Entrada - P1,F400-00081424,-37.8,2448.2
Consumo,LIMA EXPRESA,VE-31,2026-02-10,Peaje de Priale Entrada - P6,F400-00081424,-25.2,2423.0
Consumo,LIMA EXPRESA,VE-05,2026-02-10,Peaje de Monterrico Salida - P2,F400-00081424,-37.8,2385.2
Consumo,LIMA EXPRESA,VE-35,2026-02-10,Peaje de Priale Entrada - P6,F400-00081424,-25.2,2360.0
Consumo,LIMA EXPRESA,VE-19,2026-02-10,Peaje de Monterrico Entrada - P1,F400-00081424,-25.2,2334.8
Consumo,LIMA EXPRESA,VE-29,2026-02-10,Peaje de Monterrico Entrada - P1,F400-00081424,-25.2,2309.6
Consumo,LIMA EXPRESA,VE-29,2026-02-10,Peaje de Monterrico Salida - P2,F400-00081424,-25.2,2284.4
Consumo,LIMA EXPRESA,VE-19,2026-02-11,Peaje de Monterrico Entrada - P1,F400-00081424,-25.2,2259.2
Consumo,LIMA EXPRESA,VE-29,2026-02-11,Peaje de Monterrico Entrada - P1,F400-00081424,-25.2,2234.0
Consumo,LIMA EXPRESA,VE-19,2026-02-11,Peaje de Monterrico Salida - P2,F400-00081424,-25.2,2208.8
Consumo,LIMA EXPRESA,VE-29,2026-02-11,Peaje de Monterrico Salida - P2,F400-00081424,-25.2,2183.6
Consumo,LIMA EXPRESA,VE-05,2026-02-11,Peaje de Priale Salida - P7,F400-00081424,-37.8,2145.8
Consumo,LIMA EXPRESA,VE-35,2026-02-11,Peaje de Priale Entrada - P6,F400-00081424,-25.2,2120.6
Consumo,LIMA EXPRESA,VE-36,2026-02-11,Peaje de Priale Entrada - P6,F400-00081424,-25.2,2095.4
Consumo,LIMA EXPRESA,VE-05,2026-02-11,Peaje de Priale Entrada - P6,F400-00081424,-37.8,2057.6
Consumo,LIMA EXPRESA,VE-31,2026-02-11,Peaje de Priale Entrada - P6,F400-00081424,-25.2,2032.4
Consumo,LIMA EXPRESA,VE-05,2026-02-11,Peaje de Priale Salida - P7,F400-00081424,-31.5,2000.9
Consumo,LIMA EXPRESA,VE-05,2026-02-11,Peaje de Priale Entrada - P6,F400-00081424,-37.8,1963.1
Consumo,LIMA EXPRESA,VE-35,2026-02-11,Peaje de Priale Entrada - P6,F400-00081424,-25.2,1937.9
Consumo,LIMA EXPRESA,VE-19,2026-02-11,Peaje Estadio – P10   ,F400-00081424,-25.2,1912.7
Consumo,LIMA EXPRESA,VE-29,2026-02-11,Peaje Estadio – P10   ,F400-00081424,-25.2,1887.5
Consumo,LIMA EXPRESA,VE-19,2026-02-11,Peaje de Monterrico Entrada - P1,F400-00081424,-25.2,1862.3
Consumo,LIMA EXPRESA,VE-29,2026-02-11,Peaje de Monterrico Entrada - P1,F400-00081424,-25.2,1837.1
Consumo,LIMA EXPRESA,VE-31,2026-02-11,Peaje de Priale Entrada - P6,F400-00081424,-25.2,1811.9
Consumo,LIMA EXPRESA,VE-05,2026-02-11,Peaje de Priale Salida - P7,F400-00081424,-37.8,1774.1
Consumo,LIMA EXPRESA,VE-19,2026-02-11,Peaje de Monterrico Salida - P2,F400-00081424,-25.2,1748.9
Consumo,LIMA EXPRESA,VE-29,2026-02-11,Peaje de Monterrico Salida - P2,F400-00081424,-25.2,1723.7
Consumo,LIMA EXPRESA,VE-05,2026-02-11,Peaje de Monterrico Entrada - P1,F400-00081424,-37.8,1685.9
Consumo,LIMA EXPRESA,VE-31,2026-02-11,Peaje de Monterrico Entrada - P1,F400-00081424,-25.2,1660.7
Consumo,LIMA EXPRESA,VE-05,2026-02-11,Peaje de Monterrico Salida - P2,F400-00081424,-37.8,1622.9
Consumo,LIMA EXPRESA,VE-30,2026-02-11,Peaje de Separadora Salida - P3,F400-00081424,-25.2,1597.7
Consumo,LIMA EXPRESA,VE-37,2026-02-11,Peaje de Santa Anita - P4,F400-00081424,-25.2,1572.5
Consumo,LIMA EXPRESA,VE-29,2026-02-11,Peaje Estadio – P10   ,F400-00081424,-25.2,1547.3
Consumo,LIMA EXPRESA,VE-19,2026-02-11,Peaje Estadio – P10   ,F400-00081424,-25.2,1522.1
Consumo,LIMA EXPRESA,VE-29,2026-02-11,Peaje de Monterrico Entrada - P1,F400-00081424,-25.2,1496.9
Consumo,LIMA EXPRESA,VE-19,2026-02-11,Peaje de Monterrico Entrada - P1,F400-00081424,-25.2,1471.7
Consumo,LIMA EXPRESA,VE-29,2026-02-11,Peaje de Monterrico Salida - P2,F400-00081424,-25.2,1446.5
Consumo,LIMA EXPRESA,VE-19,2026-02-12,Peaje de Monterrico Entrada - P1,F400-00081424,-25.2,1421.3
Consumo,LIMA EXPRESA,VE-29,2026-02-12,Peaje de Monterrico Entrada - P1,F400-00081424,-25.2,1396.1
Consumo,LIMA EXPRESA,VE-29,2026-02-12,Peaje de Monterrico Salida - P2,F400-00081424,-25.2,1370.9
Consumo,LIMA EXPRESA,VE-19,2026-02-12,Peaje de Monterrico Salida - P2,F400-00081424,-25.2,1345.7
Consumo,LIMA EXPRESA,VE-35,2026-02-12,Peaje de Priale Entrada - P6,F400-00081424,-25.2,1320.5
Consumo,LIMA EXPRESA,VE-05,2026-02-12,Peaje de Priale Entrada - P6,F400-00081424,-18.9,1301.6
Consumo,LIMA EXPRESA,VE-36,2026-02-12,Peaje de Priale Entrada - P6,F400-00081424,-25.2,1276.4
Consumo,LIMA EXPRESA,VE-05,2026-02-12,Peaje de Priale Salida - P7,F400-00081424,-37.8,1238.6
Consumo,LIMA EXPRESA,VE-29,2026-02-12,Peaje de Monterrico Entrada - P1,F400-00081424,-25.2,1213.4
Consumo,LIMA EXPRESA,VE-31,2026-02-12,Peaje de Priale Entrada - P6,F400-00081424,-25.2,1188.2
Consumo,LIMA EXPRESA,VE-37,2026-02-12,Peaje de Priale Salida - P7,F400-00081424,-25.2,1163.0
Consumo,LIMA EXPRESA,VE-29,2026-02-12,Peaje de Monterrico Salida - P2,F400-00081424,-25.2,1137.8
Consumo,LIMA EXPRESA,VE-37,2026-02-12,Peaje de Monterrico Entrada - P1,F400-00081424,-25.2,1112.6
Consumo,LIMA EXPRESA,VE-05,2026-02-12,Peaje de Monterrico Entrada - P1,F400-00081424,-18.9,1093.7
Consumo,LIMA EXPRESA,VE-27,2026-02-12,Peaje de Monterrico Entrada - P1,F400-00081424,-25.2,1068.5
Consumo,LIMA EXPRESA,VE-05,2026-02-12,Peaje de Monterrico Salida - P2,F400-00081424,-37.8,1030.7
Consumo,LIMA EXPRESA,VE-31,2026-02-12,Peaje de Monterrico Entrada - P1,F400-00081424,-25.2,1005.5
Consumo,LIMA EXPRESA,VE-05,2026-02-12,Peaje de Priale Entrada - P6,F400-00081424,-37.8,967.7
Consumo,LIMA EXPRESA,VE-31,2026-02-12,Peaje de Monterrico Salida - P2,F400-00081424,-25.2,942.5
Consumo,LIMA EXPRESA,VE-35,2026-02-12,Peaje de Monterrico Entrada - P1,F400-00081424,-25.2,917.3
Consumo,LIMA EXPRESA,VE-35,2026-02-12,Peaje de Monterrico Salida - P2,F400-00081424,-25.2,892.1
Consumo,LIMA EXPRESA,VE-25,2026-02-12,Peaje de Monterrico Salida - P2,F400-00081424,-25.2,866.9
Consumo,LIMA EXPRESA,VE-31,2026-02-12,Peaje de Priale Entrada - P6,F400-00081424,-25.2,841.7
Consumo,LIMA EXPRESA,VE-31,2026-02-12,Peaje de El Pino - P5,F400-00081424,-25.2,816.5
Consumo,LIMA EXPRESA,VE-29,2026-02-12,Peaje Estadio – P10   ,F400-00081424,-25.2,791.3
Consumo,LIMA EXPRESA,VE-19,2026-02-12,Peaje Estadio – P10   ,F400-00081424,-25.2,766.1
Consumo,LIMA EXPRESA,VE-19,2026-02-12,Peaje de Monterrico Entrada - P1,F400-00081424,-25.2,740.9
Consumo,LIMA EXPRESA,VE-29,2026-02-12,Peaje de Monterrico Entrada - P1,F400-00081424,-25.2,715.7
Consumo,LIMA EXPRESA,VE-29,2026-02-12,Peaje de Monterrico Salida - P2,F400-00081424,-25.2,690.5
Consumo,LIMA EXPRESA,VE-19,2026-02-12,Peaje de Monterrico Salida - P2,F400-00081424,-25.2,665.3
Consumo,LIMA EXPRESA,VE-19,2026-02-13,Peaje de Monterrico Entrada - P1,F400-00081424,-25.2,640.1
Consumo,LIMA EXPRESA,VE-29,2026-02-13,Peaje de Monterrico Entrada - P1,F400-00081424,-25.2,614.9
Consumo,LIMA EXPRESA,VE-19,2026-02-13,Peaje de Monterrico Salida - P2,F400-00081424,-25.2,589.7
Consumo,LIMA EXPRESA,VE-29,2026-02-13,Peaje de Monterrico Salida - P2,F400-00081424,-25.2,564.5
Consumo,LIMA EXPRESA,VE-19,2026-02-13,Peaje de Monterrico Entrada - P1,F400-00081424,-25.2,539.3
Consumo,LIMA EXPRESA,VE-29,2026-02-13,Peaje de Monterrico Entrada - P1,F400-00081424,-25.2,514.1
Consumo,LIMA EXPRESA,VE-05,2026-02-13,Peaje de Priale Salida - P7,F400-00081424,-37.8,476.3
Consumo,LIMA EXPRESA,VE-35,2026-02-13,Peaje de Priale Entrada - P6,F400-00081424,-25.2,451.1
Consumo,LIMA EXPRESA,VE-30,2026-02-13,Peaje de Monterrico Entrada - P1,F400-00081424,-25.2,425.9
Consumo,LIMA EXPRESA,VE-19,2026-02-13,Peaje de Monterrico Salida - P2,F400-00081424,-25.2,400.7
Consumo,LIMA EXPRESA,VE-36,2026-02-13,Peaje de Priale Entrada - P6,F400-00081424,-25.2,375.5
Consumo,LIMA EXPRESA,VE-29,2026-02-13,Peaje de Monterrico Salida - P2,F400-00081424,-25.2,350.3
Consumo,LIMA EXPRESA,VE-31,2026-02-13,Peaje de Priale Entrada - P6,F400-00081424,-25.2,325.1
Consumo,LIMA EXPRESA,VE-05,2026-02-13,Peaje de Priale Entrada - P6,F400-00081424,-37.8,287.3
Consumo,LIMA EXPRESA,VE-05,2026-02-13,Peaje de Priale Salida - P7,F400-00081424,-37.8,249.5
Recarga PEX,PEX,,2026-02-13,,TR006-001058600,2500.0,2749.5
Consumo,LIMA EXPRESA,VE-05,2026-02-13,Peaje de Priale Entrada - P6,F400-00081424,-37.8,2711.7
Consumo,LIMA EXPRESA,VE-31,2026-02-13,Peaje de Monterrico Entrada - P1,F400-00081424,-25.2,2686.5
Consumo,LIMA EXPRESA,VE-19,2026-02-13,Peaje Estadio – P10   ,F400-00081424,-25.2,2661.3
Consumo,LIMA EXPRESA,VE-29,2026-02-13,Peaje Estadio – P10   ,F400-00081424,-25.2,2636.1
Consumo,LIMA EXPRESA,VE-19,2026-02-13,Peaje de Monterrico Entrada - P1,F400-00081424,-25.2,2610.9
Consumo,LIMA EXPRESA,VE-29,2026-02-13,Peaje de Monterrico Entrada - P1,F400-00081424,-25.2,2585.7
Consumo,LIMA EXPRESA,VE-05,2026-02-13,Peaje de Priale Salida - P7,F400-00081424,-37.8,2547.9
Consumo,LIMA EXPRESA,VE-31,2026-02-13,Peaje de Monterrico Salida - P2,F400-00081424,-25.2,2522.7
Consumo,LIMA EXPRESA,VE-29,2026-02-13,Peaje de Monterrico Salida - P2,F400-00081424,-25.2,2497.5
Consumo,LIMA EXPRESA,VE-19,2026-02-13,Peaje Huánuco – P8   ,F400-00081424,-25.2,2472.3
Consumo,LIMA EXPRESA,VE-29,2026-02-13,Peaje Huánuco – P8   ,F400-00081424,-25.2,2447.1
Consumo,LIMA EXPRESA,VE-19,2026-02-13,Peaje de Monterrico Entrada - P1,F400-00081424,-25.2,2421.9
Consumo,LIMA EXPRESA,VE-29,2026-02-13,Peaje de Monterrico Entrada - P1,F400-00081424,-25.2,2396.7
Consumo,LIMA EXPRESA,VE-19,2026-02-14,Peaje de Monterrico Salida - P2,F400-00081424,-25.2,2371.5
Consumo,LIMA EXPRESA,VE-29,2026-02-14,Peaje de Monterrico Salida - P2,F400-00081424,-25.2,2346.3
Consumo,LIMA EXPRESA,VE-19,2026-02-14,Peaje de Monterrico Entrada - P1,F400-00081424,-25.2,2321.1
Consumo,LIMA EXPRESA,VE-29,2026-02-14,Peaje de Monterrico Entrada - P1,F400-00081424,-25.2,2295.9
Consumo,LIMA EXPRESA,VE-35,2026-02-14,Peaje de Priale Entrada - P6,F400-00081424,-25.2,2270.7
Consumo,LIMA EXPRESA,VE-05,2026-02-14,Peaje de Priale Entrada - P6,F400-00081424,-37.8,2232.9
Consumo,LIMA EXPRESA,VE-19,2026-02-14,Peaje de Monterrico Salida - P2,F400-00081424,-25.2,2207.7
Consumo,LIMA EXPRESA,VE-29,2026-02-14,Peaje de Monterrico Salida - P2,F400-00081424,-25.2,2182.5
Consumo,LIMA EXPRESA,VE-36,2026-02-14,Peaje de Monterrico Entrada - P1,F400-00081424,-25.2,2157.3
Consumo,LIMA EXPRESA,VE-36,2026-02-14,Peaje de Monterrico Salida - P2,F400-00081424,-25.2,2132.1
Consumo,LIMA EXPRESA,VE-31,2026-02-14,Peaje de Monterrico Entrada - P1,F400-00081424,-25.2,2106.9
Consumo,LIMA EXPRESA,VE-05,2026-02-14,Peaje de Priale Salida - P7,F400-00081424,-37.8,2069.1
Consumo,LIMA EXPRESA,VE-35,2026-02-14,Peaje de Priale Entrada - P6,F400-00081424,-25.2,2043.9
Consumo,LIMA EXPRESA,VE-36,2026-02-14,Peaje de Priale Entrada - P6,F400-00081424,-25.2,2018.7
Consumo,LIMA EXPRESA,VE-05,2026-02-14,Peaje de Monterrico Entrada - P1,F400-00081424,-37.8,1980.9
Consumo,LIMA EXPRESA,VE-31,2026-02-14,Peaje de Monterrico Salida - P2,F400-00081424,-25.2,1955.7
Consumo,LIMA EXPRESA,VE-35,2026-02-14,Peaje de Priale Salida - P7,F400-00081424,-25.2,1930.5
Consumo,LIMA EXPRESA,VE-05,2026-02-14,Peaje de Monterrico Salida - P2,F400-00081424,-37.8,1892.7
Consumo,LIMA EXPRESA,VE-36,2026-02-14,Peaje Estadio – P10   ,F400-00081424,-25.2,1867.5
Consumo,LIMA EXPRESA,VE-31,2026-02-14,Peaje de Monterrico Entrada - P1,F400-00081424,-25.2,1842.3
Consumo,LIMA EXPRESA,VE-36,2026-02-14,Peaje de Priale Salida - P7,F400-00081424,-25.2,1817.1
Consumo,LIMA EXPRESA,VE-17,2026-02-14,Peaje de Monterrico Salida - P2,F400-00081424,-25.2,1791.9
Consumo,LIMA EXPRESA,VE-17,2026-02-14,Peaje Huánuco – P8   ,F400-00081424,-25.2,1766.7
Consumo,LIMA EXPRESA,VE-30,2026-02-14,Peaje de Monterrico Salida - P2,F400-00081424,-25.2,1741.5
Consumo,LIMA EXPRESA,VE-37,2026-02-14,Peaje de Monterrico Salida - P2,F400-00081424,-25.2,1716.3
Consumo,LIMA EXPRESA,VE-25,2026-02-14,Peaje de Monterrico Salida - P2,F400-00081424,-25.2,1691.1
Consumo,LIMA EXPRESA,VE-05,2026-02-16,Peaje Estadio – P10   ,F400-00082251,-37.8,1653.3
Consumo,LIMA EXPRESA,VE-05,2026-02-16,Peaje de Priale Salida - P7,F400-00082251,-18.9,1634.4
Consumo,LIMA EXPRESA,VE-31,2026-02-16,Peaje de Priale Entrada - P6,F400-00082251,-25.2,1609.2
Consumo,LIMA EXPRESA,VE-05,2026-02-16,Peaje de Priale Entrada - P6,F400-00082251,-37.8,1571.4
Consumo,LIMA EXPRESA,VE-19,2026-02-16,Peaje Estadio – P10   ,F400-00082251,-25.2,1546.2
Consumo,LIMA EXPRESA,VE-29,2026-02-16,Peaje Estadio – P10   ,F400-00082251,-25.2,1521.0
Consumo,LIMA EXPRESA,VE-19,2026-02-16,Peaje de Monterrico Entrada - P1,F400-00082251,-25.2,1495.8
Consumo,LIMA EXPRESA,VE-29,2026-02-16,Peaje de Monterrico Entrada - P1,F400-00082251,-25.2,1470.6
Consumo,LIMA EXPRESA,VE-05,2026-02-16,Peaje de Priale Salida - P7,F400-00082251,-37.8,1432.8
Consumo,LIMA EXPRESA,VE-19,2026-02-16,Peaje de Monterrico Salida - P2,F400-00082251,-25.2,1407.6
Consumo,LIMA EXPRESA,VE-29,2026-02-16,Peaje de Monterrico Salida - P2,F400-00082251,-25.2,1382.4
Consumo,LIMA EXPRESA,VE-05,2026-02-16,Peaje de Priale Entrada - P6,F400-00082251,-37.8,1344.6
Consumo,LIMA EXPRESA,VE-31,2026-02-16,Peaje de Monterrico Entrada - P1,F400-00082251,-25.2,1319.4
Consumo,LIMA EXPRESA,VE-05,2026-02-16,Peaje de Priale Salida - P7,F400-00082251,-18.9,1300.5
Consumo,LIMA EXPRESA,VE-29,2026-02-16,Peaje de Monterrico Entrada - P1,F400-00082251,-25.2,1275.3
Consumo,LIMA EXPRESA,VE-19,2026-02-16,Peaje de Monterrico Entrada - P1,F400-00082251,-25.2,1250.1
Consumo,LIMA EXPRESA,VE-19,2026-02-16,Peaje de Monterrico Salida - P2,F400-00082251,-25.2,1224.9
Consumo,LIMA EXPRESA,VE-29,2026-02-16,Peaje de Monterrico Salida - P2,F400-00082251,-25.2,1199.7
Consumo,LIMA EXPRESA,VE-19,2026-02-17,Peaje de Monterrico Entrada - P1,F400-00082251,-25.2,1174.5
Consumo,LIMA EXPRESA,VE-29,2026-02-17,Peaje de Monterrico Entrada - P1,F400-00082251,-25.2,1149.3
Consumo,LIMA EXPRESA,VE-29,2026-02-17,Peaje de Monterrico Salida - P2,F400-00082251,-25.2,1124.1
Consumo,LIMA EXPRESA,VE-19,2026-02-17,Peaje de Monterrico Entrada - P1,F400-00082251,-25.2,1098.9
Consumo,LIMA EXPRESA,VE-36,2026-02-17,Peaje de Priale Entrada - P6,F400-00082251,-25.2,1073.7
Consumo,LIMA EXPRESA,VE-35,2026-02-17,Peaje de Priale Entrada - P6,F400-00082251,-25.2,1048.5
Consumo,LIMA EXPRESA,VE-05,2026-02-17,Peaje de Priale Entrada - P6,F400-00082251,-18.9,1029.6
Consumo,LIMA EXPRESA,VE-19,2026-02-17,Peaje de Monterrico Salida - P2,F400-00082251,-25.2,1004.4
Consumo,LIMA EXPRESA,VE-29,2026-02-17,Peaje de Monterrico Entrada - P1,F400-00082251,-25.2,979.2
Consumo,LIMA EXPRESA,VE-05,2026-02-17,Peaje de Priale Salida - P7,F400-00082251,-37.8,941.4
Consumo,LIMA EXPRESA,VE-31,2026-02-17,Peaje de Priale Entrada - P6,F400-00082251,-25.2,916.2
Consumo,LIMA EXPRESA,VE-07,2026-02-17,Peaje de Priale Salida - P7,F400-00082251,-37.8,878.4
Consumo,LIMA EXPRESA,VE-29,2026-02-17,Peaje de Monterrico Salida - P2,F400-00082251,-25.2,853.2
Consumo,LIMA EXPRESA,VE-31,2026-02-17,Peaje de Priale Salida - P7,F400-00082251,-25.2,828.0
Consumo,LIMA EXPRESA,VE-05,2026-02-17,Peaje de Monterrico Entrada - P1,F400-00082251,-37.8,790.2
Consumo,LIMA EXPRESA,VE-31,2026-02-17,Peaje de Priale Entrada - P6,F400-00082251,-25.2,765.0
Consumo,LIMA EXPRESA,VE-07,2026-02-17,Peaje de Priale Entrada - P6,F400-00082251,-37.8,727.2
Consumo,LIMA EXPRESA,VE-05,2026-02-17,Peaje de Monterrico Salida - P2,F400-00082251,-37.8,689.4
Consumo,LIMA EXPRESA,VE-07,2026-02-17,Peaje de Priale Salida - P7,F400-00082251,-37.8,651.6
Consumo,LIMA EXPRESA,VE-05,2026-02-17,Peaje de Monterrico Entrada - P1,F400-00082251,-37.8,613.8
Consumo,LIMA EXPRESA,VE-36,2026-02-17,Peaje de Priale Entrada - P6,F400-00082251,-25.2,588.6
Consumo,LIMA EXPRESA,VE-36,2026-02-17,Peaje de Priale Salida - P7,F400-00082251,-25.2,563.4
Consumo,LIMA EXPRESA,VE-05,2026-02-17,Peaje de Monterrico Salida - P2,F400-00082251,-37.8,525.6
Consumo,LIMA EXPRESA,VE-07,2026-02-17,Peaje de Priale Entrada - P6,F400-00082251,-37.8,487.8
Consumo,LIMA EXPRESA,VE-31,2026-02-17,Peaje de Monterrico Entrada - P1,F400-00082251,-25.2,462.6
Consumo,LIMA EXPRESA,VE-29,2026-02-18,Peaje de Monterrico Entrada - P1,F400-00082251,-25.2,437.4
Consumo,LIMA EXPRESA,VE-29,2026-02-18,Peaje de Monterrico Salida - P2,F400-00082251,-25.2,412.2
Consumo,LIMA EXPRESA,VE-29,2026-02-18,Peaje de Monterrico Entrada - P1,F400-00082251,-25.2,387.0
Consumo,LIMA EXPRESA,VE-29,2026-02-18,Peaje de Monterrico Salida - P2,F400-00082251,-25.2,361.8
Consumo,LIMA EXPRESA,VE-07,2026-02-18,Peaje de Priale Salida - P7,F400-00082251,-37.8,324.0
Consumo,LIMA EXPRESA,VE-36,2026-02-18,Peaje de Priale Entrada - P6,F400-00082251,-25.2,298.8
Consumo,LIMA EXPRESA,VE-35,2026-02-18,Peaje de Priale Entrada - P6,F400-00082251,-25.2,273.6
Consumo,LIMA EXPRESA,VE-05,2026-02-18,Peaje de Priale Entrada - P6,F400-00082251,-37.8,235.8
Consumo,LIMA EXPRESA,VE-29,2026-02-18,Peaje Estadio – P10   ,F400-00082251,-25.2,210.6
Consumo,LIMA EXPRESA,VE-05,2026-02-18,Peaje de Priale Salida - P7,F400-00082251,-37.8,172.8
Consumo,LIMA EXPRESA,VE-31,2026-02-18,Peaje de Priale Entrada - P6,F400-00082251,-25.2,147.6
Consumo,LIMA EXPRESA,APF856,2026-02-18,Peaje Estadio – P10   ,F400-00082251,-6.3,141.3
Consumo,LIMA EXPRESA,APF856,2026-02-18,Peaje Huánuco – P8   ,F400-00082251,-6.3,135.0
Consumo,LIMA EXPRESA,VE-19,2026-02-18,Peaje de Monterrico Entrada - P1,F400-00082251,-25.2,109.8
Consumo,LIMA EXPRESA,VE-19,2026-02-18,Peaje de Monterrico Salida - P2,F400-00082251,-25.2,84.6
Consumo,LIMA EXPRESA,VE-29,2026-02-18,Peaje de Monterrico Salida - P2,F400-00082251,-25.2,59.4
Consumo,LIMA EXPRESA,VE-07,2026-02-18,Peaje de Monterrico Entrada - P1,F400-00082251,-37.8,21.6
Consumo,LIMA EXPRESA,VE-05,2026-02-18,Peaje de Monterrico Entrada - P1,F400-00082251,-37.8,-16.2
Consumo,LIMA EXPRESA,VE-07,2026-02-18,Peaje de Monterrico Salida - P2,F400-00082251,-18.9,-35.1
Consumo,LIMA EXPRESA,VE-05,2026-02-18,Peaje de Monterrico Salida - P2,F400-00082251,-37.8,-72.9
Recarga PEX,PEX,,2026-02-18,,TR006-001061502,2500.0,2427.1
Consumo,LIMA EXPRESA,VE-31,2026-02-18,Peaje de Priale Entrada - P6,F400-00082251,-25.2,2401.9
Consumo,LIMA EXPRESA,VE-07,2026-02-18,Peaje de Priale Entrada - P6,F400-00082251,-37.8,2364.1
Consumo,LIMA EXPRESA,VE-19,2026-02-18,Peaje de Monterrico Entrada - P1,F400-00082251,-25.2,2338.9
Consumo,LIMA EXPRESA,VE-29,2026-02-18,Peaje de Monterrico Entrada - P1,F400-00082251,-25.2,2313.7
Consumo,LIMA EXPRESA,VE-29,2026-02-19,Peaje de Monterrico Salida - P2,F400-00082251,-25.2,2288.5
Consumo,LIMA EXPRESA,VE-19,2026-02-19,Peaje de Monterrico Salida - P2,F400-00082251,-25.2,2263.3
Consumo,LIMA EXPRESA,VE-29,2026-02-19,Peaje de Monterrico Entrada - P1,F400-00082251,-25.2,2238.1
Consumo,LIMA EXPRESA,VE-19,2026-02-19,Peaje de Monterrico Entrada - P1,F400-00082251,-25.2,2212.9
Consumo,LIMA EXPRESA,VE-36,2026-02-19,Peaje de Priale Entrada - P6,F400-00082251,-25.2,2187.7
Consumo,LIMA EXPRESA,VE-07,2026-02-19,Peaje de Priale Salida - P7,F400-00082251,-18.9,2168.8
Consumo,LIMA EXPRESA,VE-05,2026-02-19,Peaje de Priale Entrada - P6,F400-00082251,-37.8,2131.0
Consumo,LIMA EXPRESA,VE-29,2026-02-19,Peaje de Monterrico Salida - P2,F400-00082251,-25.2,2105.8
Consumo,LIMA EXPRESA,VE-35,2026-02-19,Peaje de Priale Entrada - P6,F400-00082251,-25.2,2080.6
Consumo,LIMA EXPRESA,VE-19,2026-02-19,Peaje de Monterrico Salida - P2,F400-00082251,-25.2,2055.4
Consumo,LIMA EXPRESA,VE-05,2026-02-19,Peaje de Priale Salida - P7,F400-00082251,-31.5,2023.9
Consumo,LIMA EXPRESA,VE-31,2026-02-19,Peaje de Priale Entrada - P6,F400-00082251,-25.2,1998.7
Consumo,LIMA EXPRESA,VE-07,2026-02-19,Peaje de Priale Entrada - P6,F400-00082251,-18.9,1979.8
Consumo,LIMA EXPRESA,VE-05,2026-02-19,Peaje de Priale Entrada - P6,F400-00082251,-37.8,1942.0
Consumo,LIMA EXPRESA,VE-05,2026-02-19,Peaje de Priale Salida - P7,F400-00082251,-37.8,1904.2
Consumo,LIMA EXPRESA,VE-36,2026-02-19,Peaje de Priale Entrada - P6,F400-00082251,-25.2,1879.0
Consumo,LIMA EXPRESA,VE-35,2026-02-19,Peaje de Priale Entrada - P6,F400-00082251,-25.2,1853.8
Consumo,LIMA EXPRESA,VE-07,2026-02-19,Peaje de Priale Salida - P7,F400-00082251,-18.9,1834.9
Consumo,LIMA EXPRESA,VE-05,2026-02-19,Peaje de Monterrico Entrada - P1,F400-00082251,-37.8,1797.1
Consumo,LIMA EXPRESA,VE-05,2026-02-19,Peaje de Monterrico Salida - P2,F400-00082251,-37.8,1759.3
Consumo,LIMA EXPRESA,VE-07,2026-02-19,Peaje de Priale Entrada - P6,F400-00082251,-18.9,1740.4
Consumo,LIMA EXPRESA,VE-36,2026-02-19,Peaje de Monterrico Entrada - P1,F400-00082251,-25.2,1715.2
Consumo,LIMA EXPRESA,VE-36,2026-02-19,Peaje de Monterrico Salida - P2,F400-00082251,-25.2,1690.0
Consumo,LIMA EXPRESA,VE-31,2026-02-19,Peaje de Monterrico Entrada - P1,F400-00082251,-25.2,1664.8
Consumo,LIMA EXPRESA,VE-31,2026-02-19,Peaje de Monterrico Salida - P2,F400-00082251,-25.2,1639.6
Consumo,LIMA EXPRESA,VE-19,2026-02-19,Peaje Estadio – P10   ,F400-00082251,-25.2,1614.4
Consumo,LIMA EXPRESA,VE-29,2026-02-19,Peaje Estadio – P10   ,F400-00082251,-25.2,1589.2
Consumo,LIMA EXPRESA,VE-19,2026-02-19,Peaje de Monterrico Entrada - P1,F400-00082251,-25.2,1564.0
Consumo,LIMA EXPRESA,VE-29,2026-02-19,Peaje de Monterrico Entrada - P1,F400-00082251,-25.2,1538.8
Consumo,LIMA EXPRESA,VE-29,2026-02-19,Peaje de Monterrico Salida - P2,F400-00082251,-25.2,1513.6
Consumo,LIMA EXPRESA,VE-19,2026-02-20,Peaje de Monterrico Entrada - P1,F400-00082251,-25.2,1488.4
Consumo,LIMA EXPRESA,VE-29,2026-02-20,Peaje de Monterrico Entrada - P1,F400-00082251,-25.2,1463.2
Consumo,LIMA EXPRESA,VE-29,2026-02-20,Peaje de Monterrico Salida - P2,F400-00082251,-25.2,1438.0
Consumo,LIMA EXPRESA,VE-19,2026-02-20,Peaje de Monterrico Salida - P2,F400-00082251,-25.2,1412.8
Consumo,LIMA EXPRESA,VE-19,2026-02-20,Peaje de Monterrico Entrada - P1,F400-00082251,-25.2,1387.6
Consumo,LIMA EXPRESA,VE-29,2026-02-20,Peaje de Monterrico Entrada - P1,F400-00082251,-25.2,1362.4
Consumo,LIMA EXPRESA,VE-36,2026-02-20,Peaje de Priale Entrada - P6,F400-00082251,-25.2,1337.2
Consumo,LIMA EXPRESA,VE-35,2026-02-20,Peaje de Priale Entrada - P6,F400-00082251,-25.2,1312.0
Consumo,LIMA EXPRESA,VE-05,2026-02-20,Peaje de Priale Entrada - P6,F400-00082251,-37.8,1274.2
Consumo,LIMA EXPRESA,VE-07,2026-02-20,Peaje de Priale Salida - P7,F400-00082251,-37.8,1236.4
Consumo,LIMA EXPRESA,VE-19,2026-02-20,Peaje de Monterrico Salida - P2,F400-00082251,-25.2,1211.2
Consumo,LIMA EXPRESA,VE-05,2026-02-20,Peaje de Priale Salida - P7,F400-00082251,-37.8,1173.4
Consumo,LIMA EXPRESA,VE-31,2026-02-20,Peaje de Priale Entrada - P6,F400-00082251,-25.2,1148.2
Consumo,LIMA EXPRESA,VE-12,2026-02-20,Peaje de Priale Entrada - P6,F400-00082251,-25.2,1123.0
Consumo,LIMA EXPRESA,VE-05,2026-02-20,Peaje de Priale Entrada - P6,F400-00082251,-18.9,1104.1
Consumo,LIMA EXPRESA,VE-07,2026-02-20,Peaje de Priale Entrada - P6,F400-00082251,-37.8,1066.3
Consumo,LIMA EXPRESA,VE-07,2026-02-20,Peaje de Priale Salida - P7,F400-00082251,-18.9,1047.4
Consumo,LIMA EXPRESA,VE-05,2026-02-20,Peaje de Priale Salida - P7,F400-00082251,-18.9,1028.5
Consumo,LIMA EXPRESA,VE-35,2026-02-20,Peaje de Priale Entrada - P6,F400-00082251,-25.2,1003.3
Consumo,LIMA EXPRESA,VE-12,2026-02-20,Peaje de Priale Entrada - P6,F400-00082251,-25.2,978.1
Consumo,LIMA EXPRESA,VE-07,2026-02-20,Peaje de Priale Entrada - P6,F400-00082251,-37.8,940.3
Consumo,LIMA EXPRESA,VE-31,2026-02-20,Peaje de Priale Entrada - P6,F400-00082251,-25.2,915.1
Consumo,LIMA EXPRESA,VE-07,2026-02-20,Peaje de Priale Salida - P7,F400-00082251,-18.9,896.2
Consumo,LIMA EXPRESA,VE-05,2026-02-20,Peaje de Monterrico Entrada - P1,F400-00082251,-37.8,858.4
Consumo,LIMA EXPRESA,VE-07,2026-02-20,Peaje de Priale Entrada - P6,F400-00082251,-37.8,820.6
Consumo,LIMA EXPRESA,ANQ212,2026-02-20,Peaje Huánuco – P8   ,F400-00082251,-6.3,814.3
Consumo,LIMA EXPRESA,VE-05,2026-02-20,Peaje de Monterrico Salida - P2,F400-00082251,-37.8,776.5
Consumo,LIMA EXPRESA,VE-12,2026-02-20,Peaje de Priale Entrada - P6,F400-00082251,-25.2,751.3
Recarga PEX,PEX,,2026-02-20,,TR006-001062936,4000.0,4751.3
Consumo,LIMA EXPRESA,VE-35,2026-02-20,Peaje de Priale Entrada - P6,F400-00082251,-25.2,4726.1
Consumo,LIMA EXPRESA,VE-31,2026-02-20,Peaje de Monterrico Entrada - P1,F400-00082251,-25.2,4700.9
Consumo,LIMA EXPRESA,VE-19,2026-02-20,Peaje Estadio – P10   ,F400-00082251,-25.2,4675.7
Consumo,LIMA EXPRESA,VE-19,2026-02-20,Peaje de Monterrico Entrada - P1,F400-00082251,-25.2,4650.5
Consumo,LIMA EXPRESA,VE-29,2026-02-20,Peaje Estadio – P10   ,F400-00082251,-25.2,4625.3
Consumo,LIMA EXPRESA,VE-29,2026-02-20,Peaje de Monterrico Entrada - P1,F400-00082251,-25.2,4600.1
Consumo,LIMA EXPRESA,VE-19,2026-02-21,Peaje de Monterrico Salida - P2,F400-00082251,-25.2,4574.9
Consumo,LIMA EXPRESA,VE-29,2026-02-21,Peaje de Monterrico Salida - P2,F400-00082251,-25.2,4549.7
Consumo,LIMA EXPRESA,VE-19,2026-02-21,Peaje de Monterrico Entrada - P1,F400-00082251,-25.2,4524.5
Consumo,LIMA EXPRESA,VE-29,2026-02-21,Peaje de Monterrico Entrada - P1,F400-00082251,-25.2,4499.3
Consumo,LIMA EXPRESA,VE-05,2026-02-21,Peaje de Priale Entrada - P6,F400-00082251,-37.8,4461.5
Consumo,LIMA EXPRESA,VE-35,2026-02-21,Peaje de Monterrico Entrada - P1,F400-00082251,-25.2,4436.3
Consumo,LIMA EXPRESA,VE-05,2026-02-21,Peaje de Priale Salida - P7,F400-00082251,-37.8,4398.5
Consumo,LIMA EXPRESA,VE-07,2026-02-21,Peaje de Priale Salida - P7,F400-00082251,-37.8,4360.7
Consumo,LIMA EXPRESA,VE-36,2026-02-21,Peaje de Priale Entrada - P6,F400-00082251,-25.2,4335.5
Consumo,LIMA EXPRESA,VE-19,2026-02-21,Peaje de Monterrico Salida - P2,F400-00082251,-25.2,4310.3
Consumo,LIMA EXPRESA,VE-31,2026-02-21,Peaje de Monterrico Entrada - P1,F400-00082251,-25.2,4285.1
Consumo,LIMA EXPRESA,VE-36,2026-02-21,Peaje de Priale Salida - P7,F400-00082251,-25.2,4259.9
Consumo,LIMA EXPRESA,VE-17,2026-02-21,Peaje de Monterrico Entrada - P1,F400-00082251,-25.2,4234.7
Consumo,LIMA EXPRESA,VE-05,2026-02-21,Peaje de Priale Entrada - P6,F400-00082251,-37.8,4196.9
Consumo,LIMA EXPRESA,VE-12,2026-02-21,Peaje de Monterrico Entrada - P1,F400-00082251,-25.2,4171.7
Consumo,LIMA EXPRESA,VE-29,2026-02-21,Peaje de Monterrico Salida - P2,F400-00082251,-25.2,4146.5
Consumo,LIMA EXPRESA,VE-35,2026-02-21,Peaje de Monterrico Salida - P2,F400-00082251,-25.2,4121.3
Consumo,LIMA EXPRESA,VE-31,2026-02-21,Peaje de Monterrico Salida - P2,F400-00082251,-25.2,4096.1
Consumo,LIMA EXPRESA,VE-07,2026-02-21,Peaje de Priale Entrada - P6,F400-00082251,-18.9,4077.2
Consumo,LIMA EXPRESA,VE-36,2026-02-21,Peaje de Monterrico Entrada - P1,F400-00082251,-25.2,4052.0
Consumo,LIMA EXPRESA,VE-12,2026-02-21,Peaje de Monterrico Salida - P2,F400-00082251,-25.2,4026.8
Consumo,LIMA EXPRESA,VE-07,2026-02-21,Peaje de Priale Salida - P7,F400-00082251,-18.9,4007.9
Consumo,LIMA EXPRESA,VE-36,2026-02-21,Peaje de Monterrico Salida - P2,F400-00082251,-25.2,3982.7
Consumo,LIMA EXPRESA,VE-35,2026-02-21,Peaje de Monterrico Entrada - P1,F400-00082251,-25.2,3957.5
Consumo,LIMA EXPRESA,VE-17,2026-02-21,Peaje de Monterrico Salida - P2,F400-00082251,-25.2,3932.3
Consumo,LIMA EXPRESA,VE-22,2026-02-21,Peaje de Monterrico Salida - P2,F400-00082251,-25.2,3907.1
Consumo,LIMA EXPRESA,VE-07,2026-02-21,Peaje de Priale Entrada - P6,F400-00082251,-37.8,3869.3
Consumo,LIMA EXPRESA,VE-31,2026-02-21,Peaje de Monterrico Entrada - P1,F400-00082251,-25.2,3844.1
Consumo,LIMA EXPRESA,VE-35,2026-02-21,Peaje de Monterrico Salida - P2,F400-00082251,-25.2,3818.9
Consumo,LIMA EXPRESA,APF856,2026-02-21,Peaje Huánuco – P8   ,F400-00082251,-6.3,3812.6
Consumo,LIMA EXPRESA,ANQ212,2026-02-22,Peaje de Monterrico Salida - P2,F400-00082251,-6.3,3806.3
Consumo,LIMA EXPRESA,VE-05,2026-02-23,Peaje Estadio – P10   ,F400-00083087,-37.8,3768.5
Consumo,LIMA EXPRESA,VE-05,2026-02-23,Peaje de Priale Salida - P7,F400-00083087,-18.9,3749.6
Consumo,LIMA EXPRESA,VE-30,2026-02-23,Peaje de Monterrico Entrada - P1,F400-00083087,-25.2,3724.4
Consumo,LIMA EXPRESA,VE-37,2026-02-23,Peaje de Monterrico Entrada - P1,F400-00083087,-25.2,3699.2
Consumo,LIMA EXPRESA,VE-07,2026-02-23,Peaje de Priale Salida - P7,F400-00083087,-37.8,3661.4
Consumo,LIMA EXPRESA,VE-35,2026-02-23,Peaje de Priale Entrada - P6,F400-00083087,-25.2,3636.2
Consumo,LIMA EXPRESA,VE-12,2026-02-23,Peaje de Priale Entrada - P6,F400-00083087,-25.2,3611.0
Consumo,LIMA EXPRESA,VE-31,2026-02-23,Peaje de Priale Entrada - P6,F400-00083087,-25.2,3585.8
Consumo,LIMA EXPRESA,APF856,2026-02-23,Peaje Estadio – P10   ,F400-00083087,-6.3,3579.5
Consumo,LIMA EXPRESA,VE-07,2026-02-23,Peaje de Priale Entrada - P6,F400-00083087,-37.8,3541.7
Consumo,LIMA EXPRESA,VE-07,2026-02-23,Peaje de Priale Salida - P7,F400-00083087,-37.8,3503.9
Consumo,LIMA EXPRESA,VE-07,2026-02-23,Peaje de Priale Entrada - P6,F400-00083087,-37.8,3466.1
Consumo,LIMA EXPRESA,VE-35,2026-02-23,Peaje de Priale Entrada - P6,F400-00083087,-25.2,3440.9
Consumo,LIMA EXPRESA,VE-31,2026-02-23,Peaje de Priale Entrada - P6,F400-00083087,-25.2,3415.7
Consumo,LIMA EXPRESA,VE-31,2026-02-23,Peaje de El Pino - P5,F400-00083087,-25.2,3390.5
Consumo,LIMA EXPRESA,VE-29,2026-02-23,Peaje Estadio – P10   ,F400-00083087,-25.2,3365.3
Consumo,LIMA EXPRESA,VE-29,2026-02-23,Peaje de Monterrico Entrada - P1,F400-00083087,-25.2,3340.1
Consumo,LIMA EXPRESA,VE-19,2026-02-23,Peaje de Monterrico Entrada - P1,F400-00083087,-25.2,3314.9
Consumo,LIMA EXPRESA,VE-29,2026-02-23,Peaje de Monterrico Salida - P2,F400-00083087,-25.2,3289.7
Consumo,LIMA EXPRESA,VE-07,2026-02-24,Peaje de Priale Salida - P7,F400-00083087,-18.9,3270.8
Consumo,LIMA EXPRESA,VE-05,2026-02-24,Peaje de Priale Salida - P7,F400-00083087,-37.8,3233.0
Consumo,LIMA EXPRESA,VE-36,2026-02-24,Peaje de Priale Entrada - P6,F400-00083087,-25.2,3207.8
Consumo,LIMA EXPRESA,VE-07,2026-02-24,Peaje de Priale Entrada - P6,F400-00083087,-37.8,3170.0
Consumo,LIMA EXPRESA,VE-31,2026-02-24,Peaje de Priale Entrada - P6,F400-00083087,-25.2,3144.8
Consumo,LIMA EXPRESA,VE-05,2026-02-24,Peaje de Priale Entrada - P6,F400-00083087,-37.8,3107.0
Consumo,LIMA EXPRESA,VE-07,2026-02-24,Peaje de Priale Salida - P7,F400-00083087,-37.8,3069.2
Consumo,LIMA EXPRESA,VE-05,2026-02-24,Peaje de Priale Salida - P7,F400-00083087,-37.8,3031.4
Consumo,LIMA EXPRESA,VE-36,2026-02-24,Peaje de Monterrico Entrada - P1,F400-00083087,-25.2,3006.2
Consumo,LIMA EXPRESA,VE-05,2026-02-24,Peaje de Monterrico Entrada - P1,F400-00083087,-37.8,2968.4
Consumo,LIMA EXPRESA,VE-07,2026-02-24,Peaje de Monterrico Entrada - P1,F400-00083087,-37.8,2930.6
Consumo,LIMA EXPRESA,VE-31,2026-02-24,Peaje de Monterrico Entrada - P1,F400-00083087,-25.2,2905.4
Consumo,LIMA EXPRESA,VE-05,2026-02-24,Peaje de Monterrico Salida - P2,F400-00083087,-37.8,2867.6
Consumo,LIMA EXPRESA,VE-35,2026-02-24,Peaje de Monterrico Entrada - P1,F400-00083087,-25.2,2842.4
Consumo,LIMA EXPRESA,VE-07,2026-02-24,Peaje de Monterrico Salida - P2,F400-00083087,-37.8,2804.6
Consumo,LIMA EXPRESA,VE-36,2026-02-24,Peaje de Monterrico Salida - P2,F400-00083087,-25.2,2779.4
Consumo,LIMA EXPRESA,VE-35,2026-02-24,Peaje de Monterrico Salida - P2,F400-00083087,-25.2,2754.2
Consumo,LIMA EXPRESA,VE-31,2026-02-24,Peaje de Monterrico Salida - P2,F400-00083087,-25.2,2729.0
Consumo,LIMA EXPRESA,VE-35,2026-02-24,Peaje Huánuco – P8   ,F400-00083087,-25.2,2703.8
Consumo,LIMA EXPRESA,VE-07,2026-02-24,Peaje de Priale Entrada - P6,F400-00083087,-37.8,2666.0
Consumo,LIMA EXPRESA,VE-31,2026-02-24,Peaje de Monterrico Entrada - P1,F400-00083087,-25.2,2640.8
Consumo,LIMA EXPRESA,VE-29,2026-02-24,Peaje Estadio – P10   ,F400-00083087,-25.2,2615.6
Consumo,LIMA EXPRESA,VE-19,2026-02-24,Peaje Estadio – P10   ,F400-00083087,-25.2,2590.4
Consumo,LIMA EXPRESA,VE-29,2026-02-24,Peaje de Monterrico Entrada - P1,F400-00083087,-25.2,2565.2
Consumo,LIMA EXPRESA,VE-19,2026-02-24,Peaje de Monterrico Entrada - P1,F400-00083087,-25.2,2540.0
Consumo,LIMA EXPRESA,VE-35,2026-02-24,Peaje Estadio – P10   ,F400-00083087,-25.2,2514.8
Consumo,LIMA EXPRESA,VE-35,2026-02-24,Peaje de Priale Salida - P7,F400-00083087,-25.2,2489.6
Consumo,LIMA EXPRESA,VE-29,2026-02-24,Peaje de Monterrico Salida - P2,F400-00083087,-25.2,2464.4
Consumo,LIMA EXPRESA,VE-19,2026-02-24,Peaje de Monterrico Salida - P2,F400-00083087,-25.2,2439.2
Consumo,LIMA EXPRESA,VE-07,2026-02-25,Peaje de Priale Salida - P7,F400-00083087,-18.9,2420.3
Consumo,LIMA EXPRESA,VE-35,2026-02-25,Peaje de Priale Entrada - P6,F400-00083087,-25.2,2395.1
Consumo,LIMA EXPRESA,VE-05,2026-02-25,Peaje de Priale Entrada - P6,F400-00083087,-37.8,2357.3
Consumo,LIMA EXPRESA,VE-36,2026-02-25,Peaje de Priale Entrada - P6,F400-00083087,-25.2,2332.1
Consumo,LIMA EXPRESA,VE-35,2026-02-25,Peaje de Priale Salida - P7,F400-00083087,-25.2,2306.9
Consumo,LIMA EXPRESA,VE-36,2026-02-25,Peaje de Priale Salida - P7,F400-00083087,-25.2,2281.7
Consumo,LIMA EXPRESA,VE-05,2026-02-25,Peaje de Priale Salida - P7,F400-00083087,-37.8,2243.9
Consumo,LIMA EXPRESA,VE-36,2026-02-25,Peaje de Monterrico Entrada - P1,F400-00083087,-25.2,2218.7
Consumo,LIMA EXPRESA,VE-36,2026-02-25,Peaje de Monterrico Salida - P2,F400-00083087,-25.2,2193.5
Consumo,LIMA EXPRESA,VE-35,2026-02-25,Peaje de Monterrico Entrada - P1,F400-00083087,-25.2,2168.3
Consumo,LIMA EXPRESA,VE-05,2026-02-25,Peaje de Monterrico Entrada - P1,F400-00083087,-18.9,2149.4
Consumo,LIMA EXPRESA,VE-07,2026-02-25,Peaje de Priale Entrada - P6,F400-00083087,-37.8,2111.6
Consumo,LIMA EXPRESA,VE-05,2026-02-25,Peaje de Monterrico Salida - P2,F400-00083087,-37.8,2073.8
Consumo,LIMA EXPRESA,VE-35,2026-02-25,Peaje de Monterrico Salida - P2,F400-00083087,-25.2,2048.6
Consumo,LIMA EXPRESA,VE-07,2026-02-25,Peaje de Priale Salida - P7,F400-00083087,-37.8,2010.8
Consumo,LIMA EXPRESA,VE-05,2026-02-25,Peaje de Monterrico Entrada - P1,F400-00083087,-37.8,1973.0
Consumo,LIMA EXPRESA,VE-07,2026-02-25,Peaje de Priale Entrada - P6,F400-00083087,-18.9,1954.1
Consumo,LIMA EXPRESA,VE-35,2026-02-25,Peaje de Monterrico Entrada - P1,F400-00083087,-25.2,1928.9
Consumo,LIMA EXPRESA,VE-05,2026-02-25,Peaje de Monterrico Salida - P2,F400-00083087,-37.8,1891.1
Consumo,LIMA EXPRESA,VE-35,2026-02-25,Peaje de Monterrico Salida - P2,F400-00083087,-25.2,1865.9
Consumo,LIMA EXPRESA,VE-29,2026-02-25,Peaje de Monterrico Entrada - P1,F400-00083087,-25.2,1840.7
Consumo,LIMA EXPRESA,VE-29,2026-02-25,Peaje de Monterrico Salida - P2,F400-00083087,-25.2,1815.5
Consumo,LIMA EXPRESA,VE-25,2026-02-26,Peaje de Monterrico Entrada - P1,F400-00083087,-25.2,1790.3
Consumo,LIMA EXPRESA,VE-35,2026-02-26,Peaje de Priale Entrada - P6,F400-00083087,-25.2,1765.1
Consumo,LIMA EXPRESA,VE-05,2026-02-26,Peaje de Priale Entrada - P6,F400-00083087,-18.9,1746.2
Consumo,LIMA EXPRESA,VE-36,2026-02-26,Peaje de Priale Entrada - P6,F400-00083087,-25.2,1721.0
Consumo,LIMA EXPRESA,VE-07,2026-02-26,Peaje de Priale Salida - P7,F400-00083087,-37.8,1683.2
Consumo,LIMA EXPRESA,VE-31,2026-02-26,Peaje de Santa Anita - P4,F400-00083087,-25.2,1658.0
Consumo,LIMA EXPRESA,VE-36,2026-02-26,Peaje de Priale Salida - P7,F400-00083087,-25.2,1632.8
Consumo,LIMA EXPRESA,VE-05,2026-02-26,Peaje Estadio – P10   ,F400-00083087,-37.8,1595.0
Consumo,LIMA EXPRESA,VE-05,2026-02-26,Peaje de Priale Salida - P7,F400-00083087,-37.8,1557.2
Consumo,LIMA EXPRESA,VE-07,2026-02-26,Peaje de Monterrico Entrada - P1,F400-00083087,-37.8,1519.4
Consumo,LIMA EXPRESA,VE-36,2026-02-26,Peaje de Monterrico Entrada - P1,F400-00083087,-25.2,1494.2
Consumo,LIMA EXPRESA,VE-05,2026-02-26,Peaje de Monterrico Entrada - P1,F400-00083087,-37.8,1456.4
Consumo,LIMA EXPRESA,VE-35,2026-02-26,Peaje de Monterrico Entrada - P1,F400-00083087,-25.2,1431.2
Consumo,LIMA EXPRESA,VE-07,2026-02-26,Peaje de Monterrico Salida - P2,F400-00083087,-37.8,1393.4
Consumo,LIMA EXPRESA,VE-35,2026-02-26,Peaje de Monterrico Salida - P2,F400-00083087,-25.2,1368.2
Consumo,LIMA EXPRESA,VE-36,2026-02-26,Peaje de Monterrico Salida - P2,F400-00083087,-25.2,1343.0
Consumo,LIMA EXPRESA,VE-05,2026-02-26,Peaje de Monterrico Salida - P2,F400-00083087,-37.8,1305.2
Consumo,LIMA EXPRESA,VE-07,2026-02-26,Peaje de Priale Entrada - P6,F400-00083087,-37.8,1267.4
Consumo,LIMA EXPRESA,VE-29,2026-02-26,Peaje de Monterrico Entrada - P1,F400-00083087,-25.2,1242.2
Consumo,LIMA EXPRESA,VE-29,2026-02-26,Peaje de Monterrico Salida - P2,F400-00083087,-25.2,1217.0
Consumo,LIMA EXPRESA,VE-05,2026-02-27,Peaje de Priale Entrada - P6,F400-00083087,-37.8,1179.2
Consumo,LIMA EXPRESA,VE-35,2026-02-27,Peaje de Priale Entrada - P6,F400-00083087,-25.2,1154.0
Consumo,LIMA EXPRESA,VE-36,2026-02-27,Peaje de Priale Entrada - P6,F400-00083087,-25.2,1128.8
Consumo,LIMA EXPRESA,VE-05,2026-02-27,Peaje de Priale Salida - P7,F400-00083087,-37.8,1091.0
Consumo,LIMA EXPRESA,VE-35,2026-02-27,Peaje de Priale Entrada - P6,F400-00083087,-25.2,1065.8
Consumo,LIMA EXPRESA,CUC445,2026-02-27,Peaje de Monterrico Salida - P2,F400-00083087,-6.3,1059.5
Consumo,LIMA EXPRESA,CUC445,2026-02-27,Peaje Huánuco – P8   ,F400-00083087,-6.3,1053.2
Consumo,LIMA EXPRESA,VE-35,2026-02-27,Peaje de Priale Entrada - P6,F400-00083087,-25.2,1028.0
Consumo,LIMA EXPRESA,VE-29,2026-02-27,Peaje de Monterrico Entrada - P1,F400-00083087,-25.2,1002.8
Consumo,LIMA EXPRESA,VE-29,2026-02-27,Peaje de Monterrico Salida - P2,F400-00083087,-25.2,977.6
Consumo,LIMA EXPRESA,VE-19,2026-02-28,Peaje de Monterrico Entrada - P1,F400-00083087,-25.2,952.4
Consumo,LIMA EXPRESA,VE-29,2026-02-28,Peaje de Monterrico Entrada - P1,F400-00083087,-25.2,927.2
Consumo,LIMA EXPRESA,VE-29,2026-02-28,Peaje de Monterrico Salida - P2,F400-00083087,-25.2,902.0
Consumo,LIMA EXPRESA,VE-05,2026-02-28,Peaje de Priale Entrada - P6,F400-00083087,-18.9,883.1
Consumo,LIMA EXPRESA,VE-35,2026-02-28,Peaje de Priale Entrada - P6,F400-00083087,-25.2,857.9
Consumo,LIMA EXPRESA,VE-17,2026-02-28,Peaje de Monterrico Salida - P2,F400-00083932,-25.2,832.7
Consumo,LIMA EXPRESA,VE-35,2026-02-28,Peaje de Priale Salida - P7,F400-00083087,-25.2,807.5
Consumo,LIMA EXPRESA,VE-35,2026-02-28,Peaje de Monterrico Entrada - P1,F400-00083087,-25.2,782.3
Consumo,LIMA EXPRESA,VE-35,2026-02-28,Peaje de Monterrico Salida - P2,F400-00083087,-25.2,757.1
Consumo,LIMA EXPRESA,VE-25,2026-02-28,Peaje de Monterrico Salida - P2,F400-00083087,-25.2,731.9
Consumo,LIMA EXPRESA,VE-25,2026-03-02,Peaje de Monterrico Entrada - P1,F400-00083932,-25.2,706.7
Consumo,LIMA EXPRESA,VE-18,2026-03-02,Peaje de Monterrico Entrada - P1,F400-00083932,-25.2,681.5
Consumo,LIMA EXPRESA,VE-17,2026-03-02,Peaje de Monterrico Entrada - P1,F400-00083932,-25.2,656.3
Consumo,LIMA EXPRESA,CUC445,2026-03-02,Peaje Estadio – P10   ,F400-00083932,-6.3,650.0
Consumo,LIMA EXPRESA,VE-27,2026-03-02,Peaje de Monterrico Entrada - P1,F400-00083932,-12.6,637.4
Consumo,LIMA EXPRESA,VE-28,2026-03-02,Peaje de Monterrico Entrada - P1,F400-00083932,-25.2,612.2
Consumo,LIMA EXPRESA,CUC445,2026-03-02,Peaje de Monterrico Entrada - P1,F400-00083932,-6.3,605.9
Consumo,LIMA EXPRESA,CUC445,2026-03-02,Peaje de Monterrico Salida - P2,F400-00083932,-6.3,599.6
Consumo,LIMA EXPRESA,VE-36,2026-03-02,Peaje de Monterrico Entrada - P1,F400-00083932,-25.2,574.4
Consumo,LIMA EXPRESA,VE-35,2026-03-02,Peaje de Priale Entrada - P6,F400-00083932,-25.2,549.2
Consumo,LIMA EXPRESA,VE-35,2026-03-02,Peaje de Priale Salida - P7,F400-00083932,-25.2,524.0
Consumo,LIMA EXPRESA,VE-36,2026-03-02,Peaje de Monterrico Salida - P2,F400-00083932,-25.2,498.8
Consumo,LIMA EXPRESA,VE-35,2026-03-02,Peaje de Monterrico Entrada - P1,F400-00083932,-25.2,473.6
Consumo,LIMA EXPRESA,VE-36,2026-03-02,Peaje de Monterrico Entrada - P1,F400-00083932,-25.2,448.4
Consumo,LIMA EXPRESA,VE-35,2026-03-02,Peaje de Monterrico Salida - P2,F400-00083932,-25.2,423.2
Consumo,LIMA EXPRESA,VE-36,2026-03-02,Peaje de Monterrico Salida - P2,F400-00083932,-25.2,398.0
Recarga PEX,PEX,,2026-03-02,,TR006-001068509,2500.0,2898.0
Consumo,LIMA EXPRESA,VE-28,2026-03-02,Peaje de Monterrico Salida - P2,F400-00083932,-25.2,2872.8
Consumo,LIMA EXPRESA,VE-18,2026-03-02,Peaje de Monterrico Salida - P2,F400-00083932,-25.2,2847.6
Consumo,LIMA EXPRESA,ANQ212,2026-03-02,Peaje de Monterrico Entrada - P1,F400-00083932,-6.3,2841.3
Consumo,LIMA EXPRESA,VE-19,2026-03-02,Peaje de Monterrico Entrada - P1,F400-00083932,-25.2,2816.1
Consumo,LIMA EXPRESA,VE-19,2026-03-03,Peaje de Monterrico Entrada - P1,F400-00083932,-25.2,2790.9
Consumo,LIMA EXPRESA,VE-19,2026-03-03,Peaje de Monterrico Entrada - P1,F400-00083932,-25.2,2765.7
Consumo,LIMA EXPRESA,VE-36,2026-03-03,Peaje de Priale Entrada - P6,F400-00083932,-25.2,2740.5
Consumo,LIMA EXPRESA,VE-36,2026-03-03,Peaje de Priale Salida - P7,F400-00083932,-25.2,2715.3
Consumo,LIMA EXPRESA,VE-35,2026-03-03,Peaje de Priale Entrada - P6,F400-00083932,-25.2,2690.1
Consumo,LIMA EXPRESA,VE-05,2026-03-03,Peaje Estadio – P10   ,F400-00083932,-37.8,2652.3
Consumo,LIMA EXPRESA,VE-05,2026-03-03,Peaje de Priale Salida - P7,F400-00083932,-37.8,2614.5
Consumo,LIMA EXPRESA,VE-35,2026-03-03,Peaje de Priale Salida - P7,F400-00083932,-25.2,2589.3
Consumo,LIMA EXPRESA,VE-36,2026-03-03,Peaje de Monterrico Entrada - P1,F400-00083932,-25.2,2564.1
Consumo,LIMA EXPRESA,VE-35,2026-03-03,Peaje de Monterrico Entrada - P1,F400-00083932,-25.2,2538.9
Consumo,LIMA EXPRESA,VE-36,2026-03-03,Peaje de Monterrico Salida - P2,F400-00083932,-25.2,2513.7
Consumo,LIMA EXPRESA,VE-35,2026-03-03,Peaje de Monterrico Salida - P2,F400-00083932,-25.2,2488.5
Consumo,LIMA EXPRESA,APF856,2026-03-03,Peaje de Monterrico Entrada - P1,F400-00083932,-6.3,2482.2
Consumo,LIMA EXPRESA,VE-36,2026-03-03,Peaje de Priale Entrada - P6,F400-00083932,-25.2,2457.0
Consumo,LIMA EXPRESA,VE-35,2026-03-03,Peaje de Priale Entrada - P6,F400-00083932,-25.2,2431.8
Consumo,LIMA EXPRESA,APF856,2026-03-03,Peaje de Monterrico Salida - P2,F400-00083932,-6.3,2425.5
Consumo,LIMA EXPRESA,APF856,2026-03-03,Peaje Huánuco – P8   ,F400-00083932,-6.3,2419.2
Consumo,LIMA EXPRESA,VE-03,2026-03-03,Peaje Estadio – P10   ,F400-00083932,-37.8,2381.4
Consumo,LIMA EXPRESA,VE-01,2026-03-03,Peaje Estadio – P10   ,F400-00083932,-37.8,2343.6
Consumo,LIMA EXPRESA,VE-35,2026-03-03,Peaje de Priale Salida - P7,F400-00083932,-25.2,2318.4
Consumo,LIMA EXPRESA,VE-01,2026-03-03,Peaje de Priale Salida - P7,F400-00083932,-37.8,2280.6
Consumo,LIMA EXPRESA,VE-03,2026-03-03,Peaje de Priale Salida - P7,F400-00083932,-37.8,2242.8
Consumo,LIMA EXPRESA,VE-01,2026-03-03,Peaje de Priale Entrada - P6,F400-00083932,-18.9,2223.9
Consumo,LIMA EXPRESA,VE-19,2026-03-03,Peaje de Monterrico Entrada - P1,F400-00083932,-25.2,2198.7
Consumo,LIMA EXPRESA,VE-03,2026-03-03,Peaje de Priale Entrada - P6,F400-00083932,-18.9,2179.8
Consumo,LIMA EXPRESA,VE-37,2026-03-03,Peaje de Monterrico Salida - P2,F400-00083932,-25.2,2154.6
Consumo,LIMA EXPRESA,VE-19,2026-03-03,Peaje Huánuco – P8   ,F400-00083932,-25.2,2129.4
Consumo,LIMA EXPRESA,VE-19,2026-03-03,Peaje de Monterrico Entrada - P1,F400-00083932,-25.2,2104.2
Consumo,LIMA EXPRESA,VE-19,2026-03-04,Peaje de Monterrico Entrada - P1,F400-00083932,-25.2,2079.0
Consumo,LIMA EXPRESA,VE-19,2026-03-04,Peaje de Monterrico Entrada - P1,F400-00083932,-25.2,2053.8
Consumo,LIMA EXPRESA,VE-05,2026-03-04,Peaje de Priale Entrada - P6,F400-00083932,-18.9,2034.9
Consumo,LIMA EXPRESA,VE-05,2026-03-04,Peaje de Priale Salida - P7,F400-00083932,-37.8,1997.1
Consumo,LIMA EXPRESA,VE-23,2026-03-04,Peaje de Monterrico Entrada - P1,F400-00083932,-25.2,1971.9
Consumo,LIMA EXPRESA,VE-16,2026-03-04,Peaje de Monterrico Entrada - P1,F400-00083932,-25.2,1946.7
Consumo,LIMA EXPRESA,VE-05,2026-03-04,Peaje de Priale Entrada - P6,F400-00083932,-18.9,1927.8
Consumo,LIMA EXPRESA,VE-30,2026-03-04,Peaje de Monterrico Salida - P2,F400-00083932,-25.2,1902.6
Consumo,LIMA EXPRESA,VE-16,2026-03-04,Peaje de Monterrico Salida - P2,F400-00083932,-25.2,1877.4
Consumo,LIMA EXPRESA,VE-25,2026-03-04,Peaje de Monterrico Salida - P2,F400-00083932,-25.2,1852.2
Consumo,LIMA EXPRESA,VE-13,2026-03-05,Peaje Estadio – P10   ,F400-00083932,-25.2,1827.0
Consumo,LIMA EXPRESA,VE-13,2026-03-05,Peaje de Priale Salida - P7,F400-00083932,-25.2,1801.8
Consumo,LIMA EXPRESA,VE-03,2026-03-05,Peaje de Priale Salida - P7,F400-00083932,-37.8,1764.0
Consumo,LIMA EXPRESA,VE-03,2026-03-05,Peaje de Monterrico Entrada - P1,F400-00083932,-37.8,1726.2
Consumo,LIMA EXPRESA,VE-12,2026-03-05,Peaje de Priale Salida - P7,F400-00083932,-25.2,1701.0
Consumo,LIMA EXPRESA,VE-03,2026-03-05,Peaje de Monterrico Salida - P2,F400-00083932,-37.8,1663.2
Consumo,LIMA EXPRESA,VE-12,2026-03-05,Peaje de Monterrico Entrada - P1,F400-00083932,-37.8,1625.4
Consumo,LIMA EXPRESA,VE-12,2026-03-05,Peaje de Monterrico Salida - P2,F400-00083932,-25.2,1600.2
Consumo,LIMA EXPRESA,VE-03,2026-03-05,Peaje de Priale Entrada - P6,F400-00083932,-18.9,1581.3
Consumo,LIMA EXPRESA,VE-13,2026-03-05,Peaje de Priale Salida - P7,F400-00083932,-25.2,1556.1
Consumo,LIMA EXPRESA,D9Z911,2026-03-06,Peaje Estadio – P10   ,F400-00083932,-6.3,1549.8
Consumo,LIMA EXPRESA,D9Z911,2026-03-06,Peaje de Priale Salida - P7,F400-00083932,-6.3,1543.5
Consumo,LIMA EXPRESA,VE-13,2026-03-06,Peaje de Monterrico Entrada - P1,F400-00083932,-25.2,1518.3
Consumo,LIMA EXPRESA,D9Z911,2026-03-06,Peaje de Priale Entrada - P6,F400-00083932,-6.3,1512.0
Consumo,LIMA EXPRESA,VE-12,2026-03-06,Peaje de Priale Entrada - P6,F400-00083932,-25.2,1486.8
Consumo,LIMA EXPRESA,D9Z911,2026-03-06,Peaje Huánuco – P8   ,F400-00083932,-6.3,1480.5
Consumo,LIMA EXPRESA,VE-12,2026-03-06,Peaje de Priale Salida - P7,F400-00083932,-25.2,1455.3
Consumo,LIMA EXPRESA,VE-13,2026-03-06,Peaje de Monterrico Salida - P2,F400-00083932,-25.2,1430.1
Consumo,LIMA EXPRESA,VE-12,2026-03-06,Peaje de Priale Entrada - P6,F400-00083932,-25.2,1404.9
Consumo,LIMA EXPRESA,VE-13,2026-03-06,Peaje de Priale Entrada - P6,F400-00083932,-25.2,1379.7
Consumo,LIMA EXPRESA,VE-13,2026-03-06,Peaje de Priale Salida - P7,F400-00083932,-25.2,1354.5
Consumo,LIMA EXPRESA,VE-13,2026-03-06,Peaje de Priale Entrada - P6,F400-00083932,-25.2,1329.3
Consumo,LIMA EXPRESA,VE-29,2026-03-06,Peaje Estadio – P10   ,F400-00083932,-25.2,1304.1
Consumo,LIMA EXPRESA,VE-13,2026-03-06,Peaje de Priale Salida - P7,F400-00083932,-25.2,1278.9
Consumo,LIMA EXPRESA,VE-29,2026-03-06,Peaje de Monterrico Salida - P2,F400-00083932,-25.2,1253.7
Consumo,LIMA EXPRESA,VE-19,2026-03-06,Peaje de Monterrico Entrada - P1,F400-00083932,-25.2,1228.5
Consumo,LIMA EXPRESA,VE-19,2026-03-06,Peaje de Monterrico Salida - P2,F400-00083932,-25.2,1203.3
Consumo,LIMA EXPRESA,VE-29,2026-03-07,Peaje de Monterrico Entrada - P1,F400-00083932,-25.2,1178.1
Consumo,LIMA EXPRESA,VE-19,2026-03-07,Peaje de Monterrico Entrada - P1,F400-00083932,-25.2,1152.9
Consumo,LIMA EXPRESA,VE-29,2026-03-07,Peaje de Monterrico Salida - P2,F400-00083932,-25.2,1127.7
Consumo,LIMA EXPRESA,VE-29,2026-03-07,Peaje de Monterrico Entrada - P1,F400-00083932,-25.2,1102.5
Consumo,LIMA EXPRESA,VE-19,2026-03-07,Peaje de Monterrico Entrada - P1,F400-00083932,-25.2,1077.3
Consumo,LIMA EXPRESA,VE-25,2026-03-07,Peaje de Monterrico Entrada - P1,F400-00083932,-25.2,1052.1
Consumo,LIMA EXPRESA,VE-29,2026-03-07,Peaje de Monterrico Salida - P2,F400-00083932,-25.2,1026.9
Consumo,LIMA EXPRESA,VE-13,2026-03-07,Peaje de Priale Entrada - P6,F400-00083932,-25.2,1001.7
Consumo,LIMA EXPRESA,VE-12,2026-03-07,Peaje de Monterrico Entrada - P1,F400-00083932,-25.2,976.5
Consumo,LIMA EXPRESA,VE-19,2026-03-07,Peaje de Monterrico Entrada - P1,F400-00083932,-25.2,951.3
Consumo,LIMA EXPRESA,VE-13,2026-03-07,Peaje de Priale Salida - P7,F400-00083932,-25.2,926.1
Consumo,LIMA EXPRESA,APF856,2026-03-07,Peaje Estadio – P10   ,F400-00083932,-6.3,919.8
Consumo,LIMA EXPRESA,APF856,2026-03-07,Peaje de El Pino - P5,F400-00083932,-6.3,913.5
Consumo,LIMA EXPRESA,APF856,2026-03-07,Peaje de Separadora Salida - P3,F400-00083932,-6.3,907.2
Consumo,LIMA EXPRESA,VE-19,2026-03-07,Peaje de Monterrico Salida - P2,F400-00083932,-25.2,882.0
Consumo,LIMA EXPRESA,VE-12,2026-03-07,Peaje de Monterrico Salida - P2,F400-00083932,-25.2,856.8
Consumo,LIMA EXPRESA,APF856,2026-03-07,Peaje de Priale Entrada - P6,F400-00083932,-6.3,850.5
Consumo,LIMA EXPRESA,APF856,2026-03-07,Peaje Huánuco – P8   ,F400-00083932,-6.3,844.2
Consumo,LIMA EXPRESA,VE-13,2026-03-07,Peaje de Monterrico Entrada - P1,F400-00083932,-25.2,819.0
Recarga PEX,PEX,,2026-03-07,,TR006-001071547,2500.0,3319.0
Consumo,LIMA EXPRESA,VE-13,2026-03-07,Peaje de Monterrico Salida - P2,F400-00083932,-25.2,3293.8
Consumo,LIMA EXPRESA,VE-12,2026-03-07,Peaje de Priale Salida - P7,F400-00083932,-25.2,3268.6
Consumo,LIMA EXPRESA,APF856,2026-03-07,Peaje Estadio – P10   ,F400-00083932,-6.3,3262.3
Consumo,LIMA EXPRESA,APF856,2026-03-07,Peaje de Monterrico Entrada - P1,F400-00083932,-6.3,3256.0
Consumo,LIMA EXPRESA,VE-13,2026-03-07,Peaje de Priale Entrada - P6,F400-00083932,-25.2,3230.8
Consumo,LIMA EXPRESA,D9Z911,2026-03-07,Peaje Estadio – P10   ,F400-00083932,-6.3,3224.5
Consumo,LIMA EXPRESA,D9Z911,2026-03-07,Peaje de Monterrico Entrada - P1,F400-00083932,-6.3,3218.2
Consumo,LIMA EXPRESA,VE-19,2026-03-07,Peaje de Monterrico Entrada - P1,F400-00083932,-25.2,3193.0
Consumo,LIMA EXPRESA,D9Z911,2026-03-07,Peaje de Monterrico Salida - P2,F400-00083932,-6.3,3186.7
Consumo,LIMA EXPRESA,D9Z911,2026-03-07,Peaje Huánuco – P8   ,F400-00083932,-6.3,3180.4
Consumo,LIMA EXPRESA,APF856,2026-03-07,Peaje de Monterrico Salida - P2,F400-00083932,-6.3,3174.1
Consumo,LIMA EXPRESA,APF856,2026-03-07,Peaje Huánuco – P8   ,F400-00083932,-6.3,3167.8
Consumo,LIMA EXPRESA,CUC445,2026-03-08,Peaje de Monterrico Entrada - P1,F400-00084801,-6.3,3161.5
Consumo,LIMA EXPRESA,VE-12,2026-03-09,Peaje de Priale Entrada - P6,F400-00084801,-25.2,3136.3
Consumo,LIMA EXPRESA,VE-13,2026-03-09,Peaje Estadio – P10   ,F400-00084801,-25.2,3111.1
Consumo,LIMA EXPRESA,VE-13,2026-03-09,Peaje de Priale Salida - P7,F400-00084801,-25.2,3085.9
Consumo,LIMA EXPRESA,VE-13,2026-03-09,Peaje de Monterrico Entrada - P1,F400-00084801,-25.2,3060.7
Consumo,LIMA EXPRESA,VE-12,2026-03-09,Peaje de Monterrico Entrada - P1,F400-00084801,-25.2,3035.5
Consumo,LIMA EXPRESA,VE-13,2026-03-09,Peaje de Monterrico Salida - P2,F400-00084801,-25.2,3010.3
Consumo,LIMA EXPRESA,VE-12,2026-03-09,Peaje de Monterrico Salida - P2,F400-00084801,-25.2,2985.1
Consumo,LIMA EXPRESA,VE-13,2026-03-09,Peaje de Monterrico Entrada - P1,F400-00084801,-25.2,2959.9
Consumo,LIMA EXPRESA,VE-12,2026-03-09,Peaje de Monterrico Entrada - P1,F400-00084801,-25.2,2934.7
Consumo,LIMA EXPRESA,VE-29,2026-03-09,Peaje Estadio – P10   ,F400-00084801,-25.2,2909.5
Consumo,LIMA EXPRESA,VE-13,2026-03-09,Peaje de Monterrico Salida - P2,F400-00084801,-25.2,2884.3
Consumo,LIMA EXPRESA,VE-29,2026-03-09,Peaje de Monterrico Entrada - P1,F400-00084801,-25.2,2859.1
Consumo,LIMA EXPRESA,VE-19,2026-03-09,Peaje de Monterrico Entrada - P1,F400-00084801,-25.2,2833.9
Consumo,LIMA EXPRESA,VE-05,2026-03-09,Peaje de Priale Salida - P7,F400-00084801,-18.9,2815.0
Consumo,LIMA EXPRESA,VE-29,2026-03-10,Peaje de Monterrico Salida - P2,F400-00084801,-25.2,2789.8
Consumo,LIMA EXPRESA,VE-19,2026-03-10,Peaje de Monterrico Entrada - P1,F400-00084801,-25.2,2764.6
Consumo,LIMA EXPRESA,VE-29,2026-03-10,Peaje de Monterrico Entrada - P1,F400-00084801,-25.2,2739.4
Consumo,LIMA EXPRESA,VE-30,2026-03-10,Peaje de Monterrico Entrada - P1,F400-00084801,-25.2,2714.2
Consumo,LIMA EXPRESA,VE-12,2026-03-10,Peaje de Priale Entrada - P6,F400-00084801,-25.2,2689.0
Consumo,LIMA EXPRESA,VE-05,2026-03-10,Peaje de Monterrico Entrada - P1,F400-00084801,-37.8,2651.2
Consumo,LIMA EXPRESA,VE-05,2026-03-10,Peaje de Monterrico Salida - P2,F400-00084801,-37.8,2613.4
Consumo,LIMA EXPRESA,VE-05,2026-03-10,Peaje de Monterrico Entrada - P1,F400-00084801,-37.8,2575.6
Consumo,LIMA EXPRESA,VE-35,2026-03-10,Peaje de Monterrico Entrada - P1,F400-00084801,-25.2,2550.4
Consumo,LIMA EXPRESA,VE-29,2026-03-10,Peaje de Monterrico Salida - P2,F400-00084801,-25.2,2525.2
Consumo,LIMA EXPRESA,VE-19,2026-03-10,Peaje de Monterrico Salida - P2,F400-00084801,-25.2,2500.0
Consumo,LIMA EXPRESA,VE-12,2026-03-10,Peaje de Priale Entrada - P6,F400-00084801,-25.2,2474.8
Consumo,LIMA EXPRESA,VE-37,2026-03-10,Peaje de Monterrico Entrada - P1,F400-00084801,-25.2,2449.6
Consumo,LIMA EXPRESA,VE-05,2026-03-10,Peaje de Monterrico Salida - P2,F400-00084801,-37.8,2411.8
Consumo,LIMA EXPRESA,VE-12,2026-03-10,Peaje de Priale Salida - P7,F400-00084801,-25.2,2386.6
Consumo,LIMA EXPRESA,VE-05,2026-03-10,Peaje de Monterrico Entrada - P1,F400-00084801,-37.8,2348.8
Consumo,LIMA EXPRESA,VE-35,2026-03-10,Peaje de Monterrico Salida - P2,F400-00084801,-25.2,2323.6
Consumo,LIMA EXPRESA,VE-12,2026-03-10,Peaje de Priale Entrada - P6,F400-00084801,-25.2,2298.4
Consumo,LIMA EXPRESA,VE-05,2026-03-10,Peaje de Monterrico Salida - P2,F400-00084801,-18.9,2279.5
Consumo,LIMA EXPRESA,VE-07,2026-03-11,Peaje de Priale Salida - P7,F400-00084801,-37.8,2241.7
Consumo,LIMA EXPRESA,VE-36,2026-03-11,Peaje de Priale Entrada - P6,F400-00084801,-25.2,2216.5
Consumo,LIMA EXPRESA,VE-35,2026-03-11,Peaje de Priale Entrada - P6,F400-00084801,-25.2,2191.3
Consumo,LIMA EXPRESA,VE-12,2026-03-11,Peaje de Priale Entrada - P6,F400-00084801,-25.2,2166.1
Consumo,LIMA EXPRESA,APF856,2026-03-11,Peaje Estadio – P10   ,F400-00084801,-6.3,2159.8
Consumo,LIMA EXPRESA,APF856,2026-03-11,Peaje de Santa Anita - P4,F400-00084801,-6.3,2153.5
Consumo,LIMA EXPRESA,APF856,2026-03-11,Peaje Huánuco – P8   ,F400-00084801,-6.3,2147.2
Consumo,LIMA EXPRESA,VE-35,2026-03-11,Peaje de Priale Entrada - P6,F400-00084801,-25.2,2122.0
Consumo,LIMA EXPRESA,VE-12,2026-03-11,Peaje de Priale Entrada - P6,F400-00084801,-25.2,2096.8
Consumo,LIMA EXPRESA,VE-29,2026-03-11,Peaje de Monterrico Entrada - P1,F400-00084801,-31.5,2065.3
Consumo,LIMA EXPRESA,VE-19,2026-03-11,Peaje Estadio – P10   ,F400-00084801,-25.2,2040.1
Consumo,LIMA EXPRESA,VE-19,2026-03-11,Peaje de Monterrico Entrada - P1,F400-00084801,-25.2,2014.9
Consumo,LIMA EXPRESA,VE-12,2026-03-11,Peaje de Priale Entrada - P6,F400-00084801,-25.2,1989.7
Consumo,LIMA EXPRESA,VE-29,2026-03-11,Peaje de Monterrico Salida - P2,F400-00084801,-25.2,1964.5
Consumo,LIMA EXPRESA,VE-29,2026-03-11,Peaje de Monterrico Entrada - P1,F400-00084801,-25.2,1939.3
Consumo,LIMA EXPRESA,VE-29,2026-03-11,Peaje de Monterrico Salida - P2,F400-00084801,-25.2,1914.1
Consumo,LIMA EXPRESA,VE-29,2026-03-12,Peaje de Monterrico Entrada - P1,F400-00084801,-25.2,1888.9
Consumo,LIMA EXPRESA,VE-07,2026-03-12,Peaje de Priale Salida - P7,F400-00084801,-18.9,1870.0
Consumo,LIMA EXPRESA,VE-35,2026-03-12,Peaje de Priale Entrada - P6,F400-00084801,-25.2,1844.8
Consumo,LIMA EXPRESA,VE-36,2026-03-12,Peaje de Priale Entrada - P6,F400-00084801,-25.2,1819.6
Consumo,LIMA EXPRESA,VE-18,2026-03-12,Peaje de Monterrico Entrada - P1,F400-00084801,-25.2,1794.4
Consumo,LIMA EXPRESA,VE-12,2026-03-12,Peaje de Priale Entrada - P6,F400-00084801,-25.2,1769.2
Consumo,LIMA EXPRESA,VE-07,2026-03-12,Peaje de Monterrico Entrada - P1,F400-00084801,-37.8,1731.4
Consumo,LIMA EXPRESA,VE-19,2026-03-12,Peaje de Monterrico Salida - P2,F400-00084801,-25.2,1706.2
Consumo,LIMA EXPRESA,VE-07,2026-03-12,Peaje de Monterrico Salida - P2,F400-00084801,-37.8,1668.4
Consumo,LIMA EXPRESA,VE-29,2026-03-12,Peaje de Monterrico Salida - P2,F400-00084801,-25.2,1643.2
Consumo,LIMA EXPRESA,VE-35,2026-03-12,Peaje de Monterrico Entrada - P1,F400-00084801,-25.2,1618.0
Consumo,LIMA EXPRESA,VE-36,2026-03-12,Peaje de Monterrico Entrada - P1,F400-00084801,-25.2,1592.8
Recarga PEX,PEX,,2026-03-12,,TR006-001074235,2500.0,4092.8
Consumo,LIMA EXPRESA,VE-36,2026-03-12,Peaje de Monterrico Salida - P2,F400-00084801,-25.2,4067.6
Consumo,LIMA EXPRESA,VE-12,2026-03-12,Peaje de Monterrico Entrada - P1,F400-00084801,-31.5,4036.1
Consumo,LIMA EXPRESA,VE-35,2026-03-12,Peaje de Monterrico Salida - P2,F400-00084801,-25.2,4010.9
Consumo,LIMA EXPRESA,VE-07,2026-03-12,Peaje de Priale Entrada - P6,F400-00084801,-37.8,3973.1
Consumo,LIMA EXPRESA,VE-07,2026-03-12,Peaje de Priale Salida - P7,F400-00084801,-37.8,3935.3
Consumo,LIMA EXPRESA,VE-07,2026-03-12,Peaje de Priale Entrada - P6,F400-00084801,-18.9,3916.4
Consumo,LIMA EXPRESA,VE-36,2026-03-12,Peaje de Monterrico Entrada - P1,F400-00084801,-25.2,3891.2
Consumo,LIMA EXPRESA,VE-35,2026-03-12,Peaje de Monterrico Entrada - P1,F400-00084801,-25.2,3866.0
Consumo,LIMA EXPRESA,VE-36,2026-03-12,Peaje de Monterrico Salida - P2,F400-00084801,-25.2,3840.8
Consumo,LIMA EXPRESA,VE-35,2026-03-12,Peaje de Monterrico Salida - P2,F400-00084801,-25.2,3815.6
Consumo,LIMA EXPRESA,VE-05,2026-03-12,Peaje de Priale Salida - P7,F400-00084801,-37.8,3777.8
Consumo,LIMA EXPRESA,VE-29,2026-03-12,Peaje de Monterrico Entrada - P1,F400-00084801,-25.2,3752.6
Consumo,LIMA EXPRESA,ANQ212,2026-03-12,Peaje de Monterrico Entrada - P1,F400-00084801,-6.3,3746.3
Consumo,LIMA EXPRESA,VE-29,2026-03-12,Peaje de Monterrico Salida - P2,F400-00084801,-25.2,3721.1
Consumo,LIMA EXPRESA,VE-29,2026-03-13,Peaje de Monterrico Entrada - P1,F400-00084801,-25.2,3695.9
Consumo,LIMA EXPRESA,VE-36,2026-03-13,Peaje de Priale Entrada - P6,F400-00084801,-25.2,3670.7
Consumo,LIMA EXPRESA,VE-35,2026-03-13,Peaje de Priale Entrada - P6,F400-00084801,-25.2,3645.5
Consumo,LIMA EXPRESA,VE-36,2026-03-13,Peaje de Priale Salida - P7,F400-00084801,-25.2,3620.3
Consumo,LIMA EXPRESA,VE-35,2026-03-13,Peaje de Priale Salida - P7,F400-00084801,-25.2,3595.1
Consumo,LIMA EXPRESA,VE-12,2026-03-13,Peaje de Monterrico Entrada - P1,F400-00084801,-25.2,3569.9
Consumo,LIMA EXPRESA,APF856,2026-03-13,Peaje Estadio – P10   ,F400-00084801,-6.3,3563.6
Consumo,LIMA EXPRESA,VE-36,2026-03-13,Peaje de Monterrico Entrada - P1,F400-00084801,-25.2,3538.4
Consumo,LIMA EXPRESA,APF856,2026-03-13,Peaje de Monterrico Entrada - P1,F400-00084801,-6.3,3532.1
Consumo,LIMA EXPRESA,VE-12,2026-03-13,Peaje de Monterrico Salida - P2,F400-00084801,-25.2,3506.9
Consumo,LIMA EXPRESA,VE-29,2026-03-13,Peaje de Monterrico Salida - P2,F400-00084801,-25.2,3481.7
Consumo,LIMA EXPRESA,VE-35,2026-03-13,Peaje de Monterrico Entrada - P1,F400-00084801,-25.2,3456.5
Consumo,LIMA EXPRESA,VE-36,2026-03-13,Peaje de Monterrico Salida - P2,F400-00084801,-25.2,3431.3
Consumo,LIMA EXPRESA,VE-35,2026-03-13,Peaje de Monterrico Salida - P2,F400-00084801,-25.2,3406.1
Consumo,LIMA EXPRESA,VE-35,2026-03-13,Peaje de Priale Salida - P7,F400-00084801,-25.2,3380.9
Consumo,LIMA EXPRESA,VE-36,2026-03-13,Peaje de Monterrico Entrada - P1,F400-00084801,-25.2,3355.7
Consumo,LIMA EXPRESA,VE-12,2026-03-13,Peaje de Monterrico Entrada - P1,F400-00084801,-25.2,3330.5
Consumo,LIMA EXPRESA,VE-05,2026-03-13,Peaje de Monterrico Entrada - P1,F400-00084801,-37.8,3292.7
Consumo,LIMA EXPRESA,VE-05,2026-03-13,Peaje de Monterrico Salida - P2,F400-00084801,-37.8,3254.9
Consumo,LIMA EXPRESA,VE-35,2026-03-13,Peaje de Monterrico Entrada - P1,F400-00084801,-25.2,3229.7
Consumo,LIMA EXPRESA,VE-36,2026-03-13,Peaje de Monterrico Salida - P2,F400-00084801,-25.2,3204.5
Consumo,LIMA EXPRESA,APF856,2026-03-13,Peaje de Monterrico Salida - P2,F400-00084801,-6.3,3198.2
Consumo,LIMA EXPRESA,APF856,2026-03-13,Peaje de Monterrico Entrada - P1,F400-00084801,-6.3,3191.9
Consumo,LIMA EXPRESA,VE-12,2026-03-13,Peaje de Monterrico Salida - P2,F400-00084801,-25.2,3166.7
Consumo,LIMA EXPRESA,VE-35,2026-03-13,Peaje de Monterrico Salida - P2,F400-00084801,-25.2,3141.5
Consumo,LIMA EXPRESA,VE-05,2026-03-13,Peaje de Monterrico Entrada - P1,F400-00084801,-37.8,3103.7
Consumo,LIMA EXPRESA,VE-23,2026-03-13,Peaje de Monterrico Salida - P2,F400-00084801,-25.2,3078.5
Consumo,LIMA EXPRESA,VE-05,2026-03-13,Peaje de Monterrico Salida - P2,F400-00084801,-37.8,3040.7
Consumo,LIMA EXPRESA,APF856,2026-03-13,Peaje de Monterrico Salida - P2,F400-00084801,-6.3,3034.4
Consumo,LIMA EXPRESA,APF856,2026-03-13,Peaje Huánuco – P8   ,F400-00084801,-6.3,3028.1
Consumo,LIMA EXPRESA,VE-29,2026-03-13,Peaje Estadio – P10   ,F400-00084801,-25.2,3002.9
Consumo,LIMA EXPRESA,VE-29,2026-03-13,Peaje de Monterrico Entrada - P1,F400-00084801,-25.2,2977.7
Consumo,LIMA EXPRESA,VE-25,2026-03-13,Peaje de Monterrico Salida - P2,F400-00084801,-25.2,2952.5
Consumo,LIMA EXPRESA,VE-18,2026-03-13,Peaje de Monterrico Salida - P2,F400-00084801,-25.2,2927.3
Consumo,LIMA EXPRESA,VE-29,2026-03-13,Peaje de Monterrico Salida - P2,F400-00084801,-25.2,2902.1
Consumo,LIMA EXPRESA,VE-36,2026-03-14,Peaje de Priale Entrada - P6,F400-00084801,-25.2,2876.9
Consumo,LIMA EXPRESA,VE-35,2026-03-14,Peaje de Priale Entrada - P6,F400-00084801,-25.2,2851.7
Consumo,LIMA EXPRESA,VE-12,2026-03-14,Peaje de Priale Entrada - P6,F400-00084801,-25.2,2826.5
Consumo,LIMA EXPRESA,VE-36,2026-03-14,Peaje de Monterrico Entrada - P1,F400-00084801,-25.2,2801.3
Consumo,LIMA EXPRESA,VE-05,2026-03-14,Peaje de Monterrico Entrada - P1,F400-00084801,-18.9,2782.4
Consumo,LIMA EXPRESA,VE-05,2026-03-14,Peaje de Monterrico Salida - P2,F400-00084801,-37.8,2744.6
Consumo,LIMA EXPRESA,VE-35,2026-03-14,Peaje de Monterrico Entrada - P1,F400-00084801,-25.2,2719.4
Consumo,LIMA EXPRESA,VE-36,2026-03-14,Peaje de Monterrico Salida - P2,F400-00084801,-25.2,2694.2
Consumo,LIMA EXPRESA,VE-12,2026-03-14,Peaje de Monterrico Entrada - P1,F400-00084801,-31.5,2662.7
Consumo,LIMA EXPRESA,VE-35,2026-03-14,Peaje de Monterrico Salida - P2,F400-00084801,-25.2,2637.5
Consumo,LIMA EXPRESA,VE-05,2026-03-14,Peaje de Priale Entrada - P6,F400-00084801,-18.9,2618.6
Consumo,LIMA EXPRESA,VE-27,2026-03-14,Peaje de Monterrico Salida - P2,F400-00084801,-25.2,2593.4
Consumo,LIMA EXPRESA,VE-37,2026-03-14,Peaje de Monterrico Salida - P2,F400-00084801,-25.2,2568.2
Consumo,LIMA EXPRESA,VE-27,2026-03-14,Peaje Huánuco – P8   ,F400-00084801,-25.2,2543.0
Consumo,LIMA EXPRESA,VE-29,2026-03-14,Peaje de Monterrico Entrada - P1,F400-00084801,-25.2,2517.8
Consumo,LIMA EXPRESA,VE-29,2026-03-14,Peaje de Monterrico Salida - P2,F400-00084801,-25.2,2492.6
Consumo,LIMA EXPRESA,ANQ212,2026-03-15,Peaje de Monterrico Salida - P2,F400-00084801,-6.3,2486.3
Consumo,LIMA EXPRESA,VE-05,2026-03-16,Peaje de Priale Salida - P7,F400-00085671,-37.8,2448.5
Consumo,LIMA EXPRESA,VE-07,2026-03-16,Peaje de Priale Salida - P7,F400-00085671,-18.9,2429.6
Consumo,LIMA EXPRESA,APF856,2026-03-16,Peaje Estadio – P10   ,F400-00085671,-6.3,2423.3
Consumo,LIMA EXPRESA,APF856,2026-03-16,Peaje de El Pino - P5,F400-00085671,-6.3,2417.0
Consumo,LIMA EXPRESA,ANQ212,2026-03-16,Peaje Estadio – P10   ,F400-00085671,-6.3,2410.7
Consumo,LIMA EXPRESA,VE-29,2026-03-16,Peaje Estadio – P10   ,F400-00085671,-25.2,2385.5
Consumo,LIMA EXPRESA,APF856,2026-03-16,Peaje de Separadora Salida - P3,F400-00085671,-6.3,2379.2
Consumo,LIMA EXPRESA,APF856,2026-03-16,Peaje Huánuco – P8   ,F400-00085671,-6.3,2372.9
Consumo,LIMA EXPRESA,VE-36,2026-03-16,Peaje de Monterrico Entrada - P1,F400-00085671,-25.2,2347.7
Consumo,LIMA EXPRESA,VE-29,2026-03-16,Peaje de Monterrico Entrada - P1,F400-00085671,-25.2,2322.5
Consumo,LIMA EXPRESA,VE-35,2026-03-16,Peaje de Monterrico Entrada - P1,F400-00085671,-25.2,2297.3
Consumo,LIMA EXPRESA,VE-12,2026-03-16,Peaje de Priale Entrada - P6,F400-00085671,-25.2,2272.1
Consumo,LIMA EXPRESA,VE-07,2026-03-16,Peaje de Priale Entrada - P6,F400-00085671,-18.9,2253.2
Consumo,LIMA EXPRESA,VE-35,2026-03-16,Peaje de Monterrico Salida - P2,F400-00085671,-25.2,2228.0
Consumo,LIMA EXPRESA,VE-36,2026-03-16,Peaje de Monterrico Salida - P2,F400-00085671,-25.2,2202.8
Consumo,LIMA EXPRESA,VE-29,2026-03-16,Peaje de Monterrico Salida - P2,F400-00085671,-25.2,2177.6
Consumo,LIMA EXPRESA,VE-36,2026-03-16,Peaje de Priale Entrada - P6,F400-00085671,-25.2,2152.4
Consumo,LIMA EXPRESA,VE-35,2026-03-16,Peaje de Priale Entrada - P6,F400-00085671,-25.2,2127.2
Consumo,LIMA EXPRESA,VE-12,2026-03-16,Peaje de Priale Entrada - P6,F400-00085671,-25.2,2102.0
Consumo,LIMA EXPRESA,VE-36,2026-03-16,Peaje de Priale Salida - P7,F400-00085671,-25.2,2076.8
Consumo,LIMA EXPRESA,VE-07,2026-03-16,Peaje de Priale Entrada - P6,F400-00085671,-37.8,2039.0
Consumo,LIMA EXPRESA,VE-29,2026-03-16,Peaje de Monterrico Entrada - P1,F400-00085671,-25.2,2013.8
Consumo,LIMA EXPRESA,VE-29,2026-03-16,Peaje de Monterrico Salida - P2,F400-00085671,-25.2,1988.6
Consumo,LIMA EXPRESA,VE-29,2026-03-16,Peaje de Monterrico Entrada - P1,F400-00085671,-25.2,1963.4
Consumo,LIMA EXPRESA,VE-29,2026-03-17,Peaje de Monterrico Salida - P2,F400-00085671,-25.2,1938.2
Consumo,LIMA EXPRESA,VE-07,2026-03-17,Peaje de Priale Salida - P7,F400-00085671,-18.9,1919.3
Consumo,LIMA EXPRESA,VE-36,2026-03-17,Peaje de Priale Entrada - P6,F400-00085671,-25.2,1894.1
Consumo,LIMA EXPRESA,VE-35,2026-03-17,Peaje de Priale Entrada - P6,F400-00085671,-25.2,1868.9
Consumo,LIMA EXPRESA,VE-25,2026-03-17,Peaje de Monterrico Entrada - P1,F400-00085671,-25.2,1843.7
Consumo,LIMA EXPRESA,VE-37,2026-03-17,Peaje de Monterrico Entrada - P1,F400-00085671,-25.2,1818.5
Consumo,LIMA EXPRESA,VE-12,2026-03-17,Peaje de Priale Entrada - P6,F400-00085671,-25.2,1793.3
Consumo,LIMA EXPRESA,VE-07,2026-03-17,Peaje de Priale Salida - P7,F400-00085671,-37.8,1755.5
Consumo,LIMA EXPRESA,VE-35,2026-03-17,Peaje de Monterrico Entrada - P1,F400-00085671,-25.2,1730.3
Consumo,LIMA EXPRESA,VE-36,2026-03-17,Peaje de Monterrico Entrada - P1,F400-00085671,-25.2,1705.1
Consumo,LIMA EXPRESA,VE-10,2026-03-17,Peaje de El Pino - P5,F400-00085671,-18.9,1686.2
Consumo,LIMA EXPRESA,VE-10,2026-03-17,Peaje de Separadora Salida - P3,F400-00085671,-37.8,1648.4
Consumo,LIMA EXPRESA,VE-35,2026-03-17,Peaje de Monterrico Salida - P2,F400-00085671,-25.2,1623.2
Consumo,LIMA EXPRESA,VE-07,2026-03-17,Peaje de Monterrico Entrada - P1,F400-00085671,-37.8,1585.4
Consumo,LIMA EXPRESA,VE-36,2026-03-17,Peaje de Monterrico Salida - P2,F400-00085671,-25.2,1560.2
Consumo,LIMA EXPRESA,VE-12,2026-03-17,Peaje de Priale Entrada - P6,F400-00085671,-25.2,1535.0
Consumo,LIMA EXPRESA,VE-07,2026-03-17,Peaje de Monterrico Salida - P2,F400-00085671,-37.8,1497.2
Consumo,LIMA EXPRESA,VE-35,2026-03-17,Peaje de Priale Entrada - P6,F400-00085671,-25.2,1472.0
Consumo,LIMA EXPRESA,VE-36,2026-03-17,Peaje de Priale Entrada - P6,F400-00085671,-25.2,1446.8
Consumo,LIMA EXPRESA,VE-07,2026-03-17,Peaje de Priale Entrada - P6,F400-00085671,-18.9,1427.9
Consumo,LIMA EXPRESA,VE-36,2026-03-17,Peaje de Priale Salida - P7,F400-00085671,-25.2,1402.7
Consumo,LIMA EXPRESA,VE-10,2026-03-18,Peaje de El Pino - P5,F400-00085671,-37.8,1364.9
Consumo,LIMA EXPRESA,VE-29,2026-03-18,Peaje de Monterrico Entrada - P1,F400-00085671,-25.2,1339.7
Consumo,LIMA EXPRESA,VE-10,2026-03-18,Peaje de Separadora Salida - P3,F400-00085671,-31.5,1308.2
Consumo,LIMA EXPRESA,VE-36,2026-03-18,Peaje de Priale Entrada - P6,F400-00085671,-25.2,1283.0
Consumo,LIMA EXPRESA,VE-36,2026-03-18,Peaje de Priale Salida - P7,F400-00085671,-25.2,1257.8
Consumo,LIMA EXPRESA,VE-35,2026-03-18,Peaje de Priale Entrada - P6,F400-00085671,-25.2,1232.6
Consumo,LIMA EXPRESA,VE-12,2026-03-18,Peaje de Priale Entrada - P6,F400-00085671,-25.2,1207.4
Consumo,LIMA EXPRESA,VE-12,2026-03-18,Peaje de Priale Salida - P7,F400-00085671,-25.2,1182.2
Consumo,LIMA EXPRESA,VE-36,2026-03-18,Peaje de Monterrico Entrada - P1,F400-00085671,-25.2,1157.0
Consumo,LIMA EXPRESA,VE-35,2026-03-18,Peaje de Priale Salida - P7,F400-00085671,-25.2,1131.8
Consumo,LIMA EXPRESA,VE-36,2026-03-18,Peaje de Monterrico Salida - P2,F400-00085671,-25.2,1106.6
Consumo,LIMA EXPRESA,VE-12,2026-03-18,Peaje de Monterrico Entrada - P1,F400-00085671,-25.2,1081.4
Consumo,LIMA EXPRESA,VE-05,2026-03-18,Peaje de Monterrico Entrada - P1,F400-00085671,-18.9,1062.5
Consumo,LIMA EXPRESA,VE-29,2026-03-18,Peaje de Monterrico Salida - P2,F400-00085671,-25.2,1037.3
Consumo,LIMA EXPRESA,VE-35,2026-03-18,Peaje de Monterrico Entrada - P1,F400-00085671,-25.2,1012.1
Consumo,LIMA EXPRESA,VE-05,2026-03-18,Peaje de Monterrico Salida - P2,F400-00085671,-37.8,974.3
Consumo,LIMA EXPRESA,VE-36,2026-03-18,Peaje de Monterrico Entrada - P1,F400-00085671,-44.1,930.2
Consumo,LIMA EXPRESA,VE-12,2026-03-18,Peaje de Monterrico Salida - P2,F400-00085671,-25.2,905.0
Consumo,LIMA EXPRESA,VE-10,2026-03-18,Peaje de El Pino - P5,F400-00085671,-18.9,886.1
Consumo,LIMA EXPRESA,VE-10,2026-03-18,Peaje de Separadora Salida - P3,F400-00085671,-37.8,848.3
Consumo,LIMA EXPRESA,VE-29,2026-03-18,Peaje de Monterrico Entrada - P1,F400-00085671,-25.2,823.1
Consumo,LIMA EXPRESA,VE-35,2026-03-18,Peaje de Monterrico Salida - P2,F400-00085671,-25.2,797.9
Consumo,LIMA EXPRESA,VE-36,2026-03-18,Peaje de Monterrico Salida - P2,F400-00085671,-25.2,772.7
Consumo,LIMA EXPRESA,VE-05,2026-03-18,Peaje de Monterrico Entrada - P1,F400-00085671,-37.8,734.9
Consumo,LIMA EXPRESA,VE-12,2026-03-18,Peaje de Monterrico Entrada - P1,F400-00085671,-25.2,709.7
Consumo,LIMA EXPRESA,VE-05,2026-03-18,Peaje de Monterrico Salida - P2,F400-00085671,-37.8,671.9
Consumo,LIMA EXPRESA,VE-29,2026-03-18,Peaje de Monterrico Salida - P2,F400-00085671,-25.2,646.7
Consumo,LIMA EXPRESA,VE-10,2026-03-19,Peaje de El Pino - P5,F400-00085671,-37.8,608.9
Consumo,LIMA EXPRESA,VE-36,2026-03-19,Peaje de Priale Entrada - P6,F400-00085671,-25.2,583.7
Consumo,LIMA EXPRESA,VE-07,2026-03-19,Peaje de Priale Salida - P7,F400-00085671,-37.8,545.9
Consumo,LIMA EXPRESA,VE-10,2026-03-19,Peaje de Separadora Salida - P3,F400-00085671,-31.5,514.4
Consumo,LIMA EXPRESA,VE-35,2026-03-19,Peaje de Priale Entrada - P6,F400-00085671,-25.2,489.2
Consumo,LIMA EXPRESA,VE-12,2026-03-19,Peaje Huánuco – P8   ,F400-00085671,-25.2,464.0
Recarga PEX,PEX,,2026-03-19,,TR006-001078319,2500.0,2964.0
Consumo,LIMA EXPRESA,VE-10,2026-03-19,Peaje de El Pino - P5,F400-00085671,-18.9,2945.1
Consumo,LIMA EXPRESA,VE-07,2026-03-19,Peaje de Priale Entrada - P6,F400-00085671,-37.8,2907.3
Consumo,LIMA EXPRESA,VE-10,2026-03-19,Peaje de Separadora Salida - P3,F400-00085671,-37.8,2869.5
Consumo,LIMA EXPRESA,VE-07,2026-03-20,Peaje de Priale Salida - P7,F400-00085671,-18.9,2850.6
Consumo,LIMA EXPRESA,VE-10,2026-03-20,Peaje de El Pino - P5,F400-00085671,-18.9,2831.7
Consumo,LIMA EXPRESA,VE-36,2026-03-20,Peaje de Priale Entrada - P6,F400-00085671,-25.2,2806.5
Consumo,LIMA EXPRESA,VE-35,2026-03-20,Peaje de Priale Entrada - P6,F400-00085671,-25.2,2781.3
Consumo,LIMA EXPRESA,VE-12,2026-03-20,Peaje de Priale Entrada - P6,F400-00085671,-25.2,2756.1
Consumo,LIMA EXPRESA,VE-07,2026-03-20,Peaje de Priale Entrada - P6,F400-00085671,-37.8,2718.3
Consumo,LIMA EXPRESA,VE-10,2026-03-20,Peaje de Separadora Salida - P3,F400-00085671,-37.8,2680.5
Consumo,LIMA EXPRESA,VE-12,2026-03-20,Peaje de Priale Salida - P7,F400-00085671,-25.2,2655.3
Consumo,LIMA EXPRESA,VE-05,2026-03-20,Peaje de Monterrico Entrada - P1,F400-00085671,-37.8,2617.5
Consumo,LIMA EXPRESA,VE-12,2026-03-20,Peaje de Monterrico Entrada - P1,F400-00085671,-25.2,2592.3
Consumo,LIMA EXPRESA,VE-36,2026-03-20,Peaje de Monterrico Entrada - P1,F400-00085671,-25.2,2567.1
Consumo,LIMA EXPRESA,VE-05,2026-03-20,Peaje de Monterrico Salida - P2,F400-00085671,-18.9,2548.2
Consumo,LIMA EXPRESA,VE-35,2026-03-20,Peaje de Monterrico Entrada - P1,F400-00085671,-25.2,2523.0
Consumo,LIMA EXPRESA,VE-36,2026-03-20,Peaje de Monterrico Salida - P2,F400-00085671,-25.2,2497.8
Consumo,LIMA EXPRESA,VE-12,2026-03-20,Peaje de Monterrico Salida - P2,F400-00085671,-25.2,2472.6
Consumo,LIMA EXPRESA,VE-35,2026-03-20,Peaje de Monterrico Salida - P2,F400-00085671,-25.2,2447.4
Consumo,LIMA EXPRESA,VE-12,2026-03-20,Peaje de Monterrico Entrada - P1,F400-00085671,-25.2,2422.2
Consumo,LIMA EXPRESA,VE-35,2026-03-21,Peaje de Priale Entrada - P6,F400-00085671,-25.2,2397.0
Consumo,LIMA EXPRESA,VE-36,2026-03-21,Peaje de Monterrico Entrada - P1,F400-00085671,-25.2,2371.8
Consumo,LIMA EXPRESA,VE-36,2026-03-21,Peaje de Monterrico Salida - P2,F400-00085671,-25.2,2346.6
Consumo,LIMA EXPRESA,VE-12,2026-03-21,Peaje de Monterrico Entrada - P1,F400-00085671,-25.2,2321.4
Consumo,LIMA EXPRESA,VE-12,2026-03-21,Peaje de Monterrico Salida - P2,F400-00085671,-25.2,2296.2
Consumo,LIMA EXPRESA,VE-36,2026-03-21,Peaje de Monterrico Entrada - P1,F400-00085671,-25.2,2271.0
Consumo,LIMA EXPRESA,VE-12,2026-03-21,Peaje de Monterrico Entrada - P1,F400-00085671,-25.2,2245.8
Consumo,LIMA EXPRESA,VE-36,2026-03-21,Peaje de Monterrico Salida - P2,F400-00085671,-25.2,2220.6
Consumo,LIMA EXPRESA,VE-35,2026-03-21,Peaje Estadio – P10   ,F400-00085671,-25.2,2195.4
Consumo,LIMA EXPRESA,VE-35,2026-03-21,Peaje de Priale Salida - P7,F400-00085671,-25.2,2170.2
Consumo,LIMA EXPRESA,VE-12,2026-03-21,Peaje de Monterrico Salida - P2,F400-00085671,-25.2,2145.0
Consumo,LIMA EXPRESA,VE-12,2026-03-21,Peaje Huánuco – P8   ,F400-00085671,-25.2,2119.8
Consumo,LIMA EXPRESA,VE-37,2026-03-21,Peaje de Monterrico Salida - P2,F400-00085671,-25.2,2094.6
Consumo,LIMA EXPRESA,VE-30,2026-03-21,Peaje de Monterrico Salida - P2,F400-00085671,-25.2,2069.4
Consumo,LIMA EXPRESA,VE-27,2026-03-21,Peaje de Monterrico Salida - P2,F400-00085671,-25.2,2044.2
Consumo,LIMA EXPRESA,VE-29,2026-03-21,Peaje Estadio – P10   ,F400-00085671,-25.2,2019.0
Consumo,LIMA EXPRESA,VE-29,2026-03-21,Peaje de Monterrico Entrada - P1,F400-00085671,-25.2,1993.8
Consumo,LIMA EXPRESA,ANQ212,2026-03-21,Peaje Estadio – P10   ,F400-00085671,-6.3,1987.5
Consumo,LIMA EXPRESA,ANQ212,2026-03-21,Peaje de Monterrico Entrada - P1,F400-00085671,-6.3,1981.2
Consumo,LIMA EXPRESA,VE-29,2026-03-21,Peaje de Monterrico Salida - P2,F400-00085671,-25.2,1956.0
Consumo,LIMA EXPRESA,VE-29,2026-03-21,Peaje de Monterrico Entrada - P1,F400-00085671,-25.2,1930.8
Consumo,LIMA EXPRESA,VE-29,2026-03-21,Peaje de Monterrico Salida - P2,F400-00085671,-25.2,1905.6
Consumo,LIMA EXPRESA,VE-29,2026-03-22,Peaje de Monterrico Entrada - P1,F400-00085671,-25.2,1880.4
Consumo,LIMA EXPRESA,VE-30,2026-03-23,Peaje de Monterrico Entrada - P1,F400-00086541,-25.2,1855.2
Consumo,LIMA EXPRESA,VE-25,2026-03-23,Peaje de Priale Salida - P7,F400-00086541,-25.2,1830.0
Consumo,LIMA EXPRESA,VE-37,2026-03-23,Peaje de Monterrico Entrada - P1,F400-00086541,-25.2,1804.8
Consumo,LIMA EXPRESA,VE-27,2026-03-23,Peaje de Monterrico Entrada - P1,F400-00086541,-25.2,1779.6
Consumo,LIMA EXPRESA,VE-05,2026-03-23,Peaje Estadio – P10   ,F400-00086541,-18.9,1760.7
Consumo,LIMA EXPRESA,VE-05,2026-03-23,Peaje de Priale Salida - P7,F400-00086541,-37.8,1722.9
Consumo,LIMA EXPRESA,VE-29,2026-03-23,Peaje de Monterrico Entrada - P1,F400-00086541,-25.2,1697.7
Consumo,LIMA EXPRESA,VE-12,2026-03-23,Peaje de Priale Salida - P7,F400-00086541,-25.2,1672.5
Consumo,LIMA EXPRESA,VE-07,2026-03-23,Peaje de Monterrico Entrada - P1,F400-00086541,-37.8,1634.7
Consumo,LIMA EXPRESA,VE-07,2026-03-23,Peaje de Monterrico Salida - P2,F400-00086541,-37.8,1596.9
Consumo,LIMA EXPRESA,VE-29,2026-03-23,Peaje de Monterrico Salida - P2,F400-00086541,-25.2,1571.7
Consumo,LIMA EXPRESA,VE-07,2026-03-23,Peaje de Santa Anita - P4,F400-00086541,-18.9,1552.8
Consumo,LIMA EXPRESA,VE-12,2026-03-23,Peaje de Priale Entrada - P6,F400-00086541,-25.2,1527.6
Consumo,LIMA EXPRESA,VE-05,2026-03-23,Peaje de Monterrico Entrada - P1,F400-00086541,-37.8,1489.8
Consumo,LIMA EXPRESA,VE-29,2026-03-23,Peaje de Monterrico Entrada - P1,F400-00086541,-25.2,1464.6
Consumo,LIMA EXPRESA,VE-05,2026-03-23,Peaje de Monterrico Salida - P2,F400-00086541,-37.8,1426.8
Consumo,LIMA EXPRESA,VE-36,2026-03-23,Peaje de Monterrico Entrada - P1,F400-00086541,-25.2,1401.6
Consumo,LIMA EXPRESA,VE-35,2026-03-23,Peaje de Priale Entrada - P6,F400-00086541,-25.2,1376.4
Consumo,LIMA EXPRESA,VE-12,2026-03-23,Peaje de Monterrico Entrada - P1,F400-00086541,-25.2,1351.2
Consumo,LIMA EXPRESA,VE-29,2026-03-23,Peaje de Monterrico Salida - P2,F400-00086541,-25.2,1326.0
Consumo,LIMA EXPRESA,VE-36,2026-03-23,Peaje de Monterrico Salida - P2,F400-00086541,-25.2,1300.8
Consumo,LIMA EXPRESA,VE-29,2026-03-23,Peaje de Monterrico Entrada - P1,F400-00086541,-25.2,1275.6
Consumo,LIMA EXPRESA,VE-29,2026-03-23,Peaje de Monterrico Salida - P2,F400-00086541,-25.2,1250.4
Consumo,LIMA EXPRESA,VE-29,2026-03-24,Peaje de Monterrico Salida - P2,F400-00086541,-25.2,1225.2
Consumo,LIMA EXPRESA,VE-29,2026-03-24,Peaje de Monterrico Entrada - P1,F400-00086541,-25.2,1200.0
Consumo,LIMA EXPRESA,VE-29,2026-03-24,Peaje de Monterrico Salida - P2,F400-00086541,-25.2,1174.8
Consumo,LIMA EXPRESA,VE-17,2026-03-24,Peaje de Monterrico Entrada - P1,F400-00086541,-25.2,1149.6
Consumo,LIMA EXPRESA,VE-36,2026-03-24,Peaje de Monterrico Entrada - P1,F400-00086541,-25.2,1124.4
Consumo,LIMA EXPRESA,VE-07,2026-03-24,Peaje de Priale Salida - P7,F400-00086541,-18.9,1105.5
Consumo,LIMA EXPRESA,VE-35,2026-03-24,Peaje de Priale Entrada - P6,F400-00086541,-25.2,1080.3
Consumo,LIMA EXPRESA,VE-35,2026-03-24,Peaje de Priale Salida - P7,F400-00086541,-25.2,1055.1
Consumo,LIMA EXPRESA,VE-29,2026-03-24,Peaje Estadio – P10   ,F400-00086541,-25.2,1029.9
Consumo,LIMA EXPRESA,VE-29,2026-03-24,Peaje de Monterrico Entrada - P1,F400-00086541,-25.2,1004.7
Consumo,LIMA EXPRESA,VE-36,2026-03-24,Peaje de Monterrico Salida - P2,F400-00086541,-25.2,979.5
Consumo,LIMA EXPRESA,CUC445,2026-03-24,Peaje Estadio – P10   ,F400-00086541,-6.3,973.2
Consumo,LIMA EXPRESA,CUC445,2026-03-24,Peaje de Monterrico Entrada - P1,F400-00086541,-6.3,966.9
Consumo,LIMA EXPRESA,VE-07,2026-03-24,Peaje de Priale Entrada - P6,F400-00086541,-18.9,948.0
Consumo,LIMA EXPRESA,VE-35,2026-03-24,Peaje de Priale Entrada - P6,F400-00086541,-25.2,922.8
Consumo,LIMA EXPRESA,VE-35,2026-03-24,Peaje de Priale Salida - P7,F400-00086541,-25.2,897.6
Consumo,LIMA EXPRESA,VE-07,2026-03-24,Peaje de Priale Salida - P7,F400-00086541,-18.9,878.7
Consumo,LIMA EXPRESA,CUC445,2026-03-24,Peaje de Monterrico Salida - P2,F400-00086541,-6.3,872.4
Consumo,LIMA EXPRESA,VE-12,2026-03-24,Peaje de Priale Entrada - P6,F400-00086541,-25.2,847.2
Consumo,LIMA EXPRESA,CUC445,2026-03-24,Peaje Huánuco – P8   ,F400-00086541,-6.3,840.9
Consumo,LIMA EXPRESA,VE-12,2026-03-24,Peaje de Priale Salida - P7,F400-00086541,-25.2,815.7
Consumo,LIMA EXPRESA,VE-07,2026-03-24,Peaje de Monterrico Entrada - P1,F400-00086541,-37.8,777.9
Consumo,LIMA EXPRESA,VE-07,2026-03-24,Peaje de Monterrico Salida - P2,F400-00086541,-37.8,740.1
Consumo,LIMA EXPRESA,VE-12,2026-03-24,Peaje de Priale Entrada - P6,F400-00086541,-25.2,714.9
Consumo,LIMA EXPRESA,VE-09,2026-03-24,Peaje de El Pino - P5,F400-00086541,-37.8,677.1
Consumo,LIMA EXPRESA,VE-09,2026-03-24,Peaje de Separadora Salida - P3,F400-00086541,-18.9,658.2
Consumo,LIMA EXPRESA,VE-07,2026-03-24,Peaje de Priale Entrada - P6,F400-00086541,-37.8,620.4
Consumo,LIMA EXPRESA,VE-35,2026-03-24,Peaje de Priale Entrada - P6,F400-00086541,-25.2,595.2
Consumo,LIMA EXPRESA,VE-31,2026-03-25,Peaje de Monterrico Entrada - P1,F400-00086541,-25.2,570.0
Consumo,LIMA EXPRESA,VE-36,2026-03-25,Peaje de Monterrico Entrada - P1,F400-00086541,-25.2,544.8
Consumo,LIMA EXPRESA,VE-07,2026-03-25,Peaje de Priale Salida - P7,F400-00086541,-18.9,525.9
Consumo,LIMA EXPRESA,VE-35,2026-03-25,Peaje de Monterrico Entrada - P1,F400-00086541,-25.2,500.7
Consumo,LIMA EXPRESA,VE-12,2026-03-25,Peaje de Monterrico Entrada - P1,F400-00086541,-25.2,475.5
Consumo,LIMA EXPRESA,VE-07,2026-03-25,Peaje de Priale Entrada - P6,F400-00086541,-18.9,456.6
Consumo,LIMA EXPRESA,VE-07,2026-03-25,Peaje de Priale Salida - P7,F400-00086541,-18.9,437.7
Consumo,LIMA EXPRESA,VE-05,2026-03-25,Peaje de Monterrico Entrada - P1,F400-00086541,-37.8,399.9
Consumo,LIMA EXPRESA,VE-36,2026-03-25,Peaje de Monterrico Salida - P2,F400-00086541,-25.2,374.7
Consumo,LIMA EXPRESA,VE-35,2026-03-25,Peaje de Monterrico Salida - P2,F400-00086541,-25.2,349.5
Consumo,LIMA EXPRESA,VE-05,2026-03-25,Peaje de Monterrico Salida - P2,F400-00086541,-37.8,311.7
Consumo,LIMA EXPRESA,VE-07,2026-03-25,Peaje de Monterrico Entrada - P1,F400-00086541,-18.9,292.8
Consumo,LIMA EXPRESA,VE-05,2026-03-25,Peaje de Monterrico Entrada - P1,F400-00086541,-37.8,255.0
Consumo,LIMA EXPRESA,VE-07,2026-03-25,Peaje de Monterrico Salida - P2,F400-00086541,-37.8,217.2
Consumo,LIMA EXPRESA,VE-29,2026-03-25,Peaje de Monterrico Entrada - P1,F400-00086541,-25.2,192.0
Consumo,LIMA EXPRESA,VE-09,2026-03-25,Peaje de El Pino - P5,F400-00086541,-37.8,154.2
Consumo,LIMA EXPRESA,VE-09,2026-03-25,Peaje de Separadora Salida - P3,F400-00086541,-18.9,135.3
Consumo,LIMA EXPRESA,VE-05,2026-03-25,Peaje de Monterrico Salida - P2,F400-00086541,-18.9,116.4
Consumo,LIMA EXPRESA,VE-07,2026-03-25,Peaje de Priale Entrada - P6,F400-00086541,-37.8,78.6
Consumo,LIMA EXPRESA,VE-35,2026-03-25,Peaje de Priale Entrada - P6,F400-00086541,-25.2,53.4
Consumo,LIMA EXPRESA,VE-35,2026-03-25,Peaje de Priale Salida - P7,F400-00086541,-25.2,28.2
Recarga PEX,PEX,,2026-03-25,,TR006-001081954,2500.0,2528.2
Consumo,LIMA EXPRESA,VE-29,2026-03-25,Peaje de Monterrico Salida - P2,F400-00086541,-25.2,2503.0
Consumo,LIMA EXPRESA,VE-29,2026-03-25,Peaje de Monterrico Entrada - P1,F400-00086541,-25.2,2477.8
Consumo,LIMA EXPRESA,VE-29,2026-03-26,Peaje de Monterrico Salida - P2,F400-00086541,-25.2,2452.6
Consumo,LIMA EXPRESA,VE-36,2026-03-26,Peaje de Monterrico Entrada - P1,F400-00086541,-25.2,2427.4
Consumo,LIMA EXPRESA,VE-07,2026-03-26,Peaje de Priale Salida - P7,F400-00086541,-37.8,2389.6
Consumo,LIMA EXPRESA,VE-35,2026-03-26,Peaje de Monterrico Entrada - P1,F400-00086541,-25.2,2364.4
Consumo,LIMA EXPRESA,VE-07,2026-03-26,Peaje de Priale Entrada - P6,F400-00086541,-37.8,2326.6
Consumo,LIMA EXPRESA,VE-36,2026-03-26,Peaje de Monterrico Salida - P2,F400-00086541,-25.2,2301.4
Consumo,LIMA EXPRESA,VE-35,2026-03-26,Peaje de Monterrico Salida - P2,F400-00086541,-25.2,2276.2
Consumo,LIMA EXPRESA,VE-07,2026-03-26,Peaje de Priale Salida - P7,F400-00086541,-18.9,2257.3
Consumo,LIMA EXPRESA,VE-36,2026-03-26,Peaje de Priale Entrada - P6,F400-00086541,-25.2,2232.1
Consumo,LIMA EXPRESA,VE-07,2026-03-26,Peaje de Monterrico Entrada - P1,F400-00086541,-37.8,2194.3
Consumo,LIMA EXPRESA,VE-36,2026-03-26,Peaje de El Pino - P5,F400-00086541,-25.2,2169.1
Consumo,LIMA EXPRESA,VE-07,2026-03-26,Peaje de Monterrico Salida - P2,F400-00086541,-18.9,2150.2
Consumo,LIMA EXPRESA,VE-29,2026-03-26,Peaje de Monterrico Entrada - P1,F400-00086541,-25.2,2125.0
Consumo,LIMA EXPRESA,VE-05,2026-03-26,Peaje de Monterrico Entrada - P1,F400-00086541,-18.9,2106.1
Consumo,LIMA EXPRESA,VE-05,2026-03-26,Peaje de Monterrico Salida - P2,F400-00086541,-18.9,2087.2
Consumo,LIMA EXPRESA,VE-29,2026-03-26,Peaje de Monterrico Salida - P2,F400-00086541,-25.2,2062.0
Consumo,LIMA EXPRESA,VE-07,2026-03-26,Peaje de Priale Entrada - P6,F400-00086541,-37.8,2024.2
Consumo,LIMA EXPRESA,VE-35,2026-03-26,Peaje de Priale Entrada - P6,F400-00086541,-25.2,1999.0
Consumo,LIMA EXPRESA,VE-36,2026-03-26,Peaje de Monterrico Salida - P2,F400-00086541,-25.2,1973.8
Consumo,LIMA EXPRESA,VE-29,2026-03-26,Peaje Estadio – P10   ,F400-00086541,-25.2,1948.6
Consumo,LIMA EXPRESA,VE-29,2026-03-26,Peaje de Monterrico Entrada - P1,F400-00086541,-25.2,1923.4
Consumo,LIMA EXPRESA,VE-05,2026-03-26,Peaje Estadio – P10   ,F400-00086541,-37.8,1885.6
Consumo,LIMA EXPRESA,VE-05,2026-03-26,Peaje de Priale Salida - P7,F400-00086541,-18.9,1866.7
Consumo,LIMA EXPRESA,VE-29,2026-03-26,Peaje de Monterrico Salida - P2,F400-00086541,-25.2,1841.5
Consumo,LIMA EXPRESA,VE-29,2026-03-27,Peaje de Monterrico Entrada - P1,F400-00086541,-25.2,1816.3
Consumo,LIMA EXPRESA,VE-29,2026-03-27,Peaje de Monterrico Salida - P2,F400-00086541,-25.2,1791.1
Consumo,LIMA EXPRESA,VE-17,2026-03-27,Peaje de Monterrico Salida - P2,F400-00086541,-25.2,1765.9
Consumo,LIMA EXPRESA,VE-07,2026-03-27,Peaje de Priale Salida - P7,F400-00086541,-37.8,1728.1
Consumo,LIMA EXPRESA,VE-35,2026-03-27,Peaje de Priale Entrada - P6,F400-00086541,-25.2,1702.9
Consumo,LIMA EXPRESA,VE-35,2026-03-27,Peaje de Priale Salida - P7,F400-00086541,-25.2,1677.7
Consumo,LIMA EXPRESA,VE-35,2026-03-27,Peaje de Priale Entrada - P6,F400-00086541,-25.2,1652.5
Consumo,LIMA EXPRESA,VE-05,2026-03-27,Peaje de Priale Salida - P7,F400-00086541,-37.8,1614.7
Consumo,LIMA EXPRESA,VE-29,2026-03-27,Peaje de Monterrico Entrada - P1,F400-00086541,-25.2,1589.5
Consumo,LIMA EXPRESA,VE-29,2026-03-27,Peaje de Monterrico Salida - P2,F400-00086541,-25.2,1564.3
Consumo,LIMA EXPRESA,VE-29,2026-03-28,Peaje de Monterrico Entrada - P1,F400-00086541,-25.2,1539.1
Consumo,LIMA EXPRESA,VE-29,2026-03-28,Peaje de Monterrico Salida - P2,F400-00086541,-25.2,1513.9
Consumo,LIMA EXPRESA,VE-36,2026-03-28,Peaje de Priale Entrada - P6,F400-00086541,-25.2,1488.7
Consumo,LIMA EXPRESA,VE-35,2026-03-28,Peaje de Priale Entrada - P6,F400-00086541,-25.2,1463.5
Consumo,LIMA EXPRESA,VE-29,2026-03-28,Peaje de Monterrico Entrada - P1,F400-00086541,-25.2,1438.3
Consumo,LIMA EXPRESA,VE-12,2026-03-28,Peaje de Monterrico Entrada - P1,F400-00086541,-25.2,1413.1
Consumo,LIMA EXPRESA,VE-35,2026-03-28,Peaje Estadio – P10   ,F400-00086541,-25.2,1387.9
Consumo,LIMA EXPRESA,VE-35,2026-03-28,Peaje de Priale Salida - P7,F400-00086541,-25.2,1362.7
Consumo,LIMA EXPRESA,VE-37,2026-03-28,Peaje de Monterrico Salida - P2,F400-00086541,-25.2,1337.5
Consumo,LIMA EXPRESA,VE-27,2026-03-28,Peaje de Monterrico Salida - P2,F400-00086541,-25.2,1312.3
Consumo,LIMA EXPRESA,VE-31,2026-03-28,Peaje de Monterrico Salida - P2,F400-00086541,-25.2,1287.1
Consumo,LIMA EXPRESA,VE-27,2026-03-28,Peaje Huánuco – P8   ,F400-00086541,-25.2,1261.9
Consumo,LIMA EXPRESA,VE-29,2026-03-28,Peaje de Monterrico Salida - P2,F400-00086541,-25.2,1236.7
Consumo,LIMA EXPRESA,VE-37,2026-03-30,Peaje de Monterrico Entrada - P1,F400-00086541,-25.2,1211.5
Consumo,LIMA EXPRESA,CUC445,2026-03-30,Peaje Estadio – P10   ,F400-00086541,-6.3,1205.2
Consumo,LIMA EXPRESA,CUC445,2026-03-30,Peaje de Monterrico Entrada - P1,F400-00086541,-6.3,1198.9
Consumo,LIMA EXPRESA,VE-31,2026-03-30,Peaje de Monterrico Entrada - P1,F400-00086541,-25.2,1173.7
Consumo,LIMA EXPRESA,CUC445,2026-03-30,Peaje de Monterrico Salida - P2,F400-00086541,-6.3,1167.4
Consumo,LIMA EXPRESA,CUC445,2026-03-30,Peaje Huánuco – P8   ,F400-00086541,-6.3,1161.1
Consumo,LIMA EXPRESA,VE-29,2026-03-30,Peaje de Monterrico Entrada - P1,F400-00086541,-25.2,1135.9
Consumo,LIMA EXPRESA,VE-12,2026-03-30,Peaje de Priale Entrada - P6,F400-00086541,-25.2,1110.7
Consumo,LIMA EXPRESA,VE-36,2026-03-30,Peaje de Monterrico Entrada - P1,F400-00086541,-25.2,1085.5
Consumo,LIMA EXPRESA,VE-35,2026-03-30,Peaje de Monterrico Entrada - P1,F400-00086541,-25.2,1060.3
Consumo,LIMA EXPRESA,VE-25,2026-03-30,Peaje de Priale Entrada - P6,F400-00086541,-25.2,1035.1
Consumo,LIMA EXPRESA,VE-25,2026-03-30,Peaje Huánuco – P8   ,F400-00086541,-25.2,1009.9
Consumo,LIMA EXPRESA,VE-29,2026-03-30,Peaje de Monterrico Salida - P2,F400-00086541,-25.2,984.7
Consumo,LIMA EXPRESA,VE-36,2026-03-30,Peaje de Monterrico Salida - P2,F400-00086541,-25.2,959.5
Consumo,LIMA EXPRESA,VE-35,2026-03-30,Peaje de Monterrico Salida - P2,F400-00086541,-25.2,934.3
Consumo,LIMA EXPRESA,VE-12,2026-03-30,Peaje de Priale Entrada - P6,F400-00086541,-25.2,909.1
Consumo,LIMA EXPRESA,VE-35,2026-03-30,Peaje de Priale Entrada - P6,F400-00086541,-25.2,883.9
Consumo,LIMA EXPRESA,VE-29,2026-03-30,Peaje de Monterrico Entrada - P1,F400-00086541,-25.2,858.7
Consumo,LIMA EXPRESA,VE-05,2026-03-30,Peaje de Priale Salida - P7,F400-00086541,-37.8,820.9
Consumo,LIMA EXPRESA,VE-29,2026-03-30,Peaje Estadio – P10   ,F400-00086541,-25.2,795.7
Consumo,LIMA EXPRESA,VE-29,2026-03-30,Peaje de Monterrico Entrada - P1,F400-00086541,-25.2,770.5
Consumo,LIMA EXPRESA,VE-29,2026-03-30,Peaje de Monterrico Salida - P2,F400-00086541,-25.2,745.3
Consumo,LIMA EXPRESA,VE-29,2026-03-31,Peaje de Monterrico Entrada - P1,F400-00086541,-25.2,720.1
Consumo,LIMA EXPRESA,VE-29,2026-03-31,Peaje de Monterrico Salida - P2,F400-00086541,-25.2,694.9
Consumo,LIMA EXPRESA,VE-17,2026-03-31,Peaje de Monterrico Entrada - P1,F400-00086541,-25.2,669.7
Consumo,LIMA EXPRESA,VE-35,2026-03-31,Peaje de Priale Entrada - P6,F400-00086541,-25.2,644.5
Consumo,LIMA EXPRESA,VE-27,2026-03-31,Peaje de Monterrico Entrada - P1,F400-00086541,-25.2,619.3
Consumo,LIMA EXPRESA,VE-36,2026-03-31,Peaje de Priale Entrada - P6,F400-00086541,-25.2,594.1
Consumo,LIMA EXPRESA,VE-12,2026-03-31,Peaje de Priale Entrada - P6,F400-00086541,-25.2,568.9
Consumo,LIMA EXPRESA,VE-36,2026-03-31,Peaje de Monterrico Entrada - P1,F400-00086541,-25.2,543.7
Consumo,LIMA EXPRESA,VE-12,2026-03-31,Peaje de Monterrico Entrada - P1,F400-00086541,-25.2,518.5
Consumo,LIMA EXPRESA,VE-36,2026-03-31,Peaje de Monterrico Salida - P2,F400-00086541,-25.2,493.3
Consumo,LIMA EXPRESA,VE-12,2026-03-31,Peaje de Monterrico Salida - P2,F400-00086541,-25.2,468.1
Consumo,LIMA EXPRESA,VE-35,2026-03-31,Peaje de Monterrico Entrada - P1,F400-00086541,-25.2,442.9
Recarga PEX,PEX,,2026-03-31,,TR006-001085416,2500.0,2942.9
Consumo,LIMA EXPRESA,VE-05,2026-03-31,Peaje de Priale Salida - P7,F400-00086541,-37.8,2905.1
Consumo,LIMA EXPRESA,VE-12,2026-03-31,Peaje de Monterrico Entrada - P1,F400-00086541,-25.2,2879.9
Consumo,LIMA EXPRESA,VE-35,2026-03-31,Peaje de Monterrico Salida - P2,F400-00086541,-25.2,2854.7
Consumo,LIMA EXPRESA,VE-18,2026-03-31,Peaje Estadio – P10   ,F400-00086541,-25.2,2829.5
Consumo,LIMA EXPRESA,VE-36,2026-04-01,Peaje de Priale Entrada - P6,F400-00087431,-25.2,2804.3
Consumo,LIMA EXPRESA,VE-35,2026-04-01,Peaje de Priale Entrada - P6,F400-00087431,-25.2,2779.1
Consumo,LIMA EXPRESA,VE-12,2026-04-01,Peaje de Priale Entrada - P6,F400-00087431,-25.2,2753.9
Consumo,LIMA EXPRESA,VE-36,2026-04-01,Peaje de Monterrico Entrada - P1,F400-00087431,-25.2,2728.7
Consumo,LIMA EXPRESA,VE-35,2026-04-01,Peaje de Monterrico Entrada - P1,F400-00087431,-25.2,2703.5
Consumo,LIMA EXPRESA,VE-12,2026-04-01,Peaje de Monterrico Entrada - P1,F400-00087431,-25.2,2678.3
Consumo,LIMA EXPRESA,VE-12,2026-04-01,Peaje de Monterrico Salida - P2,F400-00087431,-25.2,2653.1
Consumo,LIMA EXPRESA,VE-12,2026-04-01,Peaje de Priale Entrada - P6,F400-00087431,-25.2,2627.9
Consumo,LIMA EXPRESA,VE-29,2026-04-01,Peaje de Monterrico Entrada - P1,F400-00087431,-25.2,2602.7
Consumo,LIMA EXPRESA,VE-29,2026-04-02,Peaje de Monterrico Salida - P2,F400-00087431,-25.2,2577.5
Consumo,LIMA EXPRESA,VE-36,2026-04-02,Peaje de Priale Entrada - P6,F400-00087431,-25.2,2552.3
Consumo,LIMA EXPRESA,VE-35,2026-04-02,Peaje de Priale Entrada - P6,F400-00087431,-25.2,2527.1
Consumo,LIMA EXPRESA,VE-31,2026-04-02,Peaje de Monterrico Salida - P2,F400-00087431,-25.2,2501.9
Consumo,LIMA EXPRESA,VE-36,2026-04-02,Peaje de Priale Salida - P7,F400-00087431,-25.2,2476.7
Consumo,LIMA EXPRESA,VE-35,2026-04-02,Peaje de Priale Salida - P7,F400-00087431,-25.2,2451.5
Consumo,LIMA EXPRESA,VE-36,2026-04-02,Peaje de Priale Entrada - P6,F400-00087431,-25.2,2426.3
Consumo,LIMA EXPRESA,VE-35,2026-04-02,Peaje de Priale Entrada - P6,F400-00087431,-25.2,2401.1
Consumo,LIMA EXPRESA,VE-36,2026-04-02,Peaje de Priale Salida - P7,F400-00087431,-25.2,2375.9
Consumo,LIMA EXPRESA,VE-35,2026-04-02,Peaje de Priale Salida - P7,F400-00087431,-25.2,2350.7
Consumo,LIMA EXPRESA,VE-27,2026-04-02,Peaje de Monterrico Salida - P2,F400-00087431,-25.2,2325.5
Consumo,LIMA EXPRESA,VE-17,2026-04-02,Peaje de Monterrico Salida - P2,F400-00087431,-25.2,2300.3
Consumo,LIMA EXPRESA,VE-36,2026-04-02,Peaje de Priale Entrada - P6,F400-00087431,-25.2,2275.1
Consumo,LIMA EXPRESA,VE-35,2026-04-02,Peaje de Priale Entrada - P6,F400-00087431,-25.2,2249.9
Consumo,LIMA EXPRESA,VE-36,2026-04-02,Peaje de Priale Salida - P7,F400-00087431,-25.2,2224.7
Consumo,LIMA EXPRESA,VE-35,2026-04-02,Peaje de Priale Salida - P7,F400-00087431,-25.2,2199.5
Consumo,LIMA EXPRESA,VE-29,2026-04-02,Peaje de Monterrico Entrada - P1,F400-00087431,-25.2,2174.3
Consumo,LIMA EXPRESA,VE-29,2026-04-02,Peaje de Monterrico Salida - P2,F400-00087431,-25.2,2149.1
Consumo,LIMA EXPRESA,VE-29,2026-04-02,Peaje de Monterrico Entrada - P1,F400-00087431,-25.2,2123.9
Consumo,LIMA EXPRESA,VE-29,2026-04-02,Peaje de Monterrico Salida - P2,F400-00087431,-25.2,2098.7
Consumo,LIMA EXPRESA,VE-29,2026-04-03,Peaje de Monterrico Entrada - P1,F400-00087431,-25.2,2073.5
Consumo,LIMA EXPRESA,VE-29,2026-04-03,Peaje de Monterrico Salida - P2,F400-00087431,-25.2,2048.3
Consumo,LIMA EXPRESA,VE-29,2026-04-03,Peaje de Monterrico Entrada - P1,F400-00087431,-25.2,2023.1
Consumo,LIMA EXPRESA,VE-29,2026-04-03,Peaje de Monterrico Salida - P2,F400-00087431,-25.2,1997.9
Consumo,LIMA EXPRESA,VE-05,2026-04-03,Peaje de Priale Salida - P7,F400-00087431,-37.8,1960.1
Consumo,LIMA EXPRESA,ANQ212,2026-04-03,Peaje de Monterrico Salida - P2,F400-00087431,-6.3,1953.8
Consumo,LIMA EXPRESA,VE-12,2026-04-03,Peaje de Priale Entrada - P6,F400-00087431,-25.2,1928.6
Consumo,LIMA EXPRESA,VE-12,2026-04-03,Peaje de Priale Salida - P7,F400-00087431,-25.2,1903.4
Consumo,LIMA EXPRESA,VE-05,2026-04-03,Peaje de Priale Salida - P7,F400-00087431,-37.8,1865.6
Consumo,LIMA EXPRESA,VE-12,2026-04-03,Peaje de Priale Entrada - P6,F400-00087431,-25.2,1840.4
Consumo,LIMA EXPRESA,VE-05,2026-04-04,Peaje de Monterrico Entrada - P1,F400-00087431,-37.8,1802.6
Consumo,LIMA EXPRESA,VE-12,2026-04-04,Peaje de Monterrico Entrada - P1,F400-00087431,-25.2,1777.4
Consumo,LIMA EXPRESA,VE-05,2026-04-04,Peaje de Monterrico Salida - P2,F400-00087431,-18.9,1758.5
Consumo,LIMA EXPRESA,VE-12,2026-04-04,Peaje de Monterrico Salida - P2,F400-00087431,-25.2,1733.3
Consumo,LIMA EXPRESA,VE-05,2026-04-04,Peaje de Monterrico Entrada - P1,F400-00087431,-18.9,1714.4
Consumo,LIMA EXPRESA,VE-12,2026-04-04,Peaje de Priale Entrada - P6,F400-00087431,-25.2,1689.2
Consumo,LIMA EXPRESA,VE-05,2026-04-04,Peaje de Monterrico Salida - P2,F400-00087431,-37.8,1651.4
Consumo,LIMA EXPRESA,VE-12,2026-04-04,Peaje de Priale Salida - P7,F400-00087431,-25.2,1626.2
Consumo,LIMA EXPRESA,VE-05,2026-04-04,Peaje de Monterrico Entrada - P1,F400-00087431,-18.9,1607.3
Consumo,LIMA EXPRESA,VE-12,2026-04-04,Peaje de Monterrico Entrada - P1,F400-00087431,-25.2,1582.1
Consumo,LIMA EXPRESA,VE-05,2026-04-04,Peaje de Monterrico Salida - P2,F400-00087431,-18.9,1563.2
Consumo,LIMA EXPRESA,VE-05,2026-04-04,Peaje Huánuco – P8   ,F400-00087431,-37.8,1525.4
Consumo,LIMA EXPRESA,VE-36,2026-04-06,Peaje de Priale Entrada - P6,F400-00087431,-25.2,1500.2
Consumo,LIMA EXPRESA,VE-35,2026-04-06,Peaje de Priale Entrada - P6,F400-00087431,-25.2,1475.0
Consumo,LIMA EXPRESA,VE-31,2026-04-06,Peaje de Monterrico Entrada - P1,F400-00087431,-25.2,1449.8
Consumo,LIMA EXPRESA,VE-27,2026-04-06,Peaje de Priale Salida - P7,F400-00087431,-25.2,1424.6
Consumo,LIMA EXPRESA,VE-12,2026-04-06,Peaje de Priale Entrada - P6,F400-00087431,-25.2,1399.4
Consumo,LIMA EXPRESA,VE-12,2026-04-06,Peaje de Priale Entrada - P6,F400-00087431,-25.2,1374.2
Consumo,LIMA EXPRESA,VE-35,2026-04-06,Peaje de Priale Entrada - P6,F400-00087431,-25.2,1349.0
Consumo,LIMA EXPRESA,VE-07,2026-04-07,Peaje de El Pino - P5,F400-00087431,-37.8,1311.2
Consumo,LIMA EXPRESA,VE-35,2026-04-07,Peaje de Priale Entrada - P6,F400-00087431,-25.2,1286.0
Consumo,LIMA EXPRESA,VE-07,2026-04-07,Peaje de Santa Anita - P4,F400-00087431,-37.8,1248.2
Consumo,LIMA EXPRESA,VE-05,2026-04-07,Peaje Estadio – P10   ,F400-00087431,-37.8,1210.4
Consumo,LIMA EXPRESA,VE-05,2026-04-07,Peaje de Monterrico Entrada - P1,F400-00088314,-37.8,1172.6
Consumo,LIMA EXPRESA,VE-36,2026-04-07,Peaje de Priale Entrada - P6,F400-00087431,-25.2,1147.4
Consumo,LIMA EXPRESA,VE-12,2026-04-07,Peaje de Priale Entrada - P6,F400-00087431,-25.2,1122.2
Consumo,LIMA EXPRESA,VE-35,2026-04-07,Peaje de Monterrico Entrada - P1,F400-00087431,-25.2,1097.0
Consumo,LIMA EXPRESA,VE-36,2026-04-07,Peaje de Monterrico Entrada - P1,F400-00087431,-25.2,1071.8
Consumo,LIMA EXPRESA,VE-35,2026-04-07,Peaje de Monterrico Salida - P2,F400-00087431,-25.2,1046.6
Consumo,LIMA EXPRESA,VE-36,2026-04-07,Peaje de Monterrico Salida - P2,F400-00087431,-25.2,1021.4
Consumo,LIMA EXPRESA,VE-07,2026-04-07,Peaje de El Pino - P5,F400-00087431,-37.8,983.6
Consumo,LIMA EXPRESA,VE-07,2026-04-07,Peaje de Santa Anita - P4,F400-00087431,-37.8,945.8
Consumo,LIMA EXPRESA,APF856,2026-04-07,Peaje Estadio – P10   ,F400-00087431,-6.3,939.5
Consumo,LIMA EXPRESA,VE-36,2026-04-07,Peaje de Priale Entrada - P6,F400-00087431,-25.2,914.3
Consumo,LIMA EXPRESA,VE-35,2026-04-07,Peaje de Priale Entrada - P6,F400-00087431,-25.2,889.1
Consumo,LIMA EXPRESA,VE-12,2026-04-07,Peaje de Monterrico Entrada - P1,F400-00087431,-25.2,863.9
Consumo,LIMA EXPRESA,APF856,2026-04-07,Peaje de El Pino - P5,F400-00087431,-6.3,857.6
Consumo,LIMA EXPRESA,APF856,2026-04-07,Peaje de Santa Anita - P4,F400-00087431,-6.3,851.3
Consumo,LIMA EXPRESA,APF856,2026-04-07,Peaje Huánuco – P8   ,F400-00087431,-6.3,845.0
Consumo,LIMA EXPRESA,VE-35,2026-04-07,Peaje de Priale Salida - P7,F400-00087431,-25.2,819.8
Consumo,LIMA EXPRESA,VE-05,2026-04-07,Peaje de Priale Salida - P7,F400-00087431,-37.8,782.0
Consumo,LIMA EXPRESA,ANQ212,2026-04-07,Peaje Estadio – P10   ,F400-00087431,-6.3,775.7
Consumo,LIMA EXPRESA,ANQ212,2026-04-07,Peaje de Monterrico Entrada - P1,F400-00087431,-6.3,769.4
Consumo,LIMA EXPRESA,VE-07,2026-04-08,Peaje de El Pino - P5,F400-00088314,-18.9,750.5
Consumo,LIMA EXPRESA,VE-36,2026-04-08,Peaje de Priale Entrada - P6,F400-00088314,-25.2,725.3
Consumo,LIMA EXPRESA,VE-35,2026-04-08,Peaje de Priale Entrada - P6,F400-00088314,-25.2,700.1
Consumo,LIMA EXPRESA,VE-07,2026-04-08,Peaje de Santa Anita - P4,F400-00088314,-18.9,681.2
Consumo,LIMA EXPRESA,VE-12,2026-04-08,Peaje de Priale Entrada - P6,F400-00088314,-25.2,656.0
Consumo,LIMA EXPRESA,APF856,2026-04-08,Peaje Estadio – P10   ,F400-00088314,-6.3,649.7
Consumo,LIMA EXPRESA,APF856,2026-04-08,Peaje Huánuco – P8   ,F400-00088314,-6.3,643.4
Consumo,LIMA EXPRESA,VE-12,2026-04-08,Peaje Huánuco – P8   ,F400-00088314,-25.2,618.2
Consumo,LIMA EXPRESA,VE-07,2026-04-08,Peaje de El Pino - P5,F400-00088314,-37.8,580.4
Consumo,LIMA EXPRESA,VE-35,2026-04-08,Peaje de Priale Entrada - P6,F400-00088314,-25.2,555.2
Consumo,LIMA EXPRESA,VE-07,2026-04-08,Peaje de Santa Anita - P4,F400-00088314,-18.9,536.3
Consumo,LIMA EXPRESA,VE-35,2026-04-09,Peaje de Priale Entrada - P6,F400-00088314,-25.2,511.1
Consumo,LIMA EXPRESA,VE-12,2026-04-09,Peaje de Priale Entrada - P6,F400-00088314,-25.2,485.9
Consumo,LIMA EXPRESA,VE-36,2026-04-09,Peaje de Priale Entrada - P6,F400-00088314,-25.2,460.7
Consumo,LIMA EXPRESA,VE-05,2026-04-09,Peaje de Monterrico Entrada - P1,F400-00088314,-37.8,422.9
Consumo,LIMA EXPRESA,VE-07,2026-04-09,Peaje de El Pino - P5,F400-00088314,-37.8,385.1
Consumo,LIMA EXPRESA,VE-05,2026-04-09,Peaje de Monterrico Salida - P2,F400-00088314,-37.8,347.3
Consumo,LIMA EXPRESA,VE-35,2026-04-09,Peaje de Monterrico Entrada - P1,F400-00088314,-25.2,322.1
Consumo,LIMA EXPRESA,VE-07,2026-04-09,Peaje de Santa Anita - P4,F400-00088314,-37.8,284.3
Recarga PEX,PEX,,2026-04-09,,TR006-001089919,2500.0,2784.3
Consumo,LIMA EXPRESA,VE-12,2026-04-09,Peaje de Monterrico Entrada - P1,F400-00088314,-25.2,2759.1
Consumo,LIMA EXPRESA,VE-35,2026-04-09,Peaje de Monterrico Salida - P2,F400-00088314,-25.2,2733.9
Consumo,LIMA EXPRESA,VE-25,2026-04-09,Peaje de Priale Salida - P7,F400-00088314,-25.2,2708.7
Consumo,LIMA EXPRESA,VE-12,2026-04-09,Peaje de Monterrico Salida - P2,F400-00088314,-25.2,2683.5
Consumo,LIMA EXPRESA,VE-05,2026-04-09,Peaje de Priale Salida - P7,F400-00088314,-37.8,2645.7
Consumo,LIMA EXPRESA,VE-36,2026-04-09,Peaje de Priale Entrada - P6,F400-00088314,-25.2,2620.5
Consumo,LIMA EXPRESA,VE-36,2026-04-09,Peaje de Priale Salida - P7,F400-00088314,-25.2,2595.3
Consumo,LIMA EXPRESA,VE-12,2026-04-09,Peaje de Monterrico Entrada - P1,F400-00088314,-25.2,2570.1
Consumo,LIMA EXPRESA,VE-35,2026-04-10,Peaje de Priale Entrada - P6,F400-00088314,-25.2,2544.9
Consumo,LIMA EXPRESA,VE-07,2026-04-10,Peaje de El Pino - P5,F400-00088314,-37.8,2507.1
Consumo,LIMA EXPRESA,VE-36,2026-04-10,Peaje de Priale Entrada - P6,F400-00088314,-25.2,2481.9
Consumo,LIMA EXPRESA,VE-07,2026-04-10,Peaje de Santa Anita - P4,F400-00088314,-37.8,2444.1
Consumo,LIMA EXPRESA,VE-12,2026-04-10,Peaje de Priale Entrada - P6,F400-00088314,-25.2,2418.9
Consumo,LIMA EXPRESA,VE-36,2026-04-10,Peaje de Priale Salida - P7,F400-00088314,-25.2,2393.7
Consumo,LIMA EXPRESA,VE-35,2026-04-10,Peaje de Monterrico Entrada - P1,F400-00088314,-25.2,2368.5
Consumo,LIMA EXPRESA,VE-12,2026-04-10,Peaje de Priale Entrada - P6,F400-00088314,-25.2,2343.3
Consumo,LIMA EXPRESA,VE-35,2026-04-10,Peaje de Monterrico Salida - P2,F400-00088314,-25.2,2318.1
Consumo,LIMA EXPRESA,VE-07,2026-04-10,Peaje de El Pino - P5,F400-00088314,-37.8,2280.3
Consumo,LIMA EXPRESA,VE-07,2026-04-10,Peaje de Santa Anita - P4,F400-00088314,-37.8,2242.5
Consumo,LIMA EXPRESA,VE-27,2026-04-10,Peaje de Monterrico Salida - P2,F400-00088314,-25.2,2217.3
Consumo,LIMA EXPRESA,VE-12,2026-04-10,Peaje de Monterrico Entrada - P1,F400-00088314,-25.2,2192.1
Consumo,LIMA EXPRESA,VE-35,2026-04-10,Peaje de Monterrico Entrada - P1,F400-00088314,-25.2,2166.9
Consumo,LIMA EXPRESA,VE-35,2026-04-10,Peaje de Monterrico Salida - P2,F400-00088314,-25.2,2141.7
Consumo,LIMA EXPRESA,VE-29,2026-04-10,Peaje Estadio – P10   ,F400-00088314,-25.2,2116.5
Consumo,LIMA EXPRESA,VE-29,2026-04-10,Peaje de Monterrico Entrada - P1,F400-00088314,-25.2,2091.3
Consumo,LIMA EXPRESA,VE-29,2026-04-10,Peaje de Monterrico Entrada - P1,F400-00088314,-25.2,2066.1
Consumo,LIMA EXPRESA,APF856,2026-04-11,Peaje de Monterrico Entrada - P1,F400-00088314,-6.3,2059.8
Consumo,LIMA EXPRESA,VE-29,2026-04-11,Peaje de Monterrico Salida - P2,F400-00088314,-25.2,2034.6
Consumo,LIMA EXPRESA,VE-36,2026-04-11,Peaje de Priale Entrada - P6,F400-00088314,-25.2,2009.4
Consumo,LIMA EXPRESA,VE-05,2026-04-11,Peaje de Priale Entrada - P6,F400-00088314,-37.8,1971.6
Consumo,LIMA EXPRESA,VE-36,2026-04-11,Peaje de Priale Salida - P7,F400-00088314,-25.2,1946.4
Consumo,LIMA EXPRESA,VE-12,2026-04-11,Peaje de Priale Entrada - P6,F400-00088314,-25.2,1921.2
Consumo,LIMA EXPRESA,VE-07,2026-04-11,Peaje de El Pino - P5,F400-00088314,-37.8,1883.4
Consumo,LIMA EXPRESA,VE-07,2026-04-11,Peaje de Santa Anita - P4,F400-00088314,-37.8,1845.6
Consumo,LIMA EXPRESA,VE-25,2026-04-11,Peaje de Priale Entrada - P6,F400-00088314,-25.2,1820.4
Consumo,LIMA EXPRESA,VE-35,2026-04-11,Peaje de Priale Entrada - P6,F400-00088314,-25.2,1795.2
Consumo,LIMA EXPRESA,VE-37,2026-04-11,Peaje de Monterrico Salida - P2,F400-00088314,-25.2,1770.0
Consumo,LIMA EXPRESA,VE-31,2026-04-11,Peaje de Monterrico Salida - P2,F400-00088314,-25.2,1744.8
Consumo,LIMA EXPRESA,VE-29,2026-04-11,Peaje Estadio – P10   ,F400-00088314,-25.2,1719.6
Consumo,LIMA EXPRESA,VE-29,2026-04-11,Peaje de Monterrico Entrada - P1,F400-00088314,-25.2,1694.4
Consumo,LIMA EXPRESA,VE-29,2026-04-11,Peaje de Monterrico Entrada - P1,F400-00088314,-25.2,1669.2
Consumo,LIMA EXPRESA,VE-29,2026-04-12,Peaje de Monterrico Salida - P2,F400-00088314,-25.2,1644.0
Consumo,LIMA EXPRESA,VE-29,2026-04-12,Peaje de Monterrico Entrada - P1,F400-00088314,-25.2,1618.8
Consumo,LIMA EXPRESA,VE-29,2026-04-12,Peaje de Monterrico Salida - P2,F400-00088314,-25.2,1593.6
Consumo,LIMA EXPRESA,VE-29,2026-04-12,Peaje de Monterrico Salida - P2,F400-00088314,-25.2,1568.4
Consumo,LIMA EXPRESA,VE-29,2026-04-13,Peaje de Monterrico Entrada - P1,F400-00088314,-25.2,1543.2
Consumo,LIMA EXPRESA,VE-05,2026-04-13,Peaje de Priale Salida - P7,F400-00088314,-18.9,1524.3
Consumo,LIMA EXPRESA,VE-29,2026-04-13,Peaje de Monterrico Salida - P2,F400-00088314,-25.2,1499.1
Consumo,LIMA EXPRESA,VE-37,2026-04-13,Peaje de Monterrico Entrada - P1,F400-00088314,-25.2,1473.9
Consumo,LIMA EXPRESA,VE-29,2026-04-13,Peaje de Monterrico Entrada - P1,F400-00088314,-25.2,1448.7
Consumo,LIMA EXPRESA,VE-31,2026-04-13,Peaje de Monterrico Entrada - P1,F400-00088314,-25.2,1423.5
Consumo,LIMA EXPRESA,VE-12,2026-04-13,Peaje de Priale Entrada - P6,F400-00088314,-25.2,1398.3
Consumo,LIMA EXPRESA,VE-29,2026-04-13,Peaje de Monterrico Salida - P2,F400-00088314,-25.2,1373.1
Consumo,LIMA EXPRESA,VE-07,2026-04-13,Peaje de El Pino - P5,F400-00088314,-37.8,1335.3
Consumo,LIMA EXPRESA,VE-07,2026-04-13,Peaje de Santa Anita - P4,F400-00088314,-37.8,1297.5
Consumo,LIMA EXPRESA,VE-29,2026-04-13,Peaje de Monterrico Entrada - P1,F400-00088314,-25.2,1272.3
Consumo,LIMA EXPRESA,VE-35,2026-04-13,Peaje de Priale Entrada - P6,F400-00088314,-25.2,1247.1
Consumo,LIMA EXPRESA,VE-29,2026-04-13,Peaje de Monterrico Salida - P2,F400-00088314,-25.2,1221.9
Consumo,LIMA EXPRESA,VE-29,2026-04-13,Peaje Estadio – P10   ,F400-00088314,-25.2,1196.7
Consumo,LIMA EXPRESA,VE-29,2026-04-13,Peaje de Monterrico Entrada - P1,F400-00088314,-25.2,1171.5
Consumo,LIMA EXPRESA,VE-29,2026-04-13,Peaje de Monterrico Salida - P2,F400-00088314,-25.2,1146.3
Consumo,LIMA EXPRESA,VE-07,2026-04-14,Peaje de El Pino - P5,F400-00088314,-37.8,1108.5
Consumo,LIMA EXPRESA,VE-07,2026-04-14,Peaje de Santa Anita - P4,F400-00088314,-37.8,1070.7
Consumo,LIMA EXPRESA,VE-36,2026-04-14,Peaje de Monterrico Entrada - P1,F400-00088314,-25.2,1045.5
Consumo,LIMA EXPRESA,VE-35,2026-04-14,Peaje de Priale Entrada - P6,F400-00088314,-25.2,1020.3
Consumo,LIMA EXPRESA,VE-17,2026-04-14,Peaje de Monterrico Entrada - P1,F400-00088314,-25.2,995.1
Consumo,LIMA EXPRESA,VE-12,2026-04-14,Peaje de Priale Entrada - P6,F400-00088314,-25.2,969.9
Consumo,LIMA EXPRESA,VE-36,2026-04-14,Peaje de Monterrico Salida - P2,F400-00088314,-25.2,944.7
Consumo,LIMA EXPRESA,APF856,2026-04-14,Peaje Estadio – P10   ,F400-00088314,-6.3,938.4
Consumo,LIMA EXPRESA,APF856,2026-04-14,Peaje de Santa Anita - P4,F400-00088314,-6.3,932.1
Consumo,LIMA EXPRESA,VE-12,2026-04-14,Peaje de Priale Entrada - P6,F400-00088314,-25.2,906.9
Consumo,LIMA EXPRESA,VE-07,2026-04-14,Peaje de El Pino - P5,F400-00088314,-37.8,869.1
Consumo,LIMA EXPRESA,APF856,2026-04-14,Peaje de Priale Entrada - P6,F400-00088314,-6.3,862.8
Consumo,LIMA EXPRESA,APF856,2026-04-14,Peaje Huánuco – P8   ,F400-00088314,-6.3,856.5
Consumo,LIMA EXPRESA,VE-07,2026-04-14,Peaje de Santa Anita - P4,F400-00088314,-37.8,818.7
Consumo,LIMA EXPRESA,VE-05,2026-04-14,Peaje de Priale Salida - P7,F400-00088314,-37.8,780.9
Consumo,LIMA EXPRESA,VE-36,2026-04-14,Peaje de Monterrico Entrada - P1,F400-00088314,-25.2,755.7
Consumo,LIMA EXPRESA,VE-05,2026-04-14,Peaje de Monterrico Entrada - P1,F400-00088314,-37.8,717.9
Consumo,LIMA EXPRESA,VE-35,2026-04-14,Peaje de Monterrico Entrada - P1,F400-00088314,-25.2,692.7
Consumo,LIMA EXPRESA,VE-12,2026-04-14,Peaje de Monterrico Entrada - P1,F400-00088314,-25.2,667.5
Consumo,LIMA EXPRESA,VE-05,2026-04-14,Peaje de Monterrico Salida - P2,F400-00088314,-37.8,629.7
Consumo,LIMA EXPRESA,VE-36,2026-04-14,Peaje de Monterrico Salida - P2,F400-00088314,-25.2,604.5
Consumo,LIMA EXPRESA,VE-35,2026-04-14,Peaje de Monterrico Salida - P2,F400-00088314,-25.2,579.3
Consumo,LIMA EXPRESA,ANQ212,2026-04-14,Peaje Estadio – P10   ,F400-00088314,-6.3,573.0
Consumo,LIMA EXPRESA,ANQ212,2026-04-14,Peaje de Monterrico Entrada - P1,F400-00088314,-6.3,566.7
Consumo,LIMA EXPRESA,VE-36,2026-04-15,Peaje de Priale Entrada - P6,F400-00088314,-25.2,541.5
Consumo,LIMA EXPRESA,VE-35,2026-04-15,Peaje de Priale Entrada - P6,F400-00088314,-25.2,516.3
Consumo,LIMA EXPRESA,VE-27,2026-04-15,Peaje de Monterrico Entrada - P1,F400-00088314,-25.2,491.1
Consumo,LIMA EXPRESA,VE-12,2026-04-15,Peaje de Priale Entrada - P6,F400-00088314,-25.2,465.9
Consumo,LIMA EXPRESA,APF856,2026-04-15,Peaje Estadio – P10   ,F400-00088314,-6.3,459.6
Consumo,LIMA EXPRESA,APF856,2026-04-15,Peaje de Santa Anita - P4,F400-00088314,-6.3,453.3
Consumo,LIMA EXPRESA,APF856,2026-04-15,Peaje Huánuco – P8   ,F400-00088314,-6.3,447.0
Consumo,LIMA EXPRESA,VE-36,2026-04-15,Peaje de Monterrico Entrada - P1,F400-00088314,-25.2,421.8
Consumo,LIMA EXPRESA,VE-12,2026-04-15,Peaje de Priale Entrada - P6,F400-00088314,-25.2,396.6
Consumo,LIMA EXPRESA,VE-36,2026-04-15,Peaje de Monterrico Salida - P2,F400-00088314,-25.2,371.4
Consumo,LIMA EXPRESA,VE-05,2026-04-15,Peaje de Monterrico Entrada - P1,F400-00088314,-18.9,352.5
Recarga PEX,PEX,,2026-04-15,,TR006-001093463,2500.0,2852.5
Consumo,LIMA EXPRESA,VE-35,2026-04-15,Peaje de Priale Entrada - P6,F400-00088314,-25.2,2827.3
Consumo,LIMA EXPRESA,VE-05,2026-04-15,Peaje de Monterrico Salida - P2,F400-00089224,-18.9,2808.4
Consumo,LIMA EXPRESA,VE-35,2026-04-15,Peaje de Priale Salida - P7,F400-00088314,-25.2,2783.2
Consumo,LIMA EXPRESA,VE-12,2026-04-15,Peaje de Monterrico Entrada - P1,F400-00090136,-25.2,2758.0
Consumo,LIMA EXPRESA,VE-07,2026-04-16,Peaje de El Pino - P5,F400-00089224,-18.9,2739.1
Consumo,LIMA EXPRESA,VE-36,2026-04-16,Peaje de Monterrico Entrada - P1,F400-00089224,-25.2,2713.9
Consumo,LIMA EXPRESA,VE-35,2026-04-16,Peaje de Priale Entrada - P6,F400-00089224,-25.2,2688.7
Consumo,LIMA EXPRESA,VE-07,2026-04-16,Peaje de Santa Anita - P4,F400-00089224,-31.5,2657.2
Consumo,LIMA EXPRESA,VE-24,2026-04-16,Peaje de El Pino - P5,F400-00089224,-25.2,2632.0
Consumo,LIMA EXPRESA,VE-19,2026-04-16,Peaje de El Pino - P5,F400-00089224,-25.2,2606.8
Consumo,LIMA EXPRESA,VE-16,2026-04-16,Peaje de El Pino - P5,F400-00089224,-25.2,2581.6
Consumo,LIMA EXPRESA,VE-24,2026-04-16,Peaje de Separadora Salida - P3,F400-00089224,-25.2,2556.4
Consumo,LIMA EXPRESA,VE-12,2026-04-16,Peaje de Priale Entrada - P6,F400-00089224,-25.2,2531.2
Consumo,LIMA EXPRESA,VE-19,2026-04-16,Peaje de Separadora Salida - P3,F400-00089224,-25.2,2506.0
Consumo,LIMA EXPRESA,VE-36,2026-04-16,Peaje de Monterrico Salida - P2,F400-00089224,-25.2,2480.8
Consumo,LIMA EXPRESA,VE-16,2026-04-16,Peaje de Separadora Salida - P3,F400-00089224,-25.2,2455.6
Consumo,LIMA EXPRESA,VE-06,2026-04-16,Peaje de Priale Salida - P7,F400-00089224,-37.8,2417.8
Consumo,LIMA EXPRESA,VE-05,2026-04-16,Peaje de Priale Salida - P7,F400-00089224,-37.8,2380.0
Consumo,LIMA EXPRESA,VE-24,2026-04-16,Peaje de El Pino - P5,F400-00089224,-25.2,2354.8
Consumo,LIMA EXPRESA,VE-19,2026-04-16,Peaje de El Pino - P5,F400-00089224,-25.2,2329.6
Consumo,LIMA EXPRESA,VE-35,2026-04-16,Peaje de Priale Entrada - P6,F400-00089224,-25.2,2304.4
Consumo,LIMA EXPRESA,CUC445,2026-04-16,Peaje Estadio – P10   ,F400-00089224,-6.3,2298.1
Consumo,LIMA EXPRESA,VE-24,2026-04-16,Peaje de Separadora Salida - P3,F400-00089224,-25.2,2272.9
Consumo,LIMA EXPRESA,CUC445,2026-04-16,Peaje de Priale Salida - P7,F400-00089224,-6.3,2266.6
Consumo,LIMA EXPRESA,VE-16,2026-04-16,Peaje de El Pino - P5,F400-00089224,-25.2,2241.4
Consumo,LIMA EXPRESA,VE-19,2026-04-16,Peaje de Separadora Salida - P3,F400-00089224,-25.2,2216.2
Consumo,LIMA EXPRESA,VE-12,2026-04-16,Peaje de Priale Entrada - P6,F400-00089224,-25.2,2191.0
Consumo,LIMA EXPRESA,VE-07,2026-04-16,Peaje de El Pino - P5,F400-00089224,-18.9,2172.1
Consumo,LIMA EXPRESA,VE-07,2026-04-16,Peaje de Santa Anita - P4,F400-00089224,-18.9,2153.2
Consumo,LIMA EXPRESA,VE-05,2026-04-16,Peaje de Priale Salida - P7,F400-00089224,-37.8,2115.4
Consumo,LIMA EXPRESA,VE-07,2026-04-16,Peaje Huánuco – P8   ,F400-00089224,-18.9,2096.5
Consumo,LIMA EXPRESA,VE-16,2026-04-16,Peaje de Separadora Salida - P3,F400-00089224,-25.2,2071.3
Consumo,LIMA EXPRESA,VE-24,2026-04-16,Peaje de El Pino - P5,F400-00089224,-25.2,2046.1
Consumo,LIMA EXPRESA,CUC445,2026-04-16,Peaje de Priale Entrada - P6,F400-00089224,-6.3,2039.8
Consumo,LIMA EXPRESA,CUC445,2026-04-16,Peaje Huánuco – P8   ,F400-00089224,-6.3,2033.5
Consumo,LIMA EXPRESA,VE-24,2026-04-16,Peaje de Separadora Salida - P3,F400-00089224,-25.2,2008.3
Consumo,LIMA EXPRESA,VE-19,2026-04-16,Peaje de El Pino - P5,F400-00089224,-25.2,1983.1
Consumo,LIMA EXPRESA,VE-19,2026-04-16,Peaje de Separadora Salida - P3,F400-00089224,-25.2,1957.9
Consumo,LIMA EXPRESA,VE-05,2026-04-16,Peaje de Monterrico Entrada - P1,F400-00089224,-18.9,1939.0
Consumo,LIMA EXPRESA,VE-12,2026-04-16,Peaje de Monterrico Entrada - P1,F400-00089224,-25.2,1913.8
Consumo,LIMA EXPRESA,VE-05,2026-04-16,Peaje de Monterrico Salida - P2,F400-00089224,-37.8,1876.0
Consumo,LIMA EXPRESA,VE-07,2026-04-17,Peaje de El Pino - P5,F400-00089224,-37.8,1838.2
Consumo,LIMA EXPRESA,VE-36,2026-04-17,Peaje de Priale Entrada - P6,F400-00089224,-25.2,1813.0
Consumo,LIMA EXPRESA,VE-07,2026-04-17,Peaje de Santa Anita - P4,F400-00089224,-37.8,1775.2
Consumo,LIMA EXPRESA,VE-35,2026-04-17,Peaje de Priale Entrada - P6,F400-00089224,-25.2,1750.0
Consumo,LIMA EXPRESA,VE-12,2026-04-17,Peaje de Priale Entrada - P6,F400-00089224,-25.2,1724.8
Consumo,LIMA EXPRESA,VE-19,2026-04-17,Peaje de Monterrico Entrada - P1,F400-00089224,-25.2,1699.6
Consumo,LIMA EXPRESA,VE-29,2026-04-17,Peaje de Monterrico Entrada - P1,F400-00089224,-25.2,1674.4
Consumo,LIMA EXPRESA,VE-19,2026-04-17,Peaje de Monterrico Salida - P2,F400-00089224,-25.2,1649.2
Consumo,LIMA EXPRESA,VE-29,2026-04-17,Peaje de Monterrico Salida - P2,F400-00089224,-25.2,1624.0
Consumo,LIMA EXPRESA,VE-12,2026-04-17,Peaje de Priale Entrada - P6,F400-00089224,-25.2,1598.8
Consumo,LIMA EXPRESA,VE-07,2026-04-17,Peaje de El Pino - P5,F400-00089224,-37.8,1561.0
Consumo,LIMA EXPRESA,VE-07,2026-04-17,Peaje de Santa Anita - P4,F400-00089224,-37.8,1523.2
Consumo,LIMA EXPRESA,VE-19,2026-04-17,Peaje de Monterrico Entrada - P1,F400-00089224,-25.2,1498.0
Consumo,LIMA EXPRESA,VE-05,2026-04-17,Peaje de Monterrico Entrada - P1,F400-00089224,-37.8,1460.2
Consumo,LIMA EXPRESA,VE-12,2026-04-17,Peaje de Priale Entrada - P6,F400-00089224,-25.2,1435.0
Consumo,LIMA EXPRESA,VE-05,2026-04-17,Peaje de Monterrico Salida - P2,F400-00089224,-37.8,1397.2
Consumo,LIMA EXPRESA,VE-19,2026-04-17,Peaje de Monterrico Salida - P2,F400-00089224,-25.2,1372.0
Consumo,LIMA EXPRESA,VE-29,2026-04-17,Peaje de Monterrico Salida - P2,F400-00089224,-25.2,1346.8
Consumo,LIMA EXPRESA,VE-19,2026-04-17,Peaje Estadio – P10   ,F400-00089224,-25.2,1321.6
Consumo,LIMA EXPRESA,VE-29,2026-04-17,Peaje de Monterrico Entrada - P1,F400-00089224,-25.2,1296.4
Consumo,LIMA EXPRESA,VE-19,2026-04-17,Peaje de Monterrico Entrada - P1,F400-00089224,-25.2,1271.2
Consumo,LIMA EXPRESA,VE-29,2026-04-17,Peaje de Monterrico Salida - P2,F400-00089224,-25.2,1246.0
Consumo,LIMA EXPRESA,VE-19,2026-04-18,Peaje de Monterrico Entrada - P1,F400-00089224,-25.2,1220.8
Consumo,LIMA EXPRESA,VE-19,2026-04-18,Peaje de Monterrico Salida - P2,F400-00089224,-25.2,1195.6
Consumo,LIMA EXPRESA,VE-07,2026-04-18,Peaje de El Pino - P5,F400-00089224,-37.8,1157.8
Consumo,LIMA EXPRESA,VE-35,2026-04-18,Peaje de Priale Entrada - P6,F400-00089224,-25.2,1132.6
Consumo,LIMA EXPRESA,APF856,2026-04-18,Peaje Estadio – P10   ,F400-00089224,-6.3,1126.3
Consumo,LIMA EXPRESA,APF856,2026-04-18,Peaje de Priale Salida - P7,F400-00089224,-6.3,1120.0
Consumo,LIMA EXPRESA,VE-07,2026-04-18,Peaje de Santa Anita - P4,F400-00089224,-37.8,1082.2
Consumo,LIMA EXPRESA,APF856,2026-04-18,Peaje de Priale Entrada - P6,F400-00089224,-6.3,1075.9
Consumo,LIMA EXPRESA,APF856,2026-04-18,Peaje Huánuco – P8   ,F400-00089224,-6.3,1069.6
Consumo,LIMA EXPRESA,VE-12,2026-04-18,Peaje de Priale Entrada - P6,F400-00089224,-25.2,1044.4
Consumo,LIMA EXPRESA,VE-06,2026-04-18,Peaje de Priale Entrada - P6,F400-00089224,-37.8,1006.6
Consumo,LIMA EXPRESA,VE-07,2026-04-18,Peaje de El Pino - P5,F400-00089224,-37.8,968.8
Consumo,LIMA EXPRESA,VE-12,2026-04-18,Peaje de Monterrico Entrada - P1,F400-00089224,-25.2,943.6
Consumo,LIMA EXPRESA,VE-07,2026-04-18,Peaje de Santa Anita - P4,F400-00089224,-37.8,905.8
Consumo,LIMA EXPRESA,VE-27,2026-04-18,Peaje de Monterrico Salida - P2,F400-00089224,-25.2,880.6
Consumo,LIMA EXPRESA,VE-07,2026-04-18,Peaje Huánuco – P8   ,F400-00089224,-44.1,836.5
Consumo,LIMA EXPRESA,VE-27,2026-04-18,Peaje Huánuco – P8   ,F400-00089224,-25.2,811.3
Consumo,LIMA EXPRESA,VE-37,2026-04-18,Peaje de Monterrico Salida - P2,F400-00089224,-25.2,786.1
Consumo,LIMA EXPRESA,VE-31,2026-04-18,Peaje de Monterrico Salida - P2,F400-00089224,-25.2,760.9
Consumo,LIMA EXPRESA,VE-33,2026-04-18,Peaje de Priale Salida - P7,F400-00089224,-25.2,735.7
Consumo,LIMA EXPRESA,VE-17,2026-04-18,Peaje Huánuco – P8   ,F400-00089224,-25.2,710.5
Consumo,LIMA EXPRESA,VE-05,2026-04-20,Peaje Estadio – P10   ,F400-00089224,-37.8,672.7
Consumo,LIMA EXPRESA,VE-27,2026-04-20,Peaje de Monterrico Entrada - P1,F400-00089224,-25.2,647.5
Consumo,LIMA EXPRESA,VE-05,2026-04-20,Peaje de Priale Salida - P7,F400-00089224,-37.8,609.7
Consumo,LIMA EXPRESA,VE-06,2026-04-20,Peaje de Priale Salida - P7,F400-00089224,-37.8,571.9
Consumo,LIMA EXPRESA,VE-29,2026-04-20,Peaje de Monterrico Entrada - P1,F400-00089224,-25.2,546.7
Consumo,LIMA EXPRESA,VE-37,2026-04-20,Peaje de Monterrico Entrada - P1,F400-00089224,-25.2,521.5
Consumo,LIMA EXPRESA,VE-17,2026-04-20,Peaje de Monterrico Entrada - P1,F400-00089224,-25.2,496.3
Consumo,LIMA EXPRESA,VE-35,2026-04-20,Peaje de Monterrico Entrada - P1,F400-00089224,-25.2,471.1
Consumo,LIMA EXPRESA,VE-12,2026-04-20,Peaje de Monterrico Entrada - P1,F400-00089224,-25.2,445.9
Consumo,LIMA EXPRESA,VE-05,2026-04-20,Peaje Huánuco – P8   ,F400-00089224,-18.9,427.0
Consumo,LIMA EXPRESA,VE-29,2026-04-20,Peaje de Monterrico Salida - P2,F400-00089224,-25.2,401.8
Consumo,LIMA EXPRESA,VE-07,2026-04-20,Peaje de El Pino - P5,F400-00089224,-37.8,364.0
Consumo,LIMA EXPRESA,VE-07,2026-04-20,Peaje de Santa Anita - P4,F400-00089224,-37.8,326.2
Consumo,LIMA EXPRESA,VE-35,2026-04-20,Peaje de Monterrico Salida - P2,F400-00089224,-25.2,301.0
Consumo,LIMA EXPRESA,VE-12,2026-04-20,Peaje de Monterrico Salida - P2,F400-00089224,-25.2,275.8
Consumo,LIMA EXPRESA,VE-06,2026-04-20,Peaje de Monterrico Entrada - P1,F400-00089224,-50.4,225.4
Consumo,LIMA EXPRESA,VE-35,2026-04-20,Peaje de Priale Entrada - P6,F400-00089224,-25.2,200.2
Consumo,LIMA EXPRESA,VE-06,2026-04-20,Peaje de Monterrico Salida - P2,F400-00089224,-18.9,181.3
Consumo,LIMA EXPRESA,VE-05,2026-04-20,Peaje de Monterrico Entrada - P1,F400-00089224,-37.8,143.5
Consumo,LIMA EXPRESA,VE-12,2026-04-20,Peaje de Priale Entrada - P6,F400-00089224,-25.2,118.3
Consumo,LIMA EXPRESA,VE-05,2026-04-20,Peaje de Monterrico Salida - P2,F400-00089224,-37.8,80.5
Consumo,LIMA EXPRESA,VE-31,2026-04-21,Peaje de Monterrico Entrada - P1,F400-00089224,-25.2,55.3
Consumo,LIMA EXPRESA,VE-07,2026-04-21,Peaje de El Pino - P5,F400-00089224,-37.8,17.5
Consumo,LIMA EXPRESA,VE-07,2026-04-21,Peaje de Santa Anita - P4,F400-00089224,-37.8,-20.3
Consumo,LIMA EXPRESA,VE-36,2026-04-21,Peaje de Priale Entrada - P6,F400-00089224,-25.2,-45.5
Consumo,LIMA EXPRESA,VE-35,2026-04-21,Peaje de Priale Entrada - P6,F400-00089224,-25.2,-70.7
Consumo,LIMA EXPRESA,VE-06,2026-04-21,Peaje de Priale Entrada - P6,F400-00089224,-37.8,-108.5
Consumo,LIMA EXPRESA,VE-33,2026-04-21,Peaje de Priale Entrada - P6,F400-00089224,-25.2,-133.7
Consumo,LIMA EXPRESA,VE-28,2026-04-21,Peaje de El Pino - P5,F400-00089224,-25.2,-158.9
Consumo,LIMA EXPRESA,VE-19,2026-04-21,Peaje de El Pino - P5,F400-00089224,-25.2,-184.1
Consumo,LIMA EXPRESA,VE-28,2026-04-21,Peaje de Separadora Salida - P3,F400-00089224,-25.2,-209.3
Consumo,LIMA EXPRESA,VE-12,2026-04-21,Peaje de Priale Entrada - P6,F400-00089224,-25.2,-234.5
Consumo,LIMA EXPRESA,VE-06,2026-04-21,Peaje de Priale Salida - P7,F400-00089224,-37.8,-272.3
Consumo,LIMA EXPRESA,VE-19,2026-04-21,Peaje de Separadora Salida - P3,F400-00089224,-25.2,-297.5
Recarga PEX,PEX,,2026-04-21,,TR006-001096682,2500.0,2202.5
Consumo,LIMA EXPRESA,VE-06,2026-04-21,Peaje de Priale Entrada - P6,F400-00089224,-37.8,2164.7
Consumo,LIMA EXPRESA,VE-28,2026-04-21,Peaje de Separadora Salida - P3,F400-00089224,-25.2,2139.5
Consumo,LIMA EXPRESA,VE-19,2026-04-21,Peaje de El Pino - P5,F400-00089224,-25.2,2114.3
Consumo,LIMA EXPRESA,VE-19,2026-04-21,Peaje de Separadora Salida - P3,F400-00089224,-25.2,2089.1
Consumo,LIMA EXPRESA,VE-07,2026-04-21,Peaje de El Pino - P5,F400-00089224,-37.8,2051.3
Consumo,LIMA EXPRESA,VE-05,2026-04-21,Peaje de Monterrico Entrada - P1,F400-00089224,-37.8,2013.5
Consumo,LIMA EXPRESA,VE-07,2026-04-21,Peaje de Santa Anita - P4,F400-00089224,-37.8,1975.7
Consumo,LIMA EXPRESA,VE-06,2026-04-21,Peaje de Priale Salida - P7,F400-00089224,-37.8,1937.9
Consumo,LIMA EXPRESA,VE-05,2026-04-21,Peaje de Monterrico Salida - P2,F400-00089224,-18.9,1919.0
Consumo,LIMA EXPRESA,VE-35,2026-04-21,Peaje de Monterrico Salida - P2,F400-00089224,-25.2,1893.8
Consumo,LIMA EXPRESA,VE-33,2026-04-21,Peaje de Monterrico Salida - P2,F400-00089224,-25.2,1868.6
Consumo,LIMA EXPRESA,VE-36,2026-04-21,Peaje de Priale Entrada - P6,F400-00089224,-25.2,1843.4
Consumo,LIMA EXPRESA,VE-36,2026-04-21,Peaje Huánuco – P8   ,F400-00089224,-25.2,1818.2
Consumo,LIMA EXPRESA,VE-06,2026-04-21,Peaje de Priale Entrada - P6,F400-00089224,-37.8,1780.4
Consumo,LIMA EXPRESA,VE-36,2026-04-21,Peaje Estadio – P10   ,F400-00089224,-25.2,1755.2
Consumo,LIMA EXPRESA,VE-12,2026-04-21,Peaje de Monterrico Entrada - P1,F400-00090136,-25.2,1730.0
Consumo,LIMA EXPRESA,VE-05,2026-04-21,Peaje de Monterrico Salida - P2,F400-00089224,-37.8,1692.2
Consumo,LIMA EXPRESA,VE-19,2026-04-22,Peaje de Monterrico Salida - P2,F400-00089224,-25.2,1667.0
Consumo,LIMA EXPRESA,VE-19,2026-04-22,Peaje de Monterrico Entrada - P1,F400-00089224,-25.2,1641.8
Consumo,LIMA EXPRESA,VE-29,2026-04-22,Peaje de Monterrico Entrada - P1,F400-00089224,-25.2,1616.6
Consumo,LIMA EXPRESA,VE-19,2026-04-22,Peaje de Monterrico Salida - P2,F400-00089224,-25.2,1591.4
Consumo,LIMA EXPRESA,VE-35,2026-04-22,Peaje de Priale Entrada - P6,F400-00089224,-25.2,1566.2
Consumo,LIMA EXPRESA,VE-33,2026-04-22,Peaje de Priale Entrada - P6,F400-00089224,-25.2,1541.0
Consumo,LIMA EXPRESA,VE-19,2026-04-22,Peaje de Monterrico Entrada - P1,F400-00090136,-18.9,1522.1
Consumo,LIMA EXPRESA,VE-33,2026-04-22,Peaje de Priale Salida - P7,F400-00089224,-25.2,1496.9
Consumo,LIMA EXPRESA,VE-12,2026-04-22,Peaje de Priale Entrada - P6,F400-00089224,-25.2,1471.7
Consumo,LIMA EXPRESA,VE-05,2026-04-22,Peaje de Monterrico Entrada - P1,F400-00089224,-37.8,1433.9
Consumo,LIMA EXPRESA,VE-33,2026-04-22,Peaje de Monterrico Entrada - P1,F400-00089224,-25.2,1408.7
Consumo,LIMA EXPRESA,VE-19,2026-04-22,Peaje de Monterrico Salida - P2,F400-00089224,-25.2,1383.5
Consumo,LIMA EXPRESA,VE-07,2026-04-22,Peaje de El Pino - P5,F400-00089224,-37.8,1345.7
Consumo,LIMA EXPRESA,VE-05,2026-04-22,Peaje de Monterrico Salida - P2,F400-00089224,-37.8,1307.9
Consumo,LIMA EXPRESA,VE-07,2026-04-22,Peaje de Santa Anita - P4,F400-00089224,-37.8,1270.1
Consumo,LIMA EXPRESA,VE-33,2026-04-22,Peaje de Monterrico Salida - P2,F400-00089224,-25.2,1244.9
Consumo,LIMA EXPRESA,VE-07,2026-04-22,Peaje Huánuco – P8   ,F400-00089224,-37.8,1207.1
Consumo,LIMA EXPRESA,VE-06,2026-04-22,Peaje de El Pino - P5,F400-00089224,-18.9,1188.2
Consumo,LIMA EXPRESA,VE-35,2026-04-22,Peaje de Monterrico Entrada - P1,F400-00090136,-25.2,1163.0
Consumo,LIMA EXPRESA,VE-06,2026-04-22,Peaje de Separadora Salida - P3,F400-00089224,-18.9,1144.1
Consumo,LIMA EXPRESA,VE-12,2026-04-22,Peaje de Monterrico Entrada - P1,F400-00090136,-25.2,1118.9
Consumo,LIMA EXPRESA,VE-05,2026-04-22,Peaje de Monterrico Entrada - P1,F400-00090136,-37.8,1081.1
Consumo,LIMA EXPRESA,VE-35,2026-04-22,Peaje de Monterrico Salida - P2,F400-00089224,-25.2,1055.9
Consumo,LIMA EXPRESA,VE-05,2026-04-22,Peaje de Monterrico Salida - P2,F400-00090136,-37.8,1018.1
Consumo,LIMA EXPRESA,VE-07,2026-04-22,Peaje de El Pino - P5,F400-00089224,-37.8,980.3
Consumo,LIMA EXPRESA,VE-07,2026-04-22,Peaje de Santa Anita - P4,F400-00089224,-37.8,942.5
Consumo,LIMA EXPRESA,VE-29,2026-04-22,Peaje de Monterrico Entrada - P1,F400-00090136,-25.2,917.3
Consumo,LIMA EXPRESA,VE-29,2026-04-22,Peaje de Monterrico Salida - P2,F400-00089224,-25.2,892.1
Consumo,LIMA EXPRESA,VE-19,2026-04-22,Peaje de Monterrico Entrada - P1,F400-00090136,-25.2,866.9
Consumo,LIMA EXPRESA,VE-36,2026-04-23,Peaje de Priale Entrada - P6,F400-00090136,-25.2,841.7
Consumo,LIMA EXPRESA,VE-35,2026-04-23,Peaje de Priale Entrada - P6,F400-00090136,-25.2,816.5
Consumo,LIMA EXPRESA,VE-33,2026-04-23,Peaje de Priale Entrada - P6,F400-00090136,-25.2,791.3
Consumo,LIMA EXPRESA,VE-36,2026-04-23,Peaje de Priale Salida - P7,F400-00090136,-25.2,766.1
Consumo,LIMA EXPRESA,VE-35,2026-04-23,Peaje de Priale Salida - P7,F400-00090136,-25.2,740.9
Consumo,LIMA EXPRESA,VE-33,2026-04-23,Peaje de Priale Salida - P7,F400-00090136,-25.2,715.7
Consumo,LIMA EXPRESA,VE-12,2026-04-23,Peaje de Priale Entrada - P6,F400-00090136,-25.2,690.5
Consumo,LIMA EXPRESA,VE-12,2026-04-23,Peaje de Priale Salida - P7,F400-00090136,-25.2,665.3
Consumo,LIMA EXPRESA,VE-33,2026-04-23,Peaje de Monterrico Entrada - P1,F400-00090136,-25.2,640.1
Consumo,LIMA EXPRESA,VE-35,2026-04-23,Peaje de Monterrico Entrada - P1,F400-00090136,-25.2,614.9
Consumo,LIMA EXPRESA,VE-05,2026-04-23,Peaje de Priale Salida - P7,F400-00090136,-37.8,577.1
Consumo,LIMA EXPRESA,VE-07,2026-04-23,Peaje de El Pino - P5,F400-00090136,-37.8,539.3
Consumo,LIMA EXPRESA,VE-07,2026-04-23,Peaje de Santa Anita - P4,F400-00090136,-37.8,501.5
Consumo,LIMA EXPRESA,VE-33,2026-04-23,Peaje de Monterrico Salida - P2,F400-00090136,-25.2,476.3
Consumo,LIMA EXPRESA,VE-07,2026-04-23,Peaje Huánuco – P8   ,F400-00090136,-18.9,457.4
Consumo,LIMA EXPRESA,VE-35,2026-04-23,Peaje de Monterrico Salida - P2,F400-00090136,-25.2,432.2
Consumo,LIMA EXPRESA,VE-12,2026-04-23,Peaje de Priale Entrada - P6,F400-00090136,-25.2,407.0
Consumo,LIMA EXPRESA,VE-06,2026-04-23,Peaje de El Pino - P5,F400-00090136,-37.8,369.2
Consumo,LIMA EXPRESA,VE-06,2026-04-23,Peaje de Separadora Salida - P3,F400-00090136,-18.9,350.3
Consumo,LIMA EXPRESA,VE-10,2026-04-23,Peaje de El Pino - P5,F400-00090136,-18.9,331.4
Consumo,LIMA EXPRESA,VE-10,2026-04-23,Peaje de Separadora Salida - P3,F400-00090136,-18.9,312.5
Consumo,LIMA EXPRESA,VE-35,2026-04-23,Peaje de Priale Entrada - P6,F400-00090136,-25.2,287.3
Recarga PEX,PEX,,2026-04-23,,TR006-001098232,2500.0,2787.3
Consumo,LIMA EXPRESA,VE-12,2026-04-23,Peaje de Priale Entrada - P6,F400-00090136,-25.2,2762.1
Consumo,LIMA EXPRESA,VE-07,2026-04-23,Peaje de El Pino - P5,F400-00090136,-37.8,2724.3
Consumo,LIMA EXPRESA,VE-07,2026-04-23,Peaje de Santa Anita - P4,F400-00090136,-18.9,2705.4
Consumo,LIMA EXPRESA,VE-28,2026-04-24,Peaje de El Pino - P5,F400-00090136,-25.2,2680.2
Consumo,LIMA EXPRESA,VE-33,2026-04-24,Peaje de Priale Entrada - P6,F400-00090136,-25.2,2655.0
Consumo,LIMA EXPRESA,VE-36,2026-04-24,Peaje de Priale Entrada - P6,F400-00090136,-25.2,2629.8
Consumo,LIMA EXPRESA,VE-33,2026-04-24,Peaje de Priale Salida - P7,F400-00090136,-25.2,2604.6
Consumo,LIMA EXPRESA,VE-28,2026-04-24,Peaje de Separadora Salida - P3,F400-00090136,-25.2,2579.4
Consumo,LIMA EXPRESA,VE-33,2026-04-24,Peaje de Monterrico Entrada - P1,F400-00090136,-25.2,2554.2
Consumo,LIMA EXPRESA,VE-12,2026-04-24,Peaje de Priale Entrada - P6,F400-00090136,-25.2,2529.0
Consumo,LIMA EXPRESA,APF856,2026-04-24,Peaje Estadio – P10   ,F400-00090136,-6.3,2522.7
Consumo,LIMA EXPRESA,VE-10,2026-04-24,Peaje de El Pino - P5,F400-00090136,-37.8,2484.9
Consumo,LIMA EXPRESA,VE-33,2026-04-24,Peaje de Monterrico Salida - P2,F400-00090136,-25.2,2459.7
Consumo,LIMA EXPRESA,VE-06,2026-04-24,Peaje de El Pino - P5,F400-00090136,-18.9,2440.8
Consumo,LIMA EXPRESA,VE-10,2026-04-24,Peaje de Separadora Salida - P3,F400-00090136,-18.9,2421.9
Consumo,LIMA EXPRESA,VE-07,2026-04-24,Peaje de El Pino - P5,F400-00090136,-18.9,2403.0
Consumo,LIMA EXPRESA,VE-06,2026-04-24,Peaje de Separadora Salida - P3,F400-00090136,-18.9,2384.1
Consumo,LIMA EXPRESA,APF856,2026-04-24,Peaje Huánuco – P8   ,F400-00090136,-6.3,2377.8
Consumo,LIMA EXPRESA,VE-07,2026-04-24,Peaje de Santa Anita - P4,F400-00090136,-18.9,2358.9
Consumo,LIMA EXPRESA,VE-35,2026-04-24,Peaje de Priale Entrada - P6,F400-00090136,-25.2,2333.7
Consumo,LIMA EXPRESA,VE-05,2026-04-24,Peaje de Monterrico Salida - P2,F400-00090136,-37.8,2295.9
Consumo,LIMA EXPRESA,VE-33,2026-04-24,Peaje de Monterrico Entrada - P1,F400-00090136,-25.2,2270.7
Consumo,LIMA EXPRESA,VE-33,2026-04-24,Peaje de Monterrico Salida - P2,F400-00090136,-25.2,2245.5
Consumo,LIMA EXPRESA,VE-36,2026-04-25,Peaje de Priale Entrada - P6,F400-00090136,-25.2,2220.3
Consumo,LIMA EXPRESA,VE-33,2026-04-25,Peaje de Priale Entrada - P6,F400-00090136,-25.2,2195.1
Consumo,LIMA EXPRESA,VE-35,2026-04-25,Peaje de Priale Entrada - P6,F400-00090136,-25.2,2169.9
Consumo,LIMA EXPRESA,VE-28,2026-04-25,Peaje de El Pino - P5,F400-00090136,-25.2,2144.7
Consumo,LIMA EXPRESA,VE-36,2026-04-25,Peaje de Priale Salida - P7,F400-00090136,-25.2,2119.5
Consumo,LIMA EXPRESA,VE-33,2026-04-25,Peaje de Priale Salida - P7,F400-00090136,-25.2,2094.3
Consumo,LIMA EXPRESA,VE-19,2026-04-25,Peaje de El Pino - P5,F400-00090136,-25.2,2069.1
Consumo,LIMA EXPRESA,VE-05,2026-04-25,Peaje de Priale Salida - P7,F400-00090136,-37.8,2031.3
Consumo,LIMA EXPRESA,VE-12,2026-04-25,Peaje de Priale Entrada - P6,F400-00090136,-25.2,2006.1
Consumo,LIMA EXPRESA,VE-07,2026-04-25,Peaje de El Pino - P5,F400-00090136,-37.8,1968.3
Consumo,LIMA EXPRESA,VE-07,2026-04-25,Peaje de Santa Anita - P4,F400-00090136,-37.8,1930.5
Consumo,LIMA EXPRESA,VE-12,2026-04-25,Peaje de Priale Salida - P7,F400-00090136,-25.2,1905.3
Consumo,LIMA EXPRESA,APF856,2026-04-25,Peaje Estadio – P10   ,F400-00090136,-6.3,1899.0
Consumo,LIMA EXPRESA,VE-36,2026-04-25,Peaje de Priale Entrada - P6,F400-00090136,-25.2,1873.8
Consumo,LIMA EXPRESA,VE-28,2026-04-25,Peaje de Separadora Salida - P3,F400-00090136,-25.2,1848.6
Consumo,LIMA EXPRESA,APF856,2026-04-25,Peaje Huánuco – P8   ,F400-00090136,-6.3,1842.3
Consumo,LIMA EXPRESA,VE-36,2026-04-25,Peaje de Priale Salida - P7,F400-00090136,-25.2,1817.1
Consumo,LIMA EXPRESA,VE-19,2026-04-25,Peaje de Separadora Salida - P3,F400-00090136,-25.2,1791.9
Consumo,LIMA EXPRESA,VE-35,2026-04-25,Peaje de Priale Salida - P7,F400-00090136,-25.2,1766.7
Consumo,LIMA EXPRESA,VE-06,2026-04-25,Peaje de El Pino - P5,F400-00090136,-37.8,1728.9
Consumo,LIMA EXPRESA,VE-12,2026-04-25,Peaje de Priale Entrada - P6,F400-00090136,-25.2,1703.7
Consumo,LIMA EXPRESA,VE-06,2026-04-25,Peaje de Separadora Salida - P3,F400-00090136,-18.9,1684.8
Consumo,LIMA EXPRESA,VE-07,2026-04-25,Peaje de El Pino - P5,F400-00090136,-18.9,1665.9
Consumo,LIMA EXPRESA,VE-07,2026-04-25,Peaje de Santa Anita - P4,F400-00090136,-18.9,1647.0
Consumo,LIMA EXPRESA,VE-05,2026-04-25,Peaje de Priale Entrada - P6,F400-00090136,-37.8,1609.2
Consumo,LIMA EXPRESA,VE-12,2026-04-25,Peaje de Priale Entrada - P6,F400-00090136,-25.2,1584.0
Consumo,LIMA EXPRESA,VE-27,2026-04-25,Peaje Huánuco – P8   ,F400-00090136,-25.2,1558.8
Consumo,LIMA EXPRESA,VE-05,2026-04-27,Peaje de Priale Salida - P7,F400-00090136,-37.8,1521.0
Consumo,LIMA EXPRESA,VE-31,2026-04-27,Peaje de Monterrico Entrada - P1,F400-00090136,-25.2,1495.8
Consumo,LIMA EXPRESA,VE-27,2026-04-27,Peaje de Monterrico Entrada - P1,F400-00090136,-25.2,1470.6
Consumo,LIMA EXPRESA,ANQ212,2026-04-27,Peaje Estadio – P10   ,F400-00090136,-6.3,1464.3
Consumo,LIMA EXPRESA,VE-07,2026-04-27,Peaje de El Pino - P5,F400-00090136,-18.9,1445.4
Consumo,LIMA EXPRESA,VE-07,2026-04-27,Peaje de Santa Anita - P4,F400-00090136,-37.8,1407.6
Consumo,LIMA EXPRESA,VE-35,2026-04-27,Peaje de Priale Entrada - P6,F400-00090136,-25.2,1382.4
Consumo,LIMA EXPRESA,VE-07,2026-04-28,Peaje de El Pino - P5,F400-00090136,-37.8,1344.6
Consumo,LIMA EXPRESA,VE-36,2026-04-28,Peaje de Monterrico Entrada - P1,F400-00090136,-25.2,1319.4
Consumo,LIMA EXPRESA,VE-07,2026-04-28,Peaje de Santa Anita - P4,F400-00090136,-18.9,1300.5
Consumo,LIMA EXPRESA,VE-35,2026-04-28,Peaje de Monterrico Entrada - P1,F400-00090136,-25.2,1275.3
Consumo,LIMA EXPRESA,VE-06,2026-04-28,Peaje de El Pino - P5,F400-00090136,-37.8,1237.5
Consumo,LIMA EXPRESA,VE-12,2026-04-28,Peaje de Priale Entrada - P6,F400-00090136,-25.2,1212.3
Consumo,LIMA EXPRESA,VE-06,2026-04-28,Peaje de Separadora Salida - P3,F400-00090136,-18.9,1193.4
Consumo,LIMA EXPRESA,VE-36,2026-04-28,Peaje de Monterrico Salida - P2,F400-00090136,-25.2,1168.2
Consumo,LIMA EXPRESA,VE-35,2026-04-28,Peaje de Monterrico Salida - P2,F400-00090136,-25.2,1143.0
Consumo,LIMA EXPRESA,VE-05,2026-04-28,Peaje de Priale Salida - P7,F400-00090136,-31.5,1111.5
Consumo,LIMA EXPRESA,VE-36,2026-04-28,Peaje de Monterrico Entrada - P1,F400-00090136,-25.2,1086.3
Consumo,LIMA EXPRESA,VE-33,2026-04-28,Peaje de Monterrico Entrada - P1,F400-00090136,-25.2,1061.1
Consumo,LIMA EXPRESA,VE-35,2026-04-28,Peaje de Monterrico Entrada - P1,F400-00090136,-25.2,1035.9
Consumo,LIMA EXPRESA,VE-07,2026-04-28,Peaje de El Pino - P5,F400-00090136,-44.1,991.8
Consumo,LIMA EXPRESA,VE-07,2026-04-28,Peaje de Santa Anita - P4,F400-00090136,-18.9,972.9
Consumo,LIMA EXPRESA,VE-07,2026-04-28,Peaje Huánuco – P8   ,F400-00090136,-18.9,954.0
Consumo,LIMA EXPRESA,VE-12,2026-04-28,Peaje de Monterrico Entrada - P1,F400-00090136,-25.2,928.8
Consumo,LIMA EXPRESA,VE-33,2026-04-28,Peaje de Monterrico Salida - P2,F400-00090136,-25.2,903.6
Consumo,LIMA EXPRESA,VE-35,2026-04-28,Peaje de Monterrico Salida - P2,F400-00090136,-25.2,878.4
Consumo,LIMA EXPRESA,APF856,2026-04-28,Peaje Estadio – P10   ,F400-00090136,-6.3,872.1
Consumo,LIMA EXPRESA,APF856,2026-04-28,Peaje de Monterrico Entrada - P1,F400-00090136,-6.3,865.8
Consumo,LIMA EXPRESA,VE-36,2026-04-28,Peaje de Monterrico Salida - P2,F400-00090136,-25.2,840.6
Recarga PEX,PEX,,2026-04-28,,TR006-001101146,2500.0,3340.6
Consumo,LIMA EXPRESA,VE-37,2026-04-28,Peaje de Monterrico Salida - P2,F400-00090136,-25.2,3315.4
Consumo,LIMA EXPRESA,APF856,2026-04-28,Peaje de Monterrico Salida - P2,F400-00090136,-6.3,3309.1
Consumo,LIMA EXPRESA,APF856,2026-04-28,Peaje Huánuco – P8   ,F400-00090136,-6.3,3302.8
Consumo,LIMA EXPRESA,VE-29,2026-04-28,Peaje de Monterrico Entrada - P1,F400-00090136,-25.2,3277.6
Consumo,LIMA EXPRESA,VE-19,2026-04-29,Peaje de Monterrico Salida - P2,F400-00090136,-25.2,3252.4
Consumo,LIMA EXPRESA,VE-29,2026-04-29,Peaje de Monterrico Salida - P2,F400-00090136,-25.2,3227.2
Consumo,LIMA EXPRESA,VE-35,2026-04-29,Peaje de Priale Entrada - P6,F400-00090136,-25.2,3202.0
Consumo,LIMA EXPRESA,VE-33,2026-04-29,Peaje de Priale Entrada - P6,F400-00090136,-25.2,3176.8
Consumo,LIMA EXPRESA,VE-36,2026-04-29,Peaje de Priale Entrada - P6,F400-00090136,-25.2,3151.6
Consumo,LIMA EXPRESA,VE-35,2026-04-29,Peaje de Priale Salida - P7,F400-00090136,-25.2,3126.4
Consumo,LIMA EXPRESA,VE-36,2026-04-29,Peaje de Priale Salida - P7,F400-00090136,-25.2,3101.2
Consumo,LIMA EXPRESA,VE-05,2026-04-29,Peaje de Priale Salida - P7,F400-00090136,-37.8,3063.4
Consumo,LIMA EXPRESA,VE-33,2026-04-29,Peaje de Priale Salida - P7,F400-00090136,-25.2,3038.2
Consumo,LIMA EXPRESA,VE-12,2026-04-29,Peaje de Priale Entrada - P6,F400-00090136,-25.2,3013.0
Consumo,LIMA EXPRESA,VE-12,2026-04-29,Peaje de Priale Salida - P7,F400-00090136,-25.2,2987.8
Consumo,LIMA EXPRESA,VE-36,2026-04-29,Peaje de Monterrico Entrada - P1,F400-00090136,-25.2,2962.6
Consumo,LIMA EXPRESA,VE-35,2026-04-29,Peaje de Monterrico Entrada - P1,F400-00090136,-25.2,2937.4
Consumo,LIMA EXPRESA,VE-07,2026-04-29,Peaje de El Pino - P5,F400-00090136,-37.8,2899.6
Consumo,LIMA EXPRESA,VE-10,2026-04-29,Peaje de El Pino - P5,F400-00090136,-18.9,2880.7
Consumo,LIMA EXPRESA,VE-07,2026-04-29,Peaje de Santa Anita - P4,F400-00090136,-37.8,2842.9
Consumo,LIMA EXPRESA,VE-09,2026-04-29,Peaje de El Pino - P5,F400-00090136,-18.9,2824.0
Consumo,LIMA EXPRESA,VE-36,2026-04-29,Peaje de Monterrico Salida - P2,F400-00090136,-25.2,2798.8
Consumo,LIMA EXPRESA,VE-05,2026-04-29,Peaje de Priale Salida - P7,F400-00090136,-37.8,2761.0
Consumo,LIMA EXPRESA,VE-10,2026-04-29,Peaje de Separadora Salida - P3,F400-00090136,-18.9,2742.1
Consumo,LIMA EXPRESA,VE-29,2026-04-29,Peaje de Monterrico Entrada - P1,F400-00090136,-25.2,2716.9
Consumo,LIMA EXPRESA,VE-07,2026-04-29,Peaje Huánuco – P8   ,F400-00090136,-18.9,2698.0
Consumo,LIMA EXPRESA,VE-09,2026-04-29,Peaje de Separadora Salida - P3,F400-00090136,-37.8,2660.2
Consumo,LIMA EXPRESA,VE-12,2026-04-29,Peaje de Monterrico Entrada - P1,F400-00090136,-25.2,2635.0
Consumo,LIMA EXPRESA,VE-35,2026-04-29,Peaje de Monterrico Salida - P2,F400-00090136,-25.2,2609.8
Consumo,LIMA EXPRESA,VE-29,2026-04-29,Peaje de Monterrico Salida - P2,F400-00090136,-25.2,2584.6
Consumo,LIMA EXPRESA,VE-33,2026-04-29,Peaje de Monterrico Salida - P2,F400-00090136,-25.2,2559.4
Consumo,LIMA EXPRESA,VE-12,2026-04-29,Peaje de Monterrico Salida - P2,F400-00090136,-25.2,2534.2
Consumo,LIMA EXPRESA,VE-05,2026-04-29,Peaje de Monterrico Entrada - P1,F400-00090136,-37.8,2496.4
Consumo,LIMA EXPRESA,VE-19,2026-04-29,Peaje Estadio – P10   ,F400-00090136,-25.2,2471.2
Consumo,LIMA EXPRESA,VE-19,2026-04-29,Peaje de Monterrico Entrada - P1,F400-00090136,-25.2,2446.0
Consumo,LIMA EXPRESA,VE-05,2026-04-29,Peaje de Monterrico Salida - P2,F400-00090136,-37.8,2408.2
Consumo,LIMA EXPRESA,VE-33,2026-04-29,Peaje de Monterrico Entrada - P1,F400-00090136,-25.2,2383.0
Consumo,LIMA EXPRESA,VE-36,2026-04-29,Peaje de Monterrico Salida - P2,F400-00090136,-25.2,2357.8
Consumo,LIMA EXPRESA,VE-35,2026-04-29,Peaje de Monterrico Entrada - P1,F400-00090136,-25.2,2332.6
Consumo,LIMA EXPRESA,VE-29,2026-04-29,Peaje Estadio – P10   ,F400-00090136,-25.2,2307.4
Consumo,LIMA EXPRESA,VE-12,2026-04-29,Peaje de Monterrico Entrada - P1,F400-00090136,-25.2,2282.2
Consumo,LIMA EXPRESA,VE-33,2026-04-29,Peaje de Monterrico Salida - P2,F400-00090136,-25.2,2257.0
Consumo,LIMA EXPRESA,VE-19,2026-04-29,Peaje de Monterrico Salida - P2,F400-00090136,-25.2,2231.8
Consumo,LIMA EXPRESA,VE-35,2026-04-29,Peaje de Monterrico Salida - P2,F400-00090136,-25.2,2206.6
Consumo,LIMA EXPRESA,VE-29,2026-04-29,Peaje de Monterrico Salida - P2,F400-00090136,-25.2,2181.4
Consumo,LIMA EXPRESA,VE-35,2026-04-30,Peaje de Priale Entrada - P6,F400-00090136,-25.2,2156.2
Consumo,LIMA EXPRESA,VE-33,2026-04-30,Peaje de Monterrico Entrada - P1,F400-00090136,-25.2,2131.0
Consumo,LIMA EXPRESA,VE-36,2026-04-30,Peaje de Monterrico Entrada - P1,F400-00090136,-25.2,2105.8
Consumo,LIMA EXPRESA,VE-35,2026-04-30,Peaje de Priale Salida - P7,F400-00090136,-25.2,2080.6
Consumo,LIMA EXPRESA,VE-36,2026-04-30,Peaje de Monterrico Salida - P2,F400-00090136,-25.2,2055.4
Consumo,LIMA EXPRESA,VE-35,2026-04-30,Peaje de Monterrico Entrada - P1,F400-00090136,-25.2,2030.2
Consumo,LIMA EXPRESA,VE-33,2026-04-30,Peaje de Monterrico Salida - P2,F400-00090136,-25.2,2005.0
Consumo,LIMA EXPRESA,VE-12,2026-04-30,Peaje de Priale Entrada - P6,F400-00090136,-25.2,1979.8
Consumo,LIMA EXPRESA,VE-07,2026-04-30,Peaje de El Pino - P5,F400-00090136,-37.8,1942.0
Consumo,LIMA EXPRESA,VE-35,2026-04-30,Peaje de Monterrico Salida - P2,F400-00090136,-25.2,1916.8
Consumo,LIMA EXPRESA,VE-10,2026-04-30,Peaje de El Pino - P5,F400-00090136,-37.8,1879.0
Consumo,LIMA EXPRESA,VE-27,2026-04-30,Peaje de Monterrico Salida - P2,F400-00090136,-25.2,1853.8
Consumo,LIMA EXPRESA,VE-27,2026-04-30,Peaje Huánuco – P8   ,F400-00090136,-25.2,1828.6
Consumo,LIMA EXPRESA,VE-07,2026-04-30,Peaje de Santa Anita - P4,F400-00090136,-37.8,1790.8
Consumo,LIMA EXPRESA,VE-10,2026-04-30,Peaje de Separadora Salida - P3,F400-00090136,-18.9,1771.9
Consumo,LIMA EXPRESA,VE-07,2026-04-30,Peaje Huánuco – P8   ,F400-00090136,-18.9,1753.0
Consumo,LIMA EXPRESA,VE-06,2026-04-30,Peaje de El Pino - P5,F400-00090136,-37.8,1715.2
Consumo,LIMA EXPRESA,VE-06,2026-04-30,Peaje de Separadora Salida - P3,F400-00090136,-18.9,1696.3
Consumo,LIMA EXPRESA,VE-37,2026-04-30,Peaje de Monterrico Salida - P2,F400-00090136,-25.2,1671.1
Consumo,LIMA EXPRESA,VE-31,2026-04-30,Peaje de Monterrico Salida - P2,F400-00090136,-25.2,1645.9
Consumo,LIMA EXPRESA,VE-37,2026-04-30,Peaje Huánuco – P8   ,F400-00090136,-25.2,1620.7
Consumo,LIMA EXPRESA,VE-12,2026-04-30,Peaje de Priale Salida - P7,F400-00090136,-25.2,1595.5
Consumo,LIMA EXPRESA,VE-35,2026-05-02,Peaje de Priale Entrada - P6,F400-00091071,-25.2,1570.3
Consumo,LIMA EXPRESA,VE-09,2026-05-02,Peaje de El Pino - P5,F400-00091071,-18.9,1551.4
Consumo,LIMA EXPRESA,VE-10,2026-05-02,Peaje de El Pino - P5,F400-00091071,-37.8,1513.6
Consumo,LIMA EXPRESA,VE-09,2026-05-02,Peaje de Separadora Salida - P3,F400-00091071,-37.8,1475.8
Consumo,LIMA EXPRESA,VE-10,2026-05-02,Peaje de Separadora Salida - P3,F400-00091071,-18.9,1456.9
Consumo,LIMA EXPRESA,VE-07,2026-05-02,Peaje de El Pino - P5,F400-00091071,-37.8,1419.1
Consumo,LIMA EXPRESA,VE-07,2026-05-02,Peaje de Santa Anita - P4,F400-00091071,-18.9,1400.2
Consumo,LIMA EXPRESA,VE-06,2026-05-02,Peaje de El Pino - P5,F400-00091071,-18.9,1381.3
Consumo,LIMA EXPRESA,VE-06,2026-05-02,Peaje de Separadora Salida - P3,F400-00091071,-18.9,1362.4
Consumo,LIMA EXPRESA,VE-35,2026-05-02,Peaje Estadio – P10   ,F400-00091071,-25.2,1337.2
Consumo,LIMA EXPRESA,VE-35,2026-05-02,Peaje de Priale Salida - P7,F400-00091071,-25.2,1312.0
Consumo,LIMA EXPRESA,VE-33,2026-05-02,Peaje de Priale Entrada - P6,F400-00091071,-25.2,1286.8
Consumo,LIMA EXPRESA,VE-29,2026-05-02,Peaje de Monterrico Entrada - P1,F400-00091071,-25.2,1261.6
Consumo,LIMA EXPRESA,VE-33,2026-05-02,Peaje de Priale Salida - P7,F400-00091071,-25.2,1236.4
Consumo,LIMA EXPRESA,VE-29,2026-05-02,Peaje de Monterrico Salida - P2,F400-00091071,-25.2,1211.2
Consumo,LIMA EXPRESA,VE-33,2026-05-02,Peaje de Priale Entrada - P6,F400-00091071,-25.2,1186.0
Consumo,LIMA EXPRESA,VE-33,2026-05-02,Peaje de Priale Salida - P7,F400-00091071,-25.2,1160.8
Consumo,LIMA EXPRESA,VE-29,2026-05-02,Peaje de Monterrico Entrada - P1,F400-00091071,-25.2,1135.6
Consumo,LIMA EXPRESA,VE-29,2026-05-02,Peaje de Monterrico Salida - P2,F400-00091071,-25.2,1110.4
Consumo,LIMA EXPRESA,VE-37,2026-05-04,Peaje de Monterrico Entrada - P1,F400-00091071,-25.2,1085.2
Consumo,LIMA EXPRESA,VE-36,2026-05-04,Peaje de Priale Entrada - P6,F400-00091071,-25.2,1060.0
Consumo,LIMA EXPRESA,VE-35,2026-05-04,Peaje de Priale Entrada - P6,F400-00091071,-25.2,1034.8
Consumo,LIMA EXPRESA,VE-33,2026-05-04,Peaje de Priale Entrada - P6,F400-00091071,-25.2,1009.6
Consumo,LIMA EXPRESA,VE-36,2026-05-04,Peaje de Priale Salida - P7,F400-00091071,-25.2,984.4
Consumo,LIMA EXPRESA,VE-31,2026-05-04,Peaje de Monterrico Entrada - P1,F400-00091071,-25.2,959.2
Consumo,LIMA EXPRESA,VE-35,2026-05-04,Peaje de Priale Salida - P7,F400-00091071,-25.2,934.0
Consumo,LIMA EXPRESA,VE-27,2026-05-04,Peaje de Monterrico Entrada - P1,F400-00091071,-25.2,908.8
Consumo,LIMA EXPRESA,VE-12,2026-05-04,Peaje de Monterrico Entrada - P1,F400-00091071,-25.2,883.6
Consumo,LIMA EXPRESA,VE-36,2026-05-04,Peaje de Priale Entrada - P6,F400-00091071,-25.2,858.4
Consumo,LIMA EXPRESA,VE-35,2026-05-04,Peaje de Monterrico Entrada - P1,F400-00091071,-25.2,833.2
Consumo,LIMA EXPRESA,VE-36,2026-05-04,Peaje de Priale Salida - P7,F400-00091071,-25.2,808.0
Consumo,LIMA EXPRESA,VE-33,2026-05-04,Peaje de Priale Salida - P7,F400-00091071,-25.2,782.8
Consumo,LIMA EXPRESA,VE-12,2026-05-04,Peaje de Monterrico Salida - P2,F400-00091071,-25.2,757.6
Consumo,LIMA EXPRESA,VE-07,2026-05-04,Peaje de El Pino - P5,F400-00091071,-37.8,719.8
Consumo,LIMA EXPRESA,VE-10,2026-05-04,Peaje de El Pino - P5,F400-00091071,-37.8,682.0
Consumo,LIMA EXPRESA,VE-35,2026-05-04,Peaje de Monterrico Salida - P2,F400-00091071,-25.2,656.8
Consumo,LIMA EXPRESA,VE-09,2026-05-04,Peaje de El Pino - P5,F400-00091071,-37.8,619.0
Consumo,LIMA EXPRESA,VE-07,2026-05-04,Peaje de Santa Anita - P4,F400-00091071,-37.8,581.2
Consumo,LIMA EXPRESA,VE-10,2026-05-04,Peaje de Separadora Salida - P3,F400-00091071,-18.9,562.3
Consumo,LIMA EXPRESA,VE-06,2026-05-04,Peaje de El Pino - P5,F400-00091071,-37.8,524.5
Consumo,LIMA EXPRESA,VE-09,2026-05-04,Peaje de Separadora Salida - P3,F400-00091071,-18.9,505.6
Consumo,LIMA EXPRESA,VE-06,2026-05-04,Peaje de Separadora Salida - P3,F400-00091071,-18.9,486.7
Consumo,LIMA EXPRESA,VE-12,2026-05-04,Peaje de Priale Entrada - P6,F400-00091071,-25.2,461.5
Consumo,LIMA EXPRESA,VE-35,2026-05-04,Peaje de Priale Entrada - P6,F400-00091071,-25.2,436.3
Consumo,LIMA EXPRESA,VE-16,2026-05-04,Peaje de Monterrico Entrada - P1,F400-00091071,-25.2,411.1
Consumo,LIMA EXPRESA,VE-07,2026-05-04,Peaje de El Pino - P5,F400-00091071,-37.8,373.3
Consumo,LIMA EXPRESA,VE-07,2026-05-04,Peaje de Santa Anita - P4,F400-00091071,-37.8,335.5
Consumo,LIMA EXPRESA,VE-12,2026-05-04,Peaje de Priale Entrada - P6,F400-00091071,-25.2,310.3
Consumo,LIMA EXPRESA,VE-16,2026-05-04,Peaje de Monterrico Salida - P2,F400-00091071,-25.2,285.1
Consumo,LIMA EXPRESA,VE-19,2026-05-04,Peaje de Monterrico Entrada - P1,F400-00091071,-25.2,259.9
Consumo,LIMA EXPRESA,VE-29,2026-05-04,Peaje de Monterrico Entrada - P1,F400-00091071,-25.2,234.7
Consumo,LIMA EXPRESA,VE-29,2026-05-05,Peaje de Monterrico Salida - P2,F400-00091071,-25.2,209.5
Consumo,LIMA EXPRESA,VE-05,2026-05-05,Peaje de Priale Salida - P7,F400-00091071,-37.8,171.7
Consumo,LIMA EXPRESA,VE-35,2026-05-05,Peaje de Priale Entrada - P6,F400-00091071,-25.2,146.5
Consumo,LIMA EXPRESA,VE-33,2026-05-05,Peaje de Priale Entrada - P6,F400-00091071,-25.2,121.3
Consumo,LIMA EXPRESA,VE-36,2026-05-05,Peaje de Priale Entrada - P6,F400-00091071,-25.2,96.1
Consumo,LIMA EXPRESA,VE-36,2026-05-05,Peaje de Priale Salida - P7,F400-00091071,-25.2,70.9
Consumo,LIMA EXPRESA,VE-36,2026-05-05,Peaje de Priale Entrada - P6,F400-00091071,-25.2,45.7
Consumo,LIMA EXPRESA,VE-36,2026-05-05,Peaje de Priale Salida - P7,F400-00091071,-25.2,20.5
Consumo,LIMA EXPRESA,APF856,2026-05-05,Peaje Estadio – P10   ,F400-00091071,-6.3,14.2
Consumo,LIMA EXPRESA,VE-12,2026-05-05,Peaje de Monterrico Entrada - P1,F400-00091071,-25.2,-11.0
Consumo,LIMA EXPRESA,APF856,2026-05-05,Peaje de Monterrico Entrada - P1,F400-00091071,-6.3,-17.3
Consumo,LIMA EXPRESA,APF856,2026-05-05,Peaje de Monterrico Salida - P2,F400-00091071,-6.3,-23.6
Consumo,LIMA EXPRESA,VE-36,2026-05-05,Peaje de Monterrico Entrada - P1,F400-00091071,-25.2,-48.8
Recarga PEX,PEX,,2026-05-05,,TR006-001104704,2500.0,2451.2
Consumo,LIMA EXPRESA,VE-12,2026-05-05,Peaje de Monterrico Salida - P2,F400-00091071,-25.2,2426.0
Consumo,LIMA EXPRESA,VE-35,2026-05-05,Peaje de Monterrico Entrada - P1,F400-00091071,-25.2,2400.8
Consumo,LIMA EXPRESA,VE-33,2026-05-05,Peaje de Monterrico Entrada - P1,F400-00091071,-25.2,2375.6
Consumo,LIMA EXPRESA,VE-07,2026-05-05,Peaje de El Pino - P5,F400-00091071,-37.8,2337.8
Consumo,LIMA EXPRESA,VE-07,2026-05-05,Peaje de Santa Anita - P4,F400-00091071,-37.8,2300.0
Consumo,LIMA EXPRESA,VE-05,2026-05-05,Peaje de Priale Salida - P7,F400-00091071,-37.8,2262.2
Consumo,LIMA EXPRESA,VE-36,2026-05-05,Peaje de Monterrico Salida - P2,F400-00091071,-25.2,2237.0
Consumo,LIMA EXPRESA,VE-35,2026-05-05,Peaje de Monterrico Salida - P2,F400-00091071,-25.2,2211.8
Consumo,LIMA EXPRESA,VE-33,2026-05-05,Peaje de Monterrico Salida - P2,F400-00091071,-25.2,2186.6
Consumo,LIMA EXPRESA,VE-33,2026-05-05,Peaje de Priale Salida - P7,F400-00091071,-25.2,2161.4
Consumo,LIMA EXPRESA,ANQ212,2026-05-05,Peaje Estadio – P10   ,F400-00091071,-6.3,2155.1
Consumo,LIMA EXPRESA,ANQ212,2026-05-05,Peaje de Monterrico Entrada - P1,F400-00091071,-6.3,2148.8
Consumo,LIMA EXPRESA,VE-36,2026-05-06,Peaje de Priale Entrada - P6,F400-00091071,-25.2,2123.6
Consumo,LIMA EXPRESA,VE-35,2026-05-06,Peaje de Priale Entrada - P6,F400-00091071,-25.2,2098.4
Consumo,LIMA EXPRESA,VE-33,2026-05-06,Peaje de Priale Entrada - P6,F400-00091071,-25.2,2073.2
Consumo,LIMA EXPRESA,VE-36,2026-05-06,Peaje de Priale Salida - P7,F400-00091071,-25.2,2048.0
Consumo,LIMA EXPRESA,VE-07,2026-05-06,Peaje de El Pino - P5,F400-00091071,-37.8,2010.2
Consumo,LIMA EXPRESA,VE-07,2026-05-06,Peaje de Santa Anita - P4,F400-00091071,-37.8,1972.4
Consumo,LIMA EXPRESA,VE-12,2026-05-06,Peaje de Priale Entrada - P6,F400-00091071,-25.2,1947.2
Consumo,LIMA EXPRESA,VE-12,2026-05-06,Peaje de Priale Salida - P7,F400-00091071,-25.2,1922.0
Consumo,LIMA EXPRESA,VE-35,2026-05-06,Peaje de Priale Salida - P7,F400-00091071,-25.2,1896.8
Consumo,LIMA EXPRESA,VE-33,2026-05-06,Peaje de Priale Salida - P7,F400-00091071,-25.2,1871.6
Consumo,LIMA EXPRESA,VE-10,2026-05-06,Peaje de El Pino - P5,F400-00091071,-37.8,1833.8
Consumo,LIMA EXPRESA,VE-36,2026-05-06,Peaje de Monterrico Salida - P2,F400-00091071,-25.2,1808.6
Consumo,LIMA EXPRESA,VE-35,2026-05-06,Peaje de Monterrico Entrada - P1,F400-00091071,-25.2,1783.4
Consumo,LIMA EXPRESA,VE-09,2026-05-06,Peaje de El Pino - P5,F400-00091071,-18.9,1764.5
Consumo,LIMA EXPRESA,VE-10,2026-05-06,Peaje de Separadora Salida - P3,F400-00091071,-18.9,1745.6
Consumo,LIMA EXPRESA,VE-09,2026-05-06,Peaje de Monterrico Entrada - P1,F400-00091071,-37.8,1707.8
Consumo,LIMA EXPRESA,VE-35,2026-05-06,Peaje de Monterrico Salida - P2,F400-00091071,-25.2,1682.6
Consumo,LIMA EXPRESA,VE-09,2026-05-06,Peaje de Monterrico Salida - P2,F400-00091071,-31.5,1651.1
Consumo,LIMA EXPRESA,VE-29,2026-05-06,Peaje de Monterrico Entrada - P1,F400-00091071,-25.2,1625.9
Consumo,LIMA EXPRESA,VE-19,2026-05-06,Peaje de Monterrico Entrada - P1,F400-00091071,-25.2,1600.7
Consumo,LIMA EXPRESA,VE-29,2026-05-07,Peaje de Monterrico Salida - P2,F400-00091071,-25.2,1575.5
Consumo,LIMA EXPRESA,VE-19,2026-05-07,Peaje de Monterrico Salida - P2,F400-00091071,-25.2,1550.3
Consumo,LIMA EXPRESA,VE-05,2026-05-07,Peaje de Priale Salida - P7,F400-00091071,-18.9,1531.4
Consumo,LIMA EXPRESA,VE-35,2026-05-07,Peaje de Priale Entrada - P6,F400-00091071,-25.2,1506.2
Consumo,LIMA EXPRESA,VE-33,2026-05-07,Peaje de Priale Entrada - P6,F400-00091071,-25.2,1481.0
Consumo,LIMA EXPRESA,VE-12,2026-05-07,Peaje de Priale Entrada - P6,F400-00091071,-25.2,1455.8
Consumo,LIMA EXPRESA,VE-05,2026-05-07,Peaje de Priale Salida - P7,F400-00091071,-37.8,1418.0
Consumo,LIMA EXPRESA,VE-35,2026-05-07,Peaje de Priale Entrada - P6,F400-00091071,-25.2,1392.8
Consumo,LIMA EXPRESA,VE-33,2026-05-07,Peaje de Priale Entrada - P6,F400-00091071,-25.2,1367.6
Consumo,LIMA EXPRESA,VE-35,2026-05-07,Peaje de Priale Salida - P7,F400-00091071,-25.2,1342.4
Consumo,LIMA EXPRESA,VE-12,2026-05-07,Peaje de Priale Entrada - P6,F400-00091071,-25.2,1317.2
Consumo,LIMA EXPRESA,VE-33,2026-05-07,Peaje de Priale Salida - P7,F400-00091071,-25.2,1292.0
Consumo,LIMA EXPRESA,VE-05,2026-05-07,Peaje de Monterrico Entrada - P1,F400-00091983,-37.8,1254.2
Consumo,LIMA EXPRESA,VE-35,2026-05-07,Peaje de Monterrico Entrada - P1,F400-00091071,-25.2,1229.0
Consumo,LIMA EXPRESA,VE-05,2026-05-07,Peaje de Monterrico Salida - P2,F400-00091983,-37.8,1191.2
Consumo,LIMA EXPRESA,VE-33,2026-05-07,Peaje de Monterrico Entrada - P1,F400-00091071,-25.2,1166.0
Consumo,LIMA EXPRESA,VE-35,2026-05-07,Peaje de Monterrico Salida - P2,F400-00091071,-25.2,1140.8
Consumo,LIMA EXPRESA,VE-33,2026-05-07,Peaje de Monterrico Salida - P2,F400-00091071,-25.2,1115.6
Consumo,LIMA EXPRESA,VE-12,2026-05-07,Peaje de El Pino - P5,F400-00091071,-25.2,1090.4
Consumo,LIMA EXPRESA,VE-35,2026-05-08,Peaje de Priale Entrada - P6,F400-00091983,-25.2,1065.2
Consumo,LIMA EXPRESA,VE-33,2026-05-08,Peaje de Priale Entrada - P6,F400-00091983,-25.2,1040.0
Consumo,LIMA EXPRESA,VE-12,2026-05-08,Peaje de Monterrico Salida - P2,F400-00091983,-25.2,1014.8
Consumo,LIMA EXPRESA,VE-35,2026-05-08,Peaje de Priale Entrada - P6,F400-00091983,-25.2,989.6
Consumo,LIMA EXPRESA,VE-33,2026-05-08,Peaje de Priale Entrada - P6,F400-00091983,-25.2,964.4
Consumo,LIMA EXPRESA,VE-12,2026-05-08,Peaje de Priale Entrada - P6,F400-00091983,-25.2,939.2
Consumo,LIMA EXPRESA,VE-19,2026-05-09,Peaje Huánuco – P8   ,F400-00091983,-25.2,914.0
Consumo,LIMA EXPRESA,VE-36,2026-05-09,Peaje de Priale Entrada - P6,F400-00091983,-25.2,888.8
Consumo,LIMA EXPRESA,VE-12,2026-05-09,Peaje de Santa Anita - P4,F400-00091983,-25.2,863.6
Consumo,LIMA EXPRESA,VE-35,2026-05-09,Peaje de Priale Entrada - P6,F400-00091983,-25.2,838.4
Consumo,LIMA EXPRESA,VE-36,2026-05-09,Peaje de Priale Salida - P7,F400-00091983,-25.2,813.2
Consumo,LIMA EXPRESA,VE-33,2026-05-09,Peaje de Priale Entrada - P6,F400-00091983,-25.2,788.0
Consumo,LIMA EXPRESA,VE-36,2026-05-09,Peaje de Monterrico Entrada - P1,F400-00091983,-25.2,762.8
Consumo,LIMA EXPRESA,VE-12,2026-05-09,Peaje de Priale Entrada - P6,F400-00091983,-25.2,737.6
Consumo,LIMA EXPRESA,VE-35,2026-05-09,Peaje de Priale Salida - P7,F400-00091983,-25.2,712.4
Consumo,LIMA EXPRESA,VE-36,2026-05-09,Peaje de Monterrico Salida - P2,F400-00091983,-25.2,687.2
Consumo,LIMA EXPRESA,VE-33,2026-05-09,Peaje de Monterrico Entrada - P1,F400-00091983,-25.2,662.0
Consumo,LIMA EXPRESA,VE-35,2026-05-09,Peaje de Monterrico Entrada - P1,F400-00091983,-25.2,636.8
Consumo,LIMA EXPRESA,VE-27,2026-05-09,Peaje de Monterrico Salida - P2,F400-00091983,-25.2,611.6
Consumo,LIMA EXPRESA,VE-27,2026-05-09,Peaje Huánuco – P8   ,F400-00091983,-25.2,586.4
Consumo,LIMA EXPRESA,ANQ212,2026-05-09,Peaje de Monterrico Salida - P2,F400-00091983,-6.3,580.1
Consumo,LIMA EXPRESA,VE-12,2026-05-09,Peaje de Monterrico Entrada - P1,F400-00091983,-25.2,554.9
Consumo,LIMA EXPRESA,VE-36,2026-05-09,Peaje de Priale Entrada - P6,F400-00091983,-25.2,529.7
Consumo,LIMA EXPRESA,VE-12,2026-05-09,Peaje de Monterrico Salida - P2,F400-00091983,-25.2,504.5
Consumo,LIMA EXPRESA,VE-35,2026-05-09,Peaje de Monterrico Salida - P2,F400-00091983,-25.2,479.3
Consumo,LIMA EXPRESA,VE-33,2026-05-09,Peaje de Monterrico Salida - P2,F400-00091983,-25.2,454.1
Consumo,LIMA EXPRESA,VE-31,2026-05-09,Peaje de Monterrico Salida - P2,F400-00091983,-25.2,428.9
Consumo,LIMA EXPRESA,VE-36,2026-05-09,Peaje de Priale Salida - P7,F400-00091983,-25.2,403.7
Consumo,LIMA EXPRESA,VE-05,2026-05-11,Peaje Estadio – P10   ,F400-00091983,-37.8,365.9
Consumo,LIMA EXPRESA,VE-05,2026-05-11,Peaje de Priale Salida - P7,F400-00091983,-37.8,328.1
Consumo,LIMA EXPRESA,VE-27,2026-05-11,Peaje de Monterrico Entrada - P1,F400-00091983,-25.2,302.9
Consumo,LIMA EXPRESA,VE-31,2026-05-11,Peaje de Monterrico Entrada - P1,F400-00091983,-25.2,277.7
Consumo,LIMA EXPRESA,ANQ212,2026-05-11,Peaje Estadio – P10   ,F400-00091983,-6.3,271.4
Recarga PEX,PEX,,2026-05-11,,TR006-001108331,1500.0,1771.4
Consumo,LIMA EXPRESA,VE-10,2026-05-11,Peaje de El Pino - P5,F400-00091983,-18.9,1752.5
Consumo,LIMA EXPRESA,VE-10,2026-05-11,Peaje de Separadora Salida - P3,F400-00091983,-18.9,1733.6
Consumo,LIMA EXPRESA,VE-09,2026-05-11,Peaje de El Pino - P5,F400-00091983,-31.5,1702.1
Consumo,LIMA EXPRESA,VE-09,2026-05-11,Peaje de Separadora Salida - P3,F400-00091983,-18.9,1683.2
Consumo,LIMA EXPRESA,VE-35,2026-05-11,Peaje de Priale Entrada - P6,F400-00091983,-25.2,1658.0
Consumo,LIMA EXPRESA,VE-07,2026-05-11,Peaje de El Pino - P5,F400-00091983,-37.8,1620.2
Consumo,LIMA EXPRESA,VE-09,2026-05-11,Peaje de El Pino - P5,F400-00091983,-18.9,1601.3
Consumo,LIMA EXPRESA,VE-09,2026-05-11,Peaje de Separadora Salida - P3,F400-00091983,-37.8,1563.5
Consumo,LIMA EXPRESA,VE-07,2026-05-11,Peaje de Santa Anita - P4,F400-00091983,-37.8,1525.7
Consumo,LIMA EXPRESA,VE-07,2026-05-11,Peaje Huánuco – P8   ,F400-00091983,-18.9,1506.8
Consumo,LIMA EXPRESA,APF856,2026-05-11,Peaje Estadio – P10   ,F400-00091983,-6.3,1500.5
Consumo,LIMA EXPRESA,APF856,2026-05-11,Peaje Huánuco – P8   ,F400-00091983,-6.3,1494.2
Consumo,LIMA EXPRESA,VE-36,2026-05-12,Peaje de Priale Entrada - P6,F400-00091983,-25.2,1469.0
Consumo,LIMA EXPRESA,VE-33,2026-05-12,Peaje de Priale Entrada - P6,F400-00091983,-25.2,1443.8
Consumo,LIMA EXPRESA,VE-35,2026-05-12,Peaje de Priale Entrada - P6,F400-00091983,-25.2,1418.6
Consumo,LIMA EXPRESA,VE-08,2026-05-12,Peaje de Monterrico Entrada - P1,F400-00091983,-18.9,1399.7
Consumo,LIMA EXPRESA,APF856,2026-05-12,Peaje Estadio – P10   ,F400-00091983,-6.3,1393.4
Consumo,LIMA EXPRESA,VE-08,2026-05-12,Peaje de Santa Anita - P4,F400-00091983,-31.5,1361.9
Consumo,LIMA EXPRESA,APF856,2026-05-12,Peaje de Priale Salida - P7,F400-00091983,-6.3,1355.6
Consumo,LIMA EXPRESA,APF856,2026-05-12,Peaje de Priale Entrada - P6,F400-00091983,-6.3,1349.3
Consumo,LIMA EXPRESA,APF856,2026-05-12,Peaje Huánuco – P8   ,F400-00091983,-6.3,1343.0
Consumo,LIMA EXPRESA,VE-35,2026-05-12,Peaje de Monterrico Entrada - P1,F400-00091983,-25.2,1317.8
Consumo,LIMA EXPRESA,VE-33,2026-05-12,Peaje de Monterrico Entrada - P1,F400-00091983,-25.2,1292.6
Consumo,LIMA EXPRESA,VE-09,2026-05-12,Peaje de El Pino - P5,F400-00091983,-18.9,1273.7
Consumo,LIMA EXPRESA,VE-10,2026-05-12,Peaje de El Pino - P5,F400-00091983,-18.9,1254.8
Consumo,LIMA EXPRESA,VE-35,2026-05-12,Peaje de Monterrico Salida - P2,F400-00091983,-25.2,1229.6
Consumo,LIMA EXPRESA,VE-09,2026-05-12,Peaje de Separadora Salida - P3,F400-00091983,-37.8,1191.8
Consumo,LIMA EXPRESA,VE-10,2026-05-12,Peaje de Separadora Salida - P3,F400-00091983,-18.9,1172.9
Consumo,LIMA EXPRESA,VE-08,2026-05-12,Peaje de El Pino - P5,F400-00091983,-18.9,1154.0
Consumo,LIMA EXPRESA,VE-33,2026-05-12,Peaje de Monterrico Salida - P2,F400-00091983,-25.2,1128.8
Consumo,LIMA EXPRESA,VE-08,2026-05-12,Peaje de Santa Anita - P4,F400-00091983,-37.8,1091.0
Consumo,LIMA EXPRESA,VE-19,2026-05-13,Peaje de Monterrico Entrada - P1,F400-00091983,-25.2,1065.8
Consumo,LIMA EXPRESA,VE-19,2026-05-13,Peaje de Monterrico Salida - P2,F400-00091983,-25.2,1040.6
Consumo,LIMA EXPRESA,VE-07,2026-05-13,Peaje de El Pino - P5,F400-00091983,-37.8,1002.8
Consumo,LIMA EXPRESA,VE-12,2026-05-13,Peaje de Santa Anita - P4,F400-00091983,-25.2,977.6
Consumo,LIMA EXPRESA,VE-36,2026-05-13,Peaje de Priale Entrada - P6,F400-00091983,-25.2,952.4
Consumo,LIMA EXPRESA,VE-35,2026-05-13,Peaje de Priale Entrada - P6,F400-00091983,-25.2,927.2
Consumo,LIMA EXPRESA,VE-33,2026-05-13,Peaje de Priale Entrada - P6,F400-00091983,-25.2,902.0
Consumo,LIMA EXPRESA,VE-07,2026-05-13,Peaje de Santa Anita - P4,F400-00091983,-37.8,864.2
Consumo,LIMA EXPRESA,VE-12,2026-05-13,Peaje de Priale Entrada - P6,F400-00091983,-25.2,839.0
Consumo,LIMA EXPRESA,VE-36,2026-05-13,Peaje de Monterrico Entrada - P1,F400-00091983,-25.2,813.8
Consumo,LIMA EXPRESA,VE-12,2026-05-13,Peaje de Priale Entrada - P6,F400-00091983,-25.2,788.6
Consumo,LIMA EXPRESA,VE-36,2026-05-13,Peaje de Monterrico Salida - P2,F400-00091983,-25.2,763.4
Consumo,LIMA EXPRESA,VE-35,2026-05-13,Peaje de Priale Entrada - P6,F400-00091983,-25.2,738.2
Consumo,LIMA EXPRESA,VE-12,2026-05-13,Peaje de Monterrico Entrada - P1,F400-00091983,-25.2,713.0
Consumo,LIMA EXPRESA,VE-29,2026-05-13,Peaje Estadio – P10   ,F400-00091983,-25.2,687.8
Consumo,LIMA EXPRESA,VE-29,2026-05-13,Peaje de Monterrico Entrada - P1,F400-00091983,-25.2,662.6
Consumo,LIMA EXPRESA,VE-19,2026-05-13,Peaje Estadio – P10   ,F400-00091983,-25.2,637.4
Consumo,LIMA EXPRESA,VE-19,2026-05-13,Peaje de Monterrico Entrada - P1,F400-00091983,-25.2,612.2
Consumo,LIMA EXPRESA,VE-29,2026-05-14,Peaje de Monterrico Salida - P2,F400-00091983,-25.2,587.0
Consumo,LIMA EXPRESA,VE-36,2026-05-14,Peaje de Priale Entrada - P6,F400-00091983,-25.2,561.8
Consumo,LIMA EXPRESA,VE-35,2026-05-14,Peaje de Priale Entrada - P6,F400-00091983,-25.2,536.6
Consumo,LIMA EXPRESA,VE-33,2026-05-14,Peaje de Priale Entrada - P6,F400-00091983,-25.2,511.4
Consumo,LIMA EXPRESA,VE-12,2026-05-14,Peaje de Priale Entrada - P6,F400-00091983,-25.2,486.2
Consumo,LIMA EXPRESA,VE-07,2026-05-14,Peaje de El Pino - P5,F400-00091983,-37.8,448.4
Consumo,LIMA EXPRESA,VE-10,2026-05-14,Peaje de El Pino - P5,F400-00091983,-37.8,410.6
Consumo,LIMA EXPRESA,VE-09,2026-05-14,Peaje de El Pino - P5,F400-00091983,-18.9,391.7
Consumo,LIMA EXPRESA,VE-07,2026-05-14,Peaje de Santa Anita - P4,F400-00091983,-31.5,360.2
Consumo,LIMA EXPRESA,VE-36,2026-05-14,Peaje de Monterrico Entrada - P1,F400-00091983,-25.2,335.0
Consumo,LIMA EXPRESA,VE-10,2026-05-14,Peaje de Separadora Salida - P3,F400-00091983,-18.9,316.1
Consumo,LIMA EXPRESA,VE-07,2026-05-14,Peaje Huánuco – P8   ,F400-00091983,-18.9,297.2
Consumo,LIMA EXPRESA,VE-35,2026-05-14,Peaje de Monterrico Entrada - P1,F400-00091983,-25.2,272.0
Consumo,LIMA EXPRESA,VE-33,2026-05-14,Peaje de Monterrico Entrada - P1,F400-00091983,-25.2,246.8
Consumo,LIMA EXPRESA,VE-12,2026-05-14,Peaje de Monterrico Entrada - P1,F400-00091983,-25.2,221.6
Recarga PEX,PEX,,2026-05-14,,TR006-001110543,1500.0,1721.6
Consumo,LIMA EXPRESA,VE-09,2026-05-14,Peaje de Separadora Salida - P3,F400-00091983,-31.5,1690.1
Consumo,LIMA EXPRESA,VE-33,2026-05-14,Peaje de Monterrico Salida - P2,F400-00091983,-25.2,1664.9
Consumo,LIMA EXPRESA,VE-35,2026-05-14,Peaje de Monterrico Salida - P2,F400-00091983,-25.2,1639.7
Consumo,LIMA EXPRESA,VE-36,2026-05-14,Peaje de Monterrico Salida - P2,F400-00091983,-25.2,1614.5
Consumo,LIMA EXPRESA,VE-12,2026-05-14,Peaje de Monterrico Salida - P2,F400-00091983,-25.2,1589.3
Consumo,LIMA EXPRESA,VE-35,2026-05-14,Peaje de Monterrico Entrada - P1,F400-00091983,-25.2,1564.1
Consumo,LIMA EXPRESA,VE-33,2026-05-14,Peaje de Priale Entrada - P6,F400-00091983,-25.2,1538.9
Consumo,LIMA EXPRESA,VE-35,2026-05-14,Peaje de Monterrico Salida - P2,F400-00091983,-25.2,1513.7
Consumo,LIMA EXPRESA,VE-20,2026-05-14,Peaje de Monterrico Entrada - P1,F400-00091983,-25.2,1488.5
Consumo,LIMA EXPRESA,VE-33,2026-05-14,Peaje Estadio – P10   ,F400-00091983,-25.2,1463.3
Consumo,LIMA EXPRESA,VE-33,2026-05-14,Peaje de Priale Salida - P7,F400-00091983,-25.2,1438.1
Consumo,LIMA EXPRESA,VE-36,2026-05-15,Peaje de Priale Entrada - P6,F400-00091983,-25.2,1412.9
Consumo,LIMA EXPRESA,VE-35,2026-05-15,Peaje de Priale Entrada - P6,F400-00091983,-25.2,1387.7
Consumo,LIMA EXPRESA,VE-33,2026-05-15,Peaje de Priale Entrada - P6,F400-00091983,-25.2,1362.5
Consumo,LIMA EXPRESA,VE-07,2026-05-15,Peaje de El Pino - P5,F400-00091983,-37.8,1324.7
Consumo,LIMA EXPRESA,VE-12,2026-05-15,Peaje de Priale Entrada - P6,F400-00091983,-25.2,1299.5
Consumo,LIMA EXPRESA,VE-07,2026-05-15,Peaje de Santa Anita - P4,F400-00091983,-37.8,1261.7
Consumo,LIMA EXPRESA,VE-12,2026-05-15,Peaje de Priale Entrada - P6,F400-00091983,-25.2,1236.5
Consumo,LIMA EXPRESA,VE-33,2026-05-15,Peaje de Priale Entrada - P6,F400-00091983,-25.2,1211.3
Consumo,LIMA EXPRESA,VE-12,2026-05-15,Peaje de Priale Entrada - P6,F400-00091983,-25.2,1186.1
Consumo,LIMA EXPRESA,VE-35,2026-05-15,Peaje de Priale Entrada - P6,F400-00091983,-25.2,1160.9
Consumo,LIMA EXPRESA,VE-07,2026-05-15,Peaje de El Pino - P5,F400-00091983,-37.8,1123.1
Consumo,LIMA EXPRESA,VE-07,2026-05-15,Peaje de Santa Anita - P4,F400-00091983,-37.8,1085.3
Consumo,LIMA EXPRESA,VE-35,2026-05-16,Peaje de Priale Entrada - P6,F400-00092924,-25.2,1060.1
Consumo,LIMA EXPRESA,VE-27,2026-05-16,Peaje de Monterrico Salida - P2,F400-00092924,-25.2,1034.9
Consumo,LIMA EXPRESA,VE-33,2026-05-16,Peaje de Monterrico Entrada - P1,F400-00092924,-25.2,1009.7
Consumo,LIMA EXPRESA,VE-12,2026-05-16,Peaje de Priale Entrada - P6,F400-00092924,-25.2,984.5
Consumo,LIMA EXPRESA,VE-35,2026-05-16,Peaje de Priale Salida - P7,F400-00092924,-25.2,959.3
Consumo,LIMA EXPRESA,VE-09,2026-05-16,Peaje de El Pino - P5,F400-00092924,-37.8,921.5
Consumo,LIMA EXPRESA,VE-10,2026-05-16,Peaje de El Pino - P5,F400-00092924,-37.8,883.7
Consumo,LIMA EXPRESA,VE-10,2026-05-16,Peaje de Separadora Salida - P3,F400-00092924,-31.5,852.2
Consumo,LIMA EXPRESA,VE-09,2026-05-16,Peaje de Separadora Salida - P3,F400-00092924,-37.8,814.4
Consumo,LIMA EXPRESA,VE-35,2026-05-16,Peaje de Monterrico Entrada - P1,F400-00092924,-25.2,789.2
Consumo,LIMA EXPRESA,VE-12,2026-05-16,Peaje de Monterrico Entrada - P1,F400-00092924,-25.2,764.0
Consumo,LIMA EXPRESA,VE-33,2026-05-16,Peaje de Monterrico Salida - P2,F400-00092924,-25.2,738.8
Consumo,LIMA EXPRESA,VE-30,2026-05-16,Peaje de Monterrico Salida - P2,F400-00092924,-25.2,713.6
Consumo,LIMA EXPRESA,VE-07,2026-05-16,Peaje de El Pino - P5,F400-00092924,-37.8,675.8
Consumo,LIMA EXPRESA,VE-35,2026-05-16,Peaje de Monterrico Salida - P2,F400-00092924,-25.2,650.6
Consumo,LIMA EXPRESA,VE-07,2026-05-16,Peaje de Santa Anita - P4,F400-00092924,-37.8,612.8
Consumo,LIMA EXPRESA,VE-31,2026-05-16,Peaje de Monterrico Salida - P2,F400-00092924,-25.2,587.6
Consumo,LIMA EXPRESA,VE-27,2026-05-16,Peaje de Priale Entrada - P6,F400-00092924,-25.2,562.4
Consumo,LIMA EXPRESA,VE-27,2026-05-16,Peaje Huánuco – P8   ,F400-00092924,-25.2,537.2
Consumo,LIMA EXPRESA,D1C790,2026-05-18,Peaje de El Pino - P5,F400-00092924,-25.2,512.0
Consumo,LIMA EXPRESA,VE-05,2026-05-18,Peaje Estadio – P10   ,F400-00092924,-18.9,493.1
Consumo,LIMA EXPRESA,VE-30,2026-05-18,Peaje de Monterrico Entrada - P1,F400-00092924,-25.2,467.9
Consumo,LIMA EXPRESA,VE-05,2026-05-18,Peaje de Monterrico Entrada - P1,F400-00092924,-37.8,430.1
Consumo,LIMA EXPRESA,ANQ212,2026-05-18,Peaje Estadio – P10   ,F400-00092924,-6.3,423.8
Consumo,LIMA EXPRESA,VE-07,2026-05-18,Peaje de El Pino - P5,F400-00092924,-37.8,386.0
Consumo,LIMA EXPRESA,VE-33,2026-05-18,Peaje de Monterrico Entrada - P1,F400-00092924,-25.2,360.8
Consumo,LIMA EXPRESA,VE-35,2026-05-18,Peaje de Monterrico Entrada - P1,F400-00092924,-25.2,335.6
Consumo,LIMA EXPRESA,VE-10,2026-05-18,Peaje de El Pino - P5,F400-00092924,-37.8,297.8
Consumo,LIMA EXPRESA,VE-09,2026-05-18,Peaje de El Pino - P5,F400-00092924,-37.8,260.0
Consumo,LIMA EXPRESA,VE-07,2026-05-18,Peaje de Santa Anita - P4,F400-00092924,-37.8,222.2
Recarga PEX,PEX,,2026-05-18,,TR006-001112821,1500.0,1722.2
Consumo,LIMA EXPRESA,VE-05,2026-05-18,Peaje de Monterrico Salida - P2,F400-00092924,-37.8,1684.4
Consumo,LIMA EXPRESA,VE-10,2026-05-18,Peaje de Separadora Salida - P3,F400-00092924,-18.9,1665.5
Consumo,LIMA EXPRESA,VE-09,2026-05-18,Peaje de Separadora Salida - P3,F400-00092924,-18.9,1646.6
Consumo,LIMA EXPRESA,VE-12,2026-05-18,Peaje de Monterrico Entrada - P1,F400-00092924,-25.2,1621.4
Consumo,LIMA EXPRESA,VE-35,2026-05-18,Peaje de Monterrico Salida - P2,F400-00092924,-25.2,1596.2
Consumo,LIMA EXPRESA,VE-33,2026-05-18,Peaje de Monterrico Salida - P2,F400-00092924,-25.2,1571.0
Consumo,LIMA EXPRESA,VE-05,2026-05-18,Peaje de Priale Entrada - P6,F400-00092924,-18.9,1552.1
Consumo,LIMA EXPRESA,VE-05,2026-05-18,Peaje de Priale Salida - P7,F400-00092924,-37.8,1514.3
Consumo,LIMA EXPRESA,VE-12,2026-05-18,Peaje de Monterrico Salida - P2,F400-00092924,-25.2,1489.1
Consumo,LIMA EXPRESA,VE-35,2026-05-18,Peaje de Monterrico Entrada - P1,F400-00092924,-25.2,1463.9
Consumo,LIMA EXPRESA,VE-33,2026-05-18,Peaje de Priale Entrada - P6,F400-00092924,-25.2,1438.7
Consumo,LIMA EXPRESA,VE-05,2026-05-18,Peaje de Priale Entrada - P6,F400-00092924,-37.8,1400.9
Consumo,LIMA EXPRESA,VE-35,2026-05-18,Peaje de Monterrico Salida - P2,F400-00092924,-25.2,1375.7
Consumo,LIMA EXPRESA,VE-33,2026-05-18,Peaje de Priale Salida - P7,F400-00092924,-25.2,1350.5
Consumo,LIMA EXPRESA,VE-19,2026-05-18,Peaje Estadio – P10   ,F400-00092924,-25.2,1325.3
Consumo,LIMA EXPRESA,VE-29,2026-05-18,Peaje Estadio – P10   ,F400-00092924,-25.2,1300.1
Consumo,LIMA EXPRESA,VE-29,2026-05-18,Peaje de Monterrico Entrada - P1,F400-00092924,-25.2,1274.9
Consumo,LIMA EXPRESA,VE-19,2026-05-18,Peaje de Monterrico Entrada - P1,F400-00092924,-25.2,1249.7
Consumo,LIMA EXPRESA,VE-29,2026-05-19,Peaje de Monterrico Salida - P2,F400-00092924,-25.2,1224.5
Consumo,LIMA EXPRESA,VE-36,2026-05-19,Peaje de Priale Entrada - P6,F400-00092924,-25.2,1199.3
Consumo,LIMA EXPRESA,VE-27,2026-05-19,Peaje de Monterrico Entrada - P1,F400-00092924,-25.2,1174.1
Consumo,LIMA EXPRESA,VE-35,2026-05-19,Peaje de Priale Entrada - P6,F400-00092924,-25.2,1148.9
Consumo,LIMA EXPRESA,VE-33,2026-05-19,Peaje de Priale Entrada - P6,F400-00092924,-25.2,1123.7
Consumo,LIMA EXPRESA,VE-31,2026-05-19,Peaje de Monterrico Entrada - P1,F400-00092924,-25.2,1098.5
Consumo,LIMA EXPRESA,VE-09,2026-05-19,Peaje de El Pino - P5,F400-00092924,-37.8,1060.7
Consumo,LIMA EXPRESA,VE-10,2026-05-19,Peaje de El Pino - P5,F400-00092924,-18.9,1041.8
Consumo,LIMA EXPRESA,VE-07,2026-05-19,Peaje de El Pino - P5,F400-00092924,-37.8,1004.0
Consumo,LIMA EXPRESA,VE-07,2026-05-19,Peaje de Santa Anita - P4,F400-00092924,-37.8,966.2
Consumo,LIMA EXPRESA,VE-09,2026-05-19,Peaje de Separadora Salida - P3,F400-00092924,-37.8,928.4
Consumo,LIMA EXPRESA,VE-10,2026-05-19,Peaje de Separadora Salida - P3,F400-00092924,-37.8,890.6
Consumo,LIMA EXPRESA,APF856,2026-05-19,Peaje Estadio – P10   ,F400-00092924,-6.3,884.3
Consumo,LIMA EXPRESA,APF856,2026-05-19,Peaje de Monterrico Entrada - P1,F400-00092924,-6.3,878.0
Consumo,LIMA EXPRESA,APF856,2026-05-19,Peaje de Santa Anita - P4,F400-00092924,-6.3,871.7
Consumo,LIMA EXPRESA,APF856,2026-05-19,Peaje Huánuco – P8   ,F400-00092924,-6.3,865.4
Consumo,LIMA EXPRESA,VE-29,2026-05-19,Peaje de Monterrico Entrada - P1,F400-00092924,-25.2,840.2
Consumo,LIMA EXPRESA,VE-19,2026-05-20,Peaje de Monterrico Salida - P2,F400-00092924,-25.2,815.0
Consumo,LIMA EXPRESA,VE-29,2026-05-20,Peaje de Monterrico Salida - P2,F400-00092924,-25.2,789.8
Consumo,LIMA EXPRESA,VE-10,2026-05-20,Peaje de El Pino - P5,F400-00092924,-37.8,752.0
Consumo,LIMA EXPRESA,VE-36,2026-05-20,Peaje de Priale Entrada - P6,F400-00092924,-25.2,726.8
Consumo,LIMA EXPRESA,VE-09,2026-05-20,Peaje de El Pino - P5,F400-00092924,-37.8,689.0
Consumo,LIMA EXPRESA,VE-33,2026-05-20,Peaje de Priale Entrada - P6,F400-00092924,-25.2,663.8
Consumo,LIMA EXPRESA,VE-35,2026-05-20,Peaje de Priale Entrada - P6,F400-00092924,-25.2,638.6
Consumo,LIMA EXPRESA,CUC445,2026-05-20,Peaje Estadio – P10   ,F400-00092924,-6.3,632.3
Consumo,LIMA EXPRESA,VE-09,2026-05-20,Peaje de Separadora Salida - P3,F400-00092924,-37.8,594.5
Consumo,LIMA EXPRESA,VE-10,2026-05-20,Peaje de Separadora Salida - P3,F400-00092924,-18.9,575.6
Consumo,LIMA EXPRESA,CUC445,2026-05-20,Peaje de Monterrico Salida - P2,F400-00092924,-6.3,569.3
Consumo,LIMA EXPRESA,VE-12,2026-05-20,Peaje de Priale Entrada - P6,F400-00092924,-25.2,544.1
Consumo,LIMA EXPRESA,CUC445,2026-05-20,Peaje Huánuco – P8   ,F400-00092924,-6.3,537.8
Recarga PEX,PEX,,2026-05-20,,TR006-001114149,1500.0,2037.8
Consumo,LIMA EXPRESA,VE-07,2026-05-20,Peaje de El Pino - P5,F400-00092924,-37.8,2000.0
Consumo,LIMA EXPRESA,VE-07,2026-05-20,Peaje de Santa Anita - P4,F400-00092924,-37.8,1962.2
Consumo,LIMA EXPRESA,VE-12,2026-05-20,Peaje de Monterrico Entrada - P1,F400-00092924,-25.2,1937.0
Consumo,LIMA EXPRESA,VE-36,2026-05-20,Peaje de Monterrico Entrada - P1,F400-00092924,-25.2,1911.8
Consumo,LIMA EXPRESA,VE-09,2026-05-20,Peaje de El Pino - P5,F400-00092924,-37.8,1874.0
Consumo,LIMA EXPRESA,VE-10,2026-05-20,Peaje de El Pino - P5,F400-00092924,-37.8,1836.2
Consumo,LIMA EXPRESA,VE-09,2026-05-20,Peaje de Separadora Salida - P3,F400-00092924,-37.8,1798.4
Consumo,LIMA EXPRESA,VE-10,2026-05-20,Peaje de Separadora Salida - P3,F400-00092924,-18.9,1779.5
Consumo,LIMA EXPRESA,VE-12,2026-05-20,Peaje de Monterrico Salida - P2,F400-00092924,-25.2,1754.3
Consumo,LIMA EXPRESA,VE-36,2026-05-20,Peaje de Monterrico Salida - P2,F400-00092924,-25.2,1729.1
Consumo,LIMA EXPRESA,ANQ212,2026-05-20,Peaje de Monterrico Salida - P2,F400-00092924,-6.3,1722.8
Consumo,LIMA EXPRESA,ANQ212,2026-05-20,Peaje Huánuco – P8   ,F400-00092924,-6.3,1716.5
Consumo,LIMA EXPRESA,VE-33,2026-05-20,Peaje de Monterrico Entrada - P1,F400-00092924,-25.2,1691.3
Consumo,LIMA EXPRESA,VE-33,2026-05-20,Peaje de Monterrico Salida - P2,F400-00092924,-25.2,1666.1
Consumo,LIMA EXPRESA,VE-36,2026-05-21,Peaje de Priale Entrada - P6,F400-00092924,-25.2,1640.9
Consumo,LIMA EXPRESA,VE-36,2026-05-21,Peaje de Priale Salida - P7,F400-00092924,-25.2,1615.7
Consumo,LIMA EXPRESA,VE-35,2026-05-21,Peaje de Priale Entrada - P6,F400-00092924,-25.2,1590.5
Consumo,LIMA EXPRESA,VE-33,2026-05-21,Peaje de Priale Entrada - P6,F400-00092924,-25.2,1565.3
Consumo,LIMA EXPRESA,VE-05,2026-05-21,Peaje Estadio – P10   ,F400-00092924,-37.8,1527.5
Consumo,LIMA EXPRESA,VE-05,2026-05-21,Peaje de Priale Salida - P7,F400-00092924,-31.5,1496.0
Consumo,LIMA EXPRESA,VE-12,2026-05-21,Peaje de Monterrico Entrada - P1,F400-00092924,-25.2,1470.8
Consumo,LIMA EXPRESA,VE-35,2026-05-21,Peaje Estadio – P10   ,F400-00092924,-25.2,1445.6
Consumo,LIMA EXPRESA,VE-35,2026-05-21,Peaje de Priale Salida - P7,F400-00092924,-25.2,1420.4
Consumo,LIMA EXPRESA,VE-33,2026-05-21,Peaje de Priale Salida - P7,F400-00092924,-25.2,1395.2
Consumo,LIMA EXPRESA,VE-12,2026-05-21,Peaje de Monterrico Salida - P2,F400-00092924,-25.2,1370.0
Consumo,LIMA EXPRESA,VE-07,2026-05-21,Peaje de El Pino - P5,F400-00092924,-37.8,1332.2
Consumo,LIMA EXPRESA,VE-36,2026-05-21,Peaje de Monterrico Entrada - P1,F400-00092924,-25.2,1307.0
Consumo,LIMA EXPRESA,VE-05,2026-05-21,Peaje de Monterrico Entrada - P1,F400-00092924,-37.8,1269.2
Consumo,LIMA EXPRESA,VE-07,2026-05-21,Peaje de Santa Anita - P4,F400-00092924,-18.9,1250.3
Consumo,LIMA EXPRESA,VE-05,2026-05-21,Peaje de Monterrico Salida - P2,F400-00092924,-37.8,1212.5
Consumo,LIMA EXPRESA,VE-36,2026-05-21,Peaje de Monterrico Salida - P2,F400-00092924,-25.2,1187.3
Consumo,LIMA EXPRESA,VE-35,2026-05-21,Peaje de Monterrico Entrada - P1,F400-00092924,-25.2,1162.1
Consumo,LIMA EXPRESA,VE-33,2026-05-21,Peaje de Monterrico Entrada - P1,F400-00092924,-25.2,1136.9
Consumo,LIMA EXPRESA,VE-36,2026-05-21,Peaje de Priale Salida - P7,F400-00092924,-25.2,1111.7
Consumo,LIMA EXPRESA,VE-35,2026-05-21,Peaje de Monterrico Salida - P2,F400-00092924,-25.2,1086.5
Consumo,LIMA EXPRESA,VE-33,2026-05-21,Peaje de Monterrico Salida - P2,F400-00092924,-25.2,1061.3
Consumo,LIMA EXPRESA,VE-05,2026-05-21,Peaje de Priale Entrada - P6,F400-00092924,-37.8,1023.5
Consumo,LIMA EXPRESA,VE-27,2026-05-22,Peaje de Monterrico Salida - P2,F400-00092924,-25.2,998.3
Consumo,LIMA EXPRESA,VE-36,2026-05-22,Peaje de Priale Entrada - P6,F400-00092924,-25.2,973.1
Consumo,LIMA EXPRESA,VE-35,2026-05-22,Peaje de Priale Entrada - P6,F400-00092924,-25.2,947.9
Consumo,LIMA EXPRESA,VE-33,2026-05-22,Peaje de Priale Entrada - P6,F400-00092924,-25.2,922.7
Consumo,LIMA EXPRESA,VE-07,2026-05-22,Peaje de El Pino - P5,F400-00092924,-37.8,884.9
Consumo,LIMA EXPRESA,VE-06,2026-05-22,Peaje de El Pino - P5,F400-00092924,-37.8,847.1
Consumo,LIMA EXPRESA,VE-07,2026-05-22,Peaje de Santa Anita - P4,F400-00092924,-37.8,809.3
Consumo,LIMA EXPRESA,VE-06,2026-05-22,Peaje de Separadora Salida - P3,F400-00092924,-18.9,790.4
Consumo,LIMA EXPRESA,VE-31,2026-05-22,Peaje de Monterrico Salida - P2,F400-00093873,-25.2,765.2
Consumo,LIMA EXPRESA,VE-30,2026-05-22,Peaje de Monterrico Salida - P2,F400-00093873,-25.2,740.0
Consumo,LIMA EXPRESA,VE-35,2026-05-23,Peaje de Priale Entrada - P6,F400-00093873,-25.2,714.8
Consumo,LIMA EXPRESA,VE-23,2026-05-23,Peaje de Monterrico Entrada - P1,F400-00093873,-25.2,689.6
Consumo,LIMA EXPRESA,VE-33,2026-05-23,Peaje de Priale Entrada - P6,F400-00093873,-25.2,664.4
Consumo,LIMA EXPRESA,VE-05,2026-05-23,Peaje Estadio – P10   ,F400-00093873,-37.8,626.6
Consumo,LIMA EXPRESA,VE-07,2026-05-23,Peaje de El Pino - P5,F400-00093873,-18.9,607.7
Consumo,LIMA EXPRESA,VE-05,2026-05-23,Peaje de El Pino - P5,F400-00093873,-37.8,569.9
Consumo,LIMA EXPRESA,VE-07,2026-05-23,Peaje de Santa Anita - P4,F400-00093873,-37.8,532.1
Consumo,LIMA EXPRESA,VE-05,2026-05-23,Peaje de Separadora Salida - P3,F400-00093873,-37.8,494.3
Consumo,LIMA EXPRESA,VE-36,2026-05-23,Peaje de Priale Entrada - P6,F400-00093873,-25.2,469.1
Consumo,LIMA EXPRESA,VE-36,2026-05-23,Peaje de Priale Salida - P7,F400-00093873,-25.2,443.9
Consumo,LIMA EXPRESA,VE-09,2026-05-23,Peaje de El Pino - P5,F400-00093873,-37.8,406.1
Recarga PEX,PEX,,2026-05-23,,TR006-001116111,1500.0,1906.1
Consumo,LIMA EXPRESA,VE-09,2026-05-23,Peaje de Separadora Salida - P3,F400-00093873,-37.8,1868.3
Consumo,LIMA EXPRESA,VE-33,2026-05-23,Peaje de Monterrico Entrada - P1,F400-00093873,-25.2,1843.1
Consumo,LIMA EXPRESA,VE-23,2026-05-23,Peaje de Monterrico Salida - P2,F400-00093873,-25.2,1817.9
Consumo,LIMA EXPRESA,VE-36,2026-05-23,Peaje de Monterrico Entrada - P1,F400-00093873,-25.2,1792.7
Consumo,LIMA EXPRESA,VE-33,2026-05-23,Peaje de Monterrico Salida - P2,F400-00093873,-25.2,1767.5
Consumo,LIMA EXPRESA,VE-36,2026-05-23,Peaje de Monterrico Salida - P2,F400-00093873,-25.2,1742.3
Consumo,LIMA EXPRESA,VE-07,2026-05-23,Peaje de El Pino - P5,F400-00093873,-37.8,1704.5
Consumo,LIMA EXPRESA,VE-37,2026-05-23,Peaje Huánuco – P8   ,F400-00093873,-25.2,1679.3
Consumo,LIMA EXPRESA,VE-07,2026-05-23,Peaje de Santa Anita - P4,F400-00093873,-37.8,1641.5
Consumo,LIMA EXPRESA,CUC445,2026-05-24,Peaje Estadio – P10   ,F400-00093873,-6.3,1635.2
Consumo,LIMA EXPRESA,CUC445,2026-05-24,Peaje de Monterrico Salida - P2,F400-00093873,-6.3,1628.9
Consumo,LIMA EXPRESA,CUC445,2026-05-24,Peaje Huánuco – P8   ,F400-00093873,-6.3,1622.6
Consumo,LIMA EXPRESA,VE-37,2026-05-25,Peaje de Monterrico Entrada - P1,F400-00093873,-25.2,1597.4
Consumo,LIMA EXPRESA,VE-27,2026-05-25,Peaje de Monterrico Entrada - P1,F400-00093873,-25.2,1572.2
Consumo,LIMA EXPRESA,VE-30,2026-05-25,Peaje de Monterrico Entrada - P1,F400-00093873,-25.2,1547.0
Consumo,LIMA EXPRESA,VE-07,2026-05-25,Peaje de El Pino - P5,F400-00093873,-37.8,1509.2
Consumo,LIMA EXPRESA,VE-36,2026-05-25,Peaje de Monterrico Entrada - P1,F400-00093873,-25.2,1484.0
Consumo,LIMA EXPRESA,VE-33,2026-05-25,Peaje de Monterrico Entrada - P1,F400-00093873,-25.2,1458.8
Consumo,LIMA EXPRESA,VE-10,2026-05-25,Peaje de El Pino - P5,F400-00093873,-37.8,1421.0
Consumo,LIMA EXPRESA,VE-35,2026-05-25,Peaje de Monterrico Entrada - P1,F400-00093873,-25.2,1395.8
Consumo,LIMA EXPRESA,VE-07,2026-05-25,Peaje de Santa Anita - P4,F400-00093873,-37.8,1358.0
Consumo,LIMA EXPRESA,VE-10,2026-05-25,Peaje de Separadora Salida - P3,F400-00093873,-37.8,1320.2
Consumo,LIMA EXPRESA,VE-36,2026-05-25,Peaje de Monterrico Salida - P2,F400-00093873,-25.2,1295.0
Consumo,LIMA EXPRESA,VE-33,2026-05-25,Peaje de Monterrico Salida - P2,F400-00093873,-25.2,1269.8
Consumo,LIMA EXPRESA,VE-35,2026-05-25,Peaje de Monterrico Salida - P2,F400-00093873,-25.2,1244.6
Consumo,LIMA EXPRESA,VE-18,2026-05-25,Peaje Huánuco – P8   ,F400-00093873,-25.2,1219.4
Consumo,LIMA EXPRESA,VE-12,2026-05-25,Peaje de Priale Salida - P7,F400-00093873,-25.2,1194.2
Consumo,LIMA EXPRESA,VE-33,2026-05-25,Peaje de Monterrico Entrada - P1,F400-00093873,-25.2,1169.0
Consumo,LIMA EXPRESA,VE-07,2026-05-25,Peaje de El Pino - P5,F400-00093873,-37.8,1131.2
Consumo,LIMA EXPRESA,VE-35,2026-05-25,Peaje de Monterrico Entrada - P1,F400-00093873,-25.2,1106.0
Consumo,LIMA EXPRESA,VE-07,2026-05-25,Peaje de Santa Anita - P4,F400-00093873,-37.8,1068.2
Consumo,LIMA EXPRESA,VE-35,2026-05-25,Peaje de Monterrico Salida - P2,F400-00093873,-25.2,1043.0
Consumo,LIMA EXPRESA,VE-33,2026-05-25,Peaje de Monterrico Salida - P2,F400-00093873,-25.2,1017.8
Consumo,LIMA EXPRESA,ANQ212,2026-05-25,Peaje de Monterrico Entrada - P1,F400-00093873,-6.3,1011.5
Consumo,LIMA EXPRESA,VE-31,2026-05-26,Peaje de Monterrico Entrada - P1,F400-00093873,-25.2,986.3
Consumo,LIMA EXPRESA,VE-36,2026-05-26,Peaje de Priale Entrada - P6,F400-00093873,-25.2,961.1
Consumo,LIMA EXPRESA,VE-35,2026-05-26,Peaje de Priale Entrada - P6,F400-00093873,-25.2,935.9
Consumo,LIMA EXPRESA,VE-33,2026-05-26,Peaje de Priale Entrada - P6,F400-00093873,-25.2,910.7
Consumo,LIMA EXPRESA,VE-12,2026-05-26,Peaje de Priale Entrada - P6,F400-00093873,-25.2,885.5
Consumo,LIMA EXPRESA,VE-12,2026-05-26,Peaje de Priale Salida - P7,F400-00093873,-25.2,860.3
Consumo,LIMA EXPRESA,VE-12,2026-05-26,Peaje de Priale Entrada - P6,F400-00093873,-25.2,835.1
Consumo,LIMA EXPRESA,VE-07,2026-05-26,Peaje de El Pino - P5,F400-00093873,-37.8,797.3
Consumo,LIMA EXPRESA,VE-07,2026-05-26,Peaje de Santa Anita - P4,F400-00093873,-37.8,759.5
Consumo,LIMA EXPRESA,VE-07,2026-05-26,Peaje Huánuco – P8   ,F400-00093873,-18.9,740.6
Consumo,LIMA EXPRESA,VE-09,2026-05-26,Peaje de El Pino - P5,F400-00093873,-37.8,702.8
Consumo,LIMA EXPRESA,VE-09,2026-05-26,Peaje de Separadora Salida - P3,F400-00093873,-37.8,665.0
Consumo,LIMA EXPRESA,VE-07,2026-05-26,Peaje de El Pino - P5,F400-00093873,-37.8,627.2
Consumo,LIMA EXPRESA,VE-07,2026-05-26,Peaje de Santa Anita - P4,F400-00093873,-37.8,589.4
Consumo,LIMA EXPRESA,VE-36,2026-05-27,Peaje de Priale Entrada - P6,F400-00093873,-25.2,564.2
Consumo,LIMA EXPRESA,VE-33,2026-05-27,Peaje de Priale Entrada - P6,F400-00093873,-25.2,539.0
Consumo,LIMA EXPRESA,VE-35,2026-05-27,Peaje de Priale Entrada - P6,F400-00093873,-25.2,513.8
Consumo,LIMA EXPRESA,VE-36,2026-05-27,Peaje de Priale Salida - P7,F400-00093873,-25.2,488.6
Consumo,LIMA EXPRESA,VE-12,2026-05-27,Peaje de Priale Entrada - P6,F400-00093873,-25.2,463.4
Consumo,LIMA EXPRESA,VE-35,2026-05-27,Peaje de Priale Salida - P7,F400-00093873,-25.2,438.2
Consumo,LIMA EXPRESA,VE-07,2026-05-27,Peaje de Monterrico Entrada - P1,F400-00093873,-37.8,400.4
Consumo,LIMA EXPRESA,VE-10,2026-05-27,Peaje de Monterrico Entrada - P1,F400-00093873,-37.8,362.6
Consumo,LIMA EXPRESA,VE-33,2026-05-27,Peaje de Priale Entrada - P6,F400-00093873,-25.2,337.4
Consumo,LIMA EXPRESA,VE-09,2026-05-27,Peaje de Monterrico Entrada - P1,F400-00093873,-37.8,299.6
Consumo,LIMA EXPRESA,VE-06,2026-05-27,Peaje de Monterrico Entrada - P1,F400-00093873,-37.8,261.8
Consumo,LIMA EXPRESA,VE-35,2026-05-27,Peaje de Priale Entrada - P6,F400-00093873,-25.2,236.6
Consumo,LIMA EXPRESA,VE-36,2026-05-27,Peaje de Monterrico Entrada - P1,F400-00093873,-25.2,211.4
Consumo,LIMA EXPRESA,VE-12,2026-05-27,Peaje de Monterrico Entrada - P1,F400-00093873,-25.2,186.2
Consumo,LIMA EXPRESA,VE-07,2026-05-27,Peaje de Monterrico Salida - P2,F400-00093873,-18.9,167.3
Consumo,LIMA EXPRESA,VE-05,2026-05-27,Peaje de Monterrico Entrada - P1,F400-00093873,-37.8,129.5
Consumo,LIMA EXPRESA,VE-33,2026-05-27,Peaje de Priale Salida - P7,F400-00093873,-25.2,104.3
Consumo,LIMA EXPRESA,VE-10,2026-05-27,Peaje de Monterrico Salida - P2,F400-00093873,-37.8,66.5
Consumo,LIMA EXPRESA,VE-09,2026-05-27,Peaje de Monterrico Salida - P2,F400-00093873,-37.8,28.7
Consumo,LIMA EXPRESA,VE-35,2026-05-27,Peaje Estadio – P10   ,F400-00094845,-25.2,3.5
Consumo,LIMA EXPRESA,APF856,2026-05-27,Peaje Estadio – P10   ,F400-00094845,-6.3,-2.8
Consumo,LIMA EXPRESA,APF856,2026-05-27,Peaje de Monterrico Entrada - P1,F400-00093873,-6.3,-9.1
Consumo,LIMA EXPRESA,APF856,2026-05-27,Peaje de Monterrico Salida - P2,F400-00093873,-6.3,-15.4
Consumo,LIMA EXPRESA,VE-06,2026-05-27,Peaje de Monterrico Salida - P2,F400-00093873,-37.8,-53.2
Consumo,LIMA EXPRESA,VE-12,2026-05-27,Peaje de Monterrico Salida - P2,F400-00093873,-25.2,-78.4
Consumo,LIMA EXPRESA,VE-36,2026-05-27,Peaje de Monterrico Salida - P2,F400-00093873,-25.2,-103.6
Consumo,LIMA EXPRESA,VE-05,2026-05-27,Peaje de Monterrico Salida - P2,F400-00093873,-18.9,-122.5
Consumo,LIMA EXPRESA,VE-05,2026-05-27,Peaje de Monterrico Salida - P2,F400-00094845,-18.9,-141.4
Consumo,LIMA EXPRESA,APF856,2026-05-27,Peaje Huánuco – P8   ,F400-00093873,-6.3,-147.7
Consumo,LIMA EXPRESA,VE-35,2026-05-27,Peaje de Monterrico Entrada - P1,F400-00093873,-25.2,-172.9
Consumo,LIMA EXPRESA,VE-33,2026-05-27,Peaje de Monterrico Entrada - P1,F400-00093873,-25.2,-198.1
Consumo,LIMA EXPRESA,VE-35,2026-05-27,Peaje de Monterrico Salida - P2,F400-00093873,-25.2,-223.3
Consumo,LIMA EXPRESA,VE-33,2026-05-27,Peaje de Monterrico Salida - P2,F400-00093873,-25.2,-248.5
Recarga PEX,PEX,,2026-05-27,,TR006-001118880,1500.0,1251.5
Consumo,LIMA EXPRESA,VE-36,2026-05-28,Peaje de Priale Entrada - P6,F400-00093873,-25.2,1226.3
Consumo,LIMA EXPRESA,VE-33,2026-05-28,Peaje de Priale Entrada - P6,F400-00093873,-25.2,1201.1
Consumo,LIMA EXPRESA,VE-35,2026-05-28,Peaje de Priale Entrada - P6,F400-00093873,-25.2,1175.9
Consumo,LIMA EXPRESA,VE-36,2026-05-28,Peaje de Priale Salida - P7,F400-00093873,-25.2,1150.7
Consumo,LIMA EXPRESA,VE-35,2026-05-28,Peaje de Priale Salida - P7,F400-00093873,-25.2,1125.5
Consumo,LIMA EXPRESA,VE-05,2026-05-28,Peaje Estadio – P10   ,F400-00093873,-37.8,1087.7
Consumo,LIMA EXPRESA,VE-05,2026-05-28,Peaje de Monterrico Entrada - P1,F400-00093873,-18.9,1068.8
Consumo,LIMA EXPRESA,VE-33,2026-05-28,Peaje de Monterrico Entrada - P1,F400-00093873,-25.2,1043.6
Consumo,LIMA EXPRESA,VE-07,2026-05-28,Peaje Estadio – P10   ,F400-00093873,-37.8,1005.8
Consumo,LIMA EXPRESA,VE-12,2026-05-28,Peaje de Monterrico Entrada - P1,F400-00093873,-25.2,980.6
Consumo,LIMA EXPRESA,VE-35,2026-05-28,Peaje de Monterrico Entrada - P1,F400-00093873,-25.2,955.4
Consumo,LIMA EXPRESA,VE-07,2026-05-28,Peaje de Monterrico Entrada - P1,F400-00093873,-37.8,917.6
Consumo,LIMA EXPRESA,VE-05,2026-05-28,Peaje de Monterrico Salida - P2,F400-00093873,-37.8,879.8
Consumo,LIMA EXPRESA,VE-35,2026-05-28,Peaje de Monterrico Salida - P2,F400-00093873,-25.2,854.6
Consumo,LIMA EXPRESA,VE-33,2026-05-28,Peaje de Monterrico Salida - P2,F400-00093873,-25.2,829.4
Consumo,LIMA EXPRESA,VE-07,2026-05-28,Peaje de Monterrico Salida - P2,F400-00093873,-37.8,791.6
Consumo,LIMA EXPRESA,VE-12,2026-05-28,Peaje de Monterrico Salida - P2,F400-00093873,-25.2,766.4
Consumo,LIMA EXPRESA,VE-10,2026-05-28,Peaje de Monterrico Entrada - P1,F400-00093873,-37.8,728.6
Consumo,LIMA EXPRESA,VE-12,2026-05-28,Peaje de Priale Entrada - P6,F400-00093873,-25.2,703.4
Consumo,LIMA EXPRESA,VE-10,2026-05-28,Peaje de Monterrico Salida - P2,F400-00093873,-37.8,665.6
Consumo,LIMA EXPRESA,VE-27,2026-05-28,Peaje de Monterrico Salida - P2,F400-00093873,-25.2,640.4
Consumo,LIMA EXPRESA,VE-30,2026-05-28,Peaje de Monterrico Salida - P2,F400-00093873,-25.2,615.2
Consumo,LIMA EXPRESA,VE-31,2026-05-28,Peaje de Monterrico Salida - P2,F400-00093873,-25.2,590.0
Consumo,LIMA EXPRESA,VE-27,2026-05-28,Peaje Huánuco – P8   ,F400-00093873,-25.2,564.8
Consumo,LIMA EXPRESA,VE-37,2026-05-29,Peaje de Monterrico Salida - P2,F400-00093873,-25.2,539.6
Consumo,LIMA EXPRESA,VE-35,2026-05-29,Peaje de Priale Entrada - P6,F400-00093873,-25.2,514.4
Consumo,LIMA EXPRESA,VE-33,2026-05-29,Peaje de Priale Entrada - P6,F400-00093873,-25.2,489.2
Consumo,LIMA EXPRESA,VE-05,2026-05-29,Peaje Estadio – P10   ,F400-00093873,-37.8,451.4
Consumo,LIMA EXPRESA,VE-05,2026-05-29,Peaje de El Pino - P5,F400-00093873,-37.8,413.6
Consumo,LIMA EXPRESA,VE-07,2026-05-29,Peaje de El Pino - P5,F400-00093873,-37.8,375.8
Consumo,LIMA EXPRESA,VE-05,2026-05-29,Peaje de Separadora Salida - P3,F400-00093873,-37.8,338.0
Consumo,LIMA EXPRESA,VE-07,2026-05-29,Peaje de Santa Anita - P4,F400-00093873,-37.8,300.2
Consumo,LIMA EXPRESA,VE-07,2026-05-29,Peaje Huánuco – P8   ,F400-00093873,-18.9,281.3
Recarga PEX,PEX,,2026-05-29,,TR006-001119953,1500.0,1781.3
Consumo,LIMA EXPRESA,VE-12,2026-05-29,Peaje de Priale Entrada - P6,F400-00093873,-25.2,1756.1
Consumo,LIMA EXPRESA,ANQ212,2026-05-29,Peaje de Monterrico Salida - P2,F400-00093873,-6.3,1749.8
Consumo,LIMA EXPRESA,VE-07,2026-05-29,Peaje de El Pino - P5,F400-00093873,-18.9,1730.9
Consumo,LIMA EXPRESA,ANQ212,2026-05-29,Peaje Huánuco – P8   ,F400-00093873,-6.3,1724.6
Consumo,LIMA EXPRESA,VE-05,2026-05-29,Peaje de El Pino - P5,F400-00093873,-18.9,1705.7
Consumo,LIMA EXPRESA,VE-07,2026-05-29,Peaje de Santa Anita - P4,F400-00093873,-18.9,1686.8
Consumo,LIMA EXPRESA,VE-05,2026-05-29,Peaje de Separadora Salida - P3,F400-00093873,-18.9,1667.9
Consumo,LIMA EXPRESA,VE-19,2026-05-30,Peaje de Monterrico Entrada - P1,F400-00093873,-25.2,1642.7
Consumo,LIMA EXPRESA,VE-29,2026-05-30,Peaje de Monterrico Entrada - P1,F400-00093873,-25.2,1617.5
Consumo,LIMA EXPRESA,VE-07,2026-05-30,Peaje de Monterrico Entrada - P1,F400-00093873,-37.8,1579.7
Consumo,LIMA EXPRESA,VE-10,2026-05-30,Peaje de El Pino - P5,F400-00093873,-37.8,1541.9
Consumo,LIMA EXPRESA,VE-29,2026-05-30,Peaje de Monterrico Salida - P2,F400-00093873,-25.2,1516.7
Consumo,LIMA EXPRESA,VE-09,2026-05-30,Peaje de El Pino - P5,F400-00093873,-37.8,1478.9
Consumo,LIMA EXPRESA,VE-35,2026-05-30,Peaje de Priale Entrada - P6,F400-00093873,-25.2,1453.7
Consumo,LIMA EXPRESA,VE-33,2026-05-30,Peaje de Monterrico Entrada - P1,F400-00093873,-25.2,1428.5
Consumo,LIMA EXPRESA,VE-05,2026-05-30,Peaje de Monterrico Entrada - P1,F400-00093873,-18.9,1409.6
Consumo,LIMA EXPRESA,VE-10,2026-05-30,Peaje de Separadora Salida - P3,F400-00093873,-31.5,1378.1
Consumo,LIMA EXPRESA,VE-09,2026-05-30,Peaje de Separadora Salida - P3,F400-00093873,-31.5,1346.6
Consumo,LIMA EXPRESA,VE-12,2026-05-30,Peaje de Priale Entrada - P6,F400-00093873,-25.2,1321.4
Consumo,LIMA EXPRESA,VE-33,2026-05-30,Peaje de Monterrico Salida - P2,F400-00093873,-25.2,1296.2
Consumo,LIMA EXPRESA,VE-07,2026-05-30,Peaje de Monterrico Salida - P2,F400-00093873,-37.8,1258.4
Consumo,LIMA EXPRESA,VE-05,2026-05-30,Peaje de Monterrico Salida - P2,F400-00093873,-18.9,1239.5
Consumo,LIMA EXPRESA,VE-35,2026-05-30,Peaje de Monterrico Entrada - P1,F400-00093873,-25.2,1214.3
Consumo,LIMA EXPRESA,VE-12,2026-05-30,Peaje de Monterrico Entrada - P1,F400-00093873,-25.2,1189.1
Consumo,LIMA EXPRESA,VE-33,2026-05-30,Peaje de Priale Entrada - P6,F400-00093873,-25.2,1163.9
Consumo,LIMA EXPRESA,VE-35,2026-05-30,Peaje de Monterrico Salida - P2,F400-00093873,-25.2,1138.7
Consumo,LIMA EXPRESA,CUC445,2026-05-31,Peaje de Monterrico Entrada - P1,F400-00093873,-6.3,1132.4
Consumo,LIMA EXPRESA,CUC445,2026-05-31,Peaje de Separadora Salida - P3,F400-00093873,-6.3,1126.1
Consumo,LIMA EXPRESA,VE-37,2026-06-01,Peaje de Monterrico Entrada - P1,F400-00094845,-25.2,1100.9
Consumo,LIMA EXPRESA,VE-27,2026-06-01,Peaje de Monterrico Entrada - P1,F400-00094845,-25.2,1075.7
Consumo,LIMA EXPRESA,VE-30,2026-06-01,Peaje de Monterrico Entrada - P1,F400-00094845,-25.2,1050.5
Consumo,LIMA EXPRESA,VE-31,2026-06-01,Peaje de Monterrico Entrada - P1,F400-00094845,-25.2,1025.3
Consumo,LIMA EXPRESA,VE-12,2026-06-01,Peaje de Priale Entrada - P6,F400-00094845,-25.2,1000.1
Consumo,LIMA EXPRESA,VE-35,2026-06-01,Peaje de Monterrico Entrada - P1,F400-00094845,-25.2,974.9
Consumo,LIMA EXPRESA,VE-33,2026-06-01,Peaje de Monterrico Entrada - P1,F400-00094845,-25.2,949.7
Consumo,LIMA EXPRESA,VE-35,2026-06-01,Peaje de Monterrico Salida - P2,F400-00094845,-25.2,924.5
Consumo,LIMA EXPRESA,VE-33,2026-06-01,Peaje de Monterrico Salida - P2,F400-00094845,-25.2,899.3
Consumo,LIMA EXPRESA,VE-07,2026-06-01,Peaje de El Pino - P5,F400-00094845,-37.8,861.5
Consumo,LIMA EXPRESA,VE-10,2026-06-01,Peaje de El Pino - P5,F400-00094845,-37.8,823.7
Consumo,LIMA EXPRESA,VE-09,2026-06-01,Peaje de El Pino - P5,F400-00094845,-37.8,785.9
Consumo,LIMA EXPRESA,VE-10,2026-06-01,Peaje de Separadora Salida - P3,F400-00094845,-37.8,748.1
Consumo,LIMA EXPRESA,VE-07,2026-06-01,Peaje de Santa Anita - P4,F400-00094845,-37.8,710.3
Consumo,LIMA EXPRESA,VE-09,2026-06-01,Peaje de Separadora Salida - P3,F400-00094845,-31.5,678.8
Consumo,LIMA EXPRESA,VE-08,2026-06-01,Peaje de El Pino - P5,F400-00094845,-37.8,641.0
Consumo,LIMA EXPRESA,VE-08,2026-06-01,Peaje de Santa Anita - P4,F400-00094845,-37.8,603.2
Consumo,LIMA EXPRESA,VE-12,2026-06-01,Peaje de El Pino - P5,F400-00094845,-25.2,578.0
Consumo,LIMA EXPRESA,VE-29,2026-06-01,Peaje de Monterrico Entrada - P1,F400-00094845,-25.2,552.8
Consumo,LIMA EXPRESA,VE-29,2026-06-01,Peaje de Monterrico Salida - P2,F400-00094845,-25.2,527.6
Consumo,LIMA EXPRESA,VE-19,2026-06-01,Peaje de Monterrico Salida - P2,F400-00094845,-25.2,502.4
Consumo,LIMA EXPRESA,VE-19,2026-06-02,Peaje de Monterrico Entrada - P1,F400-00094845,-25.2,477.2
Consumo,LIMA EXPRESA,VE-19,2026-06-02,Peaje de Monterrico Salida - P2,F400-00094845,-25.2,452.0
Consumo,LIMA EXPRESA,VE-05,2026-06-02,Peaje de El Pino - P5,F400-00094845,-37.8,414.2
Consumo,LIMA EXPRESA,VE-36,2026-06-02,Peaje de Priale Entrada - P6,F400-00094845,-25.2,389.0
Consumo,LIMA EXPRESA,VE-35,2026-06-02,Peaje de Priale Entrada - P6,F400-00094845,-25.2,363.8
Consumo,LIMA EXPRESA,VE-36,2026-06-02,Peaje de Priale Salida - P7,F400-00094845,-25.2,338.6
Consumo,LIMA EXPRESA,VE-33,2026-06-02,Peaje de Priale Entrada - P6,F400-00094845,-25.2,313.4
Consumo,LIMA EXPRESA,VE-05,2026-06-02,Peaje de Separadora Salida - P3,F400-00094845,-37.8,275.6
Consumo,LIMA EXPRESA,VE-05,2026-06-02,Peaje Huánuco – P8   ,F400-00094845,-18.9,256.7
Consumo,LIMA EXPRESA,VE-35,2026-06-02,Peaje de Priale Salida - P7,F400-00094845,-25.2,231.5
Consumo,LIMA EXPRESA,VE-33,2026-06-02,Peaje de Priale Salida - P7,F400-00094845,-25.2,206.3
Consumo,LIMA EXPRESA,ANQ212,2026-06-02,Peaje Estadio – P10   ,F400-00094845,-6.3,200.0
Consumo,LIMA EXPRESA,VE-36,2026-06-02,Peaje de Monterrico Entrada - P1,F400-00094845,-25.2,174.8
Consumo,LIMA EXPRESA,VE-36,2026-06-02,Peaje de Monterrico Salida - P2,F400-00094845,-25.2,149.6
Consumo,LIMA EXPRESA,VE-33,2026-06-02,Peaje de Monterrico Entrada - P1,F400-00094845,-25.2,124.4
Consumo,LIMA EXPRESA,VE-36,2026-06-02,Peaje de Monterrico Entrada - P1,F400-00094845,-25.2,99.2
Consumo,LIMA EXPRESA,VE-35,2026-06-02,Peaje de Monterrico Salida - P2,F400-00094845,-25.2,74.0
Consumo,LIMA EXPRESA,VE-36,2026-06-02,Peaje de Monterrico Salida - P2,F400-00094845,-25.2,48.8
Consumo,LIMA EXPRESA,VE-33,2026-06-02,Peaje de Monterrico Entrada - P1,F400-00094845,-25.2,23.6
Consumo,LIMA EXPRESA,VE-35,2026-06-02,Peaje de Monterrico Entrada - P1,F400-00094845,-25.2,-1.6
Consumo,LIMA EXPRESA,VE-07,2026-06-02,Peaje de El Pino - P5,F400-00094845,-37.8,-39.4
Consumo,LIMA EXPRESA,VE-09,2026-06-02,Peaje de El Pino - P5,F400-00094845,-37.8,-77.2
Consumo,LIMA EXPRESA,VE-07,2026-06-02,Peaje de Santa Anita - P4,F400-00094845,-37.8,-115.0
Consumo,LIMA EXPRESA,VE-33,2026-06-02,Peaje de Monterrico Salida - P2,F400-00094845,-25.2,-140.2
Consumo,LIMA EXPRESA,VE-09,2026-06-02,Peaje de Separadora Salida - P3,F400-00094845,-18.9,-159.1
Consumo,LIMA EXPRESA,VE-12,2026-06-02,Peaje de Monterrico Entrada - P1,F400-00094845,-25.2,-184.3
Consumo,LIMA EXPRESA,VE-10,2026-06-02,Peaje de El Pino - P5,F400-00094845,-37.8,-222.1
Consumo,LIMA EXPRESA,VE-35,2026-06-02,Peaje de Monterrico Salida - P2,F400-00094845,-25.2,-247.3
Consumo,LIMA EXPRESA,VE-10,2026-06-02,Peaje de Separadora Salida - P3,F400-00094845,-18.9,-266.2
Consumo,LIMA EXPRESA,VE-05,2026-06-02,Peaje de El Pino - P5,F400-00094845,-37.8,-304.0
Consumo,LIMA EXPRESA,VE-05,2026-06-02,Peaje de Separadora Salida - P3,F400-00094845,-18.9,-322.9
Consumo,LIMA EXPRESA,VE-05,2026-06-02,Peaje Huánuco – P8   ,F400-00094845,-18.9,-341.8
Consumo,LIMA EXPRESA,VE-19,2026-06-03,Peaje de Monterrico Entrada - P1,F400-00094845,-25.2,-367.0
Consumo,LIMA EXPRESA,VE-29,2026-06-03,Peaje de Monterrico Entrada - P1,F400-00094845,-25.2,-392.2
Consumo,LIMA EXPRESA,VE-29,2026-06-03,Peaje de Monterrico Salida - P2,F400-00094845,-25.2,-417.4
Consumo,LIMA EXPRESA,VE-29,2026-06-03,Peaje de Monterrico Entrada - P1,F400-00094845,-25.2,-442.6
Recarga PEX,PEX,,2026-06-03,,TR006-001122805,1500.0,1057.4
Consumo,LIMA EXPRESA,VE-35,2026-06-03,Peaje de Monterrico Entrada - P1,F400-00094845,-25.2,1032.2
Consumo,LIMA EXPRESA,VE-19,2026-06-03,Peaje de Monterrico Salida - P2,F400-00094845,-25.2,1007.0
Consumo,LIMA EXPRESA,VE-29,2026-06-03,Peaje de Monterrico Salida - P2,F400-00094845,-25.2,981.8
Consumo,LIMA EXPRESA,VE-08,2026-06-03,Peaje de El Pino - P5,F400-00094845,-37.8,944.0
Consumo,LIMA EXPRESA,VE-36,2026-06-03,Peaje de Priale Entrada - P6,F400-00094845,-25.2,918.8
Consumo,LIMA EXPRESA,VE-10,2026-06-03,Peaje de Monterrico Entrada - P1,F400-00094845,-37.8,881.0
Consumo,LIMA EXPRESA,VE-33,2026-06-03,Peaje de Monterrico Entrada - P1,F400-00094845,-25.2,855.8
Consumo,LIMA EXPRESA,VE-08,2026-06-03,Peaje de Santa Anita - P4,F400-00094845,-18.9,836.9
Consumo,LIMA EXPRESA,VE-36,2026-06-03,Peaje de Priale Salida - P7,F400-00094845,-25.2,811.7
Consumo,LIMA EXPRESA,VE-07,2026-06-03,Peaje de Monterrico Entrada - P1,F400-00094845,-37.8,773.9
Consumo,LIMA EXPRESA,VE-35,2026-06-03,Peaje de Monterrico Salida - P2,F400-00094845,-25.2,748.7
Consumo,LIMA EXPRESA,VE-06,2026-06-03,Peaje Estadio – P10   ,F400-00094845,-18.9,729.8
Consumo,LIMA EXPRESA,VE-06,2026-06-03,Peaje de El Pino - P5,F400-00094845,-37.8,692.0
Consumo,LIMA EXPRESA,VE-06,2026-06-03,Peaje de Separadora Salida - P3,F400-00094845,-37.8,654.2
Consumo,LIMA EXPRESA,VE-10,2026-06-03,Peaje de Monterrico Salida - P2,F400-00094845,-18.9,635.3
Consumo,LIMA EXPRESA,VE-05,2026-06-03,Peaje de El Pino - P5,F400-00094845,-18.9,616.4
Consumo,LIMA EXPRESA,VE-05,2026-06-03,Peaje de Separadora Salida - P3,F400-00094845,-37.8,578.6
Consumo,LIMA EXPRESA,VE-07,2026-06-03,Peaje de Monterrico Salida - P2,F400-00094845,-37.8,540.8
Consumo,LIMA EXPRESA,VE-36,2026-06-03,Peaje de Monterrico Entrada - P1,F400-00094845,-25.2,515.6
Consumo,LIMA EXPRESA,VE-05,2026-06-03,Peaje Huánuco – P8   ,F400-00094845,-18.9,496.7
Consumo,LIMA EXPRESA,VE-07,2026-06-03,Peaje Huánuco – P8   ,F400-00094845,-18.9,477.8
Consumo,LIMA EXPRESA,VE-35,2026-06-03,Peaje de Monterrico Entrada - P1,F400-00094845,-25.2,452.6
Consumo,LIMA EXPRESA,VE-33,2026-06-03,Peaje de Monterrico Entrada - P1,F400-00094845,-25.2,427.4
Consumo,LIMA EXPRESA,VE-36,2026-06-03,Peaje de Monterrico Salida - P2,F400-00094845,-25.2,402.2
Consumo,LIMA EXPRESA,VE-33,2026-06-03,Peaje de Monterrico Salida - P2,F400-00094845,-25.2,377.0
Consumo,LIMA EXPRESA,VE-08,2026-06-03,Peaje de El Pino - P5,F400-00094845,-37.8,339.2
Consumo,LIMA EXPRESA,VE-08,2026-06-03,Peaje de Santa Anita - P4,F400-00094845,-37.8,301.4
Consumo,LIMA EXPRESA,VE-07,2026-06-04,Peaje Estadio – P10   ,F400-00094845,-18.9,282.5
Consumo,LIMA EXPRESA,VE-29,2026-06-04,Peaje de El Pino - P5,F400-00094845,-25.2,257.3
Consumo,LIMA EXPRESA,VE-07,2026-06-04,Peaje de El Pino - P5,F400-00094845,-37.8,219.5
Consumo,LIMA EXPRESA,VE-05,2026-06-04,Peaje Estadio – P10   ,F400-00094845,-37.8,181.7
Consumo,LIMA EXPRESA,VE-36,2026-06-04,Peaje de Priale Entrada - P6,F400-00094845,-25.2,156.5
Consumo,LIMA EXPRESA,VE-05,2026-06-04,Peaje de El Pino - P5,F400-00094845,-37.8,118.7
Consumo,LIMA EXPRESA,VE-28,2026-06-04,Peaje de El Pino - P5,F400-00094845,-25.2,93.5
Consumo,LIMA EXPRESA,VE-35,2026-06-04,Peaje de Priale Entrada - P6,F400-00094845,-25.2,68.3
Consumo,LIMA EXPRESA,VE-19,2026-06-04,Peaje de El Pino - P5,F400-00094845,-25.2,43.1
Consumo,LIMA EXPRESA,VE-07,2026-06-04,Peaje de Santa Anita - P4,F400-00094845,-18.9,24.2
Consumo,LIMA EXPRESA,VE-06,2026-06-04,Peaje de El Pino - P5,F400-00094845,-37.8,-13.6
Consumo,LIMA EXPRESA,VE-05,2026-06-04,Peaje de Separadora Salida - P3,F400-00094845,-18.9,-32.5
Consumo,LIMA EXPRESA,VE-06,2026-06-04,Peaje de Separadora Salida - P3,F400-00094845,-37.8,-70.3
Recarga PEX,PEX,,2026-06-04,,TR006-001123502,2500.0,2429.7
Consumo,LIMA EXPRESA,VE-19,2026-06-04,Peaje de Separadora Salida - P3,F400-00094845,-25.2,2404.5
Consumo,LIMA EXPRESA,VE-12,2026-06-04,Peaje de Monterrico Entrada - P1,F400-00094845,-25.2,2379.3
Consumo,LIMA EXPRESA,VE-06,2026-06-04,Peaje de El Pino - P5,F400-00094845,-37.8,2341.5
Consumo,LIMA EXPRESA,VE-06,2026-06-04,Peaje de Separadora Salida - P3,F400-00094845,-18.9,2322.6
Consumo,LIMA EXPRESA,VE-10,2026-06-04,Peaje de El Pino - P5,F400-00094845,-37.8,2284.8
Consumo,LIMA EXPRESA,VE-10,2026-06-04,Peaje de Separadora Salida - P3,F400-00094845,-18.9,2265.9
Consumo,LIMA EXPRESA,ANQ212,2026-06-04,Peaje Huánuco – P8   ,F400-00094845,-6.3,2259.6
Consumo,LIMA EXPRESA,VE-07,2026-06-05,Peaje de El Pino - P5,F400-00094845,-37.8,2221.8
Consumo,LIMA EXPRESA,VE-36,2026-06-05,Peaje de Priale Entrada - P6,F400-00094845,-25.2,2196.6
Consumo,LIMA EXPRESA,VE-35,2026-06-05,Peaje de Priale Entrada - P6,F400-00094845,-25.2,2171.4
Consumo,LIMA EXPRESA,VE-36,2026-06-05,Peaje de Priale Salida - P7,F400-00094845,-25.2,2146.2
Consumo,LIMA EXPRESA,VE-09,2026-06-05,Peaje de El Pino - P5,F400-00094845,-37.8,2108.4
Consumo,LIMA EXPRESA,VE-33,2026-06-05,Peaje de Priale Entrada - P6,F400-00094845,-25.2,2083.2
Consumo,LIMA EXPRESA,VE-12,2026-06-05,Peaje de Priale Entrada - P6,F400-00094845,-25.2,2058.0
Consumo,LIMA EXPRESA,VE-05,2026-06-05,Peaje de El Pino - P5,F400-00094845,-37.8,2020.2
Consumo,LIMA EXPRESA,VE-07,2026-06-05,Peaje de Santa Anita - P4,F400-00094845,-37.8,1982.4
Consumo,LIMA EXPRESA,VE-09,2026-06-05,Peaje de Separadora Salida - P3,F400-00094845,-18.9,1963.5
Consumo,LIMA EXPRESA,VE-12,2026-06-05,Peaje de Priale Salida - P7,F400-00094845,-25.2,1938.3
Consumo,LIMA EXPRESA,VE-36,2026-06-05,Peaje de Priale Entrada - P6,F400-00094845,-25.2,1913.1
Consumo,LIMA EXPRESA,VE-05,2026-06-05,Peaje de Separadora Salida - P3,F400-00094845,-18.9,1894.2
Consumo,LIMA EXPRESA,VE-35,2026-06-05,Peaje de Priale Salida - P7,F400-00094845,-25.2,1869.0
Consumo,LIMA EXPRESA,VE-36,2026-06-05,Peaje de Priale Salida - P7,F400-00094845,-25.2,1843.8
Consumo,LIMA EXPRESA,VE-33,2026-06-05,Peaje de Priale Salida - P7,F400-00094845,-25.2,1818.6
Consumo,LIMA EXPRESA,VE-12,2026-06-05,Peaje de Monterrico Entrada - P1,F400-00094845,-25.2,1793.4
Consumo,LIMA EXPRESA,VE-36,2026-06-05,Peaje de Monterrico Entrada - P1,F400-00094845,-25.2,1768.2
Consumo,LIMA EXPRESA,VE-35,2026-06-05,Peaje de Monterrico Entrada - P1,F400-00094845,-25.2,1743.0
Consumo,LIMA EXPRESA,VE-33,2026-06-05,Peaje de Monterrico Entrada - P1,F400-00094845,-25.2,1717.8
Consumo,LIMA EXPRESA,VE-36,2026-06-05,Peaje de Monterrico Salida - P2,F400-00094845,-25.2,1692.6
Consumo,LIMA EXPRESA,VE-12,2026-06-05,Peaje de Monterrico Salida - P2,F400-00094845,-25.2,1667.4
Consumo,LIMA EXPRESA,VE-35,2026-06-05,Peaje de Monterrico Salida - P2,F400-00094845,-25.2,1642.2
Consumo,LIMA EXPRESA,VE-27,2026-06-05,Peaje de Monterrico Salida - P2,F400-00094845,-25.2,1617.0
Consumo,LIMA EXPRESA,VE-12,2026-06-05,Peaje de Monterrico Entrada - P1,F400-00094845,-25.2,1591.8
Consumo,LIMA EXPRESA,VE-27,2026-06-05,Peaje de Priale Entrada - P6,F400-00094845,-25.2,1566.6
Consumo,LIMA EXPRESA,VE-31,2026-06-05,Peaje de Monterrico Salida - P2,F400-00094845,-25.2,1541.4
Consumo,LIMA EXPRESA,VE-35,2026-06-06,Peaje de Priale Entrada - P6,F400-00094845,-25.2,1516.2
Consumo,LIMA EXPRESA,VE-33,2026-06-06,Peaje de Priale Entrada - P6,F400-00094845,-25.2,1491.0
Consumo,LIMA EXPRESA,VE-10,2026-06-06,Peaje de El Pino - P5,F400-00094845,-37.8,1453.2
Consumo,LIMA EXPRESA,VE-07,2026-06-06,Peaje de El Pino - P5,F400-00094845,-37.8,1415.4
Consumo,LIMA EXPRESA,VE-10,2026-06-06,Peaje de Separadora Salida - P3,F400-00094845,-37.8,1377.6
Consumo,LIMA EXPRESA,VE-12,2026-06-06,Peaje de Monterrico Entrada - P1,F400-00094845,-25.2,1352.4
Consumo,LIMA EXPRESA,VE-35,2026-06-06,Peaje de Priale Salida - P7,F400-00094845,-25.2,1327.2
Consumo,LIMA EXPRESA,VE-33,2026-06-06,Peaje de Priale Salida - P7,F400-00094845,-25.2,1302.0
Consumo,LIMA EXPRESA,VE-07,2026-06-06,Peaje de Santa Anita - P4,F400-00094845,-37.8,1264.2
Consumo,LIMA EXPRESA,VE-07,2026-06-06,Peaje Huánuco – P8   ,F400-00094845,-37.8,1226.4
Consumo,LIMA EXPRESA,VE-09,2026-06-06,Peaje de El Pino - P5,F400-00094845,-37.8,1188.6
Consumo,LIMA EXPRESA,VE-12,2026-06-06,Peaje de Monterrico Salida - P2,F400-00094845,-25.2,1163.4
Consumo,LIMA EXPRESA,VE-09,2026-06-06,Peaje de Separadora Salida - P3,F400-00094845,-37.8,1125.6
Consumo,LIMA EXPRESA,VE-36,2026-06-06,Peaje de Monterrico Entrada - P1,F400-00094845,-25.2,1100.4
Recarga PEX,PEX,,2026-06-06,,TR006-001125077,1500.0,2600.4
Consumo,LIMA EXPRESA,VE-36,2026-06-06,Peaje de Monterrico Salida - P2,F400-00094845,-25.2,2575.2
Consumo,LIMA EXPRESA,VE-12,2026-06-06,Peaje de El Pino - P5,F400-00094845,-25.2,2550.0
Consumo,LIMA EXPRESA,VE-27,2026-06-08,Peaje de Monterrico Entrada - P1,F400-00095815,-25.2,2524.8
Consumo,LIMA EXPRESA,VE-31,2026-06-08,Peaje de Monterrico Entrada - P1,F400-00095815,-25.2,2499.6
Consumo,LIMA EXPRESA,VE-35,2026-06-08,Peaje de Priale Entrada - P6,F400-00095815,-25.2,2474.4
Consumo,LIMA EXPRESA,VE-12,2026-06-08,Peaje de Priale Entrada - P6,F400-00095815,-25.2,2449.2
Consumo,LIMA EXPRESA,VE-36,2026-06-08,Peaje de Priale Entrada - P6,F400-00095815,-25.2,2424.0
Consumo,LIMA EXPRESA,VE-35,2026-06-08,Peaje de Priale Salida - P7,F400-00095815,-25.2,2398.8
Consumo,LIMA EXPRESA,VE-36,2026-06-08,Peaje de Priale Salida - P7,F400-00095815,-25.2,2373.6
Consumo,LIMA EXPRESA,VE-35,2026-06-08,Peaje de Monterrico Entrada - P1,F400-00095815,-25.2,2348.4
Consumo,LIMA EXPRESA,VE-08,2026-06-08,Peaje de El Pino - P5,F400-00095815,-18.9,2329.5
Consumo,LIMA EXPRESA,VE-08,2026-06-08,Peaje de Santa Anita - P4,F400-00095815,-37.8,2291.7
Consumo,LIMA EXPRESA,VE-09,2026-06-08,Peaje de El Pino - P5,F400-00095815,-37.8,2253.9
Consumo,LIMA EXPRESA,VE-10,2026-06-08,Peaje de El Pino - P5,F400-00095815,-37.8,2216.1
Consumo,LIMA EXPRESA,VE-09,2026-06-08,Peaje de Separadora Salida - P3,F400-00095815,-37.8,2178.3
Consumo,LIMA EXPRESA,VE-10,2026-06-08,Peaje de Separadora Salida - P3,F400-00095815,-37.8,2140.5
Consumo,LIMA EXPRESA,VE-12,2026-06-08,Peaje de Monterrico Entrada - P1,F400-00095815,-25.2,2115.3
Consumo,LIMA EXPRESA,VE-33,2026-06-08,Peaje de Monterrico Entrada - P1,F400-00095815,-25.2,2090.1
Consumo,LIMA EXPRESA,VE-11,2026-06-09,Peaje de Monterrico Entrada - P1,F400-00095815,-25.2,2064.9
Consumo,LIMA EXPRESA,VE-36,2026-06-09,Peaje de Priale Entrada - P6,F400-00095815,-25.2,2039.7
Consumo,LIMA EXPRESA,VE-33,2026-06-09,Peaje de Priale Entrada - P6,F400-00095815,-25.2,2014.5
Consumo,LIMA EXPRESA,VE-35,2026-06-09,Peaje de Priale Entrada - P6,F400-00095815,-25.2,1989.3
Consumo,LIMA EXPRESA,VE-13,2026-06-09,Peaje de Monterrico Entrada - P1,F400-00095815,-25.2,1964.1
Consumo,LIMA EXPRESA,VE-12,2026-06-09,Peaje de Priale Entrada - P6,F400-00095815,-25.2,1938.9
Consumo,LIMA EXPRESA,ANQ212,2026-06-09,Peaje Estadio – P10   ,F400-00095815,-6.3,1932.6
Consumo,LIMA EXPRESA,VE-13,2026-06-09,Peaje de Monterrico Salida - P2,F400-00095815,-25.2,1907.4
Consumo,LIMA EXPRESA,VE-11,2026-06-09,Peaje de Monterrico Salida - P2,F400-00095815,-25.2,1882.2
Consumo,LIMA EXPRESA,VE-36,2026-06-09,Peaje de Monterrico Entrada - P1,F400-00095815,-25.2,1857.0
Consumo,LIMA EXPRESA,VE-35,2026-06-09,Peaje de Monterrico Entrada - P1,F400-00095815,-25.2,1831.8
Consumo,LIMA EXPRESA,VE-33,2026-06-09,Peaje de Monterrico Entrada - P1,F400-00095815,-25.2,1806.6
Consumo,LIMA EXPRESA,VE-12,2026-06-09,Peaje de Monterrico Entrada - P1,F400-00095815,-25.2,1781.4
Consumo,LIMA EXPRESA,VE-36,2026-06-09,Peaje de Monterrico Salida - P2,F400-00095815,-25.2,1756.2
Consumo,LIMA EXPRESA,VE-07,2026-06-09,Peaje de El Pino - P5,F400-00095815,-37.8,1718.4
Consumo,LIMA EXPRESA,VE-35,2026-06-09,Peaje de Monterrico Salida - P2,F400-00095815,-25.2,1693.2
Consumo,LIMA EXPRESA,VE-07,2026-06-09,Peaje de Santa Anita - P4,F400-00095815,-37.8,1655.4
Consumo,LIMA EXPRESA,VE-33,2026-06-09,Peaje de Monterrico Salida - P2,F400-00095815,-25.2,1630.2
Consumo,LIMA EXPRESA,VE-36,2026-06-10,Peaje de Priale Entrada - P6,F400-00095815,-25.2,1605.0
Consumo,LIMA EXPRESA,VE-35,2026-06-10,Peaje de Priale Entrada - P6,F400-00095815,-25.2,1579.8
Consumo,LIMA EXPRESA,VE-33,2026-06-10,Peaje de Priale Entrada - P6,F400-00095815,-25.2,1554.6
Consumo,LIMA EXPRESA,VE-12,2026-06-10,Peaje de Priale Entrada - P6,F400-00095815,-25.2,1529.4
Consumo,LIMA EXPRESA,VE-35,2026-06-10,Peaje de Monterrico Salida - P2,F400-00095815,-25.2,1504.2
Consumo,LIMA EXPRESA,VE-33,2026-06-10,Peaje de Monterrico Entrada - P1,F400-00095815,-25.2,1479.0
Consumo,LIMA EXPRESA,VE-33,2026-06-10,Peaje de Monterrico Salida - P2,F400-00095815,-25.2,1453.8
Consumo,LIMA EXPRESA,VE-12,2026-06-10,Peaje de Monterrico Entrada - P1,F400-00095815,-25.2,1428.6
Recarga PEX,PEX,,2026-06-10,,TR006-001127437,1500.0,2928.6
Consumo,LIMA EXPRESA,VE-07,2026-06-11,Peaje de El Pino - P5,F400-00095815,-37.8,2890.8
Consumo,LIMA EXPRESA,VE-09,2026-06-11,Peaje de El Pino - P5,F400-00095815,-37.8,2853.0
Consumo,LIMA EXPRESA,VE-10,2026-06-11,Peaje de El Pino - P5,F400-00095815,-37.8,2815.2
Consumo,LIMA EXPRESA,VE-07,2026-06-11,Peaje de Santa Anita - P4,F400-00095815,-37.8,2777.4
Consumo,LIMA EXPRESA,VE-35,2026-06-11,Peaje de Priale Entrada - P6,F400-00095815,-25.2,2752.2
Consumo,LIMA EXPRESA,VE-33,2026-06-11,Peaje de Priale Entrada - P6,F400-00095815,-25.2,2727.0
Consumo,LIMA EXPRESA,VE-09,2026-06-11,Peaje de Separadora Salida - P3,F400-00095815,-37.8,2689.2
Consumo,LIMA EXPRESA,VE-05,2026-06-11,Peaje de El Pino - P5,F400-00095815,-37.8,2651.4
Consumo,LIMA EXPRESA,VE-10,2026-06-11,Peaje de Separadora Salida - P3,F400-00095815,-37.8,2613.6
Consumo,LIMA EXPRESA,VE-06,2026-06-11,Peaje de El Pino - P5,F400-00095815,-37.8,2575.8
Consumo,LIMA EXPRESA,VE-05,2026-06-11,Peaje de Separadora Salida - P3,F400-00095815,-37.8,2538.0
Consumo,LIMA EXPRESA,VE-06,2026-06-11,Peaje de Separadora Salida - P3,F400-00095815,-18.9,2519.1
Consumo,LIMA EXPRESA,VE-33,2026-06-11,Peaje de Priale Salida - P7,F400-00095815,-25.2,2493.9
Consumo,LIMA EXPRESA,VE-12,2026-06-11,Peaje de Monterrico Salida - P2,F400-00095815,-25.2,2468.7
Consumo,LIMA EXPRESA,CUC445,2026-06-11,Peaje Estadio – P10   ,F400-00095815,-6.3,2462.4
Consumo,LIMA EXPRESA,CUC445,2026-06-11,Peaje de Priale Salida - P7,F400-00095815,-6.3,2456.1
Consumo,LIMA EXPRESA,VE-06,2026-06-11,Peaje de El Pino - P5,F400-00095815,-37.8,2418.3
Consumo,LIMA EXPRESA,VE-33,2026-06-11,Peaje de Monterrico Entrada - P1,F400-00095815,-25.2,2393.1
Consumo,LIMA EXPRESA,CUC445,2026-06-11,Peaje de Priale Entrada - P6,F400-00095815,-6.3,2386.8
Consumo,LIMA EXPRESA,CUC445,2026-06-11,Peaje Huánuco – P8   ,F400-00095815,-6.3,2380.5
Consumo,LIMA EXPRESA,VE-06,2026-06-11,Peaje de Separadora Salida - P3,F400-00095815,-18.9,2361.6
Consumo,LIMA EXPRESA,VE-33,2026-06-11,Peaje de Monterrico Salida - P2,F400-00095815,-25.2,2336.4
Consumo,LIMA EXPRESA,VE-33,2026-06-11,Peaje de Priale Salida - P7,F400-00095815,-25.2,2311.2
Consumo,LIMA EXPRESA,VE-07,2026-06-12,Peaje de El Pino - P5,F400-00095815,-18.9,2292.3
Consumo,LIMA EXPRESA,VE-10,2026-06-12,Peaje de El Pino - P5,F400-00095815,-37.8,2254.5
Consumo,LIMA EXPRESA,VE-09,2026-06-12,Peaje de El Pino - P5,F400-00095815,-37.8,2216.7
Consumo,LIMA EXPRESA,VE-07,2026-06-12,Peaje de Santa Anita - P4,F400-00095815,-37.8,2178.9
Consumo,LIMA EXPRESA,VE-35,2026-06-12,Peaje de Priale Entrada - P6,F400-00095815,-25.2,2153.7
Consumo,LIMA EXPRESA,VE-10,2026-06-12,Peaje de Separadora Salida - P3,F400-00095815,-37.8,2115.9
Consumo,LIMA EXPRESA,VE-33,2026-06-12,Peaje de Priale Entrada - P6,F400-00095815,-25.2,2090.7
Consumo,LIMA EXPRESA,VE-09,2026-06-12,Peaje de Separadora Salida - P3,F400-00095815,-37.8,2052.9
Consumo,LIMA EXPRESA,VE-05,2026-06-12,Peaje de El Pino - P5,F400-00095815,-37.8,2015.1
Consumo,LIMA EXPRESA,VE-12,2026-06-12,Peaje de Monterrico Entrada - P1,F400-00095815,-25.2,1989.9
Consumo,LIMA EXPRESA,VE-05,2026-06-12,Peaje de Separadora Salida - P3,F400-00095815,-37.8,1952.1
Consumo,LIMA EXPRESA,VE-35,2026-06-12,Peaje de Priale Salida - P7,F400-00095815,-25.2,1926.9
Consumo,LIMA EXPRESA,VE-33,2026-06-12,Peaje de Priale Salida - P7,F400-00095815,-25.2,1901.7
Consumo,LIMA EXPRESA,VE-12,2026-06-12,Peaje de Monterrico Salida - P2,F400-00095815,-25.2,1876.5
Consumo,LIMA EXPRESA,CUC445,2026-06-12,Peaje Estadio – P10   ,F400-00095815,-6.3,1870.2
Consumo,LIMA EXPRESA,CUC445,2026-06-12,Peaje de Monterrico Entrada - P1,F400-00095815,-6.3,1863.9
Consumo,LIMA EXPRESA,VE-06,2026-06-12,Peaje de El Pino - P5,F400-00095815,-37.8,1826.1
Consumo,LIMA EXPRESA,VE-35,2026-06-12,Peaje de Monterrico Entrada - P1,F400-00095815,-25.2,1800.9
Consumo,LIMA EXPRESA,VE-06,2026-06-12,Peaje de Separadora Salida - P3,F400-00095815,-37.8,1763.1
Consumo,LIMA EXPRESA,CUC445,2026-06-12,Peaje de Monterrico Salida - P2,F400-00095815,-6.3,1756.8
Consumo,LIMA EXPRESA,CUC445,2026-06-12,Peaje Huánuco – P8   ,F400-00095815,-6.3,1750.5
Consumo,LIMA EXPRESA,VE-09,2026-06-12,Peaje de El Pino - P5,F400-00095815,-37.8,1712.7
Consumo,LIMA EXPRESA,VE-09,2026-06-12,Peaje de Separadora Salida - P3,F400-00095815,-37.8,1674.9
Consumo,LIMA EXPRESA,VE-12,2026-06-12,Peaje de Monterrico Entrada - P1,F400-00095815,-25.2,1649.7
Consumo,LIMA EXPRESA,VE-35,2026-06-12,Peaje de Monterrico Salida - P2,F400-00095815,-25.2,1624.5
Consumo,LIMA EXPRESA,VE-05,2026-06-12,Peaje de El Pino - P5,F400-00095815,-37.8,1586.7
Consumo,LIMA EXPRESA,VE-33,2026-06-12,Peaje de Monterrico Salida - P2,F400-00095815,-25.2,1561.5
Consumo,LIMA EXPRESA,VE-05,2026-06-12,Peaje de Separadora Salida - P3,F400-00095815,-31.5,1530.0
Consumo,LIMA EXPRESA,VE-27,2026-06-12,Peaje de Monterrico Salida - P2,F400-00095815,-25.2,1504.8
Consumo,LIMA EXPRESA,VE-27,2026-06-12,Peaje Huánuco – P8   ,F400-00095815,-25.2,1479.6
Consumo,LIMA EXPRESA,VE-10,2026-06-13,Peaje de Monterrico Entrada - P1,F400-00095815,-37.8,1441.8
Consumo,LIMA EXPRESA,VE-09,2026-06-13,Peaje de El Pino - P5,F400-00095815,-37.8,1404.0
Consumo,LIMA EXPRESA,VE-35,2026-06-13,Peaje de Priale Entrada - P6,F400-00095815,-25.2,1378.8
Consumo,LIMA EXPRESA,VE-06,2026-06-13,Peaje de El Pino - P5,F400-00095815,-37.8,1341.0
Consumo,LIMA EXPRESA,VE-33,2026-06-13,Peaje de Priale Entrada - P6,F400-00095815,-25.2,1315.8
Consumo,LIMA EXPRESA,VE-09,2026-06-13,Peaje de Separadora Salida - P3,F400-00095815,-37.8,1278.0
Consumo,LIMA EXPRESA,VE-07,2026-06-13,Peaje de Monterrico Entrada - P1,F400-00095815,-37.8,1240.2
Consumo,LIMA EXPRESA,VE-06,2026-06-13,Peaje de Separadora Salida - P3,F400-00095815,-37.8,1202.4
Consumo,LIMA EXPRESA,VE-36,2026-06-13,Peaje de Priale Entrada - P6,F400-00095815,-25.2,1177.2
Consumo,LIMA EXPRESA,VE-35,2026-06-13,Peaje de Priale Salida - P7,F400-00095815,-25.2,1152.0
Consumo,LIMA EXPRESA,VE-12,2026-06-13,Peaje de Monterrico Entrada - P1,F400-00095815,-25.2,1126.8
Consumo,LIMA EXPRESA,VE-36,2026-06-13,Peaje Huánuco – P8   ,F400-00095815,-25.2,1101.6
Consumo,LIMA EXPRESA,VE-33,2026-06-13,Peaje de Priale Salida - P7,F400-00095815,-25.2,1076.4
Consumo,LIMA EXPRESA,VE-10,2026-06-13,Peaje de Monterrico Salida - P2,F400-00095815,-37.8,1038.6
Consumo,LIMA EXPRESA,VE-12,2026-06-13,Peaje de Monterrico Salida - P2,F400-00095815,-25.2,1013.4
Consumo,LIMA EXPRESA,VE-07,2026-06-13,Peaje de Monterrico Salida - P2,F400-00095815,-37.8,975.6
Consumo,LIMA EXPRESA,VE-08,2026-06-13,Peaje de El Pino - P5,F400-00095815,-37.8,937.8
Consumo,LIMA EXPRESA,VE-36,2026-06-13,Peaje de Priale Salida - P7,F400-00095815,-25.2,912.6
Consumo,LIMA EXPRESA,VE-08,2026-06-13,Peaje de Santa Anita - P4,F400-00095815,-37.8,874.8
Consumo,LIMA EXPRESA,VE-05,2026-06-13,Peaje de El Pino - P5,F400-00095815,-37.8,837.0
Consumo,LIMA EXPRESA,VE-37,2026-06-13,Peaje de Monterrico Salida - P2,F400-00095815,-25.2,811.8
Consumo,LIMA EXPRESA,VE-05,2026-06-13,Peaje de Separadora Salida - P3,F400-00095815,-37.8,774.0
Consumo,LIMA EXPRESA,VE-09,2026-06-13,Peaje de El Pino - P5,F400-00095815,-37.8,736.2
Consumo,LIMA EXPRESA,VE-09,2026-06-13,Peaje de Separadora Salida - P3,F400-00095815,-37.8,698.4
Consumo,LIMA EXPRESA,VE-06,2026-06-13,Peaje de El Pino - P5,F400-00095815,-37.8,660.6
Consumo,LIMA EXPRESA,VE-06,2026-06-13,Peaje de Separadora Salida - P3,F400-00095815,-37.8,622.8
Consumo,LIMA EXPRESA,VE-30,2026-06-13,Peaje de Monterrico Salida - P2,F400-00095815,-25.2,597.6
Consumo,LIMA EXPRESA,VE-31,2026-06-13,Peaje de Monterrico Salida - P2,F400-00095815,-25.2,572.4
Consumo,LIMA EXPRESA,APF856,2026-06-14,Peaje Estadio – P10   ,F400-00095815,-6.3,566.1
Consumo,LIMA EXPRESA,VE-37,2026-06-15,Peaje de Monterrico Entrada - P1,F400-00095815,-25.2,540.9
Consumo,LIMA EXPRESA,VE-31,2026-06-15,Peaje de Monterrico Entrada - P1,F400-00095815,-25.2,515.7
Consumo,LIMA EXPRESA,VE-30,2026-06-15,Peaje de Monterrico Entrada - P1,F400-00095815,-25.2,490.5
Consumo,LIMA EXPRESA,VE-07,2026-06-15,Peaje de El Pino - P5,F400-00095815,-37.8,452.7
Consumo,LIMA EXPRESA,VE-07,2026-06-15,Peaje de Santa Anita - P4,F400-00095815,-37.8,414.9
Consumo,LIMA EXPRESA,VE-12,2026-06-15,Peaje de Priale Entrada - P6,F400-00095815,-25.2,389.7
Consumo,LIMA EXPRESA,VE-36,2026-06-15,Peaje de Priale Entrada - P6,F400-00095815,-25.2,364.5
Consumo,LIMA EXPRESA,VE-07,2026-06-15,Peaje de El Pino - P5,F400-00095815,-37.8,326.7
Consumo,LIMA EXPRESA,VE-36,2026-06-15,Peaje de Priale Salida - P7,F400-00095815,-25.2,301.5
Consumo,LIMA EXPRESA,VE-07,2026-06-15,Peaje de Santa Anita - P4,F400-00095815,-37.8,263.7
Consumo,LIMA EXPRESA,VE-36,2026-06-15,Peaje de Priale Entrada - P6,F400-00095815,-25.2,238.5
Consumo,LIMA EXPRESA,VE-10,2026-06-15,Peaje de Separadora Salida - P3,F400-00095815,-31.5,207.0
Consumo,LIMA EXPRESA,VE-35,2026-06-15,Peaje de Monterrico Salida - P2,F400-00095815,-25.2,181.8
Consumo,LIMA EXPRESA,VE-36,2026-06-15,Peaje de Priale Salida - P7,F400-00095815,-25.2,156.6
Consumo,LIMA EXPRESA,VE-12,2026-06-15,Peaje de Monterrico Entrada - P1,F400-00095815,-25.2,131.4
Consumo,LIMA EXPRESA,VE-33,2026-06-15,Peaje de Monterrico Entrada - P1,F400-00095815,-25.2,106.2
Consumo,LIMA EXPRESA,VE-33,2026-06-15,Peaje de Monterrico Salida - P2,F400-00095815,-25.2,81.0
Consumo,LIMA EXPRESA,ANQ212,2026-06-16,Peaje Estadio – P10   ,F400-00096788,-6.3,74.7
Recarga PEX,PEX,,2026-06-16,,TR006-001130677,1500.0,1574.7
Consumo,LIMA EXPRESA,VE-36,2026-06-16,Peaje de Monterrico Entrada - P1,F400-00096788,-25.2,1549.5
Consumo,LIMA EXPRESA,VE-36,2026-06-16,Peaje de Monterrico Salida - P2,F400-00096788,-25.2,1524.3
Consumo,LIMA EXPRESA,VE-05,2026-06-16,Peaje de Monterrico Entrada - P1,F400-00096788,-37.8,1486.5
Consumo,LIMA EXPRESA,VE-05,2026-06-16,Peaje de Monterrico Salida - P2,F400-00096788,-37.8,1448.7
Consumo,LIMA EXPRESA,VE-35,2026-06-17,Peaje de Priale Entrada - P6,F400-00096788,-25.2,1423.5
Consumo,LIMA EXPRESA,VE-33,2026-06-17,Peaje de Priale Entrada - P6,F400-00096788,-25.2,1398.3
Consumo,LIMA EXPRESA,VE-05,2026-06-17,Peaje de Priale Salida - P7,F400-00096788,-37.8,1360.5
Consumo,LIMA EXPRESA,VE-12,2026-06-17,Peaje de Monterrico Entrada - P1,F400-00096788,-25.2,1335.3
Consumo,LIMA EXPRESA,VE-12,2026-06-17,Peaje de Monterrico Salida - P2,F400-00096788,-25.2,1310.1
Consumo,LIMA EXPRESA,VE-35,2026-06-17,Peaje de Monterrico Entrada - P1,F400-00096788,-25.2,1284.9
Consumo,LIMA EXPRESA,VE-33,2026-06-17,Peaje de Monterrico Entrada - P1,F400-00096788,-25.2,1259.7
Consumo,LIMA EXPRESA,VE-12,2026-06-17,Peaje de Monterrico Entrada - P1,F400-00096788,-25.2,1234.5
Consumo,LIMA EXPRESA,VE-36,2026-06-17,Peaje de Monterrico Entrada - P1,F400-00096788,-25.2,1209.3
Consumo,LIMA EXPRESA,VE-35,2026-06-17,Peaje de Monterrico Salida - P2,F400-00096788,-25.2,1184.1
Consumo,LIMA EXPRESA,VE-33,2026-06-17,Peaje de Monterrico Salida - P2,F400-00096788,-25.2,1158.9
Consumo,LIMA EXPRESA,VE-12,2026-06-17,Peaje de Monterrico Salida - P2,F400-00096788,-25.2,1133.7
Consumo,LIMA EXPRESA,VE-12,2026-06-17,Peaje de Monterrico Entrada - P1,F400-00096788,-25.2,1108.5
Consumo,LIMA EXPRESA,VE-05,2026-06-17,Peaje de Monterrico Entrada - P1,F400-00096788,-37.8,1070.7
Consumo,LIMA EXPRESA,VE-33,2026-06-17,Peaje de Monterrico Entrada - P1,F400-00096788,-25.2,1045.5
Consumo,LIMA EXPRESA,VE-36,2026-06-17,Peaje de Monterrico Salida - P2,F400-00096788,-25.2,1020.3
Consumo,LIMA EXPRESA,CUC445,2026-06-17,Peaje Estadio – P10   ,F400-00096788,-6.3,1014.0
Consumo,LIMA EXPRESA,CUC445,2026-06-17,Peaje de Monterrico Entrada - P1,F400-00096788,-6.3,1007.7
Consumo,LIMA EXPRESA,VE-33,2026-06-17,Peaje de Monterrico Salida - P2,F400-00096788,-25.2,982.5
Recarga PEX,PEX,,2026-06-17,,TR006-001131678,2500.0,3482.5
Consumo,LIMA EXPRESA,VE-07,2026-06-17,Peaje de El Pino - P5,F400-00096788,-37.8,3444.7
Consumo,LIMA EXPRESA,VE-07,2026-06-17,Peaje de Santa Anita - P4,F400-00096788,-37.8,3406.9
Consumo,LIMA EXPRESA,CUC445,2026-06-17,Peaje de Santa Anita - P4,F400-00096788,-6.3,3400.6
Consumo,LIMA EXPRESA,CUC445,2026-06-17,Peaje Huánuco – P8   ,F400-00096788,-6.3,3394.3
Consumo,LIMA EXPRESA,VE-09,2026-06-18,Peaje de El Pino - P5,F400-00096788,-37.8,3356.5
Consumo,LIMA EXPRESA,VE-35,2026-06-18,Peaje de Priale Entrada - P6,F400-00096788,-25.2,3331.3
Consumo,LIMA EXPRESA,VE-33,2026-06-18,Peaje de Priale Entrada - P6,F400-00096788,-25.2,3306.1
Consumo,LIMA EXPRESA,VE-36,2026-06-18,Peaje de Monterrico Entrada - P1,F400-00096788,-25.2,3280.9
Consumo,LIMA EXPRESA,VE-12,2026-06-18,Peaje de Priale Entrada - P6,F400-00096788,-25.2,3255.7
Consumo,LIMA EXPRESA,VE-09,2026-06-18,Peaje de Separadora Salida - P3,F400-00096788,-18.9,3236.8
Consumo,LIMA EXPRESA,VE-10,2026-06-18,Peaje de El Pino - P5,F400-00096788,-37.8,3199.0
Consumo,LIMA EXPRESA,VE-05,2026-06-18,Peaje de Priale Salida - P7,F400-00096788,-37.8,3161.2
Consumo,LIMA EXPRESA,VE-10,2026-06-18,Peaje de Separadora Salida - P3,F400-00096788,-18.9,3142.3
Consumo,LIMA EXPRESA,VE-06,2026-06-18,Peaje de El Pino - P5,F400-00096788,-18.9,3123.4
Consumo,LIMA EXPRESA,VE-06,2026-06-18,Peaje de Separadora Salida - P3,F400-00096788,-37.8,3085.6
Consumo,LIMA EXPRESA,VE-36,2026-06-18,Peaje de Monterrico Salida - P2,F400-00096788,-25.2,3060.4
Consumo,LIMA EXPRESA,VE-35,2026-06-18,Peaje de Monterrico Entrada - P1,F400-00096788,-25.2,3035.2
Consumo,LIMA EXPRESA,VE-05,2026-06-18,Peaje de Priale Salida - P7,F400-00096788,-37.8,2997.4
Consumo,LIMA EXPRESA,VE-12,2026-06-18,Peaje de Monterrico Entrada - P1,F400-00096788,-25.2,2972.2
Consumo,LIMA EXPRESA,VE-36,2026-06-18,Peaje de Monterrico Entrada - P1,F400-00096788,-25.2,2947.0
Consumo,LIMA EXPRESA,VE-35,2026-06-18,Peaje de Monterrico Salida - P2,F400-00096788,-25.2,2921.8
Consumo,LIMA EXPRESA,VE-10,2026-06-18,Peaje de El Pino - P5,F400-00096788,-37.8,2884.0
Consumo,LIMA EXPRESA,VE-33,2026-06-18,Peaje de Monterrico Salida - P2,F400-00096788,-25.2,2858.8
Consumo,LIMA EXPRESA,VE-10,2026-06-18,Peaje de Separadora Salida - P3,F400-00096788,-18.9,2839.9
Consumo,LIMA EXPRESA,VE-12,2026-06-18,Peaje de Monterrico Salida - P2,F400-00096788,-25.2,2814.7
Consumo,LIMA EXPRESA,VE-36,2026-06-18,Peaje de Monterrico Salida - P2,F400-00096788,-25.2,2789.5
Consumo,LIMA EXPRESA,VE-12,2026-06-18,Peaje de Monterrico Entrada - P1,F400-00096788,-25.2,2764.3
Consumo,LIMA EXPRESA,VE-33,2026-06-18,Peaje de Monterrico Entrada - P1,F400-00096788,-25.2,2739.1
Consumo,LIMA EXPRESA,CUC445,2026-06-18,Peaje Estadio – P10   ,F400-00096788,-6.3,2732.8
Consumo,LIMA EXPRESA,VE-35,2026-06-18,Peaje de Monterrico Salida - P2,F400-00096788,-25.2,2707.6
Consumo,LIMA EXPRESA,VE-33,2026-06-18,Peaje de Monterrico Salida - P2,F400-00096788,-25.2,2682.4
Consumo,LIMA EXPRESA,CUC445,2026-06-18,Peaje de Monterrico Salida - P2,F400-00096788,-6.3,2676.1
Consumo,LIMA EXPRESA,CUC445,2026-06-18,Peaje Huánuco – P8   ,F400-00096788,-6.3,2669.8
Consumo,LIMA EXPRESA,VE-29,2026-06-19,Peaje de Monterrico Entrada - P1,F400-00096788,-25.2,2644.6
Consumo,LIMA EXPRESA,VE-09,2026-06-19,Peaje de El Pino - P5,F400-00096788,-37.8,2606.8
Consumo,LIMA EXPRESA,VE-35,2026-06-19,Peaje de Priale Entrada - P6,F400-00096788,-25.2,2581.6
Consumo,LIMA EXPRESA,VE-33,2026-06-19,Peaje de Priale Entrada - P6,F400-00096788,-25.2,2556.4
Consumo,LIMA EXPRESA,VE-36,2026-06-19,Peaje de Priale Entrada - P6,F400-00096788,-25.2,2531.2
Consumo,LIMA EXPRESA,VE-29,2026-06-19,Peaje de Monterrico Salida - P2,F400-00096788,-25.2,2506.0
Consumo,LIMA EXPRESA,VE-09,2026-06-19,Peaje de Separadora Salida - P3,F400-00096788,-37.8,2468.2
Consumo,LIMA EXPRESA,VE-05,2026-06-19,Peaje de Priale Salida - P7,F400-00096788,-37.8,2430.4
Consumo,LIMA EXPRESA,VE-12,2026-06-19,Peaje de Monterrico Entrada - P1,F400-00096788,-25.2,2405.2
Consumo,LIMA EXPRESA,VE-07,2026-06-19,Peaje de El Pino - P5,F400-00096788,-37.8,2367.4
Consumo,LIMA EXPRESA,VE-35,2026-06-19,Peaje de Priale Salida - P7,F400-00096788,-25.2,2342.2
Consumo,LIMA EXPRESA,VE-33,2026-06-19,Peaje de Priale Salida - P7,F400-00096788,-25.2,2317.0
Consumo,LIMA EXPRESA,VE-07,2026-06-19,Peaje de Santa Anita - P4,F400-00096788,-37.8,2279.2
Consumo,LIMA EXPRESA,VE-36,2026-06-19,Peaje de Priale Salida - P7,F400-00096788,-25.2,2254.0
Consumo,LIMA EXPRESA,VE-12,2026-06-19,Peaje de Monterrico Salida - P2,F400-00096788,-25.2,2228.8
Consumo,LIMA EXPRESA,VE-05,2026-06-19,Peaje de Monterrico Entrada - P1,F400-00096788,-37.8,2191.0
Consumo,LIMA EXPRESA,VE-36,2026-06-19,Peaje de Monterrico Entrada - P1,F400-00096788,-25.2,2165.8
Consumo,LIMA EXPRESA,VE-33,2026-06-19,Peaje de Monterrico Entrada - P1,F400-00096788,-25.2,2140.6
Consumo,LIMA EXPRESA,VE-05,2026-06-19,Peaje de Monterrico Salida - P2,F400-00096788,-37.8,2102.8
Consumo,LIMA EXPRESA,VE-36,2026-06-19,Peaje de Monterrico Salida - P2,F400-00096788,-25.2,2077.6
Consumo,LIMA EXPRESA,VE-33,2026-06-19,Peaje de Monterrico Salida - P2,F400-00096788,-25.2,2052.4
Consumo,LIMA EXPRESA,VE-12,2026-06-19,Peaje de Monterrico Entrada - P1,F400-00096788,-25.2,2027.2
Consumo,LIMA EXPRESA,CUC445,2026-06-19,Peaje de Monterrico Salida - P2,F400-00096788,-6.3,2020.9
Consumo,LIMA EXPRESA,CUC445,2026-06-19,Peaje Huánuco – P8   ,F400-00096788,-6.3,2014.6
Consumo,LIMA EXPRESA,VE-07,2026-06-19,Peaje de El Pino - P5,F400-00096788,-37.8,1976.8
Consumo,LIMA EXPRESA,VE-07,2026-06-19,Peaje de Santa Anita - P4,F400-00096788,-37.8,1939.0
Consumo,LIMA EXPRESA,VE-29,2026-06-19,Peaje de Monterrico Entrada - P1,F400-00096788,-25.2,1913.8
Consumo,LIMA EXPRESA,VE-29,2026-06-20,Peaje de Monterrico Salida - P2,F400-00096788,-25.2,1888.6
Consumo,LIMA EXPRESA,VE-10,2026-06-20,Peaje de El Pino - P5,F400-00096788,-37.8,1850.8
Consumo,LIMA EXPRESA,VE-35,2026-06-20,Peaje de Priale Entrada - P6,F400-00096788,-25.2,1825.6
Consumo,LIMA EXPRESA,VE-33,2026-06-20,Peaje de Priale Entrada - P6,F400-00096788,-25.2,1800.4
Consumo,LIMA EXPRESA,VE-10,2026-06-20,Peaje de Separadora Salida - P3,F400-00096788,-37.8,1762.6
Consumo,LIMA EXPRESA,VE-36,2026-06-20,Peaje de Priale Entrada - P6,F400-00096788,-25.2,1737.4
Consumo,LIMA EXPRESA,VE-35,2026-06-20,Peaje de Priale Salida - P7,F400-00096788,-25.2,1712.2
Consumo,LIMA EXPRESA,ANQ212,2026-06-20,Peaje Huánuco – P8   ,F400-00096788,-6.3,1705.9
Consumo,LIMA EXPRESA,VE-09,2026-06-20,Peaje de El Pino - P5,F400-00096788,-37.8,1668.1
Consumo,LIMA EXPRESA,VE-09,2026-06-20,Peaje de Separadora Salida - P3,F400-00096788,-37.8,1630.3
Consumo,LIMA EXPRESA,VE-07,2026-06-20,Peaje de El Pino - P5,F400-00096788,-37.8,1592.5
Recarga PEX,PEX,,2026-06-20,,TR006-001133401,1000.0,2592.5
Consumo,LIMA EXPRESA,VE-07,2026-06-20,Peaje de Santa Anita - P4,F400-00096788,-37.8,2554.7
Consumo,LIMA EXPRESA,VE-10,2026-06-20,Peaje de El Pino - P5,F400-00096788,-37.8,2516.9
Consumo,LIMA EXPRESA,VE-31,2026-06-20,Peaje de Monterrico Salida - P2,F400-00096788,-25.2,2491.7
Consumo,LIMA EXPRESA,VE-10,2026-06-20,Peaje de Separadora Salida - P3,F400-00096788,-18.9,2472.8
Consumo,LIMA EXPRESA,VE-06,2026-06-20,Peaje de El Pino - P5,F400-00096788,-37.8,2435.0
Consumo,LIMA EXPRESA,VE-06,2026-06-20,Peaje de Separadora Salida - P3,F400-00096788,-37.8,2397.2
Consumo,LIMA EXPRESA,VE-33,2026-06-20,Peaje Estadio – P10   ,F400-00096788,-25.2,2372.0
Consumo,LIMA EXPRESA,VE-36,2026-06-20,Peaje de Priale Salida - P7,F400-00096788,-25.2,2346.8
Consumo,LIMA EXPRESA,VE-33,2026-06-20,Peaje de Priale Salida - P7,F400-00096788,-25.2,2321.6
Consumo,LIMA EXPRESA,VE-37,2026-06-20,Peaje de Monterrico Salida - P2,F400-00096788,-25.2,2296.4
Consumo,LIMA EXPRESA,VE-29,2026-06-20,Peaje de Monterrico Entrada - P1,F400-00096788,-25.2,2271.2
Consumo,LIMA EXPRESA,VE-19,2026-06-20,Peaje Estadio – P10   ,F400-00096788,-25.2,2246.0
Consumo,LIMA EXPRESA,VE-37,2026-06-20,Peaje de Monterrico Entrada - P1,F400-00096788,-25.2,2220.8
Consumo,LIMA EXPRESA,VE-29,2026-06-20,Peaje de Monterrico Entrada - P1,F400-00096788,-25.2,2195.6
Consumo,LIMA EXPRESA,VE-29,2026-06-20,Peaje de Monterrico Salida - P2,F400-00096788,-25.2,2170.4
Consumo,LIMA EXPRESA,VE-19,2026-06-21,Peaje de Monterrico Entrada - P1,F400-00096788,-25.2,2145.2
Consumo,LIMA EXPRESA,VE-19,2026-06-21,Peaje de Monterrico Salida - P2,F400-00096788,-25.2,2120.0
Consumo,LIMA EXPRESA,VE-29,2026-06-21,Peaje de Monterrico Entrada - P1,F400-00096788,-25.2,2094.8
Consumo,LIMA EXPRESA,VE-19,2026-06-21,Peaje Estadio – P10   ,F400-00096788,-25.2,2069.6
Consumo,LIMA EXPRESA,VE-19,2026-06-21,Peaje de Monterrico Entrada - P1,F400-00096788,-25.2,2044.4
Consumo,LIMA EXPRESA,VE-29,2026-06-21,Peaje de Monterrico Salida - P2,F400-00096788,-25.2,2019.2
Consumo,LIMA EXPRESA,VE-19,2026-06-21,Peaje de Monterrico Salida - P2,F400-00096788,-25.2,1994.0
Consumo,LIMA EXPRESA,VE-27,2026-06-22,Peaje de Monterrico Entrada - P1,F400-00096788,-25.2,1968.8
Consumo,LIMA EXPRESA,VE-30,2026-06-22,Peaje de Monterrico Entrada - P1,F400-00096788,-25.2,1943.6
Consumo,LIMA EXPRESA,VE-05,2026-06-22,Peaje de Priale Salida - P7,F400-00096788,-37.8,1905.8
Consumo,LIMA EXPRESA,VE-29,2026-06-22,Peaje de Monterrico Entrada - P1,F400-00096788,-25.2,1880.6
Consumo,LIMA EXPRESA,VE-19,2026-06-22,Peaje Estadio – P10   ,F400-00096788,-25.2,1855.4
Consumo,LIMA EXPRESA,VE-19,2026-06-22,Peaje de Monterrico Entrada - P1,F400-00096788,-25.2,1830.2
Consumo,LIMA EXPRESA,VE-12,2026-06-22,Peaje de Priale Entrada - P6,F400-00096788,-25.2,1805.0
Consumo,LIMA EXPRESA,VE-05,2026-06-22,Peaje de Priale Entrada - P6,F400-00096788,-37.8,1767.2
Consumo,LIMA EXPRESA,VE-29,2026-06-22,Peaje de Monterrico Salida - P2,F400-00096788,-25.2,1742.0
Consumo,LIMA EXPRESA,VE-10,2026-06-22,Peaje de El Pino - P5,F400-00096788,-37.8,1704.2
Consumo,LIMA EXPRESA,VE-10,2026-06-22,Peaje de Separadora Salida - P3,F400-00096788,-37.8,1666.4
Consumo,LIMA EXPRESA,VE-19,2026-06-22,Peaje de Monterrico Salida - P2,F400-00096788,-25.2,1641.2
Consumo,LIMA EXPRESA,VE-12,2026-06-22,Peaje de Priale Entrada - P6,F400-00096788,-25.2,1616.0
Consumo,LIMA EXPRESA,VE-09,2026-06-22,Peaje de El Pino - P5,F400-00096788,-37.8,1578.2
Consumo,LIMA EXPRESA,VE-09,2026-06-22,Peaje de Separadora Salida - P3,F400-00096788,-37.8,1540.4
Consumo,LIMA EXPRESA,VE-07,2026-06-22,Peaje de El Pino - P5,F400-00096788,-37.8,1502.6
Consumo,LIMA EXPRESA,VE-07,2026-06-22,Peaje de Santa Anita - P4,F400-00096788,-37.8,1464.8
Recarga PEX,PEX,,2026-06-22,,TR006-001134532,1500.0,2964.8
Consumo,LIMA EXPRESA,CUC445,2026-06-22,Peaje Estadio – P10   ,F400-00096788,-6.3,2958.5
Consumo,LIMA EXPRESA,CUC445,2026-06-22,Peaje de Monterrico Entrada - P1,F400-00097770,-6.3,2952.2
Consumo,LIMA EXPRESA,CUC445,2026-06-22,Peaje de Monterrico Salida - P2,F400-00096788,-6.3,2945.9
Consumo,LIMA EXPRESA,CUC445,2026-06-22,Peaje Huánuco – P8   ,F400-00096788,-6.3,2939.6
Consumo,LIMA EXPRESA,VE-29,2026-06-22,Peaje de Monterrico Entrada - P1,F400-00096788,-25.2,2914.4
Consumo,LIMA EXPRESA,VE-19,2026-06-22,Peaje de Monterrico Salida - P2,F400-00097770,-25.2,2889.2
Consumo,LIMA EXPRESA,VE-29,2026-06-22,Peaje de Monterrico Salida - P2,F400-00097770,-25.2,2864.0
Consumo,LIMA EXPRESA,VE-29,2026-06-23,Peaje de Monterrico Entrada - P1,F400-00097770,-25.2,2838.8
Consumo,LIMA EXPRESA,VE-19,2026-06-23,Peaje de Monterrico Salida - P2,F400-00097770,-25.2,2813.6
Consumo,LIMA EXPRESA,VE-29,2026-06-23,Peaje de Monterrico Salida - P2,F400-00097770,-25.2,2788.4
Consumo,LIMA EXPRESA,VE-05,2026-06-23,Peaje Estadio – P10   ,F400-00097770,-31.5,2756.9
Consumo,LIMA EXPRESA,VE-05,2026-06-23,Peaje de Priale Salida - P7,F400-00097770,-37.8,2719.1
Consumo,LIMA EXPRESA,VE-35,2026-06-23,Peaje de Priale Entrada - P6,F400-00097770,-25.2,2693.9
Consumo,LIMA EXPRESA,VE-33,2026-06-23,Peaje de Priale Entrada - P6,F400-00097770,-25.2,2668.7
Consumo,LIMA EXPRESA,VE-36,2026-06-23,Peaje de Monterrico Entrada - P1,F400-00097770,-25.2,2643.5
Consumo,LIMA EXPRESA,CUC445,2026-06-23,Peaje Estadio – P10   ,F400-00097770,-6.3,2637.2
Consumo,LIMA EXPRESA,VE-12,2026-06-23,Peaje de Priale Entrada - P6,F400-00097770,-25.2,2612.0
Consumo,LIMA EXPRESA,CUC445,2026-06-23,Peaje de Monterrico Entrada - P1,F400-00097770,-6.3,2605.7
Consumo,LIMA EXPRESA,CUC445,2026-06-23,Peaje de Monterrico Salida - P2,F400-00097770,-6.3,2599.4
Consumo,LIMA EXPRESA,CUC445,2026-06-23,Peaje Huánuco – P8   ,F400-00097770,-6.3,2593.1
Consumo,LIMA EXPRESA,ANQ212,2026-06-23,Peaje Estadio – P10   ,F400-00097770,-6.3,2586.8
Consumo,LIMA EXPRESA,VE-36,2026-06-23,Peaje de Monterrico Salida - P2,F400-00097770,-25.2,2561.6
Consumo,LIMA EXPRESA,VE-03,2026-06-23,Peaje Estadio – P10   ,F400-00097770,-18.9,2542.7
Consumo,LIMA EXPRESA,VE-12,2026-06-23,Peaje de Priale Entrada - P6,F400-00097770,-25.2,2517.5
Consumo,LIMA EXPRESA,VE-36,2026-06-23,Peaje de Monterrico Entrada - P1,F400-00097770,-25.2,2492.3
Consumo,LIMA EXPRESA,VE-07,2026-06-23,Peaje de El Pino - P5,F400-00097770,-37.8,2454.5
Consumo,LIMA EXPRESA,VE-33,2026-06-23,Peaje de Monterrico Entrada - P1,F400-00097770,-25.2,2429.3
Consumo,LIMA EXPRESA,VE-35,2026-06-23,Peaje de Monterrico Entrada - P1,F400-00097770,-25.2,2404.1
Consumo,LIMA EXPRESA,VE-36,2026-06-23,Peaje de Monterrico Salida - P2,F400-00097770,-25.2,2378.9
Consumo,LIMA EXPRESA,VE-07,2026-06-23,Peaje de Santa Anita - P4,F400-00097770,-37.8,2341.1
Consumo,LIMA EXPRESA,VE-12,2026-06-23,Peaje de Monterrico Entrada - P1,F400-00097770,-25.2,2315.9
Consumo,LIMA EXPRESA,VE-33,2026-06-23,Peaje de Monterrico Salida - P2,F400-00097770,-25.2,2290.7
Consumo,LIMA EXPRESA,VE-35,2026-06-23,Peaje de Monterrico Salida - P2,F400-00097770,-25.2,2265.5
Consumo,LIMA EXPRESA,VE-19,2026-06-23,Peaje Estadio – P10   ,F400-00097770,-25.2,2240.3
Consumo,LIMA EXPRESA,VE-29,2026-06-23,Peaje Estadio – P10   ,F400-00097770,-25.2,2215.1
Consumo,LIMA EXPRESA,VE-29,2026-06-23,Peaje de Monterrico Entrada - P1,F400-00097770,-25.2,2189.9
Consumo,LIMA EXPRESA,VE-29,2026-06-23,Peaje de Monterrico Salida - P2,F400-00097770,-25.2,2164.7
Consumo,LIMA EXPRESA,VE-29,2026-06-24,Peaje de Monterrico Entrada - P1,F400-00097770,-25.2,2139.5
Consumo,LIMA EXPRESA,VE-19,2026-06-24,Peaje Estadio – P10   ,F400-00097770,-25.2,2114.3
Consumo,LIMA EXPRESA,VE-19,2026-06-24,Peaje de Monterrico Entrada - P1,F400-00097770,-25.2,2089.1
Consumo,LIMA EXPRESA,VE-29,2026-06-24,Peaje de Monterrico Salida - P2,F400-00097770,-25.2,2063.9
Consumo,LIMA EXPRESA,VE-19,2026-06-24,Peaje de Monterrico Salida - P2,F400-00097770,-25.2,2038.7
Consumo,LIMA EXPRESA,VE-29,2026-06-24,Peaje de Monterrico Entrada - P1,F400-00097770,-25.2,2013.5
Consumo,LIMA EXPRESA,VE-09,2026-06-24,Peaje de El Pino - P5,F400-00097770,-37.8,1975.7
Consumo,LIMA EXPRESA,VE-19,2026-06-24,Peaje de Monterrico Entrada - P1,F400-00097770,-25.2,1950.5
Consumo,LIMA EXPRESA,VE-35,2026-06-24,Peaje de Monterrico Entrada - P1,F400-00097770,-25.2,1925.3
Consumo,LIMA EXPRESA,VE-33,2026-06-24,Peaje de Monterrico Entrada - P1,F400-00097770,-25.2,1900.1
Consumo,LIMA EXPRESA,VE-10,2026-06-24,Peaje de El Pino - P5,F400-00097770,-37.8,1862.3
Consumo,LIMA EXPRESA,VE-05,2026-06-24,Peaje de Priale Salida - P7,F400-00097770,-37.8,1824.5
Consumo,LIMA EXPRESA,VE-12,2026-06-24,Peaje de Monterrico Entrada - P1,F400-00097770,-25.2,1799.3
Consumo,LIMA EXPRESA,VE-09,2026-06-24,Peaje de Separadora Salida - P3,F400-00097770,-37.8,1761.5
Consumo,LIMA EXPRESA,VE-10,2026-06-24,Peaje de Separadora Salida - P3,F400-00097770,-18.9,1742.6
Consumo,LIMA EXPRESA,VE-35,2026-06-24,Peaje de Monterrico Salida - P2,F400-00097770,-25.2,1717.4
Consumo,LIMA EXPRESA,VE-33,2026-06-24,Peaje de Monterrico Salida - P2,F400-00097770,-25.2,1692.2
Consumo,LIMA EXPRESA,VE-12,2026-06-24,Peaje de Monterrico Salida - P2,F400-00097770,-25.2,1667.0
Consumo,LIMA EXPRESA,VE-19,2026-06-24,Peaje de Monterrico Salida - P2,F400-00097770,-25.2,1641.8
Consumo,LIMA EXPRESA,VE-29,2026-06-24,Peaje de Monterrico Salida - P2,F400-00097770,-25.2,1616.6
Consumo,LIMA EXPRESA,APF856,2026-06-24,Peaje Estadio – P10   ,F400-00097770,-6.3,1610.3
Consumo,LIMA EXPRESA,APF856,2026-06-24,Peaje de Priale Salida - P7,F400-00097770,-6.3,1604.0
Consumo,LIMA EXPRESA,VE-35,2026-06-24,Peaje de Monterrico Entrada - P1,F400-00097770,-25.2,1578.8
Consumo,LIMA EXPRESA,VE-05,2026-06-24,Peaje de Monterrico Entrada - P1,F400-00097770,-37.8,1541.0
Consumo,LIMA EXPRESA,VE-33,2026-06-24,Peaje de Monterrico Entrada - P1,F400-00097770,-25.2,1515.8
Consumo,LIMA EXPRESA,VE-12,2026-06-24,Peaje de Monterrico Entrada - P1,F400-00097770,-25.2,1490.6
Consumo,LIMA EXPRESA,APF856,2026-06-24,Peaje de Priale Entrada - P6,F400-00097770,-6.3,1484.3
Consumo,LIMA EXPRESA,APF856,2026-06-24,Peaje Huánuco – P8   ,F400-00097770,-6.3,1478.0
Consumo,LIMA EXPRESA,VE-05,2026-06-24,Peaje de Monterrico Salida - P2,F400-00097770,-37.8,1440.2
Consumo,LIMA EXPRESA,VE-35,2026-06-24,Peaje de Monterrico Salida - P2,F400-00097770,-25.2,1415.0
Consumo,LIMA EXPRESA,VE-33,2026-06-24,Peaje de Monterrico Salida - P2,F400-00097770,-25.2,1389.8
Consumo,LIMA EXPRESA,VE-35,2026-06-24,Peaje de Priale Salida - P7,F400-00097770,-25.2,1364.6
Consumo,LIMA EXPRESA,VE-33,2026-06-24,Peaje de Priale Salida - P7,F400-00097770,-25.2,1339.4
Recarga PEX,PEX,,2026-06-24,,TR006-001135868,2500.0,3839.4
Consumo,LIMA EXPRESA,VE-29,2026-06-25,Peaje de Monterrico Entrada - P1,F400-00097770,-25.2,3814.2
Consumo,LIMA EXPRESA,VE-29,2026-06-25,Peaje de Monterrico Salida - P2,F400-00097770,-25.2,3789.0
Consumo,LIMA EXPRESA,VE-35,2026-06-25,Peaje de Monterrico Entrada - P1,F400-00097770,-25.2,3763.8
Consumo,LIMA EXPRESA,VE-33,2026-06-25,Peaje de Monterrico Entrada - P1,F400-00097770,-25.2,3738.6
Consumo,LIMA EXPRESA,VE-05,2026-06-25,Peaje de Priale Salida - P7,F400-00097770,-31.5,3707.1
Consumo,LIMA EXPRESA,VE-07,2026-06-25,Peaje de El Pino - P5,F400-00097770,-37.8,3669.3
Consumo,LIMA EXPRESA,VE-07,2026-06-25,Peaje de Santa Anita - P4,F400-00097770,-37.8,3631.5
Consumo,LIMA EXPRESA,VE-12,2026-06-25,Peaje de Monterrico Entrada - P1,F400-00097770,-25.2,3606.3
Consumo,LIMA EXPRESA,VE-33,2026-06-25,Peaje de Monterrico Salida - P2,F400-00097770,-25.2,3581.1
Consumo,LIMA EXPRESA,VE-35,2026-06-25,Peaje de Priale Salida - P7,F400-00097770,-25.2,3555.9
Consumo,LIMA EXPRESA,VE-12,2026-06-25,Peaje de Monterrico Salida - P2,F400-00097770,-25.2,3530.7
Consumo,LIMA EXPRESA,VE-33,2026-06-25,Peaje de Priale Salida - P7,F400-00097770,-25.2,3505.5
Consumo,LIMA EXPRESA,VE-09,2026-06-25,Peaje de El Pino - P5,F400-00097770,-37.8,3467.7
Consumo,LIMA EXPRESA,VE-10,2026-06-25,Peaje de El Pino - P5,F400-00097770,-37.8,3429.9
Consumo,LIMA EXPRESA,VE-09,2026-06-25,Peaje de Separadora Salida - P3,F400-00097770,-37.8,3392.1
Consumo,LIMA EXPRESA,VE-10,2026-06-25,Peaje de Separadora Salida - P3,F400-00097770,-31.5,3360.6
Consumo,LIMA EXPRESA,VE-35,2026-06-25,Peaje de Monterrico Entrada - P1,F400-00097770,-25.2,3335.4
Consumo,LIMA EXPRESA,VE-33,2026-06-25,Peaje de Monterrico Entrada - P1,F400-00097770,-25.2,3310.2
Consumo,LIMA EXPRESA,VE-12,2026-06-25,Peaje de Monterrico Entrada - P1,F400-00097770,-25.2,3285.0
Consumo,LIMA EXPRESA,VE-35,2026-06-25,Peaje de Monterrico Salida - P2,F400-00097770,-25.2,3259.8
Consumo,LIMA EXPRESA,CUC445,2026-06-25,Peaje de Monterrico Entrada - P1,F400-00097770,-6.3,3253.5
Consumo,LIMA EXPRESA,VE-33,2026-06-25,Peaje de Monterrico Salida - P2,F400-00097770,-25.2,3228.3
Consumo,LIMA EXPRESA,VE-12,2026-06-25,Peaje de Monterrico Salida - P2,F400-00097770,-25.2,3203.1
Consumo,LIMA EXPRESA,VE-35,2026-06-25,Peaje de Monterrico Entrada - P1,F400-00097770,-25.2,3177.9
Consumo,LIMA EXPRESA,VE-33,2026-06-25,Peaje de Monterrico Entrada - P1,F400-00097770,-25.2,3152.7
Consumo,LIMA EXPRESA,CUC445,2026-06-25,Peaje de Monterrico Salida - P2,F400-00097770,-6.3,3146.4
Consumo,LIMA EXPRESA,VE-35,2026-06-25,Peaje de Monterrico Salida - P2,F400-00097770,-25.2,3121.2
Consumo,LIMA EXPRESA,CUC445,2026-06-25,Peaje Huánuco – P8   ,F400-00097770,-6.3,3114.9
Consumo,LIMA EXPRESA,VE-33,2026-06-25,Peaje de Monterrico Salida - P2,F400-00097770,-25.2,3089.7
Consumo,LIMA EXPRESA,VE-33,2026-06-26,Peaje de Priale Entrada - P6,F400-00097770,-25.2,3064.5
Consumo,LIMA EXPRESA,VE-35,2026-06-26,Peaje de Priale Entrada - P6,F400-00097770,-25.2,3039.3
Consumo,LIMA EXPRESA,VE-33,2026-06-26,Peaje de Priale Entrada - P6,F400-00097770,-25.2,3014.1
Consumo,LIMA EXPRESA,VE-35,2026-06-26,Peaje de Monterrico Entrada - P1,F400-00097770,-25.2,2988.9
Consumo,LIMA EXPRESA,VE-35,2026-06-26,Peaje de Monterrico Salida - P2,F400-00097770,-25.2,2963.7
Consumo,LIMA EXPRESA,VE-30,2026-06-26,Peaje de Monterrico Salida - P2,F400-00097770,-25.2,2938.5
Consumo,LIMA EXPRESA,VE-33,2026-06-26,Peaje de Priale Salida - P7,F400-00097770,-25.2,2913.3
Consumo,LIMA EXPRESA,VE-09,2026-06-26,Peaje de El Pino - P5,F400-00097770,-37.8,2875.5
Consumo,LIMA EXPRESA,VE-10,2026-06-26,Peaje de El Pino - P5,F400-00097770,-37.8,2837.7
Consumo,LIMA EXPRESA,VE-09,2026-06-26,Peaje de Separadora Salida - P3,F400-00097770,-37.8,2799.9
Consumo,LIMA EXPRESA,VE-10,2026-06-26,Peaje de Separadora Salida - P3,F400-00097770,-37.8,2762.1
Consumo,LIMA EXPRESA,VE-29,2026-06-26,Peaje de Monterrico Entrada - P1,F400-00097770,-25.2,2736.9
Consumo,LIMA EXPRESA,VE-29,2026-06-26,Peaje de Monterrico Salida - P2,F400-00097770,-25.2,2711.7
Consumo,LIMA EXPRESA,VE-35,2026-06-27,Peaje de Priale Entrada - P6,F400-00097770,-25.2,2686.5
Consumo,LIMA EXPRESA,VE-33,2026-06-27,Peaje de Priale Entrada - P6,F400-00097770,-25.2,2661.3
Consumo,LIMA EXPRESA,VE-07,2026-06-27,Peaje de El Pino - P5,F400-00097770,-37.8,2623.5
Consumo,LIMA EXPRESA,VE-07,2026-06-27,Peaje de Santa Anita - P4,F400-00097770,-37.8,2585.7
Consumo,LIMA EXPRESA,VE-08,2026-06-27,Peaje de El Pino - P5,F400-00097770,-37.8,2547.9
Consumo,LIMA EXPRESA,VE-09,2026-06-27,Peaje de El Pino - P5,F400-00097770,-37.8,2510.1
Consumo,LIMA EXPRESA,VE-08,2026-06-27,Peaje de Santa Anita - P4,F400-00097770,-37.8,2472.3
Consumo,LIMA EXPRESA,VE-09,2026-06-27,Peaje de Separadora Salida - P3,F400-00097770,-37.8,2434.5
Consumo,LIMA EXPRESA,VE-10,2026-06-27,Peaje de El Pino - P5,F400-00097770,-37.8,2396.7
Consumo,LIMA EXPRESA,VE-10,2026-06-27,Peaje de Separadora Salida - P3,F400-00097770,-37.8,2358.9
Consumo,LIMA EXPRESA,VE-36,2026-06-27,Peaje de Priale Entrada - P6,F400-00097770,-25.2,2333.7
Consumo,LIMA EXPRESA,VE-05,2026-06-27,Peaje de El Pino - P5,F400-00097770,-37.8,2295.9
Consumo,LIMA EXPRESA,VE-05,2026-06-27,Peaje de Separadora Salida - P3,F400-00097770,-37.8,2258.1
Consumo,LIMA EXPRESA,VE-27,2026-06-27,Peaje de Monterrico Salida - P2,F400-00097770,-25.2,2232.9
Consumo,LIMA EXPRESA,VE-19,2026-06-27,Peaje de Monterrico Entrada - P1,F400-00097770,-25.2,2207.7
Consumo,LIMA EXPRESA,VE-19,2026-06-27,Peaje de Monterrico Salida - P2,F400-00097770,-25.2,2182.5
Consumo,LIMA EXPRESA,VE-19,2026-06-28,Peaje de Monterrico Entrada - P1,F400-00097770,-25.2,2157.3
Consumo,LIMA EXPRESA,VE-19,2026-06-28,Peaje de Monterrico Salida - P2,F400-00097770,-25.2,2132.1
Consumo,LIMA EXPRESA,VE-29,2026-06-28,Peaje de Monterrico Entrada - P1,F400-00097770,-25.2,2106.9
Consumo,LIMA EXPRESA,VE-29,2026-06-28,Peaje de Monterrico Salida - P2,F400-00097770,-25.2,2081.7
Consumo,LIMA EXPRESA,VE-29,2026-06-28,Peaje de Monterrico Salida - P2,F400-00097770,-25.2,2056.5
Consumo,LIMA EXPRESA,VE-29,2026-06-29,Peaje de Monterrico Entrada - P1,F400-00097770,-25.2,2031.3
Consumo,LIMA EXPRESA,VE-29,2026-06-29,Peaje de Monterrico Salida - P2,F400-00097770,-25.2,2006.1
Consumo,LIMA EXPRESA,VE-31,2026-06-30,Peaje de Monterrico Entrada - P1,F400-00097770,-25.2,1980.9
Consumo,LIMA EXPRESA,VE-30,2026-06-30,Peaje de Monterrico Entrada - P1,F400-00097770,-25.2,1955.7
Consumo,LIMA EXPRESA,VE-27,2026-06-30,Peaje de Monterrico Entrada - P1,F400-00097770,-25.2,1930.5
Consumo,LIMA EXPRESA,VE-05,2026-06-30,Peaje de Priale Salida - P7,F400-00097770,-37.8,1892.7
Consumo,LIMA EXPRESA,CUC445,2026-06-30,Peaje Estadio – P10   ,F400-00097770,-6.3,1886.4
Consumo,LIMA EXPRESA,CUC445,2026-06-30,Peaje de Monterrico Entrada - P1,F400-00097770,-6.3,1880.1
Consumo,LIMA EXPRESA,ANQ212,2026-06-30,Peaje Estadio – P10   ,F400-00097770,-6.3,1873.8
Consumo,LIMA EXPRESA,VE-09,2026-06-30,Peaje de El Pino - P5,F400-00097770,-37.8,1836.0
Consumo,LIMA EXPRESA,VE-08,2026-06-30,Peaje de El Pino - P5,F400-00097770,-37.8,1798.2
Consumo,LIMA EXPRESA,VE-09,2026-06-30,Peaje de Separadora Salida - P3,F400-00097770,-31.5,1766.7
Consumo,LIMA EXPRESA,VE-08,2026-06-30,Peaje de Santa Anita - P4,F400-00097770,-37.8,1728.9
Consumo,LIMA EXPRESA,CUC445,2026-06-30,Peaje Huánuco – P8   ,F400-00097770,-6.3,1722.6
Consumo,LIMA EXPRESA,VE-05,2026-06-30,Peaje de Monterrico Entrada - P1,F400-00098769,-37.8,1684.8
Consumo,LIMA EXPRESA,VE-07,2026-06-30,Peaje de El Pino - P5,F400-00097770,-37.8,1647.0
Consumo,LIMA EXPRESA,VE-05,2026-06-30,Peaje de Monterrico Salida - P2,F400-00098769,-37.8,1609.2
Consumo,LIMA EXPRESA,VE-07,2026-06-30,Peaje de Santa Anita - P4,F400-00097770,-31.5,1577.7
Consumo,LIMA EXPRESA,VE-10,2026-06-30,Peaje de El Pino - P5,F400-00097770,-37.8,1539.9
Consumo,LIMA EXPRESA,VE-10,2026-06-30,Peaje de Separadora Salida - P3,F400-00097770,-37.8,1502.1
Consumo,LIMA EXPRESA,VE-05,2026-06-30,Peaje de Priale Entrada - P6,F400-00097770,-37.8,1464.3
Recarga PEX,PEX,,2026-06-30,,TR006-001139121,2500.0,3964.3
Consumo,LIMA EXPRESA,VE-35,2026-07-01,Peaje de Priale Entrada - P6,F400-00098769,-25.2,3939.1
Consumo,LIMA EXPRESA,VE-33,2026-07-01,Peaje de Priale Entrada - P6,F400-00098769,-25.2,3913.9
Consumo,LIMA EXPRESA,VE-12,2026-07-01,Peaje de Priale Entrada - P6,F400-00098769,-25.2,3888.7
Consumo,LIMA EXPRESA,VE-05,2026-07-01,Peaje de Priale Salida - P7,F400-00098769,-37.8,3850.9
Consumo,LIMA EXPRESA,APF856,2026-07-01,Peaje Estadio – P10   ,F400-00098769,-6.3,3844.6
Consumo,LIMA EXPRESA,APF856,2026-07-01,Peaje Huánuco – P8   ,F400-00098769,-6.3,3838.3
Consumo,LIMA EXPRESA,VE-33,2026-07-01,Peaje de Monterrico Entrada - P1,F400-00098769,-25.2,3813.1
Consumo,LIMA EXPRESA,CUC445,2026-07-01,Peaje Estadio – P10   ,F400-00098769,-6.3,3806.8
Consumo,LIMA EXPRESA,CUC445,2026-07-01,Peaje de Monterrico Entrada - P1,F400-00098769,-6.3,3800.5
Consumo,LIMA EXPRESA,VE-33,2026-07-01,Peaje de Monterrico Salida - P2,F400-00098769,-25.2,3775.3
Consumo,LIMA EXPRESA,CUC445,2026-07-01,Peaje de Monterrico Salida - P2,F400-00098769,-6.3,3769.0
Consumo,LIMA EXPRESA,VE-31,2026-07-01,Peaje de Monterrico Salida - P2,F400-00098769,-25.2,3743.8
Consumo,LIMA EXPRESA,VE-10,2026-07-01,Peaje de El Pino - P5,F400-00098769,-37.8,3706.0
Consumo,LIMA EXPRESA,CUC445,2026-07-01,Peaje Huánuco – P8   ,F400-00098769,-6.3,3699.7
Consumo,LIMA EXPRESA,VE-10,2026-07-01,Peaje de Separadora Salida - P3,F400-00098769,-37.8,3661.9
Consumo,LIMA EXPRESA,VE-09,2026-07-02,Peaje de El Pino - P5,F400-00098769,-37.8,3624.1
Consumo,LIMA EXPRESA,VE-35,2026-07-02,Peaje de Priale Entrada - P6,F400-00098769,-25.2,3598.9
Consumo,LIMA EXPRESA,VE-33,2026-07-02,Peaje de Priale Entrada - P6,F400-00098769,-25.2,3573.7
Consumo,LIMA EXPRESA,VE-05,2026-07-02,Peaje de Monterrico Entrada - P1,F400-00098769,-37.8,3535.9
Consumo,LIMA EXPRESA,VE-09,2026-07-02,Peaje de Separadora Salida - P3,F400-00098769,-37.8,3498.1
Consumo,LIMA EXPRESA,VE-05,2026-07-02,Peaje de Monterrico Salida - P2,F400-00098769,-37.8,3460.3
Consumo,LIMA EXPRESA,VE-05,2026-07-02,Peaje de Priale Salida - P7,F400-00098769,-37.8,3422.5
Consumo,LIMA EXPRESA,VE-10,2026-07-03,Peaje de El Pino - P5,F400-00098769,-37.8,3384.7
Consumo,LIMA EXPRESA,VE-05,2026-07-03,Peaje de Priale Entrada - P6,F400-00098769,-37.8,3346.9
Consumo,LIMA EXPRESA,VE-09,2026-07-03,Peaje de El Pino - P5,F400-00098769,-37.8,3309.1
Consumo,LIMA EXPRESA,VE-35,2026-07-03,Peaje de Priale Entrada - P6,F400-00098769,-25.2,3283.9
Consumo,LIMA EXPRESA,VE-33,2026-07-03,Peaje de Priale Entrada - P6,F400-00098769,-25.2,3258.7
Consumo,LIMA EXPRESA,VE-07,2026-07-03,Peaje de El Pino - P5,F400-00098769,-37.8,3220.9
Consumo,LIMA EXPRESA,VE-10,2026-07-03,Peaje de Separadora Salida - P3,F400-00098769,-37.8,3183.1
Consumo,LIMA EXPRESA,VE-12,2026-07-03,Peaje de Priale Entrada - P6,F400-00098769,-25.2,3157.9
Consumo,LIMA EXPRESA,VE-06,2026-07-03,Peaje de Separadora Salida - P3,F400-00098769,-37.8,3120.1
Consumo,LIMA EXPRESA,VE-09,2026-07-03,Peaje de Separadora Salida - P3,F400-00098769,-37.8,3082.3
Consumo,LIMA EXPRESA,VE-07,2026-07-03,Peaje de Santa Anita - P4,F400-00098769,-31.5,3050.8
Consumo,LIMA EXPRESA,VE-05,2026-07-03,Peaje de Priale Salida - P7,F400-00098769,-37.8,3013.0
Consumo,LIMA EXPRESA,VE-33,2026-07-03,Peaje de Monterrico Entrada - P1,F400-00098769,-25.2,2987.8
Consumo,LIMA EXPRESA,VE-08,2026-07-03,Peaje de El Pino - P5,F400-00098769,-37.8,2950.0
Consumo,LIMA EXPRESA,VE-12,2026-07-03,Peaje de Monterrico Entrada - P1,F400-00098769,-25.2,2924.8
Consumo,LIMA EXPRESA,VE-08,2026-07-03,Peaje de Santa Anita - P4,F400-00098769,-37.8,2887.0
Consumo,LIMA EXPRESA,VE-12,2026-07-03,Peaje de Monterrico Salida - P2,F400-00098769,-25.2,2861.8
Consumo,LIMA EXPRESA,VE-12,2026-07-03,Peaje de Monterrico Entrada - P1,F400-00098769,-25.2,2836.6
Consumo,LIMA EXPRESA,VE-33,2026-07-03,Peaje de Monterrico Salida - P2,F400-00098769,-25.2,2811.4
Consumo,LIMA EXPRESA,VE-10,2026-07-03,Peaje de Separadora Salida - P3,F400-00098769,-37.8,2773.6
Consumo,LIMA EXPRESA,VE-06,2026-07-03,Peaje de El Pino - P5,F400-00098769,-37.8,2735.8
Consumo,LIMA EXPRESA,VE-06,2026-07-03,Peaje de Separadora Salida - P3,F400-00098769,-37.8,2698.0
Consumo,LIMA EXPRESA,VE-08,2026-07-03,Peaje de El Pino - P5,F400-00098769,-37.8,2660.2
Consumo,LIMA EXPRESA,VE-08,2026-07-03,Peaje de Santa Anita - P4,F400-00098769,-37.8,2622.4
Consumo,LIMA EXPRESA,VE-33,2026-07-04,Peaje de Priale Entrada - P6,F400-00098769,-25.2,2597.2
Consumo,LIMA EXPRESA,VE-12,2026-07-04,Peaje de Priale Entrada - P6,F400-00098769,-25.2,2572.0
Consumo,LIMA EXPRESA,VE-12,2026-07-04,Peaje de Priale Salida - P7,F400-00098769,-25.2,2546.8
Consumo,LIMA EXPRESA,VE-33,2026-07-04,Peaje de Priale Salida - P7,F400-00098769,-25.2,2521.6
Consumo,LIMA EXPRESA,VE-09,2026-07-04,Peaje de El Pino - P5,F400-00098769,-37.8,2483.8
Consumo,LIMA EXPRESA,VE-10,2026-07-04,Peaje de El Pino - P5,F400-00098769,-37.8,2446.0
Consumo,LIMA EXPRESA,VE-09,2026-07-04,Peaje de Separadora Salida - P3,F400-00098769,-37.8,2408.2
Consumo,LIMA EXPRESA,VE-10,2026-07-04,Peaje de Separadora Salida - P3,F400-00098769,-37.8,2370.4
Consumo,LIMA EXPRESA,VE-33,2026-07-04,Peaje de Priale Entrada - P6,F400-00098769,-25.2,2345.2
Consumo,LIMA EXPRESA,VE-07,2026-07-04,Peaje de El Pino - P5,F400-00098769,-37.8,2307.4
Consumo,LIMA EXPRESA,VE-07,2026-07-04,Peaje de Santa Anita - P4,F400-00098769,-37.8,2269.6
Consumo,LIMA EXPRESA,VE-12,2026-07-04,Peaje de Monterrico Salida - P2,F400-00098769,-25.2,2244.4
Consumo,LIMA EXPRESA,VE-33,2026-07-04,Peaje de Priale Salida - P7,F400-00098769,-25.2,2219.2
Consumo,LIMA EXPRESA,VE-37,2026-07-04,Peaje de Monterrico Salida - P2,F400-00098769,-25.2,2194.0
Consumo,LIMA EXPRESA,VE-12,2026-07-04,Peaje de El Pino - P5,F400-00098769,-25.2,2168.8
Consumo,LIMA EXPRESA,VE-27,2026-07-04,Peaje de Monterrico Salida - P2,F400-00098769,-25.2,2143.6
Consumo,LIMA EXPRESA,VE-37,2026-07-05,Peaje de Monterrico Entrada - P1,F400-00098769,-25.2,2118.4
Consumo,LIMA EXPRESA,VE-27,2026-07-06,Peaje de Monterrico Entrada - P1,F400-00098769,-25.2,2093.2
Consumo,LIMA EXPRESA,VE-05,2026-07-06,Peaje de Priale Salida - P7,F400-00098769,-37.8,2055.4
Consumo,LIMA EXPRESA,VE-33,2026-07-06,Peaje de Priale Entrada - P6,F400-00098769,-25.2,2030.2
Consumo,LIMA EXPRESA,VE-35,2026-07-06,Peaje de Priale Entrada - P6,F400-00098769,-25.2,2005.0
Consumo,LIMA EXPRESA,VE-12,2026-07-06,Peaje de Priale Entrada - P6,F400-00098769,-25.2,1979.8
Consumo,LIMA EXPRESA,VE-33,2026-07-06,Peaje de Priale Salida - P7,F400-00098769,-25.2,1954.6
Consumo,LIMA EXPRESA,VE-12,2026-07-06,Peaje de Priale Salida - P7,F400-00098769,-25.2,1929.4
Consumo,LIMA EXPRESA,VE-35,2026-07-06,Peaje de Priale Salida - P7,F400-00098769,-25.2,1904.2
Consumo,LIMA EXPRESA,VE-12,2026-07-06,Peaje de Monterrico Entrada - P1,F400-00098769,-25.2,1879.0
Consumo,LIMA EXPRESA,VE-33,2026-07-06,Peaje de Monterrico Entrada - P1,F400-00098769,-25.2,1853.8
Consumo,LIMA EXPRESA,VE-35,2026-07-06,Peaje de Priale Entrada - P6,F400-00098769,-25.2,1828.6
Consumo,LIMA EXPRESA,VE-33,2026-07-06,Peaje de Monterrico Salida - P2,F400-00098769,-25.2,1803.4
Consumo,LIMA EXPRESA,VE-35,2026-07-06,Peaje de Priale Salida - P7,F400-00098769,-25.2,1778.2
Consumo,LIMA EXPRESA,VE-12,2026-07-06,Peaje de Monterrico Salida - P2,F400-00098769,-25.2,1753.0
Recarga PEX,PEX,,2026-07-06,,TR006-001142768,2500.0,4253.0
Consumo,LIMA EXPRESA,VE-29,2026-07-06,Peaje de Monterrico Salida - P2,F400-00098769,-25.2,4227.8
Consumo,LIMA EXPRESA,VE-35,2026-07-07,Peaje de Priale Entrada - P6,F400-00098769,-25.2,4202.6
Consumo,LIMA EXPRESA,VE-09,2026-07-07,Peaje de El Pino - P5,F400-00098769,-37.8,4164.8
Consumo,LIMA EXPRESA,VE-33,2026-07-07,Peaje de Priale Entrada - P6,F400-00098769,-25.2,4139.6
Consumo,LIMA EXPRESA,VE-10,2026-07-07,Peaje de El Pino - P5,F400-00098769,-37.8,4101.8
Consumo,LIMA EXPRESA,VE-05,2026-07-07,Peaje de Priale Salida - P7,F400-00098769,-37.8,4064.0
Consumo,LIMA EXPRESA,VE-07,2026-07-07,Peaje de El Pino - P5,F400-00098769,-37.8,4026.2
Consumo,LIMA EXPRESA,VE-12,2026-07-07,Peaje de Monterrico Entrada - P1,F400-00098769,-25.2,4001.0
Consumo,LIMA EXPRESA,VE-09,2026-07-07,Peaje de Separadora Salida - P3,F400-00098769,-31.5,3969.5
Consumo,LIMA EXPRESA,VE-10,2026-07-07,Peaje de Separadora Salida - P3,F400-00098769,-31.5,3938.0
Consumo,LIMA EXPRESA,VE-07,2026-07-07,Peaje de Santa Anita - P4,F400-00098769,-37.8,3900.2
Consumo,LIMA EXPRESA,VE-12,2026-07-07,Peaje de Monterrico Salida - P2,F400-00098769,-25.2,3875.0
Consumo,LIMA EXPRESA,VE-35,2026-07-07,Peaje de Priale Salida - P7,F400-00098769,-25.2,3849.8
Consumo,LIMA EXPRESA,VE-33,2026-07-07,Peaje de Priale Salida - P7,F400-00098769,-25.2,3824.6
Consumo,LIMA EXPRESA,VE-12,2026-07-07,Peaje de Monterrico Entrada - P1,F400-00098769,-25.2,3799.4
Consumo,LIMA EXPRESA,VE-05,2026-07-07,Peaje de Monterrico Entrada - P1,F400-00098769,-37.8,3761.6
Consumo,LIMA EXPRESA,VE-33,2026-07-07,Peaje de Monterrico Entrada - P1,,-25.2,3736.4
Consumo,LIMA EXPRESA,VE-12,2026-07-07,Peaje de Monterrico Salida - P2,F400-00098769,-25.2,3711.2
Consumo,LIMA EXPRESA,VE-05,2026-07-07,Peaje de Monterrico Salida - P2,,-37.8,3673.4
Consumo,LIMA EXPRESA,VE-35,2026-07-07,Peaje de Monterrico Salida - P2,F400-00098769,-25.2,3648.2
Consumo,LIMA EXPRESA,VE-33,2026-07-07,Peaje de Monterrico Salida - P2,F400-00098769,-25.2,3623.0
Consumo,LIMA EXPRESA,VE-35,2026-07-07,Peaje de Monterrico Salida - P2,F400-00098769,-25.2,3597.8
Consumo,LIMA EXPRESA,VE-05,2026-07-08,Peaje de Priale Salida - P7,,-37.8,3560.0
Consumo,LIMA EXPRESA,VE-33,2026-07-08,Peaje de Priale Entrada - P6,,-25.2,3534.8
Consumo,LIMA EXPRESA,VE-35,2026-07-08,Peaje de Priale Entrada - P6,,-25.2,3509.6
Consumo,LIMA EXPRESA,VE-12,2026-07-08,Peaje de Priale Entrada - P6,,-25.2,3484.4
Consumo,LIMA EXPRESA,VE-12,2026-07-08,Peaje de Priale Salida - P7,,-25.2,3459.2
Consumo,LIMA EXPRESA,ANQ212,2026-07-08,Peaje Estadio – P10   ,,-6.3,3452.9
Consumo,LIMA EXPRESA,VE-33,2026-07-08,Peaje de Priale Salida - P7,,-25.2,3427.7
Consumo,LIMA EXPRESA,VE-35,2026-07-08,Peaje de Priale Salida - P7,,-25.2,3402.5
Consumo,LIMA EXPRESA,VE-12,2026-07-08,Peaje de Monterrico Entrada - P1,,-25.2,3377.3
Consumo,LIMA EXPRESA,VE-33,2026-07-08,Peaje de Monterrico Entrada - P1,,-25.2,3352.1
Consumo,LIMA EXPRESA,VE-35,2026-07-08,Peaje de Monterrico Entrada - P1,,-25.2,3326.9
Consumo,LIMA EXPRESA,VE-12,2026-07-08,Peaje de Monterrico Salida - P2,,-25.2,3301.7
Consumo,LIMA EXPRESA,VE-33,2026-07-08,Peaje de Monterrico Salida - P2,,-25.2,3276.5
Consumo,LIMA EXPRESA,VE-35,2026-07-08,Peaje de Monterrico Salida - P2,,-25.2,3251.3
Consumo,LIMA EXPRESA,VE-33,2026-07-08,Peaje de Monterrico Entrada - P1,,-25.2,3226.1
Consumo,LIMA EXPRESA,VE-33,2026-07-08,Peaje de Monterrico Salida - P2,,-25.2,3200.9
Consumo,LIMA EXPRESA,VE-09,2026-07-09,Peaje de El Pino - P5,,-37.8,3163.1
Consumo,LIMA EXPRESA,VE-07,2026-07-09,Peaje de El Pino - P5,,-37.8,3125.3
Consumo,LIMA EXPRESA,VE-10,2026-07-09,Peaje de El Pino - P5,,-37.8,3087.5
Consumo,LIMA EXPRESA,VE-35,2026-07-09,Peaje de Priale Entrada - P6,,-25.2,3062.3
Consumo,LIMA EXPRESA,VE-09,2026-07-09,Peaje de Separadora Salida - P3,,-37.8,3024.5
Consumo,LIMA EXPRESA,VE-33,2026-07-09,Peaje de Priale Entrada - P6,,-25.2,2999.3
Consumo,LIMA EXPRESA,VE-05,2026-07-09,Peaje de Priale Salida - P7,,-37.8,2961.5
Consumo,LIMA EXPRESA,VE-07,2026-07-09,Peaje de Santa Anita - P4,,-37.8,2923.7
Consumo,LIMA EXPRESA,VE-10,2026-07-09,Peaje de Separadora Salida - P3,,-37.8,2885.9
Consumo,LIMA EXPRESA,VE-12,2026-07-09,Peaje de Priale Entrada - P6,,-25.2,2860.7
Consumo,LIMA EXPRESA,VE-12,2026-07-09,Peaje de Priale Salida - P7,,-25.2,2835.5
Consumo,LIMA EXPRESA,VE-35,2026-07-09,Peaje de Priale Salida - P7,,-25.2,2810.3
Consumo,LIMA EXPRESA,VE-33,2026-07-09,Peaje de Priale Salida - P7,,-25.2,2785.1
Consumo,LIMA EXPRESA,VE-12,2026-07-09,Peaje de Monterrico Entrada - P1,,-25.2,2759.9
Consumo,LIMA EXPRESA,VE-12,2026-07-09,Peaje de Monterrico Salida - P2,,-25.2,2734.7
Consumo,LIMA EXPRESA,VE-33,2026-07-09,Peaje de Monterrico Salida - P2,,-25.2,2709.5
Consumo,LIMA EXPRESA,VE-07,2026-07-09,Peaje de El Pino - P5,,-37.8,2671.7
Consumo,LIMA EXPRESA,VE-10,2026-07-09,Peaje de El Pino - P5,,-37.8,2633.9
Consumo,LIMA EXPRESA,VE-36,2026-07-09,Peaje de Priale Salida - P7,,-25.2,2608.7
Consumo,LIMA EXPRESA,VE-07,2026-07-09,Peaje de Santa Anita - P4,,-37.8,2570.9
Consumo,LIMA EXPRESA,VE-10,2026-07-09,Peaje de Separadora Salida - P3,,-37.8,2533.1
Consumo,LIMA EXPRESA,VE-09,2026-07-09,Peaje de El Pino - P5,,-37.8,2495.3
Consumo,LIMA EXPRESA,VE-09,2026-07-09,Peaje de Separadora Salida - P3,,-18.9,2476.4
Consumo,LIMA EXPRESA,VE-12,2026-07-09,Peaje de Monterrico Entrada - P1,,-25.2,2451.2
Consumo,LIMA EXPRESA,VE-33,2026-07-09,Peaje de Monterrico Salida - P2,,-25.2,2426.0
Consumo,LIMA EXPRESA,VE-29,2026-07-09,Peaje de Monterrico Entrada - P1,,-25.2,2400.8
Consumo,LIMA EXPRESA,VE-29,2026-07-09,Peaje de Monterrico Salida - P2,,-25.2,2375.6
Consumo,LIMA EXPRESA,VE-07,2026-07-10,Peaje de El Pino - P5,,-37.8,2337.8
Consumo,LIMA EXPRESA,VE-07,2026-07-10,Peaje de Santa Anita - P4,,-37.8,2300.0
Consumo,LIMA EXPRESA,VE-10,2026-07-10,Peaje de El Pino - P5,,-37.8,2262.2
Consumo,LIMA EXPRESA,VE-03,2026-07-10,Peaje de El Pino - P5,,-37.8,2224.4
Consumo,LIMA EXPRESA,VE-08,2026-07-10,Peaje de El Pino - P5,,-37.8,2186.6
Consumo,LIMA EXPRESA,VE-10,2026-07-10,Peaje de Separadora Salida - P3,,-37.8,2148.8
Consumo,LIMA EXPRESA,VE-33,2026-07-10,Peaje de Priale Entrada - P6,,-25.2,2123.6
Consumo,LIMA EXPRESA,VE-03,2026-07-10,Peaje de Separadora Salida - P3,,-18.9,2104.7
Consumo,LIMA EXPRESA,VE-08,2026-07-10,Peaje de Santa Anita - P4,,-37.8,2066.9
Consumo,LIMA EXPRESA,VE-06,2026-07-10,Peaje de El Pino - P5,,-37.8,2029.1
Consumo,LIMA EXPRESA,VE-35,2026-07-10,Peaje de Priale Entrada - P6,,-25.2,2003.9
Consumo,LIMA EXPRESA,VE-06,2026-07-10,Peaje de Separadora Salida - P3,,-37.8,1966.1
