id,vehiculo_id,timestamp_gps,estado,velocidad,odometro,lat,lon
1,VE-22,2026-08-08 17:27:01,garaje,0,73614,-11.9734133,-77.1172749
2,VE-07,2026-08-10 01:09:10,garaje,0,72549.1,-11.84384,-77.1162316
3,VE-15,2026-08-10 01:08:30,garaje,0,56884.8,-11.9789066,-77.108565
4,VE-16,2026-08-10 01:09:10,garaje,0,57853.1,-11.9789549,-77.1086283
5,VE-18,2026-08-06 01:35:24,garaje,0,51255.9,-11.971765,-77.0930783
6,VE-12,2026-08-10 01:09:26,garaje,0,54300.3,-11.9788183,-77.108565
7,VE-03,2026-08-08 23:24:57,garaje,0,74208,-11.9692333,-77.08948
8,VE-01,2026-08-09 01:07:48,garaje,0,44646.1,-11.9062483,-77.05432
9,VE-30,2026-08-09 01:17:41,garaje,0,82495.8,-11.96028,-77.0932333
10,VE-02,2026-07-27 19:20:23,garaje,0,28952.5,-11.9825283,-77.1082299
11,VE-06,2026-08-10 01:08:46,garaje,0,31431.6,-12.0203383,-76.9245316
12,VE-36,2026-08-10 01:09:04,garaje,0,22975,-11.9904016,-76.9133516
13,VE-26,2026-07-18 00:36:58,garaje,0,6942.7,-11.9827316,-77.1083916
14,VE-27,2026-08-10 01:08:58,garaje,0,92998.2,-11.9758916,-77.113315
15,VE-35,2026-08-06 03:10:40,garaje,0,61878.2,-11.97223,-76.9396433
16,VE-19,2026-08-08 18:02:21,garaje,0,55155.8,-11.9535,-77.0913216
17,VE-37,2026-08-09 04:43:22,garaje,0,26620.4,-11.8473133,-77.02775
18,VE-13,2026-08-08 18:34:16,garaje,0,45665.5,-11.9507916,-77.0808566
19,VE-25,2026-08-08 18:17:37,garaje,0,60621.6,-11.9046816,-77.0531566
20,VE-05,2026-08-08 19:10:49,garaje,0,42736.5,-11.989685,-77.1146066
21,VE-17,2026-08-08 20:12:39,garaje,0,49822.3,-11.9896516,-77.114525
22,VE-33,2026-08-10 01:09:18,garaje,0,68251.9,-11.9766833,-76.9442233
23,VE-10,2026-08-08 17:33:57,garaje,0,61970.5,-11.9820333,-77.090095
24,VE-20,2026-07-08 23:27:22,garaje,0,65655.4,-11.9824266,-77.1082383
25,VE-14,2026-08-08 23:04:50,garaje,0,71461.3,-11.9829183,-77.1084499
26,VE-24,2026-08-08 20:27:10,garaje,0,47941.3,-11.7422366,-76.9660866
27,VE-08,2026-08-10 01:08:32,garaje,0,45773.6,-11.8765783,-77.0265833
28,VE-11,2026-08-08 18:13:12,garaje,0,60152.7,-11.98983,-77.1145566
29,VE-28,2026-08-08 16:35:06,garaje,0,72047.1,-11.9897333,-77.1143916
30,VE-31,2026-08-10 01:08:46,garaje,0,83004.8,-11.9784866,-77.1082716
31,VE-23,2026-08-10 01:08:32,garaje,0,51772.5,-11.950795,-77.0807533
32,VE-21,2026-06-20 07:27:28,garaje,0,31561.4,-11.979075,-77.1086533
33,VE-29,2026-08-10 01:09:09,garaje,0,97072,-11.8675949,-77.01615
34,VE-32,2026-08-08 19:00:16,garaje,0,74418.4,-12.2621533,-76.834915
35,VE-09,2026-08-10 01:08:25,garaje,0,61327.3,-11.9894533,-77.1143883
36,VE-19,2026-08-08 18:02:21,garaje,0,55155.8,-11.9535,-77.0913216
37,VE-06,2026-08-10 01:18:46,garaje,0,31431.6,-12.0203383,-76.9245316
38,VE-28,2026-08-08 16:35:06,garaje,0,72047.1,-11.9897333,-77.1143916
39,VE-23,2026-08-10 01:19:33,garaje,0,51772.5,-11.950795,-77.0807533
40,VE-30,2026-08-09 01:17:41,garaje,0,82495.8,-11.96028,-77.0932333
41,VE-36,2026-08-10 01:10:53,garaje,0,22975,-11.9904016,-76.9133516
42,VE-03,2026-08-08 23:24:57,garaje,0,74208,-11.9692333,-77.08948
43,VE-15,2026-08-10 01:19:31,garaje,0,56884.8,-11.9789066,-77.108565
44,VE-22,2026-08-08 17:27:01,garaje,0,73614,-11.9734133,-77.1172749
45,VE-32,2026-08-08 19:00:16,garaje,0,74418.4,-12.2621533,-76.834915
46,VE-05,2026-08-08 19:10:49,garaje,0,42736.5,-11.989685,-77.1146066
47,VE-09,2026-08-10 01:19:26,garaje,0,61327.3,-11.9894533,-77.1143883
48,VE-21,2026-06-20 07:27:28,garaje,0,31561.4,-11.979075,-77.1086533
49,VE-07,2026-08-10 01:19:10,garaje,0,72549.1,-11.84384,-77.1162316
50,VE-18,2026-08-06 01:35:24,garaje,0,51255.9,-11.971765,-77.0930783
51,VE-08,2026-08-10 01:19:33,garaje,0,45773.6,-11.8765783,-77.0265833
52,VE-20,2026-07-08 23:27:22,garaje,0,65655.4,-11.9824266,-77.1082383
53,VE-12,2026-08-10 01:19:26,garaje,0,54300.3,-11.9788183,-77.108565
54,VE-10,2026-08-08 17:33:57,garaje,0,61970.5,-11.9820333,-77.090095
55,VE-35,2026-08-06 03:10:40,garaje,0,61878.2,-11.97223,-76.9396433
56,VE-25,2026-08-08 18:17:37,garaje,0,60621.6,-11.9046816,-77.0531566
57,VE-24,2026-08-08 20:27:10,garaje,0,47941.3,-11.7422366,-76.9660866
58,VE-31,2026-08-10 01:18:47,garaje,0,83004.8,-11.9784866,-77.1082716
59,VE-26,2026-07-18 00:36:58,garaje,0,6942.7,-11.9827316,-77.1083916
60,VE-17,2026-08-08 20:12:39,garaje,0,49822.3,-11.9896516,-77.114525
61,VE-27,2026-08-10 01:18:59,garaje,0,92998.2,-11.9758916,-77.113315
62,VE-11,2026-08-08 18:13:12,garaje,0,60152.7,-11.98983,-77.1145566
63,VE-16,2026-08-10 01:19:11,garaje,0,57853.1,-11.9789549,-77.1086283
64,VE-01,2026-08-09 01:07:48,garaje,0,44646.1,-11.9062483,-77.05432
65,VE-29,2026-08-10 01:19:11,garaje,0,97072,-11.8675949,-77.01615
66,VE-13,2026-08-08 18:34:16,garaje,0,45665.5,-11.9507916,-77.0808566
67,VE-33,2026-08-10 01:19:19,garaje,0,68251.9,-11.9766833,-76.9442233
68,VE-37,2026-08-09 04:43:22,garaje,0,26620.4,-11.8473133,-77.02775
69,VE-14,2026-08-08 23:04:50,garaje,0,71461.3,-11.9829183,-77.1084499
70,VE-02,2026-07-27 19:20:23,garaje,0,28952.5,-11.9825283,-77.1082299
71,VE-30,2026-08-09 01:17:41,garaje,0,82495.8,-11.96028,-77.0932333
72,VE-28,2026-08-08 16:35:06,garaje,0,72047.1,-11.9897333,-77.1143916
73,VE-12,2026-08-10 01:29:26,garaje,0,54300.3,-11.9788183,-77.108565
74,VE-26,2026-07-18 00:36:58,garaje,0,6942.7,-11.9827316,-77.1083916
75,VE-25,2026-08-08 18:17:37,garaje,0,60621.6,-11.9046816,-77.0531566
76,VE-01,2026-08-09 01:07:48,garaje,0,44646.1,-11.9062483,-77.05432
77,VE-35,2026-08-06 03:10:40,garaje,0,61878.2,-11.97223,-76.9396433
78,VE-10,2026-08-08 17:33:57,garaje,0,61970.5,-11.9820333,-77.090095
79,VE-36,2026-08-10 01:10:53,garaje,0,22975,-11.9904016,-76.9133516
80,VE-18,2026-08-06 01:35:24,garaje,0,51255.9,-11.971765,-77.0930783
81,VE-22,2026-08-08 17:27:01,garaje,0,73614,-11.9734133,-77.1172749
82,VE-05,2026-08-08 19:10:49,garaje,0,42736.5,-11.989685,-77.1146066
83,VE-17,2026-08-08 20:12:39,garaje,0,49822.3,-11.9896516,-77.114525
84,VE-07,2026-08-10 01:29:12,garaje,0,72549.1,-11.84384,-77.1162316
85,VE-20,2026-07-08 23:27:22,garaje,0,65655.4,-11.9824266,-77.1082383
86,VE-29,2026-08-10 01:29:32,garaje,0,97072,-11.867485,-77.0160816
87,VE-33,2026-08-10 01:22:20,garaje,0,68251.9,-11.9766833,-76.9442233
88,VE-02,2026-07-27 19:20:23,garaje,0,28952.5,-11.9825283,-77.1082299
89,VE-21,2026-06-20 07:27:28,garaje,0,31561.4,-11.979075,-77.1086533
90,VE-23,2026-08-10 01:29:34,garaje,0,51772.5,-11.950795,-77.0807533
91,VE-27,2026-08-10 01:29:01,garaje,0,92998.2,-11.9758916,-77.113315
92,VE-32,2026-08-08 19:00:16,garaje,0,74418.4,-12.2621533,-76.834915
93,VE-15,2026-08-10 01:29:33,garaje,0,56884.8,-11.9789066,-77.108565
94,VE-08,2026-08-10 01:29:34,garaje,0,45773.6,-11.8765783,-77.0265833
95,VE-06,2026-08-10 01:29:46,garaje,0,31431.6,-12.0203383,-76.9245316
96,VE-13,2026-08-08 18:34:16,garaje,0,45665.5,-11.9507916,-77.0808566
97,VE-14,2026-08-08 23:04:50,garaje,0,71461.3,-11.9829183,-77.1084499
98,VE-16,2026-08-10 01:29:12,garaje,0,57853.1,-11.9789549,-77.1086283
99,VE-03,2026-08-08 23:24:57,garaje,0,74208,-11.9692333,-77.08948
100,VE-19,2026-08-08 18:02:21,garaje,0,55155.8,-11.9535,-77.0913216
101,VE-37,2026-08-09 04:43:22,garaje,0,26620.4,-11.8473133,-77.02775
102,VE-31,2026-08-10 01:28:48,garaje,0,83004.8,-11.9784866,-77.1082716
103,VE-11,2026-08-08 18:13:12,garaje,0,60152.7,-11.98983,-77.1145566
104,VE-24,2026-08-08 20:27:10,garaje,0,47941.3,-11.7422366,-76.9660866
105,VE-09,2026-08-10 01:29:28,garaje,0,61327.3,-11.9894533,-77.1143883
106,VE-27,2026-08-10 01:39:02,garaje,0,92998.2,-11.9758916,-77.113315
107,VE-37,2026-08-09 04:43:22,garaje,0,26620.4,-11.8473133,-77.02775
108,VE-30,2026-08-09 01:17:41,garaje,0,82495.8,-11.96028,-77.0932333
109,VE-19,2026-08-08 18:02:21,garaje,0,55155.8,-11.9535,-77.0913216
110,VE-16,2026-08-10 01:39:12,garaje,0,57853.1,-11.9789549,-77.1086283
111,VE-35,2026-08-06 03:10:40,garaje,0,61878.2,-11.97223,-76.9396433
112,VE-09,2026-08-10 01:39:29,garaje,0,61327.3,-11.9894533,-77.1143883
113,VE-31,2026-08-10 01:39:49,garaje,0,83004.8,-11.9784866,-77.1082716
114,VE-24,2026-08-08 20:27:10,garaje,0,47941.3,-11.7422366,-76.9660866
115,VE-29,2026-08-10 01:39:44,garaje,0,97072,-11.867485,-77.0160816
116,VE-25,2026-08-08 18:17:37,garaje,0,60621.6,-11.9046816,-77.0531566
117,VE-26,2026-07-18 00:36:58,garaje,0,6942.7,-11.9827316,-77.1083916
118,VE-18,2026-08-06 01:35:24,garaje,0,51255.9,-11.971765,-77.0930783
119,VE-22,2026-08-08 17:27:01,garaje,0,73614,-11.9734133,-77.1172749
120,VE-36,2026-08-10 01:10:53,garaje,0,22975,-11.9904016,-76.9133516
121,VE-28,2026-08-08 16:35:06,garaje,0,72047.1,-11.9897333,-77.1143916
122,VE-07,2026-08-10 01:38:57,garaje,0,72549.1,-11.84385,-77.1163233
123,VE-06,2026-08-10 01:39:46,garaje,0,31431.6,-12.0203383,-76.9245316
124,VE-20,2026-07-08 23:27:22,garaje,0,65655.4,-11.9824266,-77.1082383
125,VE-08,2026-08-10 01:39:35,garaje,0,45773.6,-11.8765783,-77.0265833
126,VE-17,2026-08-08 20:12:39,garaje,0,49822.3,-11.9896516,-77.114525
127,VE-05,2026-08-08 19:10:49,garaje,0,42736.5,-11.989685,-77.1146066
128,VE-21,2026-06-20 07:27:28,garaje,0,31561.4,-11.979075,-77.1086533
129,VE-11,2026-08-08 18:13:12,garaje,0,60152.7,-11.98983,-77.1145566
130,VE-03,2026-08-08 23:24:57,garaje,0,74208,-11.9692333,-77.08948
131,VE-33,2026-08-10 01:22:20,garaje,0,68251.9,-11.9766833,-76.9442233
132,VE-15,2026-08-10 01:39:34,garaje,0,56884.8,-11.9789066,-77.108565
133,VE-23,2026-08-10 01:39:35,garaje,0,51772.5,-11.950795,-77.0807533
134,VE-12,2026-08-10 01:39:26,garaje,0,54300.3,-11.9788183,-77.108565
135,VE-13,2026-08-08 18:34:16,garaje,0,45665.5,-11.9507916,-77.0808566
136,VE-10,2026-08-08 17:33:57,garaje,0,61970.5,-11.9820333,-77.090095
137,VE-02,2026-07-27 19:20:23,garaje,0,28952.5,-11.9825283,-77.1082299
138,VE-01,2026-08-09 01:07:48,garaje,0,44646.1,-11.9062483,-77.05432
139,VE-32,2026-08-08 19:00:16,garaje,0,74418.4,-12.2621533,-76.834915
140,VE-14,2026-08-08 23:04:50,garaje,0,71461.3,-11.9829183,-77.1084499
141,VE-30,2026-08-09 01:17:41,garaje,0,82495.8,-11.96028,-77.0932333
142,VE-32,2026-08-08 19:00:16,garaje,0,74418.4,-12.2621533,-76.834915
143,VE-13,2026-08-08 18:34:16,garaje,0,45665.5,-11.9507916,-77.0808566
144,VE-29,2026-08-10 01:49:25,garaje,0,97072,-11.867485,-77.0160816
145,VE-15,2026-08-10 01:49:35,garaje,0,56884.8,-11.9789066,-77.108565
146,VE-24,2026-08-08 20:27:10,garaje,0,47941.3,-11.7422366,-76.9660866
147,VE-33,2026-08-10 01:22:20,garaje,0,68251.9,-11.9766833,-76.9442233
148,VE-01,2026-08-09 01:07:48,garaje,0,44646.1,-11.9062483,-77.05432
149,VE-31,2026-08-10 01:49:50,garaje,0,83004.8,-11.9784866,-77.1082716
150,VE-03,2026-08-08 23:24:57,garaje,0,74208,-11.9692333,-77.08948
151,VE-14,2026-08-08 23:04:50,garaje,0,71461.3,-11.9829183,-77.1084499
152,VE-23,2026-08-10 01:49:36,garaje,0,51772.5,-11.950795,-77.0807533
153,VE-36,2026-08-10 01:10:53,garaje,0,22975,-11.9904016,-76.9133516
154,VE-07,2026-08-10 01:49:58,garaje,0,72549.1,-11.84385,-77.1163233
155,VE-21,2026-06-20 07:27:28,garaje,0,31561.4,-11.979075,-77.1086533
156,VE-37,2026-08-09 04:43:22,garaje,0,26620.4,-11.8473133,-77.02775
157,VE-27,2026-08-10 01:50:03,garaje,0,92998.2,-11.9758916,-77.113315
158,VE-09,2026-08-10 01:49:29,garaje,0,61327.3,-11.9894533,-77.1143883
159,VE-22,2026-08-08 17:27:01,garaje,0,73614,-11.9734133,-77.1172749
160,VE-12,2026-08-10 01:49:26,garaje,0,54300.3,-11.9788183,-77.108565
161,VE-16,2026-08-10 01:49:13,garaje,0,57853.1,-11.9789549,-77.1086283
162,VE-35,2026-08-06 03:10:40,garaje,0,61878.2,-11.97223,-76.9396433
163,VE-10,2026-08-08 17:33:57,garaje,0,61970.5,-11.9820333,-77.090095
164,VE-06,2026-08-10 01:49:46,garaje,0,31431.6,-12.0203383,-76.9245316
165,VE-26,2026-07-18 00:36:58,garaje,0,6942.7,-11.9827316,-77.1083916
166,VE-17,2026-08-08 20:12:39,garaje,0,49822.3,-11.9896516,-77.114525
167,VE-19,2026-08-08 18:02:21,garaje,0,55155.8,-11.9535,-77.0913216
168,VE-02,2026-07-27 19:20:23,garaje,0,28952.5,-11.9825283,-77.1082299
169,VE-08,2026-08-10 01:49:36,garaje,0,45773.6,-11.8765783,-77.0265833
170,VE-18,2026-08-06 01:35:24,garaje,0,51255.9,-11.971765,-77.0930783
171,VE-25,2026-08-08 18:17:37,garaje,0,60621.6,-11.9046816,-77.0531566
172,VE-20,2026-07-08 23:27:22,garaje,0,65655.4,-11.9824266,-77.1082383
173,VE-28,2026-08-08 16:35:06,garaje,0,72047.1,-11.9897333,-77.1143916
174,VE-05,2026-08-08 19:10:49,garaje,0,42736.5,-11.989685,-77.1146066
175,VE-11,2026-08-08 18:13:12,garaje,0,60152.7,-11.98983,-77.1145566
176,VE-09,2026-08-10 01:59:30,garaje,0,61327.3,-11.9894533,-77.1143883
177,VE-25,2026-08-08 18:17:37,garaje,0,60621.6,-11.9046816,-77.0531566
178,VE-18,2026-08-06 01:35:24,garaje,0,51255.9,-11.971765,-77.0930783
179,VE-27,2026-08-10 02:00:04,garaje,0,92998.2,-11.9758916,-77.113315
180,VE-37,2026-08-09 04:43:22,garaje,0,26620.4,-11.8473133,-77.02775
181,VE-20,2026-07-08 23:27:22,garaje,0,65655.4,-11.9824266,-77.1082383
182,VE-13,2026-08-08 18:34:16,garaje,0,45665.5,-11.9507916,-77.0808566
183,VE-07,2026-08-10 01:59:59,garaje,0,72549.1,-11.84385,-77.1163233
184,VE-02,2026-07-27 19:20:23,garaje,0,28952.5,-11.9825283,-77.1082299
185,VE-10,2026-08-08 17:33:57,garaje,0,61970.5,-11.9820333,-77.090095
186,VE-05,2026-08-08 19:10:49,garaje,0,42736.5,-11.989685,-77.1146066
187,VE-19,2026-08-08 18:02:21,garaje,0,55155.8,-11.9535,-77.0913216
188,VE-31,2026-08-10 01:59:51,garaje,0,83004.8,-11.9784866,-77.1082716
189,VE-23,2026-08-10 01:59:37,garaje,0,51772.5,-11.950795,-77.0807533
190,VE-11,2026-08-08 18:13:12,garaje,0,60152.7,-11.98983,-77.1145566
191,VE-24,2026-08-08 20:27:10,garaje,0,47941.3,-11.7422366,-76.9660866
192,VE-21,2026-06-20 07:27:28,garaje,0,31561.4,-11.979075,-77.1086533
193,VE-08,2026-08-10 01:59:37,garaje,0,45773.6,-11.8765783,-77.0265833
194,VE-03,2026-08-08 23:24:57,garaje,0,74208,-11.9692333,-77.08948
195,VE-30,2026-08-09 01:17:41,garaje,0,82495.8,-11.96028,-77.0932333
196,VE-32,2026-08-08 19:00:16,garaje,0,74418.4,-12.2621533,-76.834915
197,VE-12,2026-08-10 01:59:26,garaje,0,54300.3,-11.9788183,-77.108565
198,VE-26,2026-07-18 00:36:58,garaje,0,6942.7,-11.9827316,-77.1083916
199,VE-35,2026-08-06 03:10:40,garaje,0,61878.2,-11.97223,-76.9396433
200,VE-16,2026-08-10 02:00:15,garaje,0,57853.1,-11.9789549,-77.1086283
201,VE-22,2026-08-08 17:27:01,garaje,0,73614,-11.9734133,-77.1172749
202,VE-14,2026-08-08 23:04:50,garaje,0,71461.3,-11.9829183,-77.1084499
203,VE-01,2026-08-09 01:07:48,garaje,0,44646.1,-11.9062483,-77.05432
204,VE-28,2026-08-08 16:35:06,garaje,0,72047.1,-11.9897333,-77.1143916
205,VE-36,2026-08-10 01:10:53,garaje,0,22975,-11.9904016,-76.9133516
206,VE-06,2026-08-10 01:59:46,garaje,0,31431.6,-12.0203383,-76.9245316
207,VE-33,2026-08-10 01:22:20,garaje,0,68251.9,-11.9766833,-76.9442233
208,VE-29,2026-08-10 01:59:26,garaje,0,97072,-11.867485,-77.0160816
209,VE-17,2026-08-08 20:12:39,garaje,0,49822.3,-11.9896516,-77.114525
210,VE-15,2026-08-10 01:59:35,garaje,0,56884.8,-11.9789066,-77.108565
211,VE-23,2026-08-10 02:09:39,garaje,0,51772.5,-11.950795,-77.0807533
212,VE-35,2026-08-06 03:10:40,garaje,0,61878.2,-11.97223,-76.9396433
213,VE-06,2026-08-10 02:09:46,garaje,0,31431.6,-12.0203383,-76.9245316
214,VE-22,2026-08-08 17:27:01,garaje,0,73614,-11.9734133,-77.1172749
215,VE-08,2026-08-10 02:09:38,garaje,0,45773.6,-11.8765783,-77.0265833
216,VE-36,2026-08-10 01:10:53,garaje,0,22975,-11.9904016,-76.9133516
217,VE-10,2026-08-08 17:33:57,garaje,0,61970.5,-11.9820333,-77.090095
218,VE-18,2026-08-06 01:35:24,garaje,0,51255.9,-11.971765,-77.0930783
219,VE-28,2026-08-08 16:35:06,garaje,0,72047.1,-11.9897333,-77.1143916
220,VE-19,2026-08-08 18:02:21,garaje,0,55155.8,-11.9535,-77.0913216
221,VE-17,2026-08-08 20:12:39,garaje,0,49822.3,-11.9896516,-77.114525
222,VE-01,2026-08-09 01:07:48,garaje,0,44646.1,-11.9062483,-77.05432
223,VE-20,2026-07-08 23:27:22,garaje,0,65655.4,-11.9824266,-77.1082383
224,VE-15,2026-08-10 02:09:36,garaje,0,56884.8,-11.9789066,-77.108565
225,VE-14,2026-08-08 23:04:50,garaje,0,71461.3,-11.9829183,-77.1084499
226,VE-11,2026-08-08 18:13:12,garaje,0,60152.7,-11.98983,-77.1145566
227,VE-24,2026-08-08 20:27:10,garaje,0,47941.3,-11.7422366,-76.9660866
228,VE-09,2026-08-10 02:09:31,garaje,0,61327.3,-11.9894533,-77.1143883
229,VE-30,2026-08-09 01:17:41,garaje,0,82495.8,-11.96028,-77.0932333
230,VE-21,2026-06-20 07:27:28,garaje,0,31561.4,-11.979075,-77.1086533
231,VE-03,2026-08-08 23:24:57,garaje,0,74208,-11.9692333,-77.08948
232,VE-31,2026-08-10 02:09:51,garaje,0,83004.8,-11.9784866,-77.1082716
233,VE-32,2026-08-08 19:00:16,garaje,0,74418.4,-12.2621533,-76.834915
234,VE-29,2026-08-10 02:10:27,garaje,0,97072,-11.867485,-77.0160816
235,VE-13,2026-08-08 18:34:16,garaje,0,45665.5,-11.9507916,-77.0808566
236,VE-27,2026-08-10 02:10:05,garaje,0,92998.2,-11.9758916,-77.113315
237,VE-07,2026-08-10 02:10:00,garaje,0,72549.1,-11.84385,-77.1163233
238,VE-26,2026-07-18 00:36:58,garaje,0,6942.7,-11.9827316,-77.1083916
239,VE-02,2026-07-27 19:20:23,garaje,0,28952.5,-11.9825283,-77.1082299
240,VE-25,2026-08-08 18:17:37,garaje,0,60621.6,-11.9046816,-77.0531566
241,VE-05,2026-08-08 19:10:49,garaje,0,42736.5,-11.989685,-77.1146066
242,VE-37,2026-08-09 04:43:22,garaje,0,26620.4,-11.8473133,-77.02775
243,VE-12,2026-08-10 02:10:26,garaje,0,54300.3,-11.9788183,-77.108565
244,VE-16,2026-08-10 02:10:17,garaje,0,57853.1,-11.9789549,-77.1086283
245,VE-33,2026-08-10 01:22:20,garaje,0,68251.9,-11.9766833,-76.9442233
246,VE-07,2026-08-10 02:20:02,garaje,0,72549.1,-11.84385,-77.1163233
247,VE-19,2026-08-08 18:02:21,garaje,0,55155.8,-11.9535,-77.0913216
248,VE-02,2026-07-27 19:20:23,garaje,0,28952.5,-11.9825283,-77.1082299
249,VE-16,2026-08-10 02:20:17,garaje,0,57853.1,-11.9789549,-77.1086283
250,VE-17,2026-08-08 20:12:39,garaje,0,49822.3,-11.9896516,-77.114525
251,VE-13,2026-08-08 18:34:16,garaje,0,45665.5,-11.9507916,-77.0808566
252,VE-36,2026-08-10 01:10:53,garaje,0,22975,-11.9904016,-76.9133516
253,VE-12,2026-08-10 02:20:26,garaje,0,54300.3,-11.9788183,-77.108565
254,VE-27,2026-08-10 02:20:06,garaje,0,92998.2,-11.9758916,-77.113315
255,VE-15,2026-08-10 02:19:37,garaje,0,56884.8,-11.9789066,-77.108565
256,VE-08,2026-08-10 02:19:40,garaje,0,45773.6,-11.8765783,-77.0265833
257,VE-09,2026-08-10 02:20:32,garaje,0,61327.3,-11.9894533,-77.1143883
258,VE-05,2026-08-08 19:10:49,garaje,0,42736.5,-11.989685,-77.1146066
259,VE-23,2026-08-10 02:19:40,garaje,0,51772.5,-11.950795,-77.0807533
260,VE-25,2026-08-08 18:17:37,garaje,0,60621.6,-11.9046816,-77.0531566
261,VE-03,2026-08-08 23:24:57,garaje,0,74208,-11.9692333,-77.08948
262,VE-21,2026-06-20 07:27:28,garaje,0,31561.4,-11.979075,-77.1086533
263,VE-06,2026-08-10 02:19:46,garaje,0,31431.6,-12.0203383,-76.9245316
264,VE-10,2026-08-08 17:33:57,garaje,0,61970.5,-11.9820333,-77.090095
265,VE-11,2026-08-08 18:13:12,garaje,0,60152.7,-11.98983,-77.1145566
266,VE-31,2026-08-10 02:19:53,garaje,0,83004.8,-11.9784866,-77.1082716
267,VE-28,2026-08-08 16:35:06,garaje,0,72047.1,-11.9897333,-77.1143916
268,VE-29,2026-08-10 02:20:28,garaje,0,97072,-11.867485,-77.0160816
269,VE-37,2026-08-09 04:43:22,garaje,0,26620.4,-11.8473133,-77.02775
270,VE-01,2026-08-09 01:07:48,garaje,0,44646.1,-11.9062483,-77.05432
271,VE-32,2026-08-08 19:00:16,garaje,0,74418.4,-12.2621533,-76.834915
272,VE-18,2026-08-06 01:35:24,garaje,0,51255.9,-11.971765,-77.0930783
273,VE-30,2026-08-09 01:17:41,garaje,0,82495.8,-11.96028,-77.0932333
274,VE-20,2026-07-08 23:27:22,garaje,0,65655.4,-11.9824266,-77.1082383
275,VE-26,2026-07-18 00:36:58,garaje,0,6942.7,-11.9827316,-77.1083916
276,VE-14,2026-08-08 23:04:50,garaje,0,71461.3,-11.9829183,-77.1084499
277,VE-22,2026-08-08 17:27:01,garaje,0,73614,-11.9734133,-77.1172749
278,VE-33,2026-08-10 01:22:20,garaje,0,68251.9,-11.9766833,-76.9442233
279,VE-24,2026-08-08 20:27:10,garaje,0,47941.3,-11.7422366,-76.9660866
280,VE-35,2026-08-06 03:10:40,garaje,0,61878.2,-11.97223,-76.9396433
281,VE-37,2026-08-12 02:14:49,garaje,0,26859.3,-12.264505,-76.83269
282,VE-14,2026-08-12 01:24:39,garaje,0,71855.4,-11.9827733,-77.1083999
283,VE-11,2026-08-12 02:18:38,garaje,0,60337.9,-11.9784766,-77.1081866
284,VE-20,2026-07-08 23:27:22,garaje,0,65655.4,-11.9824266,-77.1082383
285,VE-16,2026-08-12 00:56:46,garaje,0,57856.7,-11.9758333,-77.1131783
286,VE-23,2026-08-12 02:18:35,garaje,0,52039.8,-11.9507066,-77.0806666
287,VE-18,2026-08-12 00:31:31,garaje,0,51342.9,-11.9717766,-77.0930483
288,VE-12,2026-08-12 02:19:26,garaje,0,54300.3,-11.9788183,-77.108565
289,VE-13,2026-08-11 23:47:58,garaje,0,45864,-11.9507366,-77.0806733
290,VE-28,2026-08-12 00:29:09,garaje,0,72451,-11.98978,-77.114525
291,VE-08,2026-08-12 02:18:48,garaje,0,46156.7,-11.8765716,-77.0267383
292,VE-17,2026-08-11 23:27:54,garaje,0,49978.7,-11.9897116,-77.1145616
293,VE-05,2026-08-12 02:18:47,garaje,0,43079.5,-11.9897033,-77.1145266
294,VE-15,2026-08-12 00:19:23,garaje,0,56960,-11.98978,-77.1146016
295,VE-09,2026-08-12 02:19:02,garaje,0,61985,-11.98932,-77.1145516
296,VE-24,2026-08-12 00:18:37,garaje,0,48299.5,-11.7422233,-76.9661316
297,VE-35,2026-08-12 02:19:05,garaje,0,62037.1,-11.9735483,-76.9384516
298,VE-27,2026-08-12 02:19:19,garaje,0,93305,-11.9789616,-77.1087933
299,VE-26,2026-07-18 00:36:58,garaje,0,6942.7,-11.9827316,-77.1083916
300,VE-10,2026-08-11 22:23:39,garaje,0,62641,-11.9820383,-77.0901183
301,VE-31,2026-08-12 02:19:03,garaje,0,83280.1,-12.26215,-76.8347883
302,VE-06,2026-08-12 02:19:07,garaje,0,31590.6,-12.0202633,-76.9249433
303,VE-30,2026-08-12 02:14:18,garaje,0,82843.3,-12.2621083,-76.8350266
304,VE-25,2026-08-11 22:52:11,garaje,0,60717.6,-11.9046416,-77.0531966
305,VE-32,2026-08-12 02:19:20,garaje,0,74731.2,-12.2622416,-76.8349766
306,VE-36,2026-08-12 00:48:14,garaje,0,23096.2,-11.9903483,-76.9133066
307,VE-01,2026-08-12 00:13:14,garaje,0,45011.7,-11.9061066,-77.0545033
308,VE-07,2026-08-12 02:19:26,garaje,0,73205.3,-11.8437866,-77.1159183
309,VE-33,2026-08-12 02:19:30,garaje,0,68442,-11.9764983,-76.9439983
310,VE-19,2026-08-11 23:47:45,garaje,0,55371.6,-11.953455,-77.0913166
311,VE-02,2026-07-27 19:20:23,garaje,0,28952.5,-11.9825283,-77.1082299
312,VE-21,2026-06-20 07:27:28,garaje,0,31561.4,-11.979075,-77.1086533
313,VE-29,2026-08-12 02:18:26,garaje,0,97236.7,-12.2621116,-76.834915
314,VE-22,2026-08-12 00:14:07,garaje,0,73835.3,-11.9735033,-77.11733
315,VE-03,2026-08-11 23:56:19,garaje,0,74541.2,-11.969245,-77.0894666
316,VE-24,2026-08-12 00:18:37,garaje,0,48299.5,-11.7422233,-76.9661316
317,VE-11,2026-08-12 02:29:40,garaje,0,60337.9,-11.9784766,-77.1081866
318,VE-08,2026-08-12 02:28:50,garaje,0,46156.7,-11.8765716,-77.0267383
319,VE-16,2026-08-12 00:56:46,garaje,0,57856.7,-11.9758333,-77.1131783
320,VE-27,2026-08-12 02:29:20,garaje,0,93305,-11.9789616,-77.1087933
321,VE-14,2026-08-12 01:24:39,garaje,0,71855.4,-11.9827733,-77.1083999
322,VE-03,2026-08-11 23:56:19,garaje,0,74541.2,-11.969245,-77.0894666
323,VE-28,2026-08-12 00:29:09,garaje,0,72451,-11.98978,-77.114525
324,VE-01,2026-08-12 00:13:14,garaje,0,45011.7,-11.9061066,-77.0545033
325,VE-30,2026-08-12 02:29:19,garaje,0,82843.3,-12.2621083,-76.8350266
326,VE-10,2026-08-11 22:23:39,garaje,0,62641,-11.9820383,-77.0901183
327,VE-31,2026-08-12 02:28:04,garaje,0,83280.1,-12.26215,-76.8347883
328,VE-21,2026-06-20 07:27:28,garaje,0,31561.4,-11.979075,-77.1086533
329,VE-13,2026-08-11 23:47:58,garaje,0,45864,-11.9507366,-77.0806733
330,VE-22,2026-08-12 00:14:07,garaje,0,73835.3,-11.9735033,-77.11733
331,VE-05,2026-08-12 02:28:47,garaje,0,43079.5,-11.9897033,-77.1145266
332,VE-23,2026-08-12 02:29:36,garaje,0,52039.8,-11.9507066,-77.0806666
333,VE-09,2026-08-12 02:29:03,garaje,0,61985,-11.98932,-77.1145516
334,VE-17,2026-08-11 23:27:54,garaje,0,49978.7,-11.9897116,-77.1145616
335,VE-26,2026-07-18 00:36:58,garaje,0,6942.7,-11.9827316,-77.1083916
336,VE-18,2026-08-12 00:31:31,garaje,0,51342.9,-11.9717766,-77.0930483
337,VE-37,2026-08-12 02:14:49,garaje,0,26859.3,-12.264505,-76.83269
338,VE-15,2026-08-12 00:19:23,garaje,0,56960,-11.98978,-77.1146016
339,VE-29,2026-08-12 02:29:28,garaje,0,97236.7,-12.2621116,-76.834915
340,VE-20,2026-07-08 23:27:22,garaje,0,65655.4,-11.9824266,-77.1082383
341,VE-25,2026-08-11 22:52:11,garaje,0,60717.6,-11.9046416,-77.0531966
342,VE-33,2026-08-12 02:29:31,garaje,0,68442,-11.9764983,-76.9439983
343,VE-36,2026-08-12 00:48:14,garaje,0,23096.2,-11.9903483,-76.9133066
344,VE-19,2026-08-11 23:47:45,garaje,0,55371.6,-11.953455,-77.0913166
345,VE-12,2026-08-12 02:29:26,garaje,0,54300.3,-11.9788183,-77.108565
346,VE-32,2026-08-12 02:29:21,garaje,0,74731.2,-12.2622416,-76.8349766
347,VE-06,2026-08-12 02:29:37,garaje,0,31590.6,-12.0203516,-76.9249616
348,VE-02,2026-07-27 19:20:23,garaje,0,28952.5,-11.9825283,-77.1082299
349,VE-07,2026-08-12 02:29:27,garaje,0,73205.3,-11.8437916,-77.115935
350,VE-35,2026-08-12 02:29:05,garaje,0,62037.1,-11.9735483,-76.9384516
351,VE-07,2026-08-12 02:39:28,garaje,0,73205.3,-11.8437966,-77.11594
352,VE-20,2026-07-08 23:27:22,garaje,0,65655.4,-11.9824266,-77.1082383
353,VE-23,2026-08-12 02:39:37,garaje,0,52039.8,-11.9507066,-77.0806666
354,VE-12,2026-08-12 02:39:26,garaje,0,54300.3,-11.9788183,-77.108565
355,VE-10,2026-08-11 22:23:39,garaje,0,62641,-11.9820383,-77.0901183
356,VE-18,2026-08-12 00:31:31,garaje,0,51342.9,-11.9717766,-77.0930483
357,VE-13,2026-08-11 23:47:58,garaje,0,45864,-11.9507366,-77.0806733
358,VE-17,2026-08-11 23:27:54,garaje,0,49978.7,-11.9897116,-77.1145616
359,VE-11,2026-08-12 02:39:40,garaje,0,60337.9,-11.9784766,-77.1081866
360,VE-29,2026-08-12 02:37:29,garaje,0,97236.7,-12.2621116,-76.834915
361,VE-06,2026-08-12 02:39:37,garaje,0,31590.6,-12.0203516,-76.9249616
362,VE-37,2026-08-12 02:14:49,garaje,0,26859.3,-12.264505,-76.83269
363,VE-09,2026-08-12 02:39:04,garaje,0,61985,-11.98932,-77.1145516
364,VE-31,2026-08-12 02:37:05,garaje,0,83280.1,-12.26215,-76.8347883
365,VE-14,2026-08-12 01:24:39,garaje,0,71855.4,-11.9827733,-77.1083999
366,VE-21,2026-06-20 07:27:28,garaje,0,31561.4,-11.979075,-77.1086533
367,VE-16,2026-08-12 00:56:46,garaje,0,57856.7,-11.9758333,-77.1131783
368,VE-15,2026-08-12 00:19:23,garaje,0,56960,-11.98978,-77.1146016
369,VE-05,2026-08-12 02:39:47,garaje,0,43079.5,-11.9897033,-77.1145266
370,VE-35,2026-08-12 02:39:05,garaje,0,62037.1,-11.9735483,-76.9384516
371,VE-03,2026-08-11 23:56:19,garaje,0,74541.2,-11.969245,-77.0894666
372,VE-26,2026-07-18 00:36:58,garaje,0,6942.7,-11.9827316,-77.1083916
373,VE-25,2026-08-11 22:52:11,garaje,0,60717.6,-11.9046416,-77.0531966
374,VE-30,2026-08-12 02:37:21,garaje,0,82843.3,-12.2621083,-76.8350266
375,VE-08,2026-08-12 02:38:51,garaje,0,46156.7,-11.8765716,-77.0267383
376,VE-01,2026-08-12 00:13:14,garaje,0,45011.7,-11.9061066,-77.0545033
377,VE-32,2026-08-12 02:39:23,garaje,0,74731.2,-12.2622416,-76.8349766
378,VE-27,2026-08-12 02:39:21,garaje,0,93305,-11.9789616,-77.1087933
379,VE-19,2026-08-11 23:47:45,garaje,0,55371.6,-11.953455,-77.0913166
380,VE-28,2026-08-12 00:29:09,garaje,0,72451,-11.98978,-77.114525
381,VE-33,2026-08-12 02:39:32,garaje,0,68442,-11.9764983,-76.9439983
382,VE-36,2026-08-12 00:48:14,garaje,0,23096.2,-11.9903483,-76.9133066
383,VE-02,2026-07-27 19:20:23,garaje,0,28952.5,-11.9825283,-77.1082299
384,VE-22,2026-08-12 00:14:07,garaje,0,73835.3,-11.9735033,-77.11733
385,VE-24,2026-08-12 00:18:37,garaje,0,48299.5,-11.7422233,-76.9661316
386,VE-18,2026-08-12 00:31:31,garaje,0,51342.9,-11.9717766,-77.0930483
387,VE-10,2026-08-11 22:23:39,garaje,0,62641,-11.9820383,-77.0901183
388,VE-19,2026-08-11 23:47:45,garaje,0,55371.6,-11.953455,-77.0913166
389,VE-26,2026-07-18 00:36:58,garaje,0,6942.7,-11.9827316,-77.1083916
390,VE-14,2026-08-12 01:24:39,garaje,0,71855.4,-11.9827733,-77.1083999
391,VE-21,2026-06-20 07:27:28,garaje,0,31561.4,-11.979075,-77.1086533
392,VE-16,2026-08-12 00:56:46,garaje,0,57856.7,-11.9758333,-77.1131783
393,VE-27,2026-08-12 02:49:22,garaje,0,93305,-11.9789616,-77.1087933
394,VE-32,2026-08-12 02:49:24,garaje,0,74731.2,-12.2622416,-76.8349766
395,VE-31,2026-08-12 02:49:06,garaje,0,83280.1,-12.26215,-76.8347883
396,VE-28,2026-08-12 00:29:09,garaje,0,72451,-11.98978,-77.114525
397,VE-24,2026-08-12 00:18:37,garaje,0,48299.5,-11.7422233,-76.9661316
398,VE-29,2026-08-12 02:46:30,garaje,0,97236.7,-12.2621116,-76.834915
399,VE-37,2026-08-12 02:14:49,garaje,0,26859.3,-12.264505,-76.83269
400,VE-08,2026-08-12 02:49:52,garaje,0,46156.7,-11.8765716,-77.0267383
401,VE-03,2026-08-11 23:56:19,garaje,0,74541.2,-11.969245,-77.0894666
402,VE-01,2026-08-12 00:13:14,garaje,0,45011.7,-11.9061066,-77.0545033
403,VE-23,2026-08-12 02:49:39,garaje,0,52039.8,-11.9507066,-77.0806666
404,VE-33,2026-08-12 02:49:33,garaje,0,68442,-11.9764983,-76.9439983
405,VE-11,2026-08-12 02:49:42,garaje,0,60337.9,-11.9784766,-77.1081866
406,VE-13,2026-08-11 23:47:58,garaje,0,45864,-11.9507366,-77.0806733
407,VE-02,2026-07-27 19:20:23,garaje,0,28952.5,-11.9825283,-77.1082299
408,VE-36,2026-08-12 00:48:14,garaje,0,23096.2,-11.9903483,-76.9133066
409,VE-12,2026-08-12 02:49:26,garaje,0,54300.3,-11.9788183,-77.108565
410,VE-05,2026-08-12 02:49:47,garaje,0,43079.5,-11.9897033,-77.1145266
411,VE-20,2026-07-08 23:27:22,garaje,0,65655.4,-11.9824266,-77.1082383
412,VE-09,2026-08-12 02:49:06,garaje,0,61985,-11.98932,-77.1145516
413,VE-25,2026-08-11 22:52:11,garaje,0,60717.6,-11.9046416,-77.0531966
414,VE-17,2026-08-11 23:27:54,garaje,0,49978.7,-11.9897116,-77.1145616
415,VE-15,2026-08-12 00:19:23,garaje,0,56960,-11.98978,-77.1146016
416,VE-30,2026-08-12 02:48:22,garaje,0,82843.3,-12.2621083,-76.8350266
417,VE-35,2026-08-12 02:49:05,garaje,0,62037.1,-11.9735483,-76.9384516
418,VE-06,2026-08-12 02:49:46,garaje,0,31590.6,-12.0203533,-76.9249133
419,VE-07,2026-08-12 02:49:59,garaje,0,73205.3,-11.8437316,-77.1159383
420,VE-22,2026-08-12 00:14:07,garaje,0,73835.3,-11.9735033,-77.11733
421,VE-08,2026-08-12 02:59:53,garaje,0,46156.7,-11.8765716,-77.0267383
422,VE-14,2026-08-12 01:24:39,garaje,0,71855.4,-11.9827733,-77.1083999
423,VE-19,2026-08-11 23:47:45,garaje,0,55371.6,-11.953455,-77.0913166
424,VE-35,2026-08-12 03:00:05,garaje,0,62037.1,-11.9735483,-76.9384516
425,VE-01,2026-08-12 00:13:14,garaje,0,45011.7,-11.9061066,-77.0545033
426,VE-28,2026-08-12 00:29:09,garaje,0,72451,-11.98978,-77.114525
427,VE-25,2026-08-11 22:52:11,garaje,0,60717.6,-11.9046416,-77.0531966
428,VE-32,2026-08-12 02:59:25,garaje,0,74731.2,-12.2622416,-76.8349766
429,VE-10,2026-08-11 22:23:39,garaje,0,62641,-11.9820383,-77.0901183
430,VE-16,2026-08-12 00:56:46,garaje,0,57856.7,-11.9758333,-77.1131783
431,VE-18,2026-08-12 00:31:31,garaje,0,51342.9,-11.9717766,-77.0930483
432,VE-31,2026-08-12 02:59:07,garaje,0,83280.1,-12.26215,-76.8347883
433,VE-11,2026-08-12 02:59:43,garaje,0,60337.9,-11.9784766,-77.1081866
434,VE-27,2026-08-12 02:59:23,garaje,0,93305,-11.9789616,-77.1087933
435,VE-33,2026-08-12 02:59:34,garaje,0,68442,-11.9764983,-76.9439983
436,VE-09,2026-08-12 03:00:07,garaje,0,61985,-11.98932,-77.1145516
437,VE-24,2026-08-12 00:18:37,garaje,0,48299.5,-11.7422233,-76.9661316
438,VE-20,2026-07-08 23:27:22,garaje,0,65655.4,-11.9824266,-77.1082383
439,VE-06,2026-08-12 02:59:46,garaje,0,31590.6,-12.0203533,-76.9249133
440,VE-22,2026-08-12 00:14:07,garaje,0,73835.3,-11.9735033,-77.11733
441,VE-07,2026-08-12 03:00:00,garaje,0,73205.3,-11.8438316,-77.115895
442,VE-36,2026-08-12 00:48:14,garaje,0,23096.2,-11.9903483,-76.9133066
443,VE-26,2026-07-18 00:36:58,garaje,0,6942.7,-11.9827316,-77.1083916
444,VE-02,2026-07-27 19:20:23,garaje,0,28952.5,-11.9825283,-77.1082299
445,VE-37,2026-08-12 02:14:49,garaje,0,26859.3,-12.264505,-76.83269
446,VE-15,2026-08-12 00:19:23,garaje,0,56960,-11.98978,-77.1146016
447,VE-21,2026-06-20 07:27:28,garaje,0,31561.4,-11.979075,-77.1086533
448,VE-30,2026-08-12 02:57:23,garaje,0,82843.3,-12.2621083,-76.8350266
449,VE-05,2026-08-12 02:59:47,garaje,0,43079.5,-11.9897033,-77.1145266
450,VE-13,2026-08-11 23:47:58,garaje,0,45864,-11.9507366,-77.0806733
451,VE-03,2026-08-11 23:56:19,garaje,0,74541.2,-11.969245,-77.0894666
452,VE-12,2026-08-12 02:59:26,garaje,0,54300.3,-11.9788183,-77.108565
453,VE-23,2026-08-12 02:59:40,garaje,0,52039.8,-11.9507066,-77.0806666
454,VE-17,2026-08-11 23:27:54,garaje,0,49978.7,-11.9897116,-77.1145616
455,VE-29,2026-08-12 02:58:31,garaje,0,97236.7,-12.2621116,-76.834915
456,VE-20,2026-07-08 23:27:22,garaje,0,65655.4,-11.9824266,-77.1082383
457,VE-13,2026-08-11 23:47:58,garaje,0,45864,-11.9507366,-77.0806733
458,VE-30,2026-08-12 03:09:25,garaje,0,82843.3,-12.2621083,-76.8350266
459,VE-02,2026-07-27 19:20:23,garaje,0,28952.5,-11.9825283,-77.1082299
460,VE-33,2026-08-12 03:09:35,garaje,0,68442,-11.9764983,-76.9439983
461,VE-36,2026-08-12 00:48:14,garaje,0,23096.2,-11.9903483,-76.9133066
462,VE-17,2026-08-11 23:27:54,garaje,0,49978.7,-11.9897116,-77.1145616
463,VE-37,2026-08-12 02:14:49,garaje,0,26859.3,-12.264505,-76.83269
464,VE-03,2026-08-11 23:56:19,garaje,0,74541.2,-11.969245,-77.0894666
465,VE-11,2026-08-12 03:09:44,garaje,0,60337.9,-11.9784766,-77.1081866
466,VE-21,2026-06-20 07:27:28,garaje,0,31561.4,-11.979075,-77.1086533
467,VE-23,2026-08-12 03:09:40,garaje,0,52039.8,-11.9507066,-77.0806666
468,VE-01,2026-08-12 00:13:14,garaje,0,45011.7,-11.9061066,-77.0545033
469,VE-15,2026-08-12 00:19:23,garaje,0,56960,-11.98978,-77.1146016
470,VE-07,2026-08-12 03:10:01,garaje,0,73205.3,-11.8439199,-77.1159683
471,VE-12,2026-08-12 03:09:26,garaje,0,54300.3,-11.9788183,-77.108565
472,VE-32,2026-08-12 03:09:26,garaje,0,74731.2,-12.2622416,-76.8349766
473,VE-31,2026-08-12 03:10:09,garaje,0,83280.1,-12.26215,-76.8347883
474,VE-14,2026-08-12 01:24:39,garaje,0,71855.4,-11.9827733,-77.1083999
475,VE-27,2026-08-12 03:09:25,garaje,0,93305,-11.9789616,-77.1087933
476,VE-06,2026-08-12 03:10:16,garaje,0,31590.6,-12.0203533,-76.9249133
477,VE-25,2026-08-11 22:52:11,garaje,0,60717.6,-11.9046416,-77.0531966
478,VE-10,2026-08-11 22:23:39,garaje,0,62641,-11.9820383,-77.0901183
479,VE-24,2026-08-12 00:18:37,garaje,0,48299.5,-11.7422233,-76.9661316
480,VE-29,2026-08-12 03:09:32,garaje,0,97236.7,-12.2621116,-76.834915
481,VE-35,2026-08-12 03:10:05,garaje,0,62037.1,-11.9735483,-76.9384516
482,VE-18,2026-08-12 00:31:31,garaje,0,51342.9,-11.9717766,-77.0930483
483,VE-22,2026-08-12 00:14:07,garaje,0,73835.3,-11.9735033,-77.11733
484,VE-19,2026-08-11 23:47:45,garaje,0,55371.6,-11.953455,-77.0913166
485,VE-28,2026-08-12 00:29:09,garaje,0,72451,-11.98978,-77.114525
486,VE-05,2026-08-12 03:09:47,garaje,0,43079.5,-11.9897033,-77.1145266
487,VE-26,2026-07-18 00:36:58,garaje,0,6942.7,-11.9827316,-77.1083916
488,VE-09,2026-08-12 03:10:08,garaje,0,61985,-11.98932,-77.1145516
489,VE-16,2026-08-12 00:56:46,garaje,0,57856.7,-11.9758333,-77.1131783
490,VE-08,2026-08-12 03:09:54,garaje,0,46156.7,-11.8765716,-77.0267383
491,VE-23,2026-08-12 03:19:41,garaje,0,52039.8,-11.9507066,-77.0806666
492,VE-35,2026-08-12 03:20:05,garaje,0,62037.1,-11.9735483,-76.9384516
493,VE-03,2026-08-11 23:56:19,garaje,0,74541.2,-11.969245,-77.0894666
494,VE-31,2026-08-12 03:18:09,garaje,0,83280.1,-12.26215,-76.8347883
495,VE-11,2026-08-12 03:19:45,garaje,0,60337.9,-11.9784766,-77.1081866
496,VE-01,2026-08-12 00:13:14,garaje,0,45011.7,-11.9061066,-77.0545033
497,VE-17,2026-08-11 23:27:54,garaje,0,49978.7,-11.9897116,-77.1145616
498,VE-05,2026-08-12 03:19:47,garaje,0,43079.5,-11.9897033,-77.1145266
499,VE-25,2026-08-11 22:52:11,garaje,0,60717.6,-11.9046416,-77.0531966
500,VE-21,2026-06-20 07:27:28,garaje,0,31561.4,-11.979075,-77.1086533
501,VE-37,2026-08-12 02:14:49,garaje,0,26859.3,-12.264505,-76.83269
502,VE-29,2026-08-12 03:18:33,garaje,0,97236.7,-12.2621116,-76.834915
503,VE-12,2026-08-12 03:20:26,garaje,0,54300.3,-11.9788183,-77.108565
504,VE-36,2026-08-12 00:48:14,garaje,0,23096.2,-11.9903483,-76.9133066
505,VE-02,2026-07-27 19:20:23,garaje,0,28952.5,-11.9825283,-77.1082299
506,VE-27,2026-08-12 03:19:26,garaje,0,93305,-11.9789616,-77.1087933
507,VE-06,2026-08-12 03:20:16,garaje,0,31590.6,-12.0203666,-76.924905
508,VE-30,2026-08-12 03:19:26,garaje,0,82843.3,-12.2621083,-76.8350266
509,VE-26,2026-07-18 00:36:58,garaje,0,6942.7,-11.9827316,-77.1083916
510,VE-09,2026-08-12 03:20:09,garaje,0,61985,-11.98932,-77.1145516
511,VE-07,2026-08-12 03:20:02,garaje,0,73205.3,-11.844015,-77.1158783
512,VE-28,2026-08-12 00:29:09,garaje,0,72451,-11.98978,-77.114525
513,VE-16,2026-08-12 00:56:46,garaje,0,57856.7,-11.9758333,-77.1131783
514,VE-08,2026-08-12 03:19:55,garaje,0,46156.7,-11.8765716,-77.0267383
515,VE-15,2026-08-12 00:19:23,garaje,0,56960,-11.98978,-77.1146016
516,VE-14,2026-08-12 01:24:39,garaje,0,71855.4,-11.9827733,-77.1083999
517,VE-20,2026-07-08 23:27:22,garaje,0,65655.4,-11.9824266,-77.1082383
518,VE-10,2026-08-11 22:23:39,garaje,0,62641,-11.9820383,-77.0901183
519,VE-32,2026-08-12 03:19:48,garaje,0,74731.2,-12.2622116,-76.8349949
520,VE-18,2026-08-12 00:31:31,garaje,0,51342.9,-11.9717766,-77.0930483
521,VE-33,2026-08-12 03:19:36,garaje,0,68442,-11.9764983,-76.9439983
522,VE-13,2026-08-11 23:47:58,garaje,0,45864,-11.9507366,-77.0806733
523,VE-19,2026-08-11 23:47:45,garaje,0,55371.6,-11.953455,-77.0913166
524,VE-24,2026-08-12 00:18:37,garaje,0,48299.5,-11.7422233,-76.9661316
525,VE-22,2026-08-12 00:14:07,garaje,0,73835.3,-11.9735033,-77.11733
526,VE-20,2026-07-08 23:27:22,garaje,0,65655.4,-11.9824266,-77.1082383
527,VE-25,2026-08-11 22:52:11,garaje,0,60717.6,-11.9046416,-77.0531966
528,VE-37,2026-08-12 02:14:49,garaje,0,26859.3,-12.264505,-76.83269
529,VE-08,2026-08-12 03:29:56,garaje,0,46156.7,-11.8765716,-77.0267383
530,VE-01,2026-08-12 00:13:14,garaje,0,45011.7,-11.9061066,-77.0545033
531,VE-16,2026-08-12 00:56:46,garaje,0,57856.7,-11.9758333,-77.1131783
532,VE-05,2026-08-12 03:29:47,garaje,0,43079.5,-11.9897033,-77.1145266
533,VE-31,2026-08-12 03:30:10,garaje,0,83280.1,-12.26215,-76.8347883
534,VE-13,2026-08-11 23:47:58,garaje,0,45864,-11.9507366,-77.0806733
535,VE-03,2026-08-11 23:56:19,garaje,0,74541.2,-11.969245,-77.0894666
536,VE-24,2026-08-12 00:18:37,garaje,0,48299.5,-11.7422233,-76.9661316
537,VE-29,2026-08-12 03:30:34,garaje,0,97236.7,-12.2621116,-76.834915
538,VE-09,2026-08-12 03:30:10,garaje,0,61985,-11.98932,-77.1145516
539,VE-35,2026-08-12 03:30:05,garaje,0,62037.1,-11.9735483,-76.9384516
540,VE-33,2026-08-12 03:29:37,garaje,0,68442,-11.9764983,-76.9439983
541,VE-07,2026-08-12 03:30:33,garaje,0,73205.3,-11.8439383,-77.1159116
542,VE-02,2026-07-27 19:20:23,garaje,0,28952.5,-11.9825283,-77.1082299
543,VE-23,2026-08-12 03:29:42,garaje,0,52039.8,-11.9507066,-77.0806666
544,VE-30,2026-08-12 03:30:27,garaje,0,82843.3,-12.2621083,-76.8350266
545,VE-14,2026-08-12 01:24:39,garaje,0,71855.4,-11.9827733,-77.1083999
546,VE-32,2026-08-12 03:29:51,garaje,0,74731.2,-12.2622116,-76.8349949
547,VE-21,2026-06-20 07:27:28,garaje,0,31561.4,-11.979075,-77.1086533
548,VE-19,2026-08-11 23:47:45,garaje,0,55371.6,-11.953455,-77.0913166
549,VE-11,2026-08-12 03:29:46,garaje,0,60337.9,-11.9784766,-77.1081866
550,VE-12,2026-08-12 03:30:26,garaje,0,54300.3,-11.9788183,-77.108565
551,VE-28,2026-08-12 00:29:09,garaje,0,72451,-11.98978,-77.114525
552,VE-18,2026-08-12 00:31:31,garaje,0,51342.9,-11.9717766,-77.0930483
553,VE-10,2026-08-11 22:23:39,garaje,0,62641,-11.9820383,-77.0901183
554,VE-15,2026-08-12 00:19:23,garaje,0,56960,-11.98978,-77.1146016
555,VE-22,2026-08-12 00:14:07,garaje,0,73835.3,-11.9735033,-77.11733
556,VE-26,2026-07-18 00:36:58,garaje,0,6942.7,-11.9827316,-77.1083916
557,VE-17,2026-08-11 23:27:54,garaje,0,49978.7,-11.9897116,-77.1145616
558,VE-36,2026-08-12 00:48:14,garaje,0,23096.2,-11.9903483,-76.9133066
559,VE-27,2026-08-12 03:30:27,garaje,0,93305,-11.9789616,-77.1087933
560,VE-06,2026-08-12 03:30:16,garaje,0,31590.6,-12.0203666,-76.924905
561,VE-16,2026-08-12 00:56:46,garaje,0,57856.7,-11.9758333,-77.1131783
562,VE-05,2026-08-12 03:39:47,garaje,0,43079.5,-11.9897033,-77.1145266
563,VE-07,2026-08-12 03:38:51,garaje,0,73205.3,-11.8438816,-77.1159533
564,VE-33,2026-08-12 03:40:38,garaje,0,68442,-11.9764983,-76.9439983
565,VE-08,2026-08-12 03:39:58,garaje,0,46156.7,-11.8765716,-77.0267383
566,VE-25,2026-08-11 22:52:11,garaje,0,60717.6,-11.9046416,-77.0531966
567,VE-21,2026-06-20 07:27:28,garaje,0,31561.4,-11.979075,-77.1086533
568,VE-31,2026-08-12 03:40:11,garaje,0,83280.1,-12.26215,-76.8347883
569,VE-10,2026-08-11 22:23:39,garaje,0,62641,-11.9820383,-77.0901183
570,VE-18,2026-08-12 00:31:31,garaje,0,51342.9,-11.9717766,-77.0930483
571,VE-36,2026-08-12 00:48:14,garaje,0,23096.2,-11.9903483,-76.9133066
572,VE-26,2026-07-18 00:36:58,garaje,0,6942.7,-11.9827316,-77.1083916
573,VE-14,2026-08-12 01:24:39,garaje,0,71855.4,-11.9827733,-77.1083999
574,VE-22,2026-08-12 00:14:07,garaje,0,73835.3,-11.9735033,-77.11733
575,VE-27,2026-08-12 03:40:28,garaje,0,93305,-11.9789616,-77.1087933
576,VE-01,2026-08-12 00:13:14,garaje,0,45011.7,-11.9061066,-77.0545033
577,VE-35,2026-08-12 03:40:05,garaje,0,62037.1,-11.9735483,-76.9384516
578,VE-02,2026-07-27 19:20:23,garaje,0,28952.5,-11.9825283,-77.1082299
579,VE-32,2026-08-12 03:39:52,garaje,0,74731.2,-12.2622116,-76.8349949
580,VE-28,2026-08-12 00:29:09,garaje,0,72451,-11.98978,-77.114525
581,VE-03,2026-08-11 23:56:19,garaje,0,74541.2,-11.969245,-77.0894666
582,VE-11,2026-08-12 03:39:47,garaje,0,60337.9,-11.9784766,-77.1081866
583,VE-06,2026-08-12 03:40:16,garaje,0,31590.6,-12.0203666,-76.924905
584,VE-19,2026-08-11 23:47:45,garaje,0,55371.6,-11.953455,-77.0913166
585,VE-15,2026-08-12 00:19:23,garaje,0,56960,-11.98978,-77.1146016
586,VE-20,2026-07-08 23:27:22,garaje,0,65655.4,-11.9824266,-77.1082383
587,VE-13,2026-08-11 23:47:58,garaje,0,45864,-11.9507366,-77.0806733
588,VE-12,2026-08-12 03:40:26,garaje,0,54300.3,-11.9788183,-77.108565
589,VE-37,2026-08-12 02:14:49,garaje,0,26859.3,-12.264505,-76.83269
590,VE-30,2026-08-12 03:40:28,garaje,0,82843.3,-12.2621083,-76.8350266
591,VE-29,2026-08-12 03:38:36,garaje,0,97236.7,-12.2621116,-76.834915
592,VE-17,2026-08-11 23:27:54,garaje,0,49978.7,-11.9897116,-77.1145616
593,VE-24,2026-08-12 00:18:37,garaje,0,48299.5,-11.7422233,-76.9661316
594,VE-23,2026-08-12 03:39:43,garaje,0,52039.8,-11.9507066,-77.0806666
595,VE-09,2026-08-12 03:40:11,garaje,0,61985,-11.98932,-77.1145516
596,VE-11,2026-08-12 03:50:48,garaje,0,60337.9,-11.9784766,-77.1081866
597,VE-28,2026-08-12 00:29:09,garaje,0,72451,-11.98978,-77.114525
598,VE-18,2026-08-12 00:31:31,garaje,0,51342.9,-11.9717766,-77.0930483
599,VE-02,2026-07-27 19:20:23,garaje,0,28952.5,-11.9825283,-77.1082299
600,VE-32,2026-08-12 03:49:54,garaje,0,74731.2,-12.2622116,-76.8349949
601,VE-27,2026-08-12 03:50:29,garaje,0,93305,-11.9789616,-77.1087933
602,VE-20,2026-07-08 23:27:22,garaje,0,65655.4,-11.9824266,-77.1082383
603,VE-14,2026-08-12 01:24:39,garaje,0,71855.4,-11.9827733,-77.1083999
604,VE-21,2026-06-20 07:27:28,garaje,0,31561.4,-11.979075,-77.1086533
605,VE-15,2026-08-12 00:19:23,garaje,0,56960,-11.98978,-77.1146016
606,VE-22,2026-08-12 00:14:07,garaje,0,73835.3,-11.9735033,-77.11733
607,VE-31,2026-08-12 03:49:13,garaje,0,83280.1,-12.26215,-76.8347883
608,VE-13,2026-08-11 23:47:58,garaje,0,45864,-11.9507366,-77.0806733
609,VE-17,2026-08-11 23:27:54,garaje,0,49978.7,-11.9897116,-77.1145616
610,VE-01,2026-08-12 00:13:14,garaje,0,45011.7,-11.9061066,-77.0545033
611,VE-36,2026-08-12 00:48:14,garaje,0,23096.2,-11.9903483,-76.9133066
612,VE-26,2026-07-18 00:36:58,garaje,0,6942.7,-11.9827316,-77.1083916
613,VE-06,2026-08-12 03:50:46,garaje,0,31590.6,-12.0203666,-76.924905
614,VE-37,2026-08-12 02:14:49,garaje,0,26859.3,-12.264505,-76.83269
615,VE-09,2026-08-12 03:50:12,garaje,0,61985,-11.98932,-77.1145516
616,VE-12,2026-08-12 03:50:26,garaje,0,54300.3,-11.9788183,-77.108565
617,VE-03,2026-08-11 23:56:19,garaje,0,74541.2,-11.969245,-77.0894666
618,VE-19,2026-08-11 23:47:45,garaje,0,55371.6,-11.953455,-77.0913166
619,VE-33,2026-08-12 03:50:39,garaje,0,68442,-11.9764983,-76.9439983
620,VE-29,2026-08-12 03:50:36,garaje,0,97236.7,-12.2621116,-76.834915
621,VE-08,2026-08-12 03:49:59,garaje,0,46156.7,-11.8765716,-77.0267383
622,VE-05,2026-08-12 03:50:47,garaje,0,43079.5,-11.9897033,-77.1145266
623,VE-16,2026-08-12 00:56:46,garaje,0,57856.7,-11.9758333,-77.1131783
624,VE-30,2026-08-12 03:50:22,garaje,0,82843.3,-12.2620799,-76.8349316
625,VE-10,2026-08-11 22:23:39,garaje,0,62641,-11.9820383,-77.0901183
626,VE-24,2026-08-12 00:18:37,garaje,0,48299.5,-11.7422233,-76.9661316
627,VE-23,2026-08-12 03:50:44,garaje,0,52039.8,-11.9507066,-77.0806666
628,VE-07,2026-08-12 03:47:51,garaje,0,73205.3,-11.8438816,-77.1159533
629,VE-25,2026-08-11 22:52:11,garaje,0,60717.6,-11.9046416,-77.0531966
630,VE-35,2026-08-12 03:50:05,garaje,0,62037.1,-11.9735483,-76.9384516
631,VE-20,2026-07-08 23:27:22,garaje,0,65655.4,-11.9824266,-77.1082383
632,VE-14,2026-08-12 01:24:39,garaje,0,71855.4,-11.9827733,-77.1083999
633,VE-30,2026-08-12 03:56:23,garaje,0,82843.3,-12.2620799,-76.8349316
634,VE-10,2026-08-11 22:23:39,garaje,0,62641,-11.9820383,-77.0901183
635,VE-11,2026-08-12 03:55:49,garaje,0,60337.9,-11.9784766,-77.1081866
636,VE-26,2026-07-18 00:36:58,garaje,0,6942.7,-11.9827316,-77.1083916
637,VE-24,2026-08-12 00:18:37,garaje,0,48299.5,-11.7422233,-76.9661316
638,VE-36,2026-08-12 00:48:14,garaje,0,23096.2,-11.9903483,-76.9133066
639,VE-22,2026-08-12 00:14:07,garaje,0,73835.3,-11.9735033,-77.11733
640,VE-07,2026-08-12 03:55:53,garaje,0,73205.3,-11.8438816,-77.1159533
641,VE-01,2026-08-12 00:13:14,garaje,0,45011.7,-11.9061066,-77.0545033
642,VE-06,2026-08-12 03:56:16,garaje,0,31590.6,-12.0203666,-76.924905
643,VE-37,2026-08-12 02:14:49,garaje,0,26859.3,-12.264505,-76.83269
644,VE-03,2026-08-11 23:56:19,garaje,0,74541.2,-11.969245,-77.0894666
645,VE-23,2026-08-12 03:55:45,garaje,0,52039.8,-11.9507066,-77.0806666
646,VE-08,2026-08-12 03:56:00,garaje,0,46156.7,-11.8765716,-77.0267383
647,VE-27,2026-08-12 03:55:29,garaje,0,93305,-11.9789616,-77.1087933
648,VE-35,2026-08-12 03:56:05,garaje,0,62037.1,-11.9735483,-76.9384516
649,VE-02,2026-07-27 19:20:23,garaje,0,28952.5,-11.9825283,-77.1082299
650,VE-31,2026-08-12 03:56:13,garaje,0,83280.1,-12.26215,-76.8347883
651,VE-21,2026-06-20 07:27:28,garaje,0,31561.4,-11.979075,-77.1086533
652,VE-18,2026-08-12 00:31:31,garaje,0,51342.9,-11.9717766,-77.0930483
653,VE-29,2026-08-12 03:55:38,garaje,0,97236.7,-12.2621116,-76.834915
654,VE-16,2026-08-12 00:56:46,garaje,0,57856.7,-11.9758333,-77.1131783
655,VE-33,2026-08-12 03:55:41,garaje,0,68442,-11.9764983,-76.9439983
656,VE-19,2026-08-11 23:47:45,garaje,0,55371.6,-11.953455,-77.0913166
657,VE-15,2026-08-12 00:19:23,garaje,0,56960,-11.98978,-77.1146016
658,VE-25,2026-08-11 22:52:11,garaje,0,60717.6,-11.9046416,-77.0531966
659,VE-32,2026-08-12 03:55:38,garaje,0,74731.2,-12.2622116,-76.8349949
660,VE-12,2026-08-12 03:56:26,garaje,0,54300.3,-11.9788183,-77.108565
661,VE-17,2026-08-11 23:27:54,garaje,0,49978.7,-11.9897116,-77.1145616
662,VE-05,2026-08-12 03:55:47,garaje,0,43079.5,-11.9897033,-77.1145266
663,VE-28,2026-08-12 00:29:09,garaje,0,72451,-11.98978,-77.114525
664,VE-09,2026-08-12 03:56:12,garaje,0,61985,-11.98932,-77.1145516
665,VE-13,2026-08-11 23:47:58,garaje,0,45864,-11.9507366,-77.0806733
666,VE-11,2026-08-12 03:56:49,garaje,0,60337.9,-11.9784766,-77.1081866
667,VE-14,2026-08-12 01:24:39,garaje,0,71855.4,-11.9827733,-77.1083999
668,VE-19,2026-08-11 23:47:45,garaje,0,55371.6,-11.953455,-77.0913166
669,VE-31,2026-08-12 03:56:13,garaje,0,83280.1,-12.26215,-76.8347883
670,VE-08,2026-08-12 03:56:59,garaje,0,46156.7,-11.8765716,-77.0267383
671,VE-35,2026-08-12 03:57:05,garaje,0,62037.1,-11.9735483,-76.9384516
672,VE-07,2026-08-12 03:56:52,garaje,0,73205.3,-11.8438816,-77.1159533
673,VE-25,2026-08-11 22:52:11,garaje,0,60717.6,-11.9046416,-77.0531966
674,VE-23,2026-08-12 03:56:45,garaje,0,52039.8,-11.9507066,-77.0806666
675,VE-30,2026-08-12 03:56:23,garaje,0,82843.3,-12.2620799,-76.8349316
676,VE-29,2026-08-12 03:56:37,garaje,0,97236.7,-12.2621116,-76.834915
677,VE-37,2026-08-12 02:14:49,garaje,0,26859.3,-12.264505,-76.83269
678,VE-15,2026-08-12 00:19:23,garaje,0,56960,-11.98978,-77.1146016
679,VE-28,2026-08-12 00:29:09,garaje,0,72451,-11.98978,-77.114525
680,VE-18,2026-08-12 00:31:31,garaje,0,51342.9,-11.9717766,-77.0930483
681,VE-24,2026-08-12 00:18:37,garaje,0,48299.5,-11.7422233,-76.9661316
682,VE-26,2026-07-18 00:36:58,garaje,0,6942.7,-11.9827316,-77.1083916
683,VE-20,2026-07-08 23:27:22,garaje,0,65655.4,-11.9824266,-77.1082383
684,VE-10,2026-08-11 22:23:39,garaje,0,62641,-11.9820383,-77.0901183
685,VE-16,2026-08-12 00:56:46,garaje,0,57856.7,-11.9758333,-77.1131783
686,VE-32,2026-08-12 03:56:37,garaje,0,74731.2,-12.2622116,-76.8349949
687,VE-36,2026-08-12 00:48:14,garaje,0,23096.2,-11.9903483,-76.9133066
688,VE-09,2026-08-12 03:57:13,garaje,0,61985,-11.98932,-77.1145516
689,VE-02,2026-07-27 19:20:23,garaje,0,28952.5,-11.9825283,-77.1082299
690,VE-21,2026-06-20 07:27:28,garaje,0,31561.4,-11.979075,-77.1086533
691,VE-17,2026-08-11 23:27:54,garaje,0,49978.7,-11.9897116,-77.1145616
692,VE-33,2026-08-12 03:56:40,garaje,0,68442,-11.9764983,-76.9439983
693,VE-12,2026-08-12 03:56:26,garaje,0,54300.3,-11.9788183,-77.108565
694,VE-13,2026-08-11 23:47:58,garaje,0,45864,-11.9507366,-77.0806733
695,VE-01,2026-08-12 00:13:14,garaje,0,45011.7,-11.9061066,-77.0545033
696,VE-27,2026-08-12 03:56:30,garaje,0,93305,-11.9789616,-77.1087933
697,VE-03,2026-08-11 23:56:19,garaje,0,74541.2,-11.969245,-77.0894666
698,VE-22,2026-08-12 00:14:07,garaje,0,73835.3,-11.9735033,-77.11733
699,VE-05,2026-08-12 03:56:47,garaje,0,43079.5,-11.9897033,-77.1145266
700,VE-06,2026-08-12 03:57:16,garaje,0,31590.6,-12.0203666,-76.924905
701,VE-18,2026-08-12 00:31:31,garaje,0,51342.9,-11.9717766,-77.0930483
702,VE-07,2026-08-12 04:06:54,garaje,0,73205.3,-11.8438816,-77.1159533
703,VE-29,2026-08-12 04:04:38,garaje,0,97236.7,-12.2621116,-76.834915
704,VE-27,2026-08-12 04:06:31,garaje,0,93305,-11.9789616,-77.1087933
705,VE-14,2026-08-12 01:24:39,garaje,0,71855.4,-11.9827733,-77.1083999
706,VE-26,2026-07-18 00:36:58,garaje,0,6942.7,-11.9827316,-77.1083916
707,VE-25,2026-08-11 22:52:11,garaje,0,60717.6,-11.9046416,-77.0531966
708,VE-05,2026-08-12 04:06:47,garaje,0,43079.5,-11.9897033,-77.1145266
709,VE-23,2026-08-12 04:06:46,garaje,0,52039.8,-11.9507066,-77.0806666
710,VE-12,2026-08-12 04:07:26,garaje,0,54300.3,-11.9788183,-77.108565
711,VE-17,2026-08-11 23:27:54,garaje,0,49978.7,-11.9897116,-77.1145616
712,VE-06,2026-08-12 04:07:16,garaje,0,31590.6,-12.0202949,-76.924965
713,VE-01,2026-08-12 00:13:14,garaje,0,45011.7,-11.9061066,-77.0545033
714,VE-15,2026-08-12 00:19:23,garaje,0,56960,-11.98978,-77.1146016
715,VE-08,2026-08-12 04:07:01,garaje,0,46156.7,-11.8765716,-77.0267383
716,VE-31,2026-08-12 04:04:14,garaje,0,83280.1,-12.26215,-76.8347883
717,VE-16,2026-08-12 00:56:46,garaje,0,57856.7,-11.9758333,-77.1131783
718,VE-10,2026-08-11 22:23:39,garaje,0,62641,-11.9820383,-77.0901183
719,VE-19,2026-08-11 23:47:45,garaje,0,55371.6,-11.953455,-77.0913166
720,VE-11,2026-08-12 04:06:50,garaje,0,60337.9,-11.9784766,-77.1081866
721,VE-24,2026-08-12 00:18:37,garaje,0,48299.5,-11.7422233,-76.9661316
722,VE-09,2026-08-12 04:07:14,garaje,0,61985,-11.98932,-77.1145516
723,VE-32,2026-08-12 04:06:39,garaje,0,74731.2,-12.2622116,-76.8349949
724,VE-13,2026-08-11 23:47:58,garaje,0,45864,-11.9507366,-77.0806733
725,VE-21,2026-06-20 07:27:28,garaje,0,31561.4,-11.979075,-77.1086533
726,VE-37,2026-08-12 02:14:49,garaje,0,26859.3,-12.264505,-76.83269
727,VE-36,2026-08-12 00:48:14,garaje,0,23096.2,-11.9903483,-76.9133066
728,VE-03,2026-08-11 23:56:19,garaje,0,74541.2,-11.969245,-77.0894666
729,VE-22,2026-08-12 00:14:07,garaje,0,73835.3,-11.9735033,-77.11733
730,VE-02,2026-07-27 19:20:23,garaje,0,28952.5,-11.9825283,-77.1082299
731,VE-28,2026-08-12 00:29:09,garaje,0,72451,-11.98978,-77.114525
732,VE-30,2026-08-12 04:07:24,garaje,0,82843.3,-12.2620799,-76.8349316
733,VE-33,2026-08-12 04:06:42,garaje,0,68442,-11.9764983,-76.9439983
734,VE-35,2026-08-12 04:07:05,garaje,0,62037.1,-11.9735483,-76.9384516
735,VE-20,2026-07-08 23:27:22,garaje,0,65655.4,-11.9824266,-77.1082383
736,VE-05,2026-08-13 02:11:33,garaje,0,43250.8,-11.98969,-77.11458
737,VE-23,2026-08-13 02:12:02,garaje,0,52178.5,-11.9506466,-77.0805866
738,VE-21,2026-06-20 07:27:28,garaje,0,31561.4,-11.979075,-77.1086533
739,VE-06,2026-08-13 02:11:04,garaje,0,31636.1,-12.0198583,-76.924665
740,VE-16,2026-08-13 02:11:14,garaje,0,58046.4,-11.9757816,-77.1131933
741,VE-22,2026-08-12 22:08:11,garaje,0,73920.6,-11.9734433,-77.1172699
742,VE-17,2026-08-13 00:34:08,garaje,0,50065.6,-11.9897199,-77.1144883
743,VE-37,2026-08-13 01:01:48,garaje,0,27026.1,-12.2643316,-76.8323233
744,VE-03,2026-08-12 23:17:42,garaje,0,74728.9,-11.96934,-77.0894733
745,VE-31,2026-08-13 02:11:38,garaje,0,83438.9,-12.2621116,-76.8349866
746,VE-12,2026-08-13 02:11:27,garaje,0,54300.3,-11.9788183,-77.108565
747,VE-25,2026-08-13 00:01:34,garaje,0,60815.7,-11.9046533,-77.0532099
748,VE-20,2026-07-08 23:27:22,garaje,0,65655.4,-11.9824266,-77.1082383
749,VE-33,2026-08-13 02:11:53,garaje,0,68663.4,-11.97652,-76.9439483
750,VE-14,2026-08-12 01:24:39,garaje,0,71855.4,-11.9827733,-77.1083999
751,VE-19,2026-08-12 23:15:46,garaje,0,55429.7,-11.953465,-77.09127
752,VE-01,2026-08-12 23:30:04,garaje,0,45106.3,-11.9061799,-77.0544433
753,VE-29,2026-08-13 02:11:24,garaje,0,97425.6,-12.262085,-76.8350066
754,VE-30,2026-08-13 02:10:38,garaje,0,83009.3,-12.2620866,-76.8349666
755,VE-11,2026-08-13 02:11:49,garaje,0,60338.6,-11.97847,-77.10825
756,VE-18,2026-08-12 23:51:15,garaje,0,51438.7,-11.9717683,-77.09306
757,VE-36,2026-08-12 23:02:42,garaje,0,23240.3,-11.990345,-76.913295
758,VE-26,2026-07-18 00:36:58,garaje,0,6942.7,-11.9827316,-77.1083916
759,VE-15,2026-08-13 00:05:24,garaje,0,57062.4,-11.98978,-77.1145433
760,VE-07,2026-08-13 02:11:02,garaje,0,73575.4,-11.8463816,-77.1153249
761,VE-35,2026-08-13 02:11:15,garaje,0,62252.7,-11.973405,-76.9386849
762,VE-24,2026-08-13 00:07:29,garaje,0,48495.8,-11.7422416,-76.9661033
763,VE-10,2026-08-12 22:07:18,garaje,0,63014.6,-11.9819716,-77.0901016
764,VE-08,2026-08-13 02:11:29,garaje,0,46344.4,-11.87658,-77.02664
765,VE-13,2026-08-13 01:43:46,garaje,0,45958.9,-11.9506983,-77.0805616
766,VE-28,2026-08-12 20:48:47,garaje,0,72574.3,-11.989735,-77.1145066
767,VE-09,2026-08-13 02:11:49,garaje,0,62367.5,-11.989355,-77.114335
768,VE-32,2026-08-13 02:11:58,garaje,0,74948.2,-12.2621866,-76.8349166
769,VE-02,2026-07-27 19:20:23,garaje,0,28952.5,-11.9825283,-77.1082299
770,VE-27,2026-08-13 02:11:53,garaje,0,93305,-11.9789616,-77.1087933
771,VE-25,2026-08-13 00:01:34,garaje,0,60815.7,-11.9046533,-77.0532099
772,VE-07,2026-08-13 02:22:07,garaje,0,73575.4,-11.8463816,-77.1153249
773,VE-14,2026-08-12 01:24:39,garaje,0,71855.4,-11.9827733,-77.1083999
774,VE-23,2026-08-13 02:22:03,garaje,0,52178.5,-11.9506466,-77.0805866
775,VE-35,2026-08-13 02:21:15,garaje,0,62252.7,-11.973405,-76.9386849
776,VE-33,2026-08-13 02:21:54,garaje,0,68663.4,-11.97652,-76.9439483
777,VE-22,2026-08-12 22:08:11,garaje,0,73920.6,-11.9734433,-77.1172699
778,VE-24,2026-08-13 00:07:29,garaje,0,48495.8,-11.7422416,-76.9661033
779,VE-16,2026-08-13 02:21:15,garaje,0,58046.4,-11.9757816,-77.1131933
780,VE-11,2026-08-13 02:21:50,garaje,0,60338.6,-11.97847,-77.10825
781,VE-29,2026-08-13 02:21:25,garaje,0,97425.6,-12.262085,-76.8350066
782,VE-32,2026-08-13 02:20:58,garaje,0,74948.2,-12.2621866,-76.8349166
783,VE-37,2026-08-13 01:01:48,garaje,0,27026.1,-12.2643316,-76.8323233
784,VE-17,2026-08-13 00:34:08,garaje,0,50065.6,-11.9897199,-77.1144883
785,VE-12,2026-08-13 02:21:27,garaje,0,54300.3,-11.9788183,-77.108565
786,VE-31,2026-08-13 02:21:39,garaje,0,83438.9,-12.2621116,-76.8349866
787,VE-26,2026-07-18 00:36:58,garaje,0,6942.7,-11.9827316,-77.1083916
788,VE-30,2026-08-13 02:21:16,garaje,0,83009.3,-12.2620866,-76.8349666
789,VE-18,2026-08-12 23:51:15,garaje,0,51438.7,-11.9717683,-77.09306
790,VE-08,2026-08-13 02:21:30,garaje,0,46344.4,-11.87658,-77.02664
791,VE-36,2026-08-12 23:02:42,garaje,0,23240.3,-11.990345,-76.913295
792,VE-09,2026-08-13 02:21:50,garaje,0,62367.5,-11.989355,-77.114335
793,VE-20,2026-07-08 23:27:22,garaje,0,65655.4,-11.9824266,-77.1082383
794,VE-28,2026-08-12 20:48:47,garaje,0,72574.3,-11.989735,-77.1145066
795,VE-06,2026-08-13 02:22:04,garaje,0,31636.1,-12.0198583,-76.924665
796,VE-05,2026-08-13 02:21:33,garaje,0,43250.8,-11.98969,-77.11458
797,VE-02,2026-07-27 19:20:23,garaje,0,28952.5,-11.9825283,-77.1082299
798,VE-19,2026-08-12 23:15:46,garaje,0,55429.7,-11.953465,-77.09127
799,VE-13,2026-08-13 01:43:46,garaje,0,45958.9,-11.9506983,-77.0805616
800,VE-03,2026-08-12 23:17:42,garaje,0,74728.9,-11.96934,-77.0894733
801,VE-01,2026-08-12 23:30:04,garaje,0,45106.3,-11.9061799,-77.0544433
802,VE-15,2026-08-13 00:05:24,garaje,0,57062.4,-11.98978,-77.1145433
803,VE-21,2026-06-20 07:27:28,garaje,0,31561.4,-11.979075,-77.1086533
804,VE-10,2026-08-12 22:07:18,garaje,0,63014.6,-11.9819716,-77.0901016
805,VE-27,2026-08-13 02:21:54,garaje,0,93305,-11.9789616,-77.1087933
806,VE-30,2026-08-13 02:31:18,garaje,0,83009.3,-12.2620866,-76.8349666
807,VE-11,2026-08-13 02:31:51,garaje,0,60338.6,-11.97847,-77.10825
808,VE-33,2026-08-13 02:31:56,garaje,0,68663.4,-11.97652,-76.9439483
809,VE-02,2026-07-27 19:20:23,garaje,0,28952.5,-11.9825283,-77.1082299
810,VE-36,2026-08-12 23:02:42,garaje,0,23240.3,-11.990345,-76.913295
811,VE-03,2026-08-12 23:17:42,garaje,0,74728.9,-11.96934,-77.0894733
812,VE-15,2026-08-13 00:05:24,garaje,0,57062.4,-11.98978,-77.1145433
813,VE-20,2026-07-08 23:27:22,garaje,0,65655.4,-11.9824266,-77.1082383
814,VE-37,2026-08-13 01:01:48,garaje,0,27026.1,-12.2643316,-76.8323233
815,VE-23,2026-08-13 02:32:04,garaje,0,52178.5,-11.9506466,-77.0805866
816,VE-31,2026-08-13 02:31:40,garaje,0,83438.9,-12.2621116,-76.8349866
817,VE-05,2026-08-13 02:31:33,garaje,0,43250.8,-11.98969,-77.11458
818,VE-25,2026-08-13 00:01:34,garaje,0,60815.7,-11.9046533,-77.0532099
819,VE-27,2026-08-13 02:31:55,garaje,0,93305,-11.9789616,-77.1087933
820,VE-26,2026-07-18 00:36:58,garaje,0,6942.7,-11.9827316,-77.1083916
821,VE-16,2026-08-13 02:32:16,garaje,0,58046.4,-11.9757816,-77.1131933
822,VE-09,2026-08-13 02:31:51,garaje,0,62367.5,-11.989355,-77.114335
823,VE-17,2026-08-13 00:34:08,garaje,0,50065.6,-11.9897199,-77.1144883
824,VE-10,2026-08-12 22:07:18,garaje,0,63014.6,-11.9819716,-77.0901016
825,VE-14,2026-08-12 01:24:39,garaje,0,71855.4,-11.9827733,-77.1083999
826,VE-08,2026-08-13 02:31:31,garaje,0,46344.4,-11.87658,-77.02664
827,VE-22,2026-08-12 22:08:11,garaje,0,73920.6,-11.9734433,-77.1172699
828,VE-35,2026-08-13 02:32:15,garaje,0,62252.7,-11.973405,-76.9386849
829,VE-28,2026-08-12 20:48:47,garaje,0,72574.3,-11.989735,-77.1145066
830,VE-21,2026-06-20 07:27:28,garaje,0,31561.4,-11.979075,-77.1086533
831,VE-19,2026-08-12 23:15:46,garaje,0,55429.7,-11.953465,-77.09127
832,VE-29,2026-08-13 02:31:25,garaje,0,97425.6,-12.262085,-76.8350066
833,VE-24,2026-08-13 00:07:29,garaje,0,48495.8,-11.7422416,-76.9661033
834,VE-18,2026-08-12 23:51:15,garaje,0,51438.7,-11.9717683,-77.09306
835,VE-12,2026-08-13 02:31:27,garaje,0,54300.3,-11.9788183,-77.108565
836,VE-32,2026-08-13 02:32:00,garaje,0,74948.2,-12.2621866,-76.8349166
837,VE-07,2026-08-13 02:32:08,garaje,0,73575.4,-11.8463816,-77.1153249
838,VE-13,2026-08-13 01:43:46,garaje,0,45958.9,-11.9506983,-77.0805616
839,VE-06,2026-08-13 02:32:04,garaje,0,31636.1,-12.0198583,-76.924665
840,VE-01,2026-08-12 23:30:04,garaje,0,45106.3,-11.9061799,-77.0544433
841,VE-11,2026-08-13 02:41:52,garaje,0,60338.6,-11.97847,-77.10825
842,VE-22,2026-08-12 22:08:11,garaje,0,73920.6,-11.9734433,-77.1172699
843,VE-08,2026-08-13 02:41:33,garaje,0,46344.4,-11.87658,-77.02664
844,VE-27,2026-08-13 02:41:55,garaje,0,93305,-11.9789616,-77.1087933
845,VE-28,2026-08-12 20:48:47,garaje,0,72574.3,-11.989735,-77.1145066
846,VE-16,2026-08-13 02:42:17,garaje,0,58046.4,-11.9757816,-77.1131933
847,VE-18,2026-08-12 23:51:15,garaje,0,51438.7,-11.9717683,-77.09306
848,VE-14,2026-08-12 01:24:39,garaje,0,71855.4,-11.9827733,-77.1083999
849,VE-12,2026-08-13 02:42:27,garaje,0,54300.3,-11.9788183,-77.108565
850,VE-23,2026-08-13 02:42:05,garaje,0,52178.5,-11.9506466,-77.0805866
851,VE-29,2026-08-13 02:42:27,garaje,0,97425.6,-12.262085,-76.8350066
852,VE-06,2026-08-13 02:42:04,garaje,0,31636.1,-12.0198583,-76.924665
853,VE-01,2026-08-12 23:30:04,garaje,0,45106.3,-11.9061799,-77.0544433
854,VE-24,2026-08-13 00:07:29,garaje,0,48495.8,-11.7422416,-76.9661033
855,VE-17,2026-08-13 00:34:08,garaje,0,50065.6,-11.9897199,-77.1144883
856,VE-26,2026-07-18 00:36:58,garaje,0,6942.7,-11.9827316,-77.1083916
857,VE-36,2026-08-12 23:02:42,garaje,0,23240.3,-11.990345,-76.913295
858,VE-13,2026-08-13 01:43:46,garaje,0,45958.9,-11.9506983,-77.0805616
859,VE-21,2026-06-20 07:27:28,garaje,0,31561.4,-11.979075,-77.1086533
860,VE-09,2026-08-13 02:41:52,garaje,0,62367.5,-11.989355,-77.114335
861,VE-37,2026-08-13 01:01:48,garaje,0,27026.1,-12.2643316,-76.8323233
862,VE-32,2026-08-13 02:42:00,garaje,0,74948.2,-12.2621866,-76.8349166
863,VE-19,2026-08-12 23:15:46,garaje,0,55429.7,-11.953465,-77.09127
864,VE-35,2026-08-13 02:42:15,garaje,0,62252.7,-11.973405,-76.9386849
865,VE-05,2026-08-13 02:41:33,garaje,0,43250.8,-11.98969,-77.11458
866,VE-03,2026-08-12 23:17:42,garaje,0,74728.9,-11.96934,-77.0894733
867,VE-30,2026-08-13 02:42:18,garaje,0,83009.3,-12.2620866,-76.8349666
868,VE-33,2026-08-13 02:41:57,garaje,0,68663.4,-11.97652,-76.9439483
869,VE-15,2026-08-13 00:05:24,garaje,0,57062.4,-11.98978,-77.1145433
870,VE-25,2026-08-13 00:01:34,garaje,0,60815.7,-11.9046533,-77.0532099
871,VE-10,2026-08-12 22:07:18,garaje,0,63014.6,-11.9819716,-77.0901016
872,VE-31,2026-08-13 02:41:41,garaje,0,83438.9,-12.2621116,-76.8349866
873,VE-20,2026-07-08 23:27:22,garaje,0,65655.4,-11.9824266,-77.1082383
874,VE-02,2026-07-27 19:20:23,garaje,0,28952.5,-11.9825283,-77.1082299
875,VE-07,2026-08-13 02:42:08,garaje,0,73575.4,-11.8463816,-77.1153249
876,VE-02,2026-07-27 19:20:23,garaje,0,28952.5,-11.9825283,-77.1082299
877,VE-12,2026-08-13 02:49:27,garaje,0,54300.3,-11.9788183,-77.108565
878,VE-16,2026-08-13 02:49:18,garaje,0,58046.4,-11.9757816,-77.1131933
879,VE-20,2026-07-08 23:27:22,garaje,0,65655.4,-11.9824266,-77.1082383
880,VE-32,2026-08-13 02:48:01,garaje,0,74948.2,-12.2621866,-76.8349166
881,VE-05,2026-08-13 02:49:33,garaje,0,43250.8,-11.98969,-77.11458
882,VE-03,2026-08-12 23:17:42,garaje,0,74728.9,-11.96934,-77.0894733
883,VE-29,2026-08-13 02:49:28,garaje,0,97425.6,-12.262085,-76.8350066
884,VE-01,2026-08-12 23:30:04,garaje,0,45106.3,-11.9061799,-77.0544433
885,VE-36,2026-08-12 23:02:42,garaje,0,23240.3,-11.990345,-76.913295
886,VE-23,2026-08-13 02:49:06,garaje,0,52178.5,-11.9506466,-77.0805866
887,VE-35,2026-08-13 02:49:15,garaje,0,62252.7,-11.973405,-76.9386849
888,VE-14,2026-08-12 01:24:39,garaje,0,71855.4,-11.9827733,-77.1083999
889,VE-28,2026-08-12 20:48:47,garaje,0,72574.3,-11.989735,-77.1145066
890,VE-25,2026-08-13 00:01:34,garaje,0,60815.7,-11.9046533,-77.0532099
891,VE-08,2026-08-13 02:49:33,garaje,0,46344.4,-11.87658,-77.02664
892,VE-10,2026-08-12 22:07:18,garaje,0,63014.6,-11.9819716,-77.0901016
893,VE-19,2026-08-12 23:15:46,garaje,0,55429.7,-11.953465,-77.09127
894,VE-31,2026-08-13 02:48:42,garaje,0,83438.9,-12.2621116,-76.8349866
895,VE-30,2026-08-13 02:48:37,garaje,0,83009.3,-12.2620616,-76.8348783
896,VE-17,2026-08-13 00:34:08,garaje,0,50065.6,-11.9897199,-77.1144883
897,VE-37,2026-08-13 01:01:48,garaje,0,27026.1,-12.2643316,-76.8323233
898,VE-07,2026-08-13 02:49:09,garaje,0,73575.4,-11.8463816,-77.1153249
899,VE-33,2026-08-13 02:48:58,garaje,0,68663.4,-11.97652,-76.9439483
900,VE-26,2026-07-18 00:36:58,garaje,0,6942.7,-11.9827316,-77.1083916
901,VE-13,2026-08-13 01:43:46,garaje,0,45958.9,-11.9506983,-77.0805616
902,VE-27,2026-08-13 02:48:57,garaje,0,93305,-11.9789616,-77.1087933
903,VE-15,2026-08-13 00:05:24,garaje,0,57062.4,-11.98978,-77.1145433
904,VE-24,2026-08-13 00:07:29,garaje,0,48495.8,-11.7422416,-76.9661033
905,VE-09,2026-08-13 02:48:53,garaje,0,62367.5,-11.989355,-77.114335
906,VE-11,2026-08-13 02:48:53,garaje,0,60338.6,-11.97847,-77.10825
907,VE-18,2026-08-12 23:51:15,garaje,0,51438.7,-11.9717683,-77.09306
908,VE-22,2026-08-12 22:08:11,garaje,0,73920.6,-11.9734433,-77.1172699
909,VE-21,2026-06-20 07:27:28,garaje,0,31561.4,-11.979075,-77.1086533
910,VE-06,2026-08-13 02:49:04,garaje,0,31636.1,-12.0198583,-76.924665
911,VE-06,2026-08-13 02:54:04,garaje,0,31636.1,-12.0198583,-76.924665
912,VE-22,2026-08-12 22:08:11,garaje,0,73920.6,-11.9734433,-77.1172699
913,VE-26,2026-07-18 00:36:58,garaje,0,6942.7,-11.9827316,-77.1083916
914,VE-23,2026-08-13 02:54:06,garaje,0,52178.5,-11.9506466,-77.0805866
915,VE-21,2026-06-20 07:27:28,garaje,0,31561.4,-11.979075,-77.1086533
916,VE-28,2026-08-12 20:48:47,garaje,0,72574.3,-11.989735,-77.1145066
917,VE-07,2026-08-13 02:52:09,garaje,0,73575.4,-11.8463816,-77.1153249
918,VE-16,2026-08-13 02:53:18,garaje,0,58046.4,-11.9757816,-77.1131933
919,VE-10,2026-08-12 22:07:18,garaje,0,63014.6,-11.9819716,-77.0901016
920,VE-24,2026-08-13 00:07:29,garaje,0,48495.8,-11.7422416,-76.9661033
921,VE-27,2026-08-13 02:53:57,garaje,0,93305,-11.9789616,-77.1087933
922,VE-35,2026-08-13 02:53:15,garaje,0,62252.7,-11.973405,-76.9386849
923,VE-17,2026-08-13 00:34:08,garaje,0,50065.6,-11.9897199,-77.1144883
924,VE-32,2026-08-13 02:53:15,garaje,0,74948.2,-12.2621866,-76.8349166
925,VE-12,2026-08-13 02:53:27,garaje,0,54300.3,-11.9788183,-77.108565
926,VE-20,2026-07-08 23:27:22,garaje,0,65655.4,-11.9824266,-77.1082383
927,VE-36,2026-08-12 23:02:42,garaje,0,23240.3,-11.990345,-76.913295
928,VE-25,2026-08-13 00:01:34,garaje,0,60815.7,-11.9046533,-77.0532099
929,VE-30,2026-08-13 02:53:37,garaje,0,83009.3,-12.2620616,-76.8348783
930,VE-02,2026-07-27 19:20:23,garaje,0,28952.5,-11.9825283,-77.1082299
931,VE-08,2026-08-13 02:53:33,garaje,0,46344.4,-11.87658,-77.02664
932,VE-18,2026-08-12 23:51:15,garaje,0,51438.7,-11.9717683,-77.09306
933,VE-33,2026-08-13 02:53:58,garaje,0,68663.4,-11.97652,-76.9439483
934,VE-09,2026-08-13 02:53:53,garaje,0,62367.5,-11.989355,-77.114335
935,VE-14,2026-08-12 01:24:39,garaje,0,71855.4,-11.9827733,-77.1083999
936,VE-03,2026-08-12 23:17:42,garaje,0,74728.9,-11.96934,-77.0894733
937,VE-19,2026-08-12 23:15:46,garaje,0,55429.7,-11.953465,-77.09127
938,VE-37,2026-08-13 01:01:48,garaje,0,27026.1,-12.2643316,-76.8323233
939,VE-11,2026-08-13 02:53:53,garaje,0,60338.6,-11.97847,-77.10825
940,VE-13,2026-08-13 01:43:46,garaje,0,45958.9,-11.9506983,-77.0805616
941,VE-01,2026-08-12 23:30:04,garaje,0,45106.3,-11.9061799,-77.0544433
942,VE-05,2026-08-13 02:53:33,garaje,0,43250.8,-11.98969,-77.11458
943,VE-31,2026-08-13 02:53:42,garaje,0,83438.9,-12.2621116,-76.8349866
944,VE-15,2026-08-13 00:05:24,garaje,0,57062.4,-11.98978,-77.1145433
945,VE-29,2026-08-13 02:53:28,garaje,0,97425.6,-12.262085,-76.8350066
946,VE-31,2026-08-13 03:03:43,garaje,0,83438.9,-12.2621116,-76.8349866
947,VE-01,2026-08-12 23:30:04,garaje,0,45106.3,-11.9061799,-77.0544433
948,VE-10,2026-08-12 22:07:18,garaje,0,63014.6,-11.9819716,-77.0901016
949,VE-12,2026-08-13 03:03:27,garaje,0,54300.3,-11.9788183,-77.108565
950,VE-19,2026-08-12 23:15:46,garaje,0,55429.7,-11.953465,-77.09127
951,VE-16,2026-08-13 03:04:19,garaje,0,58046.4,-11.9757816,-77.1131933
952,VE-24,2026-08-13 00:07:29,garaje,0,48495.8,-11.7422416,-76.9661033
953,VE-11,2026-08-13 03:03:55,garaje,0,60338.6,-11.97847,-77.10825
954,VE-03,2026-08-12 23:17:42,garaje,0,74728.9,-11.96934,-77.0894733
955,VE-06,2026-08-13 03:04:04,garaje,0,31636.1,-12.0198583,-76.924665
956,VE-15,2026-08-13 00:05:24,garaje,0,57062.4,-11.98978,-77.1145433
957,VE-27,2026-08-13 03:03:58,garaje,0,93305,-11.9789616,-77.1087933
958,VE-35,2026-08-13 03:04:15,garaje,0,62252.7,-11.973405,-76.9386849
959,VE-36,2026-08-12 23:02:42,garaje,0,23240.3,-11.990345,-76.913295
960,VE-18,2026-08-12 23:51:15,garaje,0,51438.7,-11.9717683,-77.09306
961,VE-07,2026-08-13 03:01:11,garaje,0,73575.4,-11.8463816,-77.1153249
962,VE-02,2026-07-27 19:20:23,garaje,0,28952.5,-11.9825283,-77.1082299
963,VE-13,2026-08-13 01:43:46,garaje,0,45958.9,-11.9506983,-77.0805616
964,VE-05,2026-08-13 03:03:33,garaje,0,43250.8,-11.98969,-77.11458
965,VE-37,2026-08-13 01:01:48,garaje,0,27026.1,-12.2643316,-76.8323233
966,VE-21,2026-06-20 07:27:28,garaje,0,31561.4,-11.979075,-77.1086533
967,VE-25,2026-08-13 00:01:34,garaje,0,60815.7,-11.9046533,-77.0532099
968,VE-22,2026-08-12 22:08:11,garaje,0,73920.6,-11.9734433,-77.1172699
969,VE-08,2026-08-13 03:03:35,garaje,0,46344.4,-11.87658,-77.02664
970,VE-14,2026-08-12 01:24:39,garaje,0,71855.4,-11.9827733,-77.1083999
971,VE-28,2026-08-12 20:48:47,garaje,0,72574.3,-11.989735,-77.1145066
972,VE-26,2026-07-18 00:36:58,garaje,0,6942.7,-11.9827316,-77.1083916
973,VE-33,2026-08-13 03:03:59,garaje,0,68663.4,-11.97652,-76.9439483
974,VE-09,2026-08-13 03:03:54,garaje,0,62367.5,-11.989355,-77.114335
975,VE-23,2026-08-13 03:04:07,garaje,0,52178.5,-11.9506466,-77.0805866
976,VE-20,2026-07-08 23:27:22,garaje,0,65655.4,-11.9824266,-77.1082383
977,VE-17,2026-08-13 00:34:08,garaje,0,50065.6,-11.9897199,-77.1144883
978,VE-32,2026-08-13 03:04:16,garaje,0,74948.2,-12.2621866,-76.8349166
979,VE-30,2026-08-13 03:03:39,garaje,0,83009.3,-12.2620616,-76.8348783
980,VE-29,2026-08-13 03:03:29,garaje,0,97425.6,-12.262085,-76.8350066
981,VE-20,2026-07-08 23:27:22,garaje,0,65655.4,-11.9824266,-77.1082383
982,VE-26,2026-07-18 00:36:58,garaje,0,6942.7,-11.9827316,-77.1083916
983,VE-18,2026-08-12 23:51:15,garaje,0,51438.7,-11.9717683,-77.09306
984,VE-29,2026-08-13 03:13:30,garaje,0,97425.6,-12.262085,-76.8350066
985,VE-09,2026-08-13 03:13:55,garaje,0,62367.5,-11.989355,-77.114335
986,VE-27,2026-08-13 03:13:59,garaje,0,93305,-11.9789616,-77.1087933
987,VE-35,2026-08-13 03:14:15,garaje,0,62252.7,-11.973405,-76.9386849
988,VE-23,2026-08-13 03:14:08,garaje,0,52178.5,-11.9506466,-77.0805866
989,VE-21,2026-06-20 07:27:28,garaje,0,31561.4,-11.979075,-77.1086533
990,VE-31,2026-08-13 03:13:43,garaje,0,83438.9,-12.261995,-76.8349099
991,VE-16,2026-08-13 03:14:20,garaje,0,58046.4,-11.9757816,-77.1131933
992,VE-19,2026-08-12 23:15:46,garaje,0,55429.7,-11.953465,-77.09127
993,VE-11,2026-08-13 03:13:56,garaje,0,60338.6,-11.97847,-77.10825
994,VE-28,2026-08-12 20:48:47,garaje,0,72574.3,-11.989735,-77.1145066
995,VE-33,2026-08-13 03:14:00,garaje,0,68663.4,-11.97652,-76.9439483
996,VE-12,2026-08-13 03:14:27,garaje,0,54300.3,-11.9788183,-77.108565
997,VE-24,2026-08-13 00:07:29,garaje,0,48495.8,-11.7422416,-76.9661033
998,VE-01,2026-08-12 23:30:04,garaje,0,45106.3,-11.9061799,-77.0544433
999,VE-17,2026-08-13 00:34:08,garaje,0,50065.6,-11.9897199,-77.1144883
1000,VE-13,2026-08-13 01:43:46,garaje,0,45958.9,-11.9506983,-77.0805616
1001,VE-03,2026-08-12 23:17:42,garaje,0,74728.9,-11.96934,-77.0894733
1002,VE-30,2026-08-13 03:13:40,garaje,0,83009.3,-12.2620616,-76.8348783
1003,VE-07,2026-08-13 03:12:12,garaje,0,73575.4,-11.8463816,-77.1153249
1004,VE-36,2026-08-12 23:02:42,garaje,0,23240.3,-11.990345,-76.913295
1005,VE-10,2026-08-12 22:07:18,garaje,0,63014.6,-11.9819716,-77.0901016
1006,VE-14,2026-08-12 01:24:39,garaje,0,71855.4,-11.9827733,-77.1083999
1007,VE-37,2026-08-13 01:01:48,garaje,0,27026.1,-12.2643316,-76.8323233
1008,VE-02,2026-07-27 19:20:23,garaje,0,28952.5,-11.9825283,-77.1082299
1009,VE-05,2026-08-13 03:13:33,garaje,0,43250.8,-11.98969,-77.11458
1010,VE-08,2026-08-13 03:13:36,garaje,0,46344.4,-11.87658,-77.02664
1011,VE-15,2026-08-13 00:05:24,garaje,0,57062.4,-11.98978,-77.1145433
1012,VE-06,2026-08-13 03:14:04,garaje,0,31636.1,-12.0198583,-76.924665
1013,VE-25,2026-08-13 00:01:34,garaje,0,60815.7,-11.9046533,-77.0532099
1014,VE-32,2026-08-13 03:13:54,garaje,0,74948.2,-12.2621866,-76.8349166
1015,VE-22,2026-08-12 22:08:11,garaje,0,73920.6,-11.9734433,-77.1172699
1016,VE-22,2026-08-12 22:08:11,garaje,0,73920.6,-11.9734433,-77.1172699
1017,VE-17,2026-08-13 00:34:08,garaje,0,50065.6,-11.9897199,-77.1144883
1018,VE-25,2026-08-13 00:01:34,garaje,0,60815.7,-11.9046533,-77.0532099
1019,VE-11,2026-08-13 03:14:56,garaje,0,60338.6,-11.97847,-77.10825
1020,VE-16,2026-08-13 03:15:20,garaje,0,58046.4,-11.9757816,-77.1131933
1021,VE-01,2026-08-12 23:30:04,garaje,0,45106.3,-11.9061799,-77.0544433
1022,VE-15,2026-08-13 00:05:24,garaje,0,57062.4,-11.98978,-77.1145433
1023,VE-02,2026-07-27 19:20:23,garaje,0,28952.5,-11.9825283,-77.1082299
1024,VE-36,2026-08-12 23:02:42,garaje,0,23240.3,-11.990345,-76.913295
1025,VE-09,2026-08-13 03:14:55,garaje,0,62367.5,-11.989355,-77.114335
1026,VE-31,2026-08-13 03:15:44,garaje,0,83438.9,-12.261995,-76.8349099
1027,VE-06,2026-08-13 03:15:04,garaje,0,31636.1,-12.0198583,-76.924665
1028,VE-24,2026-08-13 00:07:29,garaje,0,48495.8,-11.7422416,-76.9661033
1029,VE-20,2026-07-08 23:27:22,garaje,0,65655.4,-11.9824266,-77.1082383
1030,VE-13,2026-08-13 01:43:46,garaje,0,45958.9,-11.9506983,-77.0805616
1031,VE-19,2026-08-12 23:15:46,garaje,0,55429.7,-11.953465,-77.09127
1032,VE-14,2026-08-12 01:24:39,garaje,0,71855.4,-11.9827733,-77.1083999
1033,VE-07,2026-08-13 03:15:12,garaje,0,73575.4,-11.8463816,-77.1153249
1034,VE-37,2026-08-13 01:01:48,garaje,0,27026.1,-12.2643316,-76.8323233
1035,VE-29,2026-08-13 03:15:30,garaje,0,97425.6,-12.262085,-76.8350066
1036,VE-30,2026-08-13 03:13:40,garaje,0,83009.3,-12.2620616,-76.8348783
1037,VE-28,2026-08-12 20:48:47,garaje,0,72574.3,-11.989735,-77.1145066
1038,VE-32,2026-08-13 03:13:54,garaje,0,74948.2,-12.2621866,-76.8349166
1039,VE-18,2026-08-12 23:51:15,garaje,0,51438.7,-11.9717683,-77.09306
1040,VE-27,2026-08-13 03:14:59,garaje,0,93305,-11.9789616,-77.1087933
1041,VE-23,2026-08-13 03:15:08,garaje,0,52178.5,-11.9506466,-77.0805866
1042,VE-35,2026-08-13 03:15:15,garaje,0,62252.7,-11.973405,-76.9386849
1043,VE-05,2026-08-13 03:15:33,garaje,0,43250.8,-11.98969,-77.11458
1044,VE-10,2026-08-12 22:07:18,garaje,0,63014.6,-11.9819716,-77.0901016
1045,VE-12,2026-08-13 03:15:27,garaje,0,54300.3,-11.9788183,-77.108565
1046,VE-21,2026-06-20 07:27:28,garaje,0,31561.4,-11.979075,-77.1086533
1047,VE-03,2026-08-12 23:17:42,garaje,0,74728.9,-11.96934,-77.0894733
1048,VE-08,2026-08-13 03:15:36,garaje,0,46344.4,-11.87658,-77.02664
1049,VE-26,2026-07-18 00:36:58,garaje,0,6942.7,-11.9827316,-77.1083916
1050,VE-33,2026-08-13 03:15:01,garaje,0,68663.4,-11.97652,-76.9439483
1051,VE-27,2026-08-13 03:15:59,garaje,0,93305,-11.9789616,-77.1087933
1052,VE-36,2026-08-12 23:02:42,garaje,0,23240.3,-11.990345,-76.913295
1053,VE-05,2026-08-13 03:15:33,garaje,0,43250.8,-11.98969,-77.11458
1054,VE-24,2026-08-13 00:07:29,garaje,0,48495.8,-11.7422416,-76.9661033
1055,VE-20,2026-07-08 23:27:22,garaje,0,65655.4,-11.9824266,-77.1082383
1056,VE-37,2026-08-13 01:01:48,garaje,0,27026.1,-12.2643316,-76.8323233
1057,VE-08,2026-08-13 03:15:36,garaje,0,46344.4,-11.87658,-77.02664
1058,VE-02,2026-07-27 19:20:23,garaje,0,28952.5,-11.9825283,-77.1082299
1059,VE-30,2026-08-13 03:13:40,garaje,0,83009.3,-12.2620616,-76.8348783
1060,VE-17,2026-08-13 00:34:08,garaje,0,50065.6,-11.9897199,-77.1144883
1061,VE-32,2026-08-13 03:13:54,garaje,0,74948.2,-12.2621866,-76.8349166
1062,VE-29,2026-08-13 03:16:30,garaje,0,97425.6,-12.262085,-76.8350066
1063,VE-26,2026-07-18 00:36:58,garaje,0,6942.7,-11.9827316,-77.1083916
1064,VE-19,2026-08-12 23:15:46,garaje,0,55429.7,-11.953465,-77.09127
1065,VE-12,2026-08-13 03:16:27,garaje,0,54300.3,-11.9788183,-77.108565
1066,VE-35,2026-08-13 03:16:15,garaje,0,62252.7,-11.973405,-76.9386849
1067,VE-16,2026-08-13 03:16:20,garaje,0,58046.4,-11.9757816,-77.1131933
1068,VE-13,2026-08-13 01:43:46,garaje,0,45958.9,-11.9506983,-77.0805616
1069,VE-33,2026-08-13 03:16:01,garaje,0,68663.4,-11.97652,-76.9439483
1070,VE-15,2026-08-13 00:05:24,garaje,0,57062.4,-11.98978,-77.1145433
1071,VE-07,2026-08-13 03:15:12,garaje,0,73575.4,-11.8463816,-77.1153249
1072,VE-31,2026-08-13 03:15:44,garaje,0,83438.9,-12.261995,-76.8349099
1073,VE-14,2026-08-12 01:24:39,garaje,0,71855.4,-11.9827733,-77.1083999
1074,VE-09,2026-08-13 03:15:55,garaje,0,62367.5,-11.989355,-77.114335
1075,VE-25,2026-08-13 00:01:34,garaje,0,60815.7,-11.9046533,-77.0532099
1076,VE-10,2026-08-12 22:07:18,garaje,0,63014.6,-11.9819716,-77.0901016
1077,VE-01,2026-08-12 23:30:04,garaje,0,45106.3,-11.9061799,-77.0544433
1078,VE-18,2026-08-12 23:51:15,garaje,0,51438.7,-11.9717683,-77.09306
1079,VE-28,2026-08-12 20:48:47,garaje,0,72574.3,-11.989735,-77.1145066
1080,VE-06,2026-08-13 03:16:04,garaje,0,31636.1,-12.0198583,-76.924665
1081,VE-21,2026-06-20 07:27:28,garaje,0,31561.4,-11.979075,-77.1086533
1082,VE-11,2026-08-13 03:15:55,garaje,0,60338.6,-11.97847,-77.10825
1083,VE-22,2026-08-12 22:08:11,garaje,0,73920.6,-11.9734433,-77.1172699
1084,VE-23,2026-08-13 03:16:09,garaje,0,52178.5,-11.9506466,-77.0805866
1085,VE-03,2026-08-12 23:17:42,garaje,0,74728.9,-11.96934,-77.0894733
1086,VE-06,2026-08-13 03:26:04,garaje,0,31636.1,-12.0198583,-76.924665
1087,VE-11,2026-08-13 03:25:56,garaje,0,60338.6,-11.97847,-77.10825
1088,VE-36,2026-08-12 23:02:42,garaje,0,23240.3,-11.990345,-76.913295
1089,VE-01,2026-08-12 23:30:04,garaje,0,45106.3,-11.9061799,-77.0544433
1090,VE-26,2026-07-18 00:36:58,garaje,0,6942.7,-11.9827316,-77.1083916
1091,VE-22,2026-08-12 22:08:11,garaje,0,73920.6,-11.9734433,-77.1172699
1092,VE-25,2026-08-13 00:01:34,garaje,0,60815.7,-11.9046533,-77.0532099
1093,VE-21,2026-06-20 07:27:28,garaje,0,31561.4,-11.979075,-77.1086533
1094,VE-24,2026-08-13 00:07:29,garaje,0,48495.8,-11.7422416,-76.9661033
1095,VE-09,2026-08-13 03:25:56,garaje,0,62367.5,-11.989355,-77.114335
1096,VE-07,2026-08-13 03:25:13,garaje,0,73575.4,-11.8463816,-77.1153249
1097,VE-31,2026-08-13 03:25:44,garaje,0,83438.9,-12.261995,-76.8349099
1098,VE-18,2026-08-12 23:51:15,garaje,0,51438.7,-11.9717683,-77.09306
1099,VE-12,2026-08-13 03:26:27,garaje,0,54300.3,-11.9788183,-77.108565
1100,VE-02,2026-07-27 19:20:23,garaje,0,28952.5,-11.9825283,-77.1082299
1101,VE-15,2026-08-13 00:05:24,garaje,0,57062.4,-11.98978,-77.1145433
1102,VE-30,2026-08-13 03:20:40,garaje,0,83009.3,-12.2620616,-76.8348783
1103,VE-32,2026-08-13 03:24:38,garaje,0,74948.2,-12.2621866,-76.8349166
1104,VE-28,2026-08-12 20:48:47,garaje,0,72574.3,-11.989735,-77.1145066
1105,VE-10,2026-08-12 22:07:18,garaje,0,63014.6,-11.9819716,-77.0901016
1106,VE-37,2026-08-13 01:01:48,garaje,0,27026.1,-12.2643316,-76.8323233
1107,VE-16,2026-08-13 03:26:21,garaje,0,58046.4,-11.9757816,-77.1131933
1108,VE-08,2026-08-13 03:26:37,garaje,0,46344.4,-11.87658,-77.02664
1109,VE-35,2026-08-13 03:26:15,garaje,0,62252.7,-11.973405,-76.9386849
1110,VE-33,2026-08-13 03:26:02,garaje,0,68663.4,-11.97652,-76.9439483
1111,VE-13,2026-08-13 01:43:46,garaje,0,45958.9,-11.9506983,-77.0805616
1112,VE-29,2026-08-13 03:26:15,garaje,0,97425.6,-12.2620366,-76.8349266
1113,VE-19,2026-08-12 23:15:46,garaje,0,55429.7,-11.953465,-77.09127
1114,VE-05,2026-08-13 03:26:33,garaje,0,43250.8,-11.98969,-77.11458
1115,VE-03,2026-08-12 23:17:42,garaje,0,74728.9,-11.96934,-77.0894733
1116,VE-20,2026-07-08 23:27:22,garaje,0,65655.4,-11.9824266,-77.1082383
1117,VE-23,2026-08-13 03:26:10,garaje,0,52178.5,-11.9506466,-77.0805866
1118,VE-27,2026-08-13 03:26:00,garaje,0,93305,-11.9789616,-77.1087933
1119,VE-14,2026-08-12 01:24:39,garaje,0,71855.4,-11.9827733,-77.1083999
1120,VE-17,2026-08-13 00:34:08,garaje,0,50065.6,-11.9897199,-77.1144883
1121,VE-33,2026-08-13 03:27:02,garaje,0,68663.4,-11.97652,-76.9439483
1122,VE-15,2026-08-13 00:05:24,garaje,0,57062.4,-11.98978,-77.1145433
1123,VE-09,2026-08-13 03:26:57,garaje,0,62367.5,-11.989355,-77.114335
1124,VE-23,2026-08-13 03:27:10,garaje,0,52178.5,-11.9506466,-77.0805866
1125,VE-25,2026-08-13 00:01:34,garaje,0,60815.7,-11.9046533,-77.0532099
1126,VE-29,2026-08-13 03:27:16,garaje,0,97425.6,-12.2620366,-76.8349266
1127,VE-28,2026-08-12 20:48:47,garaje,0,72574.3,-11.989735,-77.1145066
1128,VE-08,2026-08-13 03:27:37,garaje,0,46344.4,-11.87658,-77.02664
1129,VE-36,2026-08-12 23:02:42,garaje,0,23240.3,-11.990345,-76.913295
1130,VE-18,2026-08-12 23:51:15,garaje,0,51438.7,-11.9717683,-77.09306
1131,VE-01,2026-08-12 23:30:04,garaje,0,45106.3,-11.9061799,-77.0544433
1132,VE-26,2026-07-18 00:36:58,garaje,0,6942.7,-11.9827316,-77.1083916
1133,VE-12,2026-08-13 03:27:27,garaje,0,54300.3,-11.9788183,-77.108565
1134,VE-27,2026-08-13 03:27:01,garaje,0,93305,-11.9789616,-77.1087933
1135,VE-13,2026-08-13 01:43:46,garaje,0,45958.9,-11.9506983,-77.0805616
1136,VE-06,2026-08-13 03:27:04,garaje,0,31636.1,-12.0198583,-76.924665
1137,VE-11,2026-08-13 03:26:57,garaje,0,60338.6,-11.97847,-77.10825
1138,VE-31,2026-08-13 03:27:45,garaje,0,83438.9,-12.261995,-76.8349099
1139,VE-22,2026-08-12 22:08:11,garaje,0,73920.6,-11.9734433,-77.1172699
1140,VE-16,2026-08-13 03:27:22,garaje,0,58046.4,-11.9757816,-77.1131933
1141,VE-05,2026-08-13 03:27:33,garaje,0,43250.8,-11.98969,-77.11458
1142,VE-10,2026-08-12 22:07:18,garaje,0,63014.6,-11.9819716,-77.0901016
1143,VE-37,2026-08-13 01:01:48,garaje,0,27026.1,-12.2643316,-76.8323233
1144,VE-14,2026-08-12 01:24:39,garaje,0,71855.4,-11.9827733,-77.1083999
1145,VE-07,2026-08-13 03:25:13,garaje,0,73575.4,-11.8463816,-77.1153249
1146,VE-20,2026-07-08 23:27:22,garaje,0,65655.4,-11.9824266,-77.1082383
1147,VE-21,2026-06-20 07:27:28,garaje,0,31561.4,-11.979075,-77.1086533
1148,VE-32,2026-08-13 03:27:39,garaje,0,74948.2,-12.2621866,-76.8349166
1149,VE-19,2026-08-12 23:15:46,garaje,0,55429.7,-11.953465,-77.09127
1150,VE-02,2026-07-27 19:20:23,garaje,0,28952.5,-11.9825283,-77.1082299
1151,VE-30,2026-08-13 03:20:40,garaje,0,83009.3,-12.2620616,-76.8348783
1152,VE-35,2026-08-13 03:27:15,garaje,0,62252.7,-11.973405,-76.9386849
1153,VE-03,2026-08-12 23:17:42,garaje,0,74728.9,-11.96934,-77.0894733
1154,VE-24,2026-08-13 00:07:29,garaje,0,48495.8,-11.7422416,-76.9661033
1155,VE-17,2026-08-13 00:34:08,garaje,0,50065.6,-11.9897199,-77.1144883
1156,VE-35,2026-08-13 03:29:15,garaje,0,62252.7,-11.973405,-76.9386849
1157,VE-21,2026-06-20 07:27:28,garaje,0,31561.4,-11.979075,-77.1086533
1158,VE-33,2026-08-13 03:29:02,garaje,0,68663.4,-11.97652,-76.9439483
1159,VE-16,2026-08-13 03:29:21,garaje,0,58046.4,-11.9757816,-77.1131933
1160,VE-22,2026-08-12 22:08:11,garaje,0,73920.6,-11.9734433,-77.1172699
1161,VE-15,2026-08-13 00:05:24,garaje,0,57062.4,-11.98978,-77.1145433
1162,VE-02,2026-07-27 19:20:23,garaje,0,28952.5,-11.9825283,-77.1082299
1163,VE-32,2026-08-13 03:27:39,garaje,0,74948.2,-12.2621866,-76.8349166
1164,VE-08,2026-08-13 03:28:37,garaje,0,46344.4,-11.87658,-77.02664
1165,VE-20,2026-07-08 23:27:22,garaje,0,65655.4,-11.9824266,-77.1082383
1166,VE-09,2026-08-13 03:28:56,garaje,0,62367.5,-11.989355,-77.114335
1167,VE-07,2026-08-13 03:29:13,garaje,0,73575.4,-11.8463816,-77.1153249
1168,VE-11,2026-08-13 03:28:57,garaje,0,60338.6,-11.97847,-77.10825
1169,VE-36,2026-08-12 23:02:42,garaje,0,23240.3,-11.990345,-76.913295
1170,VE-18,2026-08-12 23:51:15,garaje,0,51438.7,-11.9717683,-77.09306
1171,VE-13,2026-08-13 01:43:46,garaje,0,45958.9,-11.9506983,-77.0805616
1172,VE-05,2026-08-13 03:28:33,garaje,0,43250.8,-11.98969,-77.11458
1173,VE-06,2026-08-13 03:29:04,garaje,0,31636.1,-12.0198583,-76.924665
1174,VE-12,2026-08-13 03:29:27,garaje,0,54300.3,-11.9788183,-77.108565
1175,VE-19,2026-08-12 23:15:46,garaje,0,55429.7,-11.953465,-77.09127
1176,VE-17,2026-08-13 00:34:08,garaje,0,50065.6,-11.9897199,-77.1144883
1177,VE-25,2026-08-13 00:01:34,garaje,0,60815.7,-11.9046533,-77.0532099
1178,VE-30,2026-08-13 03:20:40,garaje,0,83009.3,-12.2620616,-76.8348783
1179,VE-01,2026-08-12 23:30:04,garaje,0,45106.3,-11.9061799,-77.0544433
1180,VE-24,2026-08-13 00:07:29,garaje,0,48495.8,-11.7422416,-76.9661033
1181,VE-29,2026-08-13 03:29:15,garaje,0,97425.6,-12.2620366,-76.8349266
1182,VE-37,2026-08-13 01:01:48,garaje,0,27026.1,-12.2643316,-76.8323233
1183,VE-10,2026-08-12 22:07:18,garaje,0,63014.6,-11.9819716,-77.0901016
1184,VE-31,2026-08-13 03:28:44,garaje,0,83438.9,-12.261995,-76.8349099
1185,VE-28,2026-08-12 20:48:47,garaje,0,72574.3,-11.989735,-77.1145066
1186,VE-26,2026-07-18 00:36:58,garaje,0,6942.7,-11.9827316,-77.1083916
1187,VE-23,2026-08-13 03:29:09,garaje,0,52178.5,-11.9506466,-77.0805866
1188,VE-14,2026-08-12 01:24:39,garaje,0,71855.4,-11.9827733,-77.1083999
1189,VE-03,2026-08-12 23:17:42,garaje,0,74728.9,-11.96934,-77.0894733
1190,VE-27,2026-08-13 03:29:01,garaje,0,93305,-11.9789616,-77.1087933
1191,VE-12,2026-08-13 03:39:27,garaje,0,54300.3,-11.9788183,-77.108565
1192,VE-13,2026-08-13 01:43:46,garaje,0,45958.9,-11.9506983,-77.0805616
1193,VE-30,2026-08-13 03:38:43,garaje,0,83009.3,-12.2620616,-76.8348783
1194,VE-10,2026-08-12 22:07:18,garaje,0,63014.6,-11.9819716,-77.0901016
1195,VE-24,2026-08-13 00:07:29,garaje,0,48495.8,-11.7422416,-76.9661033
1196,VE-19,2026-08-12 23:15:46,garaje,0,55429.7,-11.953465,-77.09127
1197,VE-03,2026-08-12 23:17:42,garaje,0,74728.9,-11.96934,-77.0894733
1198,VE-16,2026-08-13 03:39:23,garaje,0,58046.4,-11.9757816,-77.1131933
1199,VE-28,2026-08-12 20:48:47,garaje,0,72574.3,-11.989735,-77.1145066
1200,VE-35,2026-08-13 03:39:15,garaje,0,62252.7,-11.973405,-76.9386849
1201,VE-23,2026-08-13 03:39:11,garaje,0,52178.5,-11.9506466,-77.0805866
1202,VE-06,2026-08-13 03:39:04,garaje,0,31636.1,-12.0198583,-76.924665
1203,VE-05,2026-08-13 03:39:33,garaje,0,43250.8,-11.98969,-77.11458
1204,VE-25,2026-08-13 00:01:34,garaje,0,60815.7,-11.9046533,-77.0532099
1205,VE-33,2026-08-13 03:39:03,garaje,0,68663.4,-11.97652,-76.9439483
1206,VE-21,2026-06-20 07:27:28,garaje,0,31561.4,-11.979075,-77.1086533
1207,VE-27,2026-08-13 03:39:02,garaje,0,93305,-11.9789616,-77.1087933
1208,VE-22,2026-08-12 22:08:11,garaje,0,73920.6,-11.9734433,-77.1172699
1209,VE-31,2026-08-13 03:38:46,garaje,0,83438.9,-12.261995,-76.8349099
1210,VE-14,2026-08-12 01:24:39,garaje,0,71855.4,-11.9827733,-77.1083999
1211,VE-17,2026-08-13 00:34:08,garaje,0,50065.6,-11.9897199,-77.1144883
1212,VE-15,2026-08-13 00:05:24,garaje,0,57062.4,-11.98978,-77.1145433
1213,VE-32,2026-08-13 03:35:39,garaje,0,74948.2,-12.2621866,-76.8349166
1214,VE-11,2026-08-13 03:38:58,garaje,0,60338.6,-11.97847,-77.10825
1215,VE-37,2026-08-13 01:01:48,garaje,0,27026.1,-12.2643316,-76.8323233
1216,VE-36,2026-08-12 23:02:42,garaje,0,23240.3,-11.990345,-76.913295
1217,VE-18,2026-08-12 23:51:15,garaje,0,51438.7,-11.9717683,-77.09306
1218,VE-26,2026-07-18 00:36:58,garaje,0,6942.7,-11.9827316,-77.1083916
1219,VE-09,2026-08-13 03:38:58,garaje,0,62367.5,-11.989355,-77.114335
1220,VE-07,2026-08-13 03:39:15,garaje,0,73575.4,-11.8463816,-77.1153249
1221,VE-08,2026-08-13 03:38:38,garaje,0,46344.4,-11.87658,-77.02664
1222,VE-20,2026-07-08 23:27:22,garaje,0,65655.4,-11.9824266,-77.1082383
1223,VE-02,2026-07-27 19:20:23,garaje,0,28952.5,-11.9825283,-77.1082299
1224,VE-01,2026-08-12 23:30:04,garaje,0,45106.3,-11.9061799,-77.0544433
1225,VE-29,2026-08-13 03:39:17,garaje,0,97425.6,-12.2620366,-76.8349266
1226,VE-36,2026-08-12 23:02:42,garaje,0,23240.3,-11.990345,-76.913295
1227,VE-28,2026-08-12 20:48:47,garaje,0,72574.3,-11.989735,-77.1145066
1228,VE-32,2026-08-13 03:47:41,garaje,0,74948.2,-12.2621866,-76.8349166
1229,VE-35,2026-08-13 03:49:15,garaje,0,62252.7,-11.973405,-76.9386849
1230,VE-12,2026-08-13 03:49:27,garaje,0,54300.3,-11.9788183,-77.108565
1231,VE-26,2026-07-18 00:36:58,garaje,0,6942.7,-11.9827316,-77.1083916
1232,VE-16,2026-08-13 03:49:24,garaje,0,58046.4,-11.9757816,-77.1131933
1233,VE-06,2026-08-13 03:49:04,garaje,0,31636.1,-12.0198583,-76.924665
1234,VE-14,2026-08-12 01:24:39,garaje,0,71855.4,-11.9827733,-77.1083999
1235,VE-15,2026-08-13 00:05:24,garaje,0,57062.4,-11.98978,-77.1145433
1236,VE-37,2026-08-13 01:01:48,garaje,0,27026.1,-12.2643316,-76.8323233
1237,VE-01,2026-08-12 23:30:04,garaje,0,45106.3,-11.9061799,-77.0544433
1238,VE-19,2026-08-12 23:15:46,garaje,0,55429.7,-11.953465,-77.09127
1239,VE-21,2026-06-20 07:27:28,garaje,0,31561.4,-11.979075,-77.1086533
1240,VE-03,2026-08-12 23:17:42,garaje,0,74728.9,-11.96934,-77.0894733
1241,VE-10,2026-08-12 22:07:18,garaje,0,63014.6,-11.9819716,-77.0901016
1242,VE-13,2026-08-13 01:43:46,garaje,0,45958.9,-11.9506983,-77.0805616
1243,VE-07,2026-08-13 03:46:15,garaje,0,73575.4,-11.8463816,-77.1153249
1244,VE-30,2026-08-13 03:49:44,garaje,0,83009.3,-12.2620616,-76.8348783
1245,VE-22,2026-08-12 22:08:11,garaje,0,73920.6,-11.9734433,-77.1172699
1246,VE-29,2026-08-13 03:49:18,garaje,0,97425.6,-12.2620366,-76.8349266
1247,VE-23,2026-08-13 03:49:12,garaje,0,52178.5,-11.9506466,-77.0805866
1248,VE-02,2026-07-27 19:20:23,garaje,0,28952.5,-11.9825283,-77.1082299
1249,VE-09,2026-08-13 03:48:59,garaje,0,62367.5,-11.989355,-77.114335
1250,VE-25,2026-08-13 00:01:34,garaje,0,60815.7,-11.9046533,-77.0532099
1251,VE-33,2026-08-13 03:49:03,garaje,0,68663.4,-11.97652,-76.9439483
1252,VE-08,2026-08-13 03:49:39,garaje,0,46344.4,-11.87658,-77.02664
1253,VE-24,2026-08-13 00:07:29,garaje,0,48495.8,-11.7422416,-76.9661033
1254,VE-27,2026-08-13 03:49:03,garaje,0,93305,-11.9789616,-77.1087933
1255,VE-31,2026-08-13 03:48:47,garaje,0,83438.9,-12.261995,-76.8349099
1256,VE-20,2026-07-08 23:27:22,garaje,0,65655.4,-11.9824266,-77.1082383
1257,VE-11,2026-08-13 03:48:59,garaje,0,60338.6,-11.97847,-77.10825
1258,VE-05,2026-08-13 03:49:33,garaje,0,43250.8,-11.98969,-77.11458
1259,VE-18,2026-08-12 23:51:15,garaje,0,51438.7,-11.9717683,-77.09306
1260,VE-17,2026-08-13 00:34:08,garaje,0,50065.6,-11.9897199,-77.1144883
1261,VE-19,2026-08-12 23:15:46,garaje,0,55429.7,-11.953465,-77.09127
1262,VE-16,2026-08-13 03:59:25,garaje,0,58046.4,-11.9757816,-77.1131933
1263,VE-24,2026-08-13 00:07:29,garaje,0,48495.8,-11.7422416,-76.9661033
1264,VE-33,2026-08-13 03:59:05,garaje,0,68663.4,-11.97652,-76.9439483
1265,VE-13,2026-08-13 01:43:46,garaje,0,45958.9,-11.9506983,-77.0805616
1266,VE-20,2026-07-08 23:27:22,garaje,0,65655.4,-11.9824266,-77.1082383
1267,VE-25,2026-08-13 00:01:34,garaje,0,60815.7,-11.9046533,-77.0532099
1268,VE-15,2026-08-13 00:05:24,garaje,0,57062.4,-11.98978,-77.1145433
1269,VE-11,2026-08-13 03:59:00,garaje,0,60338.6,-11.97847,-77.10825
1270,VE-22,2026-08-12 22:08:11,garaje,0,73920.6,-11.9734433,-77.1172699
1271,VE-37,2026-08-13 01:01:48,garaje,0,27026.1,-12.2643316,-76.8323233
1272,VE-03,2026-08-12 23:17:42,garaje,0,74728.9,-11.96934,-77.0894733
1273,VE-10,2026-08-12 22:07:18,garaje,0,63014.6,-11.9819716,-77.0901016
1274,VE-30,2026-08-13 03:59:45,garaje,0,83009.3,-12.2620616,-76.8348783
1275,VE-17,2026-08-13 00:34:08,garaje,0,50065.6,-11.9897199,-77.1144883
1276,VE-07,2026-08-13 03:56:16,garaje,0,73575.4,-11.8463816,-77.1153249
1277,VE-21,2026-06-20 07:27:28,garaje,0,31561.4,-11.979075,-77.1086533
1278,VE-36,2026-08-12 23:02:42,garaje,0,23240.3,-11.990345,-76.913295
1279,VE-31,2026-08-13 03:59:48,garaje,0,83438.9,-12.261995,-76.8349099
1280,VE-12,2026-08-13 03:59:27,garaje,0,54300.3,-11.9788183,-77.108565
1281,VE-06,2026-08-13 03:59:04,garaje,0,31636.1,-12.0198583,-76.924665
1282,VE-23,2026-08-13 03:59:13,garaje,0,52178.5,-11.9506466,-77.0805866
1283,VE-28,2026-08-12 20:48:47,garaje,0,72574.3,-11.989735,-77.1145066
1284,VE-29,2026-08-13 03:59:19,garaje,0,97425.6,-12.2620366,-76.8349266
1285,VE-08,2026-08-13 03:59:40,garaje,0,46344.4,-11.87658,-77.02664
1286,VE-02,2026-07-27 19:20:23,garaje,0,28952.5,-11.9825283,-77.1082299
1287,VE-14,2026-08-12 01:24:39,garaje,0,71855.4,-11.9827733,-77.1083999
1288,VE-05,2026-08-13 03:59:33,garaje,0,43250.8,-11.98969,-77.11458
1289,VE-35,2026-08-13 03:59:15,garaje,0,62252.7,-11.973405,-76.9386849
1290,VE-26,2026-07-18 00:36:58,garaje,0,6942.7,-11.9827316,-77.1083916
1291,VE-27,2026-08-13 03:59:04,garaje,0,93305,-11.9789616,-77.1087933
1292,VE-18,2026-08-12 23:51:15,garaje,0,51438.7,-11.9717683,-77.09306
1293,VE-09,2026-08-13 03:59:00,garaje,0,62367.5,-11.989355,-77.114335
1294,VE-01,2026-08-12 23:30:04,garaje,0,45106.3,-11.9061799,-77.0544433
1295,VE-32,2026-08-13 03:56:41,garaje,0,74948.2,-12.2621866,-76.8349166
1296,VE-17,2026-08-13 23:15:47,garaje,0,50159.8,-11.9897266,-77.1145199
1297,VE-30,2026-08-14 02:13:08,garaje,0,83195.8,-12.26211,-76.8349466
1298,VE-01,2026-08-14 00:25:39,garaje,0,45243.7,-11.9062016,-77.0544883
1299,VE-16,2026-08-13 23:41:41,garaje,0,58180.1,-11.9758166,-77.11318
1300,VE-36,2026-08-14 02:12:54,garaje,0,23359.2,-11.9903216,-76.91328
1301,VE-13,2026-08-14 00:20:35,garaje,0,46049.2,-11.9507833,-77.08063
1302,VE-20,2026-07-08 23:27:22,garaje,0,65655.4,-11.9824266,-77.1082383
1303,VE-27,2026-08-14 02:13:26,garaje,0,93305,-11.9789616,-77.1087933
1304,VE-05,2026-08-14 02:13:10,garaje,0,43476,-11.9897283,-77.1146166
1305,VE-21,2026-06-20 07:27:28,garaje,0,31561.4,-11.979075,-77.1086533
1306,VE-28,2026-08-14 01:00:24,garaje,0,72731.5,-11.9897366,-77.1145383
1307,VE-22,2026-08-14 00:25:41,garaje,0,74018.9,-11.9734916,-77.1173449
1308,VE-11,2026-08-13 23:04:09,garaje,0,60387.3,-11.8964766,-77.0201566
1309,VE-24,2026-08-13 23:46:30,garaje,0,48626.8,-11.742225,-76.9661533
1310,VE-23,2026-08-14 02:09:52,garaje,0,52308.5,-11.9507033,-77.0808033
1311,VE-03,2026-08-13 23:08:09,garaje,0,74912.7,-11.9692966,-77.0895199
1312,VE-26,2026-07-18 00:36:58,garaje,0,6942.7,-11.9827316,-77.1083916
1313,VE-15,2026-08-13 23:37:45,garaje,0,57151.1,-11.9897183,-77.1145416
1314,VE-08,2026-08-14 02:13:29,garaje,0,46483.7,-11.8765733,-77.0266983
1315,VE-02,2026-07-27 19:20:23,garaje,0,28952.5,-11.9825283,-77.1082299
1316,VE-19,2026-08-14 01:16:17,garaje,0,55541,-11.9535033,-77.0912583
1317,VE-10,2026-08-13 22:07:13,garaje,0,63388.2,-11.9819949,-77.0901216
1318,VE-29,2026-08-14 02:11:00,garaje,0,97578.3,-12.2621883,-76.8348483
1319,VE-18,2026-08-13 20:44:44,garaje,0,51500.8,-11.9716716,-77.0929633
1320,VE-07,2026-08-14 02:13:10,garaje,0,73921.6,-11.8463649,-77.1153499
1321,VE-37,2026-08-14 02:12:56,garaje,0,27229,-12.2643766,-76.832395
1322,VE-33,2026-08-14 02:13:08,garaje,0,68825.6,-11.9765133,-76.94396
1323,VE-14,2026-08-14 00:31:43,garaje,0,71980,-11.982945,-77.1085716
1324,VE-35,2026-08-14 02:12:58,garaje,0,62354,-11.96088,-77.1054433
1325,VE-25,2026-08-14 00:07:21,garaje,0,60915.5,-11.90459,-77.0531966
1326,VE-31,2026-08-14 02:13:20,garaje,0,83596.8,-12.2621899,-76.8349966
1327,VE-32,2026-08-14 02:13:03,garaje,0,75133.1,-12.2623183,-76.8349783
1328,VE-06,2026-08-14 02:13:15,garaje,0,31636.3,-12.0198983,-76.9248066
1329,VE-12,2026-08-14 02:13:27,garaje,0,54300.3,-11.9788183,-77.108565
1330,VE-09,2026-08-14 02:13:32,garaje,0,62745.4,-11.9894716,-77.1144433
1331,VE-27,2026-08-14 23:56:11,garaje,0,93315.1,-11.98976,-77.1145449
1332,VE-11,2026-08-15 00:51:20,garaje,0,60565.7,-11.8964416,-77.020155
1333,VE-20,2026-07-08 23:27:22,garaje,0,65655.4,-11.9824266,-77.1082383
1334,VE-02,2026-07-27 19:20:23,garaje,0,28952.5,-11.9825283,-77.1082299
1335,VE-08,2026-08-15 01:53:53,garaje,0,46672.8,-11.8766116,-77.0267299
1336,VE-15,2026-08-14 23:53:54,garaje,0,57247.7,-11.989695,-77.114515
1337,VE-01,2026-08-15 00:26:56,garaje,0,45381,-11.9062516,-77.0544433
1338,VE-10,2026-08-14 22:32:16,garaje,0,63665.6,-11.9819516,-77.0901416
1339,VE-26,2026-07-18 00:36:58,garaje,0,6942.7,-11.9827316,-77.1083916
1340,VE-16,2026-08-15 00:03:28,garaje,0,58370.9,-11.9757883,-77.11322
1341,VE-36,2026-08-14 21:57:47,garaje,0,23474.2,-11.9903066,-76.9132633
1342,VE-21,2026-08-14 16:50:28,garaje,0,31561.7,-11.9785133,-77.1082383
1343,VE-29,2026-08-15 01:53:37,garaje,0,97705.4,-12.2620966,-76.8349916
1344,VE-33,2026-08-15 01:54:03,garaje,0,68999.7,-11.9764966,-76.9439883
1345,VE-19,2026-08-14 23:22:29,garaje,0,55646.4,-11.953505,-77.09128
1346,VE-05,2026-08-15 01:54:16,garaje,0,43644.4,-11.9896783,-77.1145233
1347,VE-09,2026-08-15 01:54:05,garaje,0,63034.2,-11.989255,-77.1145316
1348,VE-17,2026-08-15 00:54:41,garaje,0,50233.2,-11.989745,-77.1145883
1349,VE-06,2026-08-15 01:53:39,garaje,0,31636.4,-12.0199566,-76.9245866
1350,VE-18,2026-08-14 21:17:55,garaje,0,51589.4,-11.9717716,-77.0930016
1351,VE-12,2026-08-15 01:54:27,garaje,0,54300.3,-11.9788183,-77.108565
1352,VE-32,2026-08-15 01:51:22,garaje,0,75262.6,-12.2621783,-76.83486
1353,VE-03,2026-08-15 01:12:45,garaje,0,75103.1,-11.9692766,-77.0892649
1354,VE-13,2026-08-15 00:35:08,garaje,0,46145.7,-11.950795,-77.0807633
1355,VE-30,2026-08-15 01:52:51,garaje,0,83323.6,-12.2621366,-76.835005
1356,VE-28,2026-08-15 00:04:31,garaje,0,72938.9,-11.9788583,-77.1086433
1357,VE-35,2026-08-15 01:54:12,garaje,0,62405.9,-11.97355,-76.9384483
1358,VE-25,2026-08-14 23:45:09,garaje,0,61037.8,-11.9046933,-77.0532583
1359,VE-14,2026-08-15 01:54:21,garaje,0,72179.8,-11.982965,-77.1085433
1360,VE-22,2026-08-15 00:50:29,garaje,0,74149.4,-11.9734666,-77.1173116
1361,VE-37,2026-08-15 01:09:47,garaje,0,27411.5,-11.8473133,-77.02784
1362,VE-24,2026-08-15 01:22:28,garaje,0,48825.4,-11.7422166,-76.9661033
1363,VE-23,2026-08-15 01:54:06,garaje,0,52500.6,-11.9507699,-77.080725
1364,VE-31,2026-08-15 01:53:30,garaje,0,83721.9,-12.2621833,-76.8349883
1365,VE-07,2026-08-15 01:53:40,garaje,0,74282.1,-11.904305,-77.05297
1366,VE-35,2026-08-15 02:04:12,garaje,0,62405.9,-11.97355,-76.9384483
1367,VE-22,2026-08-15 00:50:29,garaje,0,74149.4,-11.9734666,-77.1173116
1368,VE-23,2026-08-15 02:04:08,garaje,0,52500.6,-11.9507699,-77.080725
1369,VE-08,2026-08-15 02:03:54,garaje,0,46672.8,-11.8766116,-77.0267299
1370,VE-19,2026-08-14 23:22:29,garaje,0,55646.4,-11.953505,-77.09128
1371,VE-33,2026-08-15 02:04:03,garaje,0,68999.7,-11.9764966,-76.9439883
1372,VE-30,2026-08-15 01:57:30,garaje,0,83323.6,-12.2621366,-76.835005
1373,VE-11,2026-08-15 00:51:20,garaje,0,60565.7,-11.8964416,-77.020155
1374,VE-18,2026-08-14 21:17:55,garaje,0,51589.4,-11.9717716,-77.0930016
1375,VE-05,2026-08-15 02:04:16,garaje,0,43644.4,-11.9896783,-77.1145233
1376,VE-10,2026-08-14 22:32:16,garaje,0,63665.6,-11.9819516,-77.0901416
1377,VE-37,2026-08-15 01:09:47,garaje,0,27411.5,-11.8473133,-77.02784
1378,VE-16,2026-08-15 00:03:28,garaje,0,58370.9,-11.9757883,-77.11322
1379,VE-20,2026-07-08 23:27:22,garaje,0,65655.4,-11.9824266,-77.1082383
1380,VE-25,2026-08-14 23:45:09,garaje,0,61037.8,-11.9046933,-77.0532583
1381,VE-07,2026-08-15 02:03:41,garaje,0,74282.1,-11.904305,-77.05297
1382,VE-06,2026-08-15 02:03:39,garaje,0,31636.4,-12.0199566,-76.9245866
1383,VE-14,2026-08-15 02:04:22,garaje,0,72179.8,-11.982965,-77.1085433
1384,VE-24,2026-08-15 01:22:28,garaje,0,48825.4,-11.7422166,-76.9661033
1385,VE-03,2026-08-15 01:12:45,garaje,0,75103.1,-11.9692766,-77.0892649
1386,VE-31,2026-08-15 02:04:31,garaje,0,83721.9,-12.2621833,-76.8349883
1387,VE-32,2026-08-15 02:03:24,garaje,0,75262.6,-12.2621783,-76.83486
1388,VE-26,2026-07-18 00:36:58,garaje,0,6942.7,-11.9827316,-77.1083916
1389,VE-17,2026-08-15 00:54:41,garaje,0,50233.2,-11.989745,-77.1145883
1390,VE-09,2026-08-15 02:04:06,garaje,0,63034.2,-11.989255,-77.1145316
1391,VE-12,2026-08-15 02:04:27,garaje,0,54300.3,-11.9788183,-77.108565
1392,VE-15,2026-08-14 23:53:54,garaje,0,57247.7,-11.989695,-77.114515
1393,VE-01,2026-08-15 00:26:56,garaje,0,45381,-11.9062516,-77.0544433
1394,VE-13,2026-08-15 00:35:08,garaje,0,46145.7,-11.950795,-77.0807633
1395,VE-28,2026-08-15 00:04:31,garaje,0,72938.9,-11.9788583,-77.1086433
1396,VE-29,2026-08-15 02:03:38,garaje,0,97705.4,-12.2620966,-76.8349916
1397,VE-36,2026-08-14 21:57:47,garaje,0,23474.2,-11.9903066,-76.9132633
1398,VE-21,2026-08-14 16:50:28,garaje,0,31561.7,-11.9785133,-77.1082383
1399,VE-02,2026-07-27 19:20:23,garaje,0,28952.5,-11.9825283,-77.1082299
1400,VE-27,2026-08-14 23:56:11,garaje,0,93315.1,-11.98976,-77.1145449
1401,VE-30,2026-08-15 02:13:53,garaje,0,83323.6,-12.2621316,-76.8349066
1402,VE-03,2026-08-15 01:12:45,garaje,0,75103.1,-11.9692766,-77.0892649
1403,VE-12,2026-08-15 02:14:27,garaje,0,54300.3,-11.9788183,-77.108565
1404,VE-07,2026-08-15 02:14:42,garaje,0,74282.1,-11.904305,-77.05297
1405,VE-10,2026-08-14 22:32:16,garaje,0,63665.6,-11.9819516,-77.0901416
1406,VE-09,2026-08-15 02:14:07,garaje,0,63034.2,-11.989255,-77.1145316
1407,VE-27,2026-08-14 23:56:11,garaje,0,93315.1,-11.98976,-77.1145449
1408,VE-16,2026-08-15 00:03:28,garaje,0,58370.9,-11.9757883,-77.11322
1409,VE-13,2026-08-15 00:35:08,garaje,0,46145.7,-11.950795,-77.0807633
1410,VE-02,2026-07-27 19:20:23,garaje,0,28952.5,-11.9825283,-77.1082299
1411,VE-20,2026-07-08 23:27:22,garaje,0,65655.4,-11.9824266,-77.1082383
1412,VE-01,2026-08-15 00:26:56,garaje,0,45381,-11.9062516,-77.0544433
1413,VE-21,2026-08-14 16:50:28,garaje,0,31561.7,-11.9785133,-77.1082383
1414,VE-08,2026-08-15 02:13:55,garaje,0,46672.8,-11.8766116,-77.0267299
1415,VE-31,2026-08-15 02:14:22,garaje,0,83721.9,-12.2621599,-76.8351099
1416,VE-29,2026-08-15 02:14:39,garaje,0,97705.4,-12.2620966,-76.8349916
1417,VE-17,2026-08-15 00:54:41,garaje,0,50233.2,-11.989745,-77.1145883
1418,VE-32,2026-08-15 02:14:25,garaje,0,75262.6,-12.2621783,-76.83486
1419,VE-05,2026-08-15 02:14:16,garaje,0,43644.4,-11.9896783,-77.1145233
1420,VE-25,2026-08-14 23:45:09,garaje,0,61037.8,-11.9046933,-77.0532583
1421,VE-11,2026-08-15 00:51:20,garaje,0,60565.7,-11.8964416,-77.020155
1422,VE-14,2026-08-15 02:14:22,garaje,0,72179.8,-11.982965,-77.1085433
1423,VE-23,2026-08-15 02:14:09,garaje,0,52500.6,-11.9507699,-77.080725
1424,VE-15,2026-08-14 23:53:54,garaje,0,57247.7,-11.989695,-77.114515
1425,VE-26,2026-07-18 00:36:58,garaje,0,6942.7,-11.9827316,-77.1083916
1426,VE-19,2026-08-14 23:22:29,garaje,0,55646.4,-11.953505,-77.09128
1427,VE-28,2026-08-15 00:04:31,garaje,0,72938.9,-11.9788583,-77.1086433
1428,VE-37,2026-08-15 01:09:47,garaje,0,27411.5,-11.8473133,-77.02784
1429,VE-33,2026-08-15 02:14:05,garaje,0,68999.7,-11.9764966,-76.9439883
1430,VE-24,2026-08-15 01:22:28,garaje,0,48825.4,-11.7422166,-76.9661033
1431,VE-36,2026-08-14 21:57:47,garaje,0,23474.2,-11.9903066,-76.9132633
1432,VE-18,2026-08-14 21:17:55,garaje,0,51589.4,-11.9717716,-77.0930016
1433,VE-06,2026-08-15 02:14:39,garaje,0,31636.4,-12.0199566,-76.9245866
1434,VE-35,2026-08-15 02:14:12,garaje,0,62405.9,-11.97355,-76.9384483
1435,VE-22,2026-08-15 00:50:29,garaje,0,74149.4,-11.9734666,-77.1173116
1436,VE-11,2026-08-15 00:51:20,garaje,0,60565.7,-11.8964416,-77.020155
1437,VE-02,2026-07-27 19:20:23,garaje,0,28952.5,-11.9825283,-77.1082299
1438,VE-32,2026-08-15 02:20:25,garaje,0,75262.6,-12.2621783,-76.83486
1439,VE-35,2026-08-15 02:23:12,garaje,0,62405.9,-11.97355,-76.9384483
1440,VE-07,2026-08-15 02:23:44,garaje,0,74282.1,-11.904305,-77.05297
1441,VE-13,2026-08-15 00:35:08,garaje,0,46145.7,-11.950795,-77.0807633
1442,VE-23,2026-08-15 02:23:10,garaje,0,52500.6,-11.9507699,-77.080725
1443,VE-01,2026-08-15 00:26:56,garaje,0,45381,-11.9062516,-77.0544433
1444,VE-25,2026-08-14 23:45:09,garaje,0,61037.8,-11.9046933,-77.0532583
1445,VE-36,2026-08-14 21:57:47,garaje,0,23474.2,-11.9903066,-76.9132633
1446,VE-31,2026-08-15 02:23:41,garaje,0,83721.9,-12.2621599,-76.8351099
1447,VE-03,2026-08-15 01:12:45,garaje,0,75103.1,-11.9692766,-77.0892649
1448,VE-18,2026-08-14 21:17:55,garaje,0,51589.4,-11.9717716,-77.0930016
1449,VE-15,2026-08-14 23:53:54,garaje,0,57247.7,-11.989695,-77.114515
1450,VE-12,2026-08-15 02:23:27,garaje,0,54300.3,-11.9788183,-77.108565
1451,VE-20,2026-07-08 23:27:22,garaje,0,65655.4,-11.9824266,-77.1082383
1452,VE-29,2026-08-15 02:21:40,garaje,0,97705.4,-12.2620966,-76.8349916
1453,VE-22,2026-08-15 00:50:29,garaje,0,74149.4,-11.9734666,-77.1173116
1454,VE-05,2026-08-15 02:23:16,garaje,0,43644.4,-11.9896783,-77.1145233
1455,VE-21,2026-08-14 16:50:28,garaje,0,31561.7,-11.9785133,-77.1082383
1456,VE-09,2026-08-15 02:23:07,garaje,0,63034.2,-11.989255,-77.1145316
1457,VE-19,2026-08-14 23:22:29,garaje,0,55646.4,-11.953505,-77.09128
1458,VE-14,2026-08-15 02:23:24,garaje,0,72179.8,-11.982965,-77.1085433
1459,VE-28,2026-08-15 00:04:31,garaje,0,72938.9,-11.9788583,-77.1086433
1460,VE-33,2026-08-15 02:23:06,garaje,0,68999.7,-11.9764966,-76.9439883
1461,VE-16,2026-08-15 00:03:28,garaje,0,58370.9,-11.9757883,-77.11322
1462,VE-30,2026-08-15 02:23:46,garaje,0,83323.6,-12.2621316,-76.8349066
1463,VE-06,2026-08-15 02:23:39,garaje,0,31636.4,-12.0199566,-76.9245866
1464,VE-24,2026-08-15 01:22:28,garaje,0,48825.4,-11.7422166,-76.9661033
1465,VE-17,2026-08-15 00:54:41,garaje,0,50233.2,-11.989745,-77.1145883
1466,VE-08,2026-08-15 02:22:56,garaje,0,46672.8,-11.8766116,-77.0267299
1467,VE-37,2026-08-15 01:09:47,garaje,0,27411.5,-11.8473133,-77.02784
1468,VE-26,2026-07-18 00:36:58,garaje,0,6942.7,-11.9827316,-77.1083916
1469,VE-27,2026-08-14 23:56:11,garaje,0,93315.1,-11.98976,-77.1145449
1470,VE-10,2026-08-14 22:32:16,garaje,0,63665.6,-11.9819516,-77.0901416
1471,VE-29,2026-08-15 02:33:42,garaje,0,97705.4,-12.2620966,-76.8349916
1472,VE-12,2026-08-15 02:33:27,garaje,0,54300.3,-11.9788183,-77.108565
1473,VE-08,2026-08-15 02:33:57,garaje,0,46672.8,-11.8766116,-77.0267299
1474,VE-18,2026-08-14 21:17:55,garaje,0,51589.4,-11.9717716,-77.0930016
1475,VE-15,2026-08-14 23:53:54,garaje,0,57247.7,-11.989695,-77.114515
1476,VE-01,2026-08-15 00:26:56,garaje,0,45381,-11.9062516,-77.0544433
1477,VE-25,2026-08-14 23:45:09,garaje,0,61037.8,-11.9046933,-77.0532583
1478,VE-24,2026-08-15 01:22:28,garaje,0,48825.4,-11.7422166,-76.9661033
1479,VE-27,2026-08-14 23:56:11,garaje,0,93315.1,-11.98976,-77.1145449
1480,VE-21,2026-08-14 16:50:28,garaje,0,31561.7,-11.9785133,-77.1082383
1481,VE-11,2026-08-15 00:51:20,garaje,0,60565.7,-11.8964416,-77.020155
1482,VE-09,2026-08-15 02:33:09,garaje,0,63034.2,-11.989255,-77.1145316
1483,VE-05,2026-08-15 02:33:16,garaje,0,43644.4,-11.9896783,-77.1145233
1484,VE-17,2026-08-15 00:54:41,garaje,0,50233.2,-11.989745,-77.1145883
1485,VE-37,2026-08-15 01:09:47,garaje,0,27411.5,-11.8473133,-77.02784
1486,VE-22,2026-08-15 00:50:29,garaje,0,74149.4,-11.9734666,-77.1173116
1487,VE-20,2026-07-08 23:27:22,garaje,0,65655.4,-11.9824266,-77.1082383
1488,VE-33,2026-08-15 02:33:07,garaje,0,68999.7,-11.9764966,-76.9439883
1489,VE-14,2026-08-15 02:31:24,garaje,0,72179.8,-11.982965,-77.1085433
1490,VE-02,2026-07-27 19:20:23,garaje,0,28952.5,-11.9825283,-77.1082299
1491,VE-26,2026-07-18 00:36:58,garaje,0,6942.7,-11.9827316,-77.1083916
1492,VE-10,2026-08-14 22:32:16,garaje,0,63665.6,-11.9819516,-77.0901416
1493,VE-28,2026-08-15 00:04:31,garaje,0,72938.9,-11.9788583,-77.1086433
1494,VE-32,2026-08-15 02:25:26,garaje,0,75262.6,-12.2621783,-76.83486
1495,VE-06,2026-08-15 02:33:39,garaje,0,31636.4,-12.0199566,-76.9245866
1496,VE-31,2026-08-15 02:26:42,garaje,0,83721.9,-12.2621599,-76.8351099
1497,VE-35,2026-08-15 02:33:12,garaje,0,62405.9,-11.97355,-76.9384483
1498,VE-16,2026-08-15 00:03:28,garaje,0,58370.9,-11.9757883,-77.11322
1499,VE-36,2026-08-14 21:57:47,garaje,0,23474.2,-11.9903066,-76.9132633
1500,VE-03,2026-08-15 01:12:45,garaje,0,75103.1,-11.9692766,-77.0892649
1501,VE-23,2026-08-15 02:33:10,garaje,0,52500.6,-11.9507699,-77.080725
1502,VE-19,2026-08-14 23:22:29,garaje,0,55646.4,-11.953505,-77.09128
1503,VE-07,2026-08-15 02:33:45,garaje,0,74282.1,-11.904305,-77.05297
1504,VE-13,2026-08-15 00:35:08,garaje,0,46145.7,-11.950795,-77.0807633
1505,VE-30,2026-08-15 02:33:20,garaje,0,83323.6,-12.2621316,-76.8349066
